critic/grad_norm,critic/iql_loss,critic/loss,critic/q1_loss,critic/q1_q2_abs,critic/q2_loss,critic/q_min_mean,critic/target_mean,critic/td_residual,critic/v_loss,critic/v_mean,preference/accuracy,preference/loss,preference/q1_margin,preference/q2_margin,preference/qmin_margin,preview/loss,preview/q1_mean,preview/q2_mean,preview/residual1_abs,preview/residual2_abs,preview/residual_l2,step,throughput/global_samples_per_sec
1.3015869855880737,0.05350358411669731,0.07921609282493591,0.021388288587331772,0.15467262268066406,0.029484128579497337,-0.04827165603637695,0.07245408743619919,0.12339966744184494,0.0026311660185456276,0.028040409088134766,0.0,0.0,0.0,0.0,0.0,0.02504737302660942,-0.0018650293350219727,-0.030899405479431152,0.10826492309570312,0.02579784393310547,0.0066513605415821075,1,167.03354417202928
0.7363361716270447,0.02355455793440342,0.03289585933089256,0.005267671309411526,0.11579132080078125,0.011321386322379112,0.057566046714782715,0.06418609619140625,0.0681009516119957,0.0069655003026127815,0.062276363372802734,0.0,0.0,0.0,0.0,0.0,0.008520307019352913,0.08136534690856934,0.12444782257080078,0.0571746826171875,0.07327556610107422,0.008209950290620327,20,1174.6826646621219
0.33029043674468994,0.021176131442189217,0.02904084138572216,0.007561153266578913,0.06794357299804688,0.008181864395737648,0.06280618906021118,0.08326613903045654,0.06279370933771133,0.005433116108179092,0.04749250411987305,0.0,0.0,0.0,0.0,0.0,0.007348551414906979,0.09102433919906616,0.10089874267578125,0.038410186767578125,0.040309906005859375,0.00516157504171133,40,1414.533459974049
0.13686050474643707,0.006484732963144779,0.008819779381155968,0.0015322904800996184,0.04708099365234375,0.0025792173109948635,0.08477926254272461,0.10343734174966812,0.04007807746529579,0.0023732250556349754,0.11677074432373047,0.0,0.0,0.0,0.0,0.0,0.0021825837902724743,0.11996221542358398,0.10251867771148682,0.019954681396484375,0.026203155517578125,0.0015246262773871422,60,1499.9003431133556
0.12500795722007751,0.0030710569117218256,0.0043092044070363045,0.000905883964151144,0.03152275085449219,0.001350738457404077,0.08298110961914062,0.08756029605865479,0.03186357393860817,0.0008144344901666045,0.08641815185546875,0.0,0.0,0.0,0.0,0.0,0.0011600033612921834,0.0980539321899414,0.07875633239746094,0.020900726318359375,0.02394390106201172,0.0007814397686161101,80,1527.791279114516
0.12764355540275574,0.0044420696794986725,0.00643059890717268,0.0011152868391945958,0.032627105712890625,0.0021575468126684427,0.10289478302001953,0.13113300502300262,0.0421891026198864,0.0011692356783896685,0.13228130340576172,0.0,0.0,0.0,0.0,0.0,0.0019037425518035889,0.12439799308776855,0.12500476837158203,0.018802642822265625,0.02772998809814453,0.0008478673989884555,100,1554.3584777438707
0.14437144994735718,0.003161138389259577,0.004573639947921038,0.00088394561316818,0.039707183837890625,0.001545872539281845,0.09188175201416016,0.11985781043767929,0.04031499847769737,0.0007313202368095517,0.11125469207763672,0.0,0.0,0.0,0.0,0.0,0.0013376605929806828,0.12612342834472656,0.10654544830322266,0.020467758178710938,0.023378372192382812,0.0007484086090698838,120,1587.4435382241495
0.08271694928407669,0.00408567301928997,0.005997754633426666,0.0014148401096463203,0.029672622680664062,0.0016374837141484022,0.14093971252441406,0.15712425112724304,0.037065811455249786,0.0010333488462492824,0.17043018341064453,0.0,0.0,0.0,0.0,0.0,0.0018457837868481874,0.15612316131591797,0.1471712589263916,0.01921367645263672,0.022027015686035156,0.0006629799026995897,140,1606.2238466909578
0.07560413330793381,0.003679177025333047,0.005165652371942997,0.0015568016096949577,0.027118206024169922,0.0011981662828475237,0.11902284622192383,0.12718723714351654,0.03366955742239952,0.0009242089581675828,0.13959217071533203,0.0,0.0,0.0,0.0,0.0,0.0014408384449779987,0.12869572639465332,0.1305074691772461,0.015387535095214844,0.018012046813964844,0.000456368550658226,160,1624.744088746482
0.07087618857622147,0.0029102612752467394,0.004159139469265938,0.001219230587594211,0.026123046875,0.0009950448293238878,0.13665771484375,0.14945806562900543,0.03255289047956467,0.0006959858001209795,0.14276599884033203,0.0,0.0,0.0,0.0,0.0,0.0012153333518654108,0.14454174041748047,0.15731525421142578,0.014325141906738281,0.013968467712402344,0.00033545249607414007,180,1639.0001063342145
0.04486056789755821,0.0021737993229180574,0.0032266834750771523,0.0008414105977863073,0.03029346466064453,0.0008337103645317256,0.12017250061035156,0.13380765914916992,0.02986604906618595,0.0004986783606000245,0.13470172882080078,0.0,0.0,0.0,0.0,0.0,0.0010125753469765186,0.13599896430969238,0.1333913803100586,0.014708518981933594,0.01636028289794922,0.0004030901473015547,200,1654.358502447902
0.054237183183431625,0.0020496861543506384,0.002822957467287779,0.0006800101837143302,0.022726058959960938,0.0006575634470209479,0.13734149932861328,0.1441497802734375,0.025045054033398628,0.0007121124654076993,0.1505899429321289,0.0,0.0,0.0,0.0,0.0,0.0007416331791318953,0.1519021987915039,0.1468658447265625,0.01311492919921875,0.014523506164550781,0.00031638023210689425,220,1656.5386666281138
0.0850524753332138,0.002507192315533757,0.003265522187575698,0.0007584436098113656,0.02519989013671875,0.0007582175312563777,0.09849071502685547,0.1095101535320282,0.026211777701973915,0.000990531058050692,0.12232685089111328,0.0,0.0,0.0,0.0,0.0,0.0007300326833501458,0.11796951293945312,0.10814571380615234,0.013144493103027344,0.012600898742675781,0.00028297293465584517,240,1662.9483828536067
0.12137822061777115,0.0033298649359494448,0.004507244564592838,0.0009347011218778789,0.038971900939941406,0.001105723436921835,0.1598033905029297,0.1821003556251526,0.032471030950546265,0.0012894404353573918,0.18789291381835938,0.0,0.0,0.0,0.0,0.0,0.0011423418764024973,0.1678447723388672,0.1902303695678711,0.012662887573242188,0.015964508056640625,0.00035037752240896225,260,1667.3878087397643
0.07524802535772324,0.0018295126501470804,0.002506439108401537,0.0006458642892539501,0.021529674530029297,0.0005455722566694021,0.09657430648803711,0.11209946870803833,0.02774033695459366,0.00063807622063905,0.13233089447021484,0.0,0.0,0.0,0.0,0.0,0.0006456408882513642,0.10629034042358398,0.1128244400024414,0.013853073120117188,0.013411521911621094,0.0003128570388071239,280,1676.9507643102409
0.1302940398454666,0.002069931011646986,0.0029172515496611595,0.0008937284583225846,0.02565479278564453,0.0006225668475963175,0.1371293067932129,0.16423001885414124,0.0350528359413147,0.0005536357639357448,0.16806983947753906,0.0,0.0,0.0,0.0,0.0,0.000816803309135139,0.1510791778564453,0.15413141250610352,0.014609336853027344,0.01329803466796875,0.0003051714156754315,300,1678.7711751024246
0.10592665523290634,0.0022616907954216003,0.0030210325494408607,0.0007059304043650627,0.03008556365966797,0.0008928889874368906,0.1628704071044922,0.17894625663757324,0.027068311348557472,0.0006628716364502907,0.16506099700927734,0.0,0.0,0.0,0.0,0.0,0.0007328711799345911,0.16992950439453125,0.1856231689453125,0.011313438415527344,0.014492034912109375,0.0002647069632075727,320,1679.7502052073467
0.049706313759088516,0.0020308513194322586,0.0027728474233299494,0.0006973239942453802,0.02443695068359375,0.0006857237895019352,0.15527629852294922,0.17120367288589478,0.028311099857091904,0.0006478034192696214,0.1582794189453125,0.0,0.0,0.0,0.0,0.0,0.0007134710322134197,0.16884613037109375,0.17089462280273438,0.013214111328125,0.012675285339355469,0.00028525147354230285,340,1681.1937476365276
0.10870222747325897,0.002600146923214197,0.003553887829184532,0.0009612213470973074,0.02473735809326172,0.0008197089191526175,0.16994762420654297,0.17034026980400085,0.025792350992560387,0.0008192167151719332,0.16550493240356445,0.0,0.0,0.0,0.0,0.0,0.0009285270934924483,0.1818838119506836,0.17342567443847656,0.012042045593261719,0.013180732727050781,0.00025213765911757946,360,1685.4839012126715
0.13361993432044983,0.00381986191496253,0.004875341430306435,0.001141049899160862,0.030159473419189453,0.0008907302399165928,0.15633916854858398,0.17551235854625702,0.03372522443532944,0.0017880818340927362,0.21097564697265625,0.0,0.0,0.0,0.0,0.0,0.0010158910881727934,0.18959903717041016,0.16846466064453125,0.013875961303710938,0.01759052276611328,0.0003958860761485994,380,1689.9432597634554
0.07201455533504486,0.001992091303691268,0.0027408292517066,0.0007336484850384295,0.02204608917236328,0.0005975401727482677,0.19209766387939453,0.1952665001153946,0.02484184131026268,0.0006609028205275536,0.1968669891357422,0.0,0.0,0.0,0.0,0.0,0.0007184821297414601,0.20003128051757812,0.19574928283691406,0.013875961303710938,0.013246536254882812,0.0003025587648153305,400,1688.1907001254247
0.16680708527565002,0.00295385904610157,0.0040004197508096695,0.001250015222467482,0.033919334411621094,0.0009521410684101284,0.21467971801757812,0.21864920854568481,0.029947757720947266,0.0007517027552239597,0.2128276824951172,0.0,0.0,0.0,0.0,0.0,0.0010173262562602758,0.23579025268554688,0.2165355682373047,0.014234542846679688,0.012678146362304688,0.00029234285466372967,420,1689.6227439531178
0.08536737412214279,0.0021680511999875307,0.0029718561563640833,0.0009545832872390747,0.02398395538330078,0.0006361898267641664,0.2290821075439453,0.23037877678871155,0.025163747370243073,0.0005772782023996115,0.2471904754638672,0.0,0.0,0.0,0.0,0.0,0.0007753020618110895,0.2368001937866211,0.23235321044921875,0.011395454406738281,0.014664649963378906,0.00028502766508609056,440,1691.15220393255
0.10891634225845337,0.0020690481178462505,0.0028799984138458967,0.0006663136882707477,0.020903587341308594,0.0009144677314907312,0.1803121566772461,0.17605221271514893,0.02343284711241722,0.00048826675629243255,0.1841602325439453,0.0,0.0,0.0,0.0,0.0,0.0007827635854482651,0.17850971221923828,0.18655014038085938,0.013423919677734375,0.01361846923828125,0.00028186989948153496,460,1690.175937655014
0.13189923763275146,0.0024031561333686113,0.003176670055836439,0.0007514309836551547,0.022207260131835938,0.0007981514208950102,0.22033119201660156,0.21730712056159973,0.023017331957817078,0.0008535737870261073,0.2082347869873047,0.0,0.0,0.0,0.0,0.0,0.0007563512772321701,0.23615455627441406,0.23164749145507812,0.009858131408691406,0.011072158813476562,0.00017162825679406524,480,1691.134395568302
0.0917852595448494,0.002024237997829914,0.0025714593939483166,0.0006864223396405578,0.02879619598388672,0.00045961359865032136,0.22488117218017578,0.2331431806087494,0.02403080090880394,0.0008782020886428654,0.24317550659179688,0.0,0.0,0.0,0.0,0.0,0.0005118228727951646,0.23412322998046875,0.22893238067626953,0.0175323486328125,0.012043952941894531,0.00035398610634729266,500,1690.0595636597707
0.19659756124019623,0.002641974948346615,0.0033168657682836056,0.0007684230804443359,0.019208908081054688,0.0007655002409592271,0.20110130310058594,0.18664905428886414,0.02555118501186371,0.00110805151052773,0.17353343963623047,0.0,0.0,0.0,0.0,0.0,0.0006485652993433177,0.20366287231445312,0.1981792449951172,0.012937545776367188,0.013087272644042969,0.0002632570103742182,520,1593.296969472879
0.043982841074466705,0.0015830511692911386,0.00222579063847661,0.0005063747521489859,0.020740509033203125,0.000611133873462677,0.23962783813476562,0.2505802512168884,0.025738414376974106,0.0004655425436794758,0.2532844543457031,0.0,0.0,0.0,0.0,0.0,0.0006232952582649887,0.2542610168457031,0.24795150756835938,0.009891510009765625,0.011171340942382812,0.00019444164354354143,540,1596.69139957654
0.09150492399930954,0.0018087581265717745,0.0024815655779093504,0.0005585695616900921,0.018304824829101562,0.0006480032461695373,0.19353866577148438,0.1908319890499115,0.022077562287449837,0.0006021852605044842,0.19347381591796875,0.0,0.0,0.0,0.0,0.0,0.0006542954943142831,0.19746017456054688,0.200775146484375,0.011937141418457031,0.0089263916015625,0.00018512067617848516,560,1604.781806725201
0.07536519318819046,0.0014593952801078558,0.0019085891544818878,0.00041440740460529923,0.022734642028808594,0.0003542168124113232,0.21306896209716797,0.2312059849500656,0.022951167076826096,0.0006907710339874029,0.24858856201171875,0.0,0.0,0.0,0.0,0.0,0.000430608750320971,0.22568130493164062,0.226776123046875,0.011243820190429688,0.009737968444824219,0.0001858535106293857,580,1610.6039634150932
0.06653667241334915,0.0017177242552861571,0.002388296416029334,0.0005057650269009173,0.02550506591796875,0.0005936467787250876,0.24053287506103516,0.2572098970413208,0.0237773135304451,0.0006183124496601522,0.27561187744140625,0.0,0.0,0.0,0.0,0.0,0.0006529736565425992,0.2547626495361328,0.25391578674316406,0.010497093200683594,0.009493827819824219,0.00017598632257431746,600,1613.7550124177487
0.11282550543546677,0.0015056440606713295,0.0020477408543229103,0.0005466597503982484,0.017912864685058594,0.00045721750939264894,0.21402740478515625,0.23788830637931824,0.028097573667764664,0.0005017668008804321,0.2397918701171875,0.0,0.0,0.0,0.0,0.0,0.0005286000669002533,0.22086334228515625,0.22661113739013672,0.009044647216796875,0.009196281433105469,0.00013496674364432693,620,1616.8570222033063
0.10334932059049606,0.0018562600016593933,0.002484921831637621,0.0005822721868753433,0.023984909057617188,0.0005803336971439421,0.1923999786376953,0.19637681543827057,0.024400636553764343,0.0006936542340554297,0.18258094787597656,0.0,0.0,0.0,0.0,0.0,0.000605376495514065,0.20485877990722656,0.2104015350341797,0.013767242431640625,0.010982513427734375,0.0002328517148271203,640,1618.9577048379374
0.052257221192121506,0.0014345023082569242,0.002028021262958646,0.0005099285626783967,0.018022537231445312,0.0004676995740737766,0.17590904235839844,0.1896378993988037,0.024991989135742188,0.0004568742006085813,0.1827526092529297,0.0,0.0,0.0,0.0,0.0,0.0005753770237788558,0.1929473876953125,0.1826000213623047,0.011431694030761719,0.009678840637207031,0.00018142012413591146,660,1621.5151729071563
0.060753922909498215,0.001698133535683155,0.0021749683655798435,0.0004487971309572458,0.0214385986328125,0.0005379389622248709,0.1970081329345703,0.20452871918678284,0.022459033876657486,0.000711397617124021,0.1977691650390625,0.0,0.0,0.0,0.0,0.0,0.0004578309308271855,0.20567893981933594,0.20282554626464844,0.011266708374023438,0.009990692138671875,0.0001900403294712305,680,1624.868910746241
0.04818745329976082,0.0025224103592336178,0.0033274232409894466,0.000786164659075439,0.017698287963867188,0.0007398867746815085,0.24968338012695312,0.25462478399276733,0.025959473103284836,0.0009963586926460266,0.25293922424316406,0.0,0.0,0.0,0.0,0.0,0.0007920131902210414,0.26172828674316406,0.25896644592285156,0.008845329284667969,0.008603096008300781,0.0001299992436543107,700,1627.670129039996
0.1005362719297409,0.0013510063290596008,0.0018040593713521957,0.00047926761908456683,0.019914627075195312,0.00030012690695002675,0.2166290283203125,0.23752090334892273,0.024687960743904114,0.0005716117448173463,0.2505607604980469,0.0,0.0,0.0,0.0,0.0,0.00043823354644700885,0.22097206115722656,0.23740386962890625,0.008653640747070312,0.01023101806640625,0.0001481965882703662,720,1629.9880690529837
0.08485110849142075,0.0017322791973128915,0.002241332782432437,0.0006840359419584274,0.02610015869140625,0.0004296672123018652,0.21278953552246094,0.22811807692050934,0.024570925161242485,0.0006185759557411075,0.22513580322265625,0.0,0.0,0.0,0.0,0.0,0.0004938567290082574,0.2194690704345703,0.23040771484375,0.009673118591308594,0.009734153747558594,0.00015196832828223705,740,1633.1059421723814
0.05767024680972099,0.0015785389114171267,0.002020514104515314,0.00043026107596233487,0.017208099365234375,0.00043596423347480595,0.20215225219726562,0.20995688438415527,0.020393598824739456,0.0007123135728761554,0.1979522705078125,0.0,0.0,0.0,0.0,0.0,0.0004302316519897431,0.2084808349609375,0.2129383087158203,0.007863998413085938,0.008273124694824219,0.00011743471259251237,760,1633.8806880525603
0.07996338605880737,0.0018222276121377945,0.002460730727761984,0.0003502527251839638,0.021096229553222656,0.0006707920110784471,0.24954795837402344,0.26889657974243164,0.02544037066400051,0.0008011829340830445,0.27768707275390625,0.0,0.0,0.0,0.0,0.0,0.0006218484486453235,0.2668418884277344,0.2581977844238281,0.008954048156738281,0.010243415832519531,0.00016654597129672766,780,1633.7802642901656
0.07430882006883621,0.00126845168415457,0.0017106742598116398,0.00029794336296617985,0.019390106201171875,0.0003797459357883781,0.24517822265625,0.2603825330734253,0.021716786548495293,0.0005907623562961817,0.2764320373535156,0.0,0.0,0.0,0.0,0.0,0.00042890600161626935,0.2598590850830078,0.24956130981445312,0.008302688598632812,0.0093841552734375,0.00013316574040800333,800,1636.3239562170024
0.09764610975980759,0.0021248054690659046,0.0028419727459549904,0.0007448552642017603,0.018970489501953125,0.0006149308173917234,0.27893638610839844,0.296206533908844,0.02815268188714981,0.00076501932926476,0.2888622283935547,0.0,0.0,0.0,0.0,0.0,0.0007032720604911447,0.28664398193359375,0.2936897277832031,0.009470939636230469,0.008982658386230469,0.0001389528624713421,820,1637.933717617535
0.10266974568367004,0.0017076735384762287,0.0022700196132063866,0.0005631849635392427,0.019804000854492188,0.0005657497094944119,0.2645721435546875,0.2615657150745392,0.019728222861886024,0.0005787388072349131,0.2588844299316406,0.0,0.0,0.0,0.0,0.0,0.0005486852605827153,0.26955413818359375,0.27349853515625,0.008798599243164062,0.00872039794921875,0.00013660755939781666,840,1640.241594206015
0.07101365178823471,0.0014609255595132709,0.001928385579958558,0.00036776199704036117,0.020477294921875,0.0004245921445544809,0.2454681396484375,0.2611939311027527,0.021263811737298965,0.0006685714470222592,0.2752227783203125,0.0,0.0,0.0,0.0,0.0,0.00045146135380491614,0.2567920684814453,0.25376129150390625,0.009091377258300781,0.010469436645507812,0.0001599864917807281,860,1641.6565758123575
0.09747639298439026,0.0013741548173129559,0.0017778165638446808,0.00042491708882153034,0.033039093017578125,0.0003959014138672501,0.27114295959472656,0.28418290615081787,0.020858842879533768,0.0005533362273126841,0.27790069580078125,0.0,0.0,0.0,0.0,0.0,0.00038594298530369997,0.2941932678222656,0.2791595458984375,0.010767936706542969,0.009601593017578125,0.00017718918388709426,880,1643.5895314404065
0.08186617493629456,0.0014392572920769453,0.0020264163613319397,0.0005992009537294507,0.021444320678710938,0.0005091419443488121,0.27960777282714844,0.27840179204940796,0.021588362753391266,0.0003309143939986825,0.2866096496582031,0.0,0.0,0.0,0.0,0.0,0.0005700452020391822,0.2916450500488281,0.28200531005859375,0.009516716003417969,0.009992599487304688,0.00017113977810367942,900,1646.1957750942856
0.04058337211608887,0.0015946062048897147,0.0021990963723510504,0.0005291898851282895,0.019929885864257812,0.00044302045716904104,0.21216392517089844,0.22280281782150269,0.02152603305876255,0.0006223958916962147,0.238922119140625,0.0,0.0,0.0,0.0,0.0,0.0005849724402651191,0.2204914093017578,0.22327041625976562,0.010916709899902344,0.010680198669433594,0.0001951779704540968,920,1649.291400091938
0.18470682203769684,0.0026391237042844296,0.003132561920210719,0.00042319693602621555,0.021350860595703125,0.0007999608060345054,0.3178596496582031,0.30721521377563477,0.020857926458120346,0.0014159660786390305,0.2914390563964844,0.0,0.0,0.0,0.0,0.0,0.00047445690142922103,0.31679534912109375,0.32599830627441406,0.009939193725585938,0.012097358703613281,0.00018981221364811063,940,1650.466466407697
0.04610218480229378,0.0014281892217695713,0.00197892845608294,0.0005480858962982893,0.018407821655273438,0.0004674110095947981,0.2534980773925781,0.2650545835494995,0.023343853652477264,0.00041269243229180574,0.2671985626220703,0.0,0.0,0.0,0.0,0.0,0.0005370544968172908,0.26183509826660156,0.2652854919433594,0.008463859558105469,0.009415626525878906,0.00013684784062206745,960,1652.2925090192045
0.048349134624004364,0.001321133691817522,0.0017256492283195257,0.0003321605618111789,0.017385482788085938,0.00033677887404337525,0.24433517456054688,0.2579759359359741,0.020524293184280396,0.0006521942559629679,0.24237632751464844,0.0,0.0,0.0,0.0,0.0,0.0003921372117474675,0.2582817077636719,0.25240135192871094,0.008906364440917969,0.00916290283203125,0.00012378412066027522,980,1654.1904287099387
0.10114119946956635,0.0016232177149504423,0.0021133895497769117,0.0005710282130166888,0.02161407470703125,0.00036485656164586544,0.2776947021484375,0.27611246705055237,0.022038651630282402,0.0006873330567032099,0.27562713623046875,0.0,0.0,0.0,0.0,0.0,0.0004719187563750893,0.28804588317871094,0.2763805389404297,0.01242828369140625,0.008215904235839844,0.0001825293875299394,1000,1655.686786645761
0.0566428005695343,0.001174097415059805,0.0015770869795233011,0.0003508525842335075,0.01397705078125,0.0003561672638170421,0.28794288635253906,0.2894749641418457,0.017188187688589096,0.00046707759611308575,0.27936553955078125,0.0,0.0,0.0,0.0,0.0,0.0003866151673719287,0.2904338836669922,0.28916168212890625,0.009698867797851562,0.009609222412109375,0.00016374490223824978,1020,1608.0267610776534
0.057178523391485214,0.001393830985762179,0.0017402212833985686,0.00032552232732996345,0.020009994506835938,0.0003123425994999707,0.284881591796875,0.29808005690574646,0.019647296518087387,0.0007559660007245839,0.28298187255859375,0.0,0.0,0.0,0.0,0.0,0.0003338975948281586,0.3033409118652344,0.29027748107910156,0.009034156799316406,0.008162498474121094,0.0001249267952516675,1040,1611.1867838474766
0.1511210948228836,0.002219519577920437,0.002768408041447401,0.00047752930549904704,0.022058486938476562,0.0007659760303795338,0.3502063751220703,0.34147462248802185,0.019760511815547943,0.000976014242041856,0.33261871337890625,0.0,0.0,0.0,0.0,0.0,0.0005353052983991802,0.3534374237060547,0.35669898986816406,0.008330345153808594,0.010256767272949219,0.0001358301378786564,1060,1613.4018418237636
0.06497198343276978,0.0011404204415157437,0.0016264929436147213,0.0004378601734060794,0.022216796875,0.00028094410663470626,0.2938079833984375,0.310344934463501,0.022611316293478012,0.0004216161323711276,0.2950096130371094,0.0,0.0,0.0,0.0,0.0,0.0004721900331787765,0.29958152770996094,0.3092384338378906,0.009469032287597656,0.008241653442382812,0.00013882532948628068,1080,1614.585557638871
0.0863032191991806,0.0014150607166811824,0.0019264251459389925,0.00038443575613200665,0.02599334716796875,0.00040827656630426645,0.2928810119628906,0.3047306537628174,0.01947738789021969,0.0006223483942449093,0.3076820373535156,0.0,0.0,0.0,0.0,0.0,0.0004955489421263337,0.31697845458984375,0.2939453125,0.008755683898925781,0.010103225708007812,0.00015815597726032138,1100,1615.3647397491613
0.09554877877235413,0.0015394476940855384,0.0019611604511737823,0.00029467238346114755,0.0314788818359375,0.000495864893309772,0.26774024963378906,0.2876042127609253,0.02451164647936821,0.0007489104173146188,0.298614501953125,0.0,0.0,0.0,0.0,0.0,0.0004053957818541676,0.30103492736816406,0.2788658142089844,0.0088348388671875,0.0109710693359375,0.00016316946130245924,1120,1617.162323407785
0.03435676544904709,0.0008872815524227917,0.0012983503984287381,0.00030145683558657765,0.014707565307617188,0.0003132990386802703,0.2305583953857422,0.23671340942382812,0.01752769574522972,0.0002725257072597742,0.23590469360351562,0.0,0.0,0.0,0.0,0.0,0.0003970348625443876,0.2328777313232422,0.23891448974609375,0.008595466613769531,0.008143424987792969,0.00014033971820026636,1140,1618.9795321447523
0.0360473208129406,0.0011279941536486149,0.0015273122116923332,0.00037340278504416347,0.01424407958984375,0.0003401910653337836,0.3247089385986328,0.330369770526886,0.01927204057574272,0.0004144003032706678,0.3307647705078125,0.0,0.0,0.0,0.0,0.0,0.00038514824700541794,0.3299140930175781,0.3336143493652344,0.009514808654785156,0.008447647094726562,0.00014169822679832578,1160,1620.933879016478
0.0516955740749836,0.0010270851198583841,0.0014395429752767086,0.0003269752487540245,0.015630722045898438,0.000299150706268847,0.2344684600830078,0.24994100630283356,0.02037723734974861,0.00040095907752402127,0.243255615234375,0.0,0.0,0.0,0.0,0.0,0.0003969584940932691,0.24686622619628906,0.24425125122070312,0.009088516235351562,0.009442329406738281,0.00015499436995014548,1180,1622.5751062461238
0.060901183634996414,0.0015466741751879454,0.0021503104362636805,0.00048674430581741035,0.020610809326171875,0.0004681643913500011,0.317901611328125,0.32834428548812866,0.022811930626630783,0.0005917656235396862,0.3191032409667969,0.0,0.0,0.0,0.0,0.0,0.0005912998458370566,0.3227996826171875,0.3350639343261719,0.008980751037597656,0.00772857666015625,0.00012336118379607797,1200,1624.2245766166004
0.06491035968065262,0.001515837269835174,0.0021153679117560387,0.0004300671280361712,0.01857757568359375,0.000523064867593348,0.27927589416503906,0.2838890850543976,0.019739914685487747,0.000562705157790333,0.2689800262451172,0.0,0.0,0.0,0.0,0.0,0.0005852238391526043,0.2851066589355469,0.2920856475830078,0.010041236877441406,0.008368492126464844,0.00014306791126728058,1220,1625.5905728196485
0.03818359971046448,0.0013128193095326424,0.0018369309836998582,0.00041756502469070256,0.021732330322265625,0.00041731790406629443,0.2963905334472656,0.30636394023895264,0.020144464448094368,0.00047793640987947583,0.296844482421875,0.0,0.0,0.0,0.0,0.0,0.0005059848772361875,0.30965232849121094,0.308685302734375,0.01194000244140625,0.008463859558105469,0.00018126837676391006,1240,1627.249118622515
0.0401313453912735,0.0011335440212860703,0.0016124454559758306,0.00036717491457238793,0.019273757934570312,0.000390538974897936,0.3098888397216797,0.32168692350387573,0.02046894282102585,0.00037583024823106825,0.33055877685546875,0.0,0.0,0.0,0.0,0.0,0.0004620501713361591,0.3193817138671875,0.3238067626953125,0.011040687561035156,0.008749008178710938,0.00016851193504408002,1260,1629.554262332633
0.08347440510988235,0.0012662486406043172,0.0016914716688916087,0.0004679837147705257,0.026470184326171875,0.0002980793360620737,0.2783479690551758,0.2999926209449768,0.02516346424818039,0.0005001855315640569,0.3026542663574219,0.0,0.0,0.0,0.0,0.0,0.0004115905030630529,0.28659725189208984,0.30090904235839844,0.009927749633789062,0.008270263671875,0.00013632688205689192,1280,1632.2811278903662
0.02898317389190197,0.0008512051426805556,0.0011758643668144941,0.0002526821626815945,0.015977859497070312,0.0002663412597030401,0.2915058135986328,0.30175331234931946,0.017357027158141136,0.0003321817785035819,0.3077812194824219,0.0,0.0,0.0,0.0,0.0,0.0003110053366981447,0.29773712158203125,0.29733848571777344,0.008700370788574219,0.009359359741210938,0.00013653788482770324,1300,1635.068727665153
0.09238198399543762,0.0015884737949818373,0.002155520021915436,0.0005055595538578928,0.016902923583984375,0.00044665372115559876,0.2724456787109375,0.26851072907447815,0.018484648317098618,0.0006362605490721762,0.2608909606933594,0.0,0.0,0.0,0.0,0.0,0.0005536089302040637,0.2758369445800781,0.2793865203857422,0.008783340454101562,0.008634567260742188,0.00013437261804938316,1320,1637.1679681226194
0.061569102108478546,0.0012523019686341286,0.001598011003807187,0.00036836316576227546,0.020708084106445312,0.0003262007958255708,0.3187580108642578,0.33798524737358093,0.02283073589205742,0.0005577380070462823,0.34310150146484375,0.0,0.0,0.0,0.0,0.0,0.0003317358496133238,0.33125877380371094,0.3354225158691406,0.009419441223144531,0.008060455322265625,0.00013973080785945058,1340,1639.549324179996
0.09557220339775085,0.0012062244350090623,0.0017053645569831133,0.0003703419934026897,0.028062820434570312,0.0005876986542716622,0.30951881408691406,0.3137274980545044,0.0180282611399889,0.00024818372912704945,0.3102874755859375,0.0,0.0,0.0,0.0,0.0,0.000487397046526894,0.31549644470214844,0.3315277099609375,0.0087738037109375,0.007784843444824219,0.0001174305216409266,1360,1642.1210965110445
0.11478281766176224,0.0010020409245043993,0.0013876197626814246,0.00024933955864980817,0.035488128662109375,0.0005381608498282731,0.30617713928222656,0.316511869430542,0.016766589134931564,0.00021454054513014853,0.3123321533203125,0.0,0.0,0.0,0.0,0.0,0.00037066941149532795,0.3085823059082031,0.3335990905761719,0.008469581604003906,0.009604454040527344,0.00014909403398633003,1380,1643.8287089491641
0.06048194319009781,0.0011053180787712336,0.0015948510263115168,0.00035061329253949225,0.020586013793945312,0.0004308739735279232,0.32853126525878906,0.3409287929534912,0.020776137709617615,0.0003238307835999876,0.3322296142578125,0.0,0.0,0.0,0.0,0.0,0.0004798985319212079,0.3312053680419922,0.34452056884765625,0.0070343017578125,0.007649421691894531,9.634444722905755e-05,1400,1645.208350365267
0.07655961066484451,0.0013825586065649986,0.0018213691655546427,0.0007030083215795457,0.027679443359375,0.0003203875676263124,0.3535118103027344,0.3608104884624481,0.01875969208776951,0.0003591627173591405,0.3498268127441406,0.0,0.0,0.0,0.0,0.0,0.0004210426122881472,0.3668251037597656,0.355224609375,0.014156341552734375,0.007833480834960938,0.0001776786521077156,1420,1645.5453917967495
0.0644887313246727,0.0015136826550588012,0.0019465398509055376,0.0003970681573264301,0.016078948974609375,0.000306346220895648,0.2967844009399414,0.3106096684932709,0.02100391499698162,0.0008102682186290622,0.33415985107421875,0.0,0.0,0.0,0.0,0.0,0.000419542018789798,0.30098438262939453,0.3080596923828125,0.008736610412597656,0.0084228515625,0.00013315206160768867,1440,1646.6437672513744
0.07629154622554779,0.0016998875653371215,0.0021307102870196104,0.00037681483081541955,0.017946243286132812,0.0003679177025333047,0.2963886260986328,0.3023657202720642,0.019080277532339096,0.0009551550610922277,0.28760337829589844,0.0,0.0,0.0,0.0,0.0,0.00042025800212286413,0.2983245849609375,0.30683326721191406,0.008545875549316406,0.0064544677734375,0.0001056480105035007,1460,1647.8853238968181
0.05360836908221245,0.0009960643947124481,0.0012762054102495313,0.0002493899082764983,0.015134811401367188,0.00025212939362972975,0.334503173828125,0.3491383492946625,0.018730930984020233,0.0004945450345985591,0.35912322998046875,0.0,0.0,0.0,0.0,0.0,0.00026970013277605176,0.3429374694824219,0.3462848663330078,0.007485389709472656,0.00789642333984375,0.0001044084201566875,1480,1648.1486077369464
0.04693610966205597,0.0008789777057245374,0.0012520888121798635,0.0003160635242238641,0.017885208129882812,0.000298272876534611,0.29976844787597656,0.30151864886283875,0.015534363687038422,0.00026464127586223185,0.3030986785888672,0.0,0.0,0.0,0.0,0.0,0.000361436017556116,0.30877113342285156,0.30468177795410156,0.008620262145996094,0.006993293762207031,0.0001167510636150837,1500,1648.4245783870072
0.09428749233484268,0.00138206803239882,0.0017425912665203214,0.00038458258495666087,0.01444244384765625,0.00034668407170102,0.3315620422363281,0.32603657245635986,0.017360839992761612,0.0006508013466373086,0.31427955627441406,0.0,0.0,0.0,0.0,0.0,0.00034836120903491974,0.3325824737548828,0.3358573913574219,0.00862884521484375,0.00876617431640625,0.00012161955237388611,1520,1617.8549992974242
0.07252686470746994,0.0013879837933927774,0.0018206080421805382,0.0005251943366602063,0.026929855346679688,0.00034396530827507377,0.34226417541503906,0.3586548864841461,0.023366093635559082,0.0005188240902498364,0.3561210632324219,0.0,0.0,0.0,0.0,0.0,0.00042448187014088035,0.3452606201171875,0.3641166687011719,0.007008552551269531,0.006884574890136719,8.142495062202215e-05,1540,1619.73770294051
0.045355040580034256,0.0010553370229899883,0.0014592146035283804,0.00033214694121852517,0.018728256225585938,0.0003497227153275162,0.3606891632080078,0.3708285391330719,0.01927528716623783,0.0003734672791324556,0.36063385009765625,0.0,0.0,0.0,0.0,0.0,0.00039199006278067827,0.36855220794677734,0.3778514862060547,0.0084686279296875,0.007498741149902344,0.00011887465370818973,1560,1621.5252746740196
0.05824216082692146,0.00131329707801342,0.0017154485685750842,0.00030693208100274205,0.019002914428710938,0.0004269641067367047,0.36847877502441406,0.37340813875198364,0.016929171979427338,0.0005794008611701429,0.3827667236328125,0.0,0.0,0.0,0.0,0.0,0.0003928148653358221,0.3731727600097656,0.3844928741455078,0.008020401000976562,0.0068225860595703125,9.336683433502913e-05,1580,1623.8605563169979
0.07816867530345917,0.0017089892644435167,0.0021336593199521303,0.00035110689350403845,0.020013809204101562,0.00040101128979586065,0.3863811492919922,0.3895161747932434,0.019948046654462814,0.0009568711393512785,0.3812408447265625,0.0,0.0,0.0,0.0,0.0,0.0004103825776837766,0.39581298828125,0.38819122314453125,0.009940147399902344,0.008146286010742188,0.00014287472004070878,1600,1625.5328085039716
0.06988642364740372,0.0010663281427696347,0.0014969338662922382,0.00031469453824684024,0.0167083740234375,0.0002949011977761984,0.31587791442871094,0.332345187664032,0.02015194669365883,0.00045673237764276564,0.33554840087890625,0.0,0.0,0.0,0.0,0.0,0.00042068405309692025,0.3221912384033203,0.32395172119140625,0.007460594177246094,0.0072803497314453125,9.921699529513717e-05,1620,1626.3680368082255
0.10430992394685745,0.0012710725422948599,0.0016250187763944268,0.00046373665099963546,0.019491195678710938,0.00028305299929343164,0.3977069854736328,0.39340293407440186,0.01598583161830902,0.0005242828628979623,0.38388824462890625,0.0,0.0,0.0,0.0,0.0,0.0003438491839915514,0.40647315979003906,0.3999176025390625,0.008940696716308594,0.006680488586425781,0.00010097143240272999,1640,1627.909185532564
0.033134255558252335,0.0008498374954797328,0.0011522772256284952,0.00021867142640985548,0.013217926025390625,0.00021044898312538862,0.3353843688964844,0.3382521867752075,0.014457399025559425,0.0004207171150483191,0.33399391174316406,0.0,0.0,0.0,0.0,0.0,0.000288932875264436,0.3372535705566406,0.3392963409423828,0.008907318115234375,0.0072383880615234375,0.0001350686652585864,1660,1630.0627933622552
0.0914415717124939,0.0015755773056298494,0.0019923581276088953,0.00042662129271775484,0.013530731201171875,0.0003502978943288326,0.3362770080566406,0.35043036937713623,0.02163383923470974,0.000798658060375601,0.3685340881347656,0.0,0.0,0.0,0.0,0.0,0.0004073712625540793,0.34546852111816406,0.3446235656738281,0.00775146484375,0.007000923156738281,9.409565245732665e-05,1680,1631.18509916164
0.024382928386330605,0.0009304002160206437,0.0012424956075847149,0.00020956338266842067,0.014997482299804688,0.000267292169155553,0.3489418029785156,0.35802868008613586,0.01576092280447483,0.00045354472240433097,0.35504150390625,0.0,0.0,0.0,0.0,0.0,0.0003029625804629177,0.3592987060546875,0.35790252685546875,0.0075893402099609375,0.0062541961669921875,9.132700506597757e-05,1700,1632.6599863095091
0.06296677887439728,0.0012106515932828188,0.001556894276291132,0.0003304514684714377,0.014326095581054688,0.00034194340696558356,0.3949718475341797,0.3944242596626282,0.018009759485721588,0.0005382567178457975,0.3871498107910156,0.0,0.0,0.0,0.0,0.0,0.00033723347587510943,0.39934730529785156,0.40105438232421875,0.007710456848144531,0.0068340301513671875,9.00927116163075e-05,1720,1634.3094043076865
0.043153565376996994,0.0009338858653791249,0.0012418110854923725,0.0003048391081392765,0.017665863037109375,0.00020197825506329536,0.3574180603027344,0.3659297227859497,0.016430821269750595,0.000427068502176553,0.37566375732421875,0.0,0.0,0.0,0.0,0.0,0.00029787010862492025,0.3636207580566406,0.36132049560546875,0.00809478759765625,0.006763458251953125,0.00010055163875222206,1740,1636.062794980675
0.034929536283016205,0.000903612351976335,0.0012868639314547181,0.00027607320225797594,0.016361236572265625,0.0002805575495585799,0.3908271789550781,0.40206748247146606,0.017803121358156204,0.0003469816583674401,0.39794921875,0.0,0.0,0.0,0.0,0.0,0.0003735674836207181,0.3939018249511719,0.4015007019042969,0.007411003112792969,0.0067958831787109375,9.683979442343116e-05,1760,1637.170039873869
0.022882865741848946,0.0008536409004591405,0.0011788334231823683,0.0003316416987217963,0.015184402465820312,0.00027920876163989305,0.3580284118652344,0.3669891953468323,0.017086107283830643,0.00024279049830511212,0.36476898193359375,0.0,0.0,0.0,0.0,0.0,0.0003196842735633254,0.3659515380859375,0.3659553527832031,0.005805015563964844,0.005551338195800781,5.508342292159796e-05,1780,1639.0210272014492
0.07696621119976044,0.0011386245023459196,0.0015734151238575578,0.00042522084550000727,0.015615463256835938,0.00026465774863027036,0.400787353515625,0.39853912591934204,0.014842069707810879,0.0004487459664233029,0.39066314697265625,0.0,0.0,0.0,0.0,0.0,0.00042187480721622705,0.40751075744628906,0.4058361053466797,0.008670806884765625,0.007422447204589844,0.00012915796833112836,1800,1640.1055080672984
0.05003735423088074,0.0010467465035617352,0.0014157239347696304,0.00030893945950083435,0.015018463134765625,0.0004118432989344001,0.3471870422363281,0.3471667468547821,0.017343750223517418,0.0003259638324379921,0.3527679443359375,0.0,0.0,0.0,0.0,0.0,0.0003594934823922813,0.35288238525390625,0.35216522216796875,0.007939338684082031,0.0067272186279296875,9.483745088800788e-05,1820,1641.7551980654493
0.05134780332446098,0.0008411019807681441,0.0011605477193370461,0.00026469468139111996,0.018430709838867188,0.00030051771318539977,0.3679523468017578,0.3748496472835541,0.017043765634298325,0.00027588955708779395,0.3811225891113281,0.0,0.0,0.0,0.0,0.0,0.000311250623781234,0.37452125549316406,0.3828411102294922,0.0073108673095703125,0.006168365478515625,8.195103146135807e-05,1840,1643.0858547459034
0.05953275412321091,0.0008328263647854328,0.0011447903234511614,0.0003409495111554861,0.01857471466064453,0.00023329525720328093,0.38618946075439453,0.3993496000766754,0.02015850506722927,0.0002585815964266658,0.4012298583984375,0.0,0.0,0.0,0.0,0.0,0.0003026000631507486,0.3885498046875,0.40019702911376953,0.006969451904296875,0.006244659423828125,9.363819845020771e-05,1860,1644.8813495899692
0.05124076455831528,0.001025480916723609,0.0013640261022374034,0.000285982241621241,0.016958236694335938,0.0002535355743020773,0.39264488220214844,0.40727800130844116,0.020943837240338326,0.0004859631008002907,0.4155693054199219,0.0,0.0,0.0,0.0,0.0,0.00032895634649321437,0.39566516876220703,0.40300941467285156,0.0072879791259765625,0.0070438385009765625,9.588839020580053e-05,1880,1646.285999953957
0.03971792012453079,0.0008833750616759062,0.0011726858792826533,0.0002737285103648901,0.01964569091796875,0.00023339669860433787,0.38607025146484375,0.3972546458244324,0.016966402530670166,0.000376249838154763,0.4041023254394531,0.0,0.0,0.0,0.0,0.0,0.0002806918346323073,0.3911285400390625,0.4017753601074219,0.006932258605957031,0.006844520568847656,8.618936408311129e-05,1900,1647.2445951427171
0.060186296701431274,0.0008113647345453501,0.0010618403321132064,0.00021343202388379723,0.01337432861328125,0.0002738632610999048,0.3811607360839844,0.3807510435581207,0.015047300606966019,0.00032406943500973284,0.37870025634765625,0.0,0.0,0.0,0.0,0.0,0.0002395142801105976,0.3813800811767578,0.3882770538330078,0.007454872131347656,0.007140159606933594,0.0001096135238185525,1920,1648.1754419072954
0.026015155017375946,0.0008597816922701895,0.0011658696457743645,0.0002606959023978561,0.01363372802734375,0.00023666484048590064,0.3689708709716797,0.37894394993782043,0.01775108464062214,0.00036242094938643277,0.3850898742675781,0.0,0.0,0.0,0.0,0.0,0.0002978872216772288,0.3763542175292969,0.3769569396972656,0.006892204284667969,0.0062389373779296875,8.200638694688678e-05,1940,1649.9041526376056
0.04693877696990967,0.0006449585780501366,0.0008012011530809104,0.00018872274085879326,0.013669967651367188,0.00012677752238232642,0.4347858428955078,0.4426506757736206,0.013075260445475578,0.0003294583293609321,0.4586334228515625,0.0,0.0,0.0,0.0,0.0,0.0001499330101069063,0.43770599365234375,0.4431266784667969,0.005881309509277344,0.0059375762939453125,6.309541640803218e-05,1960,1650.839900658149
0.09593947231769562,0.0012995925499126315,0.0016247908351942897,0.00036752826417796314,0.015293121337890625,0.0003538089513313025,0.3676433563232422,0.35999101400375366,0.017170943319797516,0.0005782552761957049,0.3526954650878906,0.0,0.0,0.0,0.0,0.0,0.00031395931728184223,0.37184715270996094,0.3684501647949219,0.007839202880859375,0.0075130462646484375,0.00011238967999815941,1980,1652.0422593766102
0.05207324028015137,0.0007843556813895702,0.0011256879661232233,0.00026423821691423655,0.016254425048828125,0.0002939716214314103,0.395599365234375,0.39890778064727783,0.01673019491136074,0.0002261459012515843,0.406219482421875,0.0,0.0,0.0,0.0,0.0,0.0003326221776660532,0.3999366760253906,0.4072151184082031,0.007298469543457031,0.005747795104980469,8.710031397640705e-05,2000,1653.2458426148726
0.053243231028318405,0.0011096812086179852,0.0014982345746830106,0.0003607597900554538,0.012035369873046875,0.0003822199651040137,0.42357635498046875,0.43867015838623047,0.022065965458750725,0.0003667015116661787,0.43482398986816406,0.0,0.0,0.0,0.0,0.0,0.000379296689061448,0.43023109436035156,0.4315776824951172,0.007086753845214844,0.005789756774902344,9.256647899746895e-05,2020,1629.3474121029824
0.022909827530384064,0.0007464725058525801,0.0010084649547934532,0.00023080209211912006,0.014553070068359375,0.00018283951794728637,0.440673828125,0.44619104266166687,0.014281084761023521,0.0003328309394419193,0.4480400085449219,0.0,0.0,0.0,0.0,0.0,0.0002550112549215555,0.4485282897949219,0.449493408203125,0.007138252258300781,0.0052318572998046875,6.981141632422805e-05,2040,1631.1805933043556
0.03671637177467346,0.0007454209844581783,0.0010598989902064204,0.00024661849602125585,0.016264915466308594,0.0002505303709767759,0.38829803466796875,0.39683669805526733,0.016837771981954575,0.000248272146563977,0.3966636657714844,0.0,0.0,0.0,0.0,0.0,0.0003054974367842078,0.3925342559814453,0.3999748229980469,0.007244110107421875,0.006000518798828125,8.980568964034319e-05,2060,1632.5912615026868
0.035541608929634094,0.0007859902107156813,0.0010663761058822274,0.00022891814296599478,0.01691436767578125,0.00024421472335234284,0.3769111633300781,0.387268602848053,0.017207110300660133,0.00031285732984542847,0.392974853515625,0.0,0.0,0.0,0.0,0.0,0.00027182523626834154,0.3849296569824219,0.3838024139404297,0.0077362060546875,0.0065765380859375,8.560693822801113e-05,2080,1634.0013233192644
0.049722813069820404,0.0007049911073409021,0.000943301129154861,0.0002490992483217269,0.019420623779296875,0.00018912467930931598,0.4075736999511719,0.41330283880233765,0.014545973390340805,0.0002667672233656049,0.4072456359863281,0.0,0.0,0.0,0.0,0.0,0.0002297624887432903,0.42009925842285156,0.4130668640136719,0.007526397705078125,0.006449699401855469,8.547556353732944e-05,2100,1635.3012670144435
0.08485429733991623,0.0009776429506018758,0.0012813359498977661,0.00024158468295354396,0.016168594360351562,0.0003154684673063457,0.40181732177734375,0.39776119589805603,0.014836309477686882,0.00042058981489390135,0.394866943359375,0.0,0.0,0.0,0.0,0.0,0.00029372915741987526,0.40631675720214844,0.4110450744628906,0.006896018981933594,0.007902145385742188,9.963702177628875e-05,2120,1636.4924357458144
0.05483267828822136,0.001091879908926785,0.001493576681241393,0.00030695312307216227,0.015447616577148438,0.0003813939692918211,0.36435890197753906,0.3786168396472931,0.020439649000763893,0.00040353278745897114,0.3838691711425781,0.0,0.0,0.0,0.0,0.0,0.0003948254161514342,0.3739166259765625,0.3705635070800781,0.006267547607421875,0.005661964416503906,6.871373625472188e-05,2140,1636.9758806289299
0.038889817893505096,0.0008244081400334835,0.0010810376843437552,0.00020961677364539355,0.0162506103515625,0.00019945781968999654,0.3753204345703125,0.37938952445983887,0.013548735529184341,0.00041533360490575433,0.3759727478027344,0.0,0.0,0.0,0.0,0.0,0.00024948426289483905,0.38555908203125,0.3799781799316406,0.0059146881103515625,0.0063571929931640625,7.145258132368326e-05,2160,1637.8435047062706
0.020463852211833,0.0007242581923492253,0.0009868949418887496,0.0002535207604523748,0.01323699951171875,0.00021236061002127826,0.3937339782714844,0.4007844626903534,0.015958864241838455,0.0002583768218755722,0.3981208801269531,0.0,0.0,0.0,0.0,0.0,0.0002552989171817899,0.4007453918457031,0.3995018005371094,0.006771087646484375,0.006003379821777344,7.33782653696835e-05,2180,1638.5972410632749
0.04385727643966675,0.0007059467025101185,0.0009531996329315007,0.00022061665367800742,0.015689849853515625,0.0001901079958770424,0.39272499084472656,0.40248727798461914,0.016017040237784386,0.0002952220384031534,0.41497802734375,0.0,0.0,0.0,0.0,0.0,0.00024090122315101326,0.3962078094482422,0.405426025390625,0.005611419677734375,0.006270408630371094,6.351753836497664e-05,2200,1639.4554810098753
0.03695177286863327,0.0007216478697955608,0.0009694892214611173,0.00021331218886189163,0.014278411865234375,0.0001785306230885908,0.4206352233886719,0.4286000728607178,0.015244180336594582,0.00032980507239699364,0.4217796325683594,0.0,0.0,0.0,0.0,0.0,0.00023958523524925113,0.4305744171142578,0.42900657653808594,0.006198883056640625,0.007588386535644531,8.256087312474847e-05,2220,1640.8675399029992
0.0967102199792862,0.0015510345110669732,0.0018449395429342985,0.00037513719871640205,0.012773513793945312,0.00023512780899181962,0.4021320343017578,0.4201120138168335,0.021977469325065613,0.0009407694451510906,0.446014404296875,0.0,0.0,0.0,0.0,0.0,0.00028462582849897444,0.40891075134277344,0.41381072998046875,0.006991386413574219,0.006325721740722656,9.279279038310051e-05,2240,1642.256795012718
0.047256115823984146,0.0009120922768488526,0.0012012175284326077,0.0002607686910778284,0.01294708251953125,0.00023659938597120345,0.4318504333496094,0.4304696023464203,0.014757158234715462,0.0004147242580074817,0.4348411560058594,0.0,0.0,0.0,0.0,0.0,0.0002761662472039461,0.4352092742919922,0.4341087341308594,0.008099555969238281,0.00812530517578125,0.00012958940351381898,2260,1643.6895164398643
0.025443611666560173,0.0006542142946273088,0.0008918445091694593,0.00020753932767547667,0.01275634765625,0.0001874058652902022,0.4060783386230469,0.4089670777320862,0.014880294911563396,0.00025926914531737566,0.4068641662597656,0.0,0.0,0.0,0.0,0.0,0.00023071620671544224,0.4115114212036133,0.4095916748046875,0.006239891052246094,0.0055370330810546875,6.913969991728663e-05,2280,1644.4840997601748
0.06453806161880493,0.0009794692741706967,0.0012343209236860275,0.00027350400341674685,0.01699066162109375,0.00023004277318250388,0.40982627868652344,0.428631067276001,0.021631475538015366,0.0004759224830195308,0.4389801025390625,0.0,0.0,0.0,0.0,0.0,0.00024712726008147,0.4210624694824219,0.42250823974609375,0.007990837097167969,0.0054683685302734375,7.724383613094687e-05,2300,1644.9824807039445
0.04324652999639511,0.0006990223191678524,0.0009390837512910366,0.00020532742200884968,0.014692306518554688,0.0002341025392524898,0.4407482147216797,0.4404331147670746,0.013058318756520748,0.0002595923433545977,0.43909454345703125,0.0,0.0,0.0,0.0,0.0,0.00022733700461685658,0.4421958923339844,0.4450798034667969,0.009299278259277344,0.0070514678955078125,0.0001272443332709372,2320,1646.0943552647936
0.05567757040262222,0.0008398729260079563,0.0011061941040679812,0.0002857685904018581,0.017744064331054688,0.00020828319247812033,0.4050006866455078,0.4085640013217926,0.013298111036419868,0.0003458211722318083,0.398895263671875,0.0,0.0,0.0,0.0,0.0,0.0002603892935439944,0.4169502258300781,0.4072761535644531,0.0066051483154296875,0.0051403045654296875,5.9318612329661846e-05,2340,1647.6418964788827
0.034500692039728165,0.0008676753495819867,0.0011021471582353115,0.00021686780382879078,0.01255035400390625,0.0001680078130448237,0.4672355651855469,0.4770388901233673,0.014620060101151466,0.00048279977636411786,0.4791831970214844,0.0,0.0,0.0,0.0,0.0,0.00022922595962882042,0.46970367431640625,0.47511863708496094,0.005097389221191406,0.005077362060546875,5.245808279141784e-05,2360,1648.968230927121
0.03639693185687065,0.0006814246298745275,0.0008622551686130464,0.0001784616324584931,0.015284538269042969,0.0001505260297562927,0.4656229019165039,0.4733303189277649,0.01346859335899353,0.0003524369385559112,0.486785888671875,0.0,0.0,0.0,0.0,0.0,0.00017514235514681786,0.47548770904541016,0.47016143798828125,0.0057163238525390625,0.0053958892822265625,5.688215605914593e-05,2380,1650.433573297997
0.034975357353687286,0.0006133945425972342,0.0008475295035168529,0.00022357262787409127,0.01711559295654297,0.00017341828788630664,0.4157838821411133,0.4230622947216034,0.014502453617751598,0.00021640368504449725,0.4264087677001953,0.0,0.0,0.0,0.0,0.0,0.0002289575058966875,0.42059803009033203,0.428314208984375,0.005490303039550781,0.004424095153808594,5.177443381398916e-05,2400,1651.3895553285522
0.03228947892785072,0.0006155598675832152,0.0008591305231675506,0.00023991028137970716,0.017042160034179688,0.00017662820755504072,0.4407787322998047,0.44662246108055115,0.013364337384700775,0.00019902143685612828,0.4417457580566406,0.0,0.0,0.0,0.0,0.0,0.00023777404567226768,0.4502410888671875,0.44507408142089844,0.006140708923339844,0.005828857421875,5.796615732833743e-05,2420,1651.7084872510638
0.03073105402290821,0.0008688046364113688,0.0011900108074769378,0.00027650079573504627,0.013944625854492188,0.00023464504920411855,0.4508056640625,0.4592755138874054,0.01764923520386219,0.00035765880602411926,0.46167755126953125,0.0,0.0,0.0,0.0,0.0,0.0003135881561320275,0.45932769775390625,0.45827674865722656,0.006850242614746094,0.006206512451171875,7.617968367412686e-05,2440,1652.500890281984
0.062002893537282944,0.0008519852999597788,0.0011065199505537748,0.00023669260554015636,0.016515731811523438,0.00020555633818730712,0.47064852714538574,0.4814411997795105,0.017070135101675987,0.0004097362980246544,0.49178314208984375,0.0,0.0,0.0,0.0,0.0,0.00024956633569672704,0.47213050723075867,0.48607444763183594,0.0056476593017578125,0.0049571990966796875,4.968373104929924e-05,2460,1653.2940742502117
0.0713547021150589,0.0008894535712897778,0.0011179326102137566,0.0002781850635074079,0.012737274169921875,0.0002022926782956347,0.4240531921386719,0.4194689393043518,0.015003737062215805,0.00040897581493481994,0.4129772186279297,0.0,0.0,0.0,0.0,0.0,0.00022211710165720433,0.4287528991699219,0.42514801025390625,0.006154060363769531,0.006045341491699219,6.361957639455795e-05,2480,1654.3063684772185
0.06639818847179413,0.000799024710431695,0.001077560824342072,0.00019967378466390073,0.017103195190429688,0.00030473480001091957,0.4104118347167969,0.42786240577697754,0.020636599510908127,0.0002946160966530442,0.43141937255859375,0.0,0.0,0.0,0.0,0.0,0.00027070246869698167,0.4225940704345703,0.4149169921875,0.006724357604980469,0.005576133728027344,7.833645213395357e-05,2500,1655.1934832861966
0.16125281155109406,0.0021082416642457247,0.002455896232277155,0.0005782366497442126,0.02018260955810547,0.00024547154316678643,0.4458141326904297,0.4756122827529907,0.030526742339134216,0.0012845334131270647,0.5057792663574219,0.0,0.0,0.0,0.0,0.0,0.00034005276393145323,0.4543418884277344,0.4656705856323242,0.007549285888671875,0.005602836608886719,7.60177499614656e-05,2520,1639.9563892518179
0.06451807171106339,0.0009811625350266695,0.0012402655556797981,0.00027745007537305355,0.014007568359375,0.00021070575166959316,0.4637298583984375,0.46270203590393066,0.013042759150266647,0.0004930066643282771,0.4525032043457031,0.0,0.0,0.0,0.0,0.0,0.00025268542231060565,0.47042083740234375,0.4683246612548828,0.006504058837890625,0.0049724578857421875,6.417639087885618e-05,2540,1640.9036204635936
0.040983159095048904,0.0006378410034812987,0.0008366868132725358,0.00016636258806101978,0.013889312744140625,0.00022898799215909094,0.4715862274169922,0.47381868958473206,0.013605272397398949,0.00024249046691693366,0.4727973937988281,0.0,0.0,0.0,0.0,0.0,0.00019326829351484776,0.47321510314941406,0.48108673095703125,0.005579948425292969,0.005518913269042969,5.5775162763893604e-05,2560,1642.0661476895027
0.05173448845744133,0.0009226268739439547,0.0011758352629840374,0.00017269224917981774,0.013463973999023438,0.00025849227677099407,0.4635448455810547,0.47582316398620605,0.017734378576278687,0.0004914422752335668,0.4903526306152344,0.0,0.0,0.0,0.0,0.0,0.00024734900216571987,0.4718799591064453,0.468017578125,0.006081581115722656,0.0052509307861328125,5.859410157427192e-05,2580,1643.35194221318
0.05560767278075218,0.0007188085000962019,0.0009393362561240792,0.0002618659636937082,0.017435073852539062,0.00015813604113645852,0.49590110778808594,0.5074881315231323,0.017276689410209656,0.0002988064370583743,0.4924430847167969,0.0,0.0,0.0,0.0,0.0,0.00021299808577168733,0.49828529357910156,0.5069236755371094,0.006695747375488281,0.006827354431152344,7.529673166573048e-05,2600,1643.7559936913067
0.06195211037993431,0.0006667560082860291,0.0009075314737856388,0.00026161770801991224,0.0183258056640625,0.00017441734962631017,0.48813438415527344,0.4901416599750519,0.013717691414058208,0.00023072096519172192,0.48846435546875,0.0,0.0,0.0,0.0,0.0,0.00023568769393023103,0.5028152465820312,0.49059486389160156,0.005986213684082031,0.004765510559082031,5.087757017463446e-05,2620,1644.3251762152552
0.0871787741780281,0.0011089339386671782,0.0014610622311010957,0.00045839426456950605,0.01898956298828125,0.00016633668565191329,0.4188232421875,0.4402911365032196,0.024580087512731552,0.0004842029884457588,0.4431495666503906,0.0,0.0,0.0,0.0,0.0,0.00034560903441160917,0.4228534698486328,0.4358024597167969,0.006717681884765625,0.0052089691162109375,6.519234739243984e-05,2640,1644.9594793111348
0.07509967684745789,0.0006982918130233884,0.0009208273841068149,0.0001512491435278207,0.019840240478515625,0.0003006826154887676,0.5080070495605469,0.5082938075065613,0.011802790686488152,0.0002463600831106305,0.505828857421875,0.0,0.0,0.0,0.0,0.0,0.00021838067914359272,0.5093193054199219,0.5225982666015625,0.005112648010253906,0.004512786865234375,4.154833732172847e-05,2660,1645.7677369170947
0.04612192139029503,0.0009974660351872444,0.0012510308297351003,0.00016378250438719988,0.014741897583007812,0.0002829328295774758,0.4791984558105469,0.491728276014328,0.018115123733878136,0.0005507507594302297,0.4984169006347656,0.0,0.0,0.0,0.0,0.0,0.00024736946215853095,0.4899120330810547,0.4883899688720703,0.005684852600097656,0.0046291351318359375,6.195245077833533e-05,2680,1646.0983184926922
0.06300326436758041,0.0008291366975754499,0.001088412944227457,0.00019655215146485716,0.014843940734863281,0.00026451435405761003,0.4778175354003906,0.48955240845680237,0.01711643673479557,0.000368070206604898,0.49859619140625,0.0,0.0,0.0,0.0,0.0,0.0002535520470701158,0.49057674407958984,0.48258304595947266,0.005847930908203125,0.0052700042724609375,5.72416465729475e-05,2700,1647.1049793991203
0.07131325453519821,0.0007071978761814535,0.0009460609289817512,0.0002110843051923439,0.02024078369140625,0.0002559774147812277,0.4755268096923828,0.48654904961586,0.016879159957170486,0.0002401361707597971,0.4819526672363281,0.0,0.0,0.0,0.0,0.0,0.00023247359786182642,0.4773063659667969,0.4928092956542969,0.005696296691894531,0.0051517486572265625,6.389437476173043e-05,2720,1648.4307410632784
0.05996595323085785,0.0006592919235117733,0.000877202139236033,0.0002915787626989186,0.016788482666015625,0.00015299578080885112,0.4860343933105469,0.48593252897262573,0.012364275753498077,0.0002147173509001732,0.49369049072265625,0.0,0.0,0.0,0.0,0.0,0.0002131279034074396,0.4987754821777344,0.4871864318847656,0.005455970764160156,0.004639625549316406,4.782387986779213e-05,2740,1649.1112707183272
0.02531515806913376,0.0005757656181231141,0.0007644672878086567,0.00011903707491001114,0.013273239135742188,0.00019920383056160063,0.5080242156982422,0.5144609808921814,0.014434512704610825,0.00025752471992745996,0.5142059326171875,0.0,0.0,0.0,0.0,0.0,0.0001845554361352697,0.5144462585449219,0.5115146636962891,0.0046253204345703125,0.004479408264160156,4.146253922954202e-05,2760,1649.7017547036082
0.023418903350830078,0.00042562501039355993,0.0005594415706582367,0.00011125575838377699,0.01324462890625,0.00011483082198537886,0.5120525360107422,0.5182427167892456,0.011989748105406761,0.00019953842274844646,0.5183830261230469,0.0,0.0,0.0,0.0,0.0,0.00012992802658118308,0.5205974578857422,0.5160312652587891,0.004557609558105469,0.003818511962890625,3.8885686080902815e-05,2780,1650.599220938519
0.03721005469560623,0.0007284770836122334,0.0009631375432945788,0.0002369182911934331,0.013669967651367188,0.00019879887986462563,0.44925498962402344,0.45933085680007935,0.01595092937350273,0.00029275991255417466,0.44805908203125,0.0,0.0,0.0,0.0,0.0,0.00023039025836624205,0.4543170928955078,0.458770751953125,0.005351066589355469,0.0037679672241210938,4.270195495337248e-05,2800,1651.3396447324885
0.043068744242191315,0.0005950359045527875,0.0007621751865372062,0.00019899068865925074,0.01454925537109375,0.00014472875045612454,0.4695892333984375,0.4775974452495575,0.014549797400832176,0.00025131646543741226,0.4784126281738281,0.0,0.0,0.0,0.0,0.0,0.00016220331599470228,0.4750518798828125,0.4792900085449219,0.00616455078125,0.0043239593505859375,4.936021286994219e-05,2820,1651.4248629327656
0.04526970908045769,0.0007523145177401602,0.0009887621272355318,0.0002135986287612468,0.01427459716796875,0.00019909287220798433,0.44640541076660156,0.45027267932891846,0.014675674960017204,0.00033962304587475955,0.4659919738769531,0.0,0.0,0.0,0.0,0.0,0.00023193615197669715,0.45750999450683594,0.4531688690185547,0.005008697509765625,0.0046825408935546875,4.511431325227022e-05,2840,1651.9388271626017
0.058714140206575394,0.0010228760074824095,0.0013265316374599934,0.0002863834670279175,0.013577461242675781,0.00025428744265809655,0.45654892921447754,0.4726342558860779,0.01999131590127945,0.00048220501048490405,0.4806098937988281,0.0,0.0,0.0,0.0,0.0,0.0002993514353875071,0.4632456302642822,0.4649171829223633,0.005283355712890625,0.003968238830566406,4.304241156205535e-05,2860,1652.920346546224
0.028565626591444016,0.0006518710870295763,0.0008605544571764767,0.00019488477846607566,0.012910842895507812,0.00016707790200598538,0.4493217468261719,0.4590721130371094,0.015922702848911285,0.00028990840655751526,0.45616912841796875,0.0,0.0,0.0,0.0,0.0,0.00020519725512713194,0.45372772216796875,0.45957374572753906,0.004843711853027344,0.0037279129028320312,3.4860800951719284e-05,2880,1653.7091962817126
0.020496049895882607,0.00040573946898803115,0.0005483612767420709,0.00013127348211128265,0.011688232421875,0.00014267557708080858,0.5067787170410156,0.513468861579895,0.01233620010316372,0.00013179038069210947,0.5137310028076172,0.0,0.0,0.0,0.0,0.0,0.00013960506475996226,0.5150508880615234,0.5110511779785156,0.004033088684082031,0.00379180908203125,3.0167342629283667e-05,2900,1654.4220309726697
0.015990713611245155,0.0004611257463693619,0.0006047349888831377,0.00013659120304509997,0.011522293090820312,0.00013076383038423955,0.4728660583496094,0.4810531735420227,0.012780917808413506,0.00019377069838810712,0.47887420654296875,0.0,0.0,0.0,0.0,0.0,0.00013946753460913897,0.4805126190185547,0.4784660339355469,0.004538536071777344,0.005045890808105469,4.141742829233408e-05,2920,1654.5012885357376
0.057515840977430344,0.0005546752363443375,0.0007435796433128417,0.00015893304953351617,0.011661529541015625,0.00018509122310206294,0.48818111419677734,0.501854419708252,0.01720242202281952,0.00021065096370875835,0.50677490234375,0.0,0.0,0.0,0.0,0.0,0.00018513572285883129,0.49434375762939453,0.49378299713134766,0.004803657531738281,0.0041980743408203125,3.768684109672904e-05,2940,1655.1125065964527
0.037157151848077774,0.0005605328478850424,0.0007372726104222238,0.00014589820057153702,0.012545585632324219,0.00017117697279900312,0.46616363525390625,0.4685467481613159,0.012424163520336151,0.00024345764541067183,0.46506690979003906,0.0,0.0,0.0,0.0,0.0,0.00017277157166972756,0.4715585708618164,0.47191619873046875,0.0049533843994140625,0.0039520263671875,3.968237433582544e-05,2960,1656.1316709587893
0.09103681892156601,0.000714401132427156,0.0008845789125189185,0.0002156588452635333,0.012922286987304688,0.0001002145727397874,0.5173130035400391,0.5160244703292847,0.010207438841462135,0.00039852774352766573,0.5018901824951172,0.0,0.0,0.0,0.0,0.0,0.00016442147898487747,0.5260429382324219,0.5210590362548828,0.006203651428222656,0.004039764404296875,5.756242899224162e-05,2980,1656.9751983563951
0.07538062334060669,0.000631324655842036,0.0008337990147992969,0.00029231904773041606,0.012052536010742188,0.00016474880976602435,0.46967124938964844,0.48872584104537964,0.02045624516904354,0.00017425678379368037,0.4853534698486328,0.0,0.0,0.0,0.0,0.0,0.00019888373208232224,0.47551918029785156,0.4804401397705078,0.004710197448730469,0.0042781829833984375,3.590626874938607e-05,3000,1657.6017783140333
0.025495972484350204,0.0005015002097934484,0.000665133586153388,0.0001407203817507252,0.01259613037109375,0.00013952482549939305,0.5279464721679688,0.5333728790283203,0.01268409937620163,0.0002212550025433302,0.5320835113525391,0.0,0.0,0.0,0.0,0.0,0.0001608365128049627,0.5310897827148438,0.5346908569335938,0.004374504089355469,0.0032958984375,2.7968722861260176e-05,3020,1643.6025886093635
0.07766075432300568,0.0008059408864937723,0.0010291822254657745,0.0001843134523369372,0.014789581298828125,0.0003054336120840162,0.49837493896484375,0.49469834566116333,0.013617856428027153,0.00031619385117664933,0.4864940643310547,0.0,0.0,0.0,0.0,0.0,0.0002187883947044611,0.5010166168212891,0.5061550140380859,0.00513458251953125,0.004969596862792969,4.452961729839444e-05,3040,1644.4388920252911
0.022279473021626472,0.0005501495907083154,0.000713456713128835,0.00013794758706353605,0.015064239501953125,0.00017689476953819394,0.5118598937988281,0.5215266346931458,0.014296269044280052,0.00023530721955467016,0.5207710266113281,0.0,0.0,0.0,0.0,0.0,0.00015989945677574724,0.5226669311523438,0.5174217224121094,0.004845619201660156,0.0036973953247070312,3.4076860174536705e-05,3060,1645.1900436347653
0.06379254162311554,0.0006887046620249748,0.0008454667404294014,0.00014693470438942313,0.012063980102539062,0.00013634562492370605,0.4977436065673828,0.5105999112129211,0.015080267563462257,0.00040542433271184564,0.5262565612792969,0.0,0.0,0.0,0.0,0.0,0.00015300365339498967,0.5061073303222656,0.50482177734375,0.004733085632324219,0.0046787261962890625,3.758474485948682e-05,3080,1645.8475634050087
0.06369803845882416,0.0006847478216513991,0.000874424702487886,0.00016300125571433455,0.011131763458251953,0.00015985227946657687,0.46387168765068054,0.47906211018562317,0.016814274713397026,0.0003618942864704877,0.4887542724609375,0.0,0.0,0.0,0.0,0.0,0.00018552382243797183,0.46947547793388367,0.4692106246948242,0.005396842956542969,0.0036916732788085938,4.153070040047169e-05,3100,1646.5947980041408
0.057246509939432144,0.0006248296122066677,0.0007852987037040293,0.00015427260950673372,0.012638092041015625,0.0001777141442289576,0.5008544921875,0.49871107935905457,0.010664825327694416,0.0002928428293671459,0.4970245361328125,0.0,0.0,0.0,0.0,0.0,0.00015571909898426384,0.5017890930175781,0.5067558288574219,0.0058727264404296875,0.0042819976806640625,4.7500478103756905e-05,3120,1647.6615509221235
0.04867277666926384,0.0006508422084152699,0.0008716085576452315,0.00020617485279217362,0.015181422233581543,0.00022266904124990106,0.48714351654052734,0.49542027711868286,0.01665657013654709,0.00022199828526936471,0.49069976806640625,0.0,0.0,0.0,0.0,0.0,0.00021741708042100072,0.49163997173309326,0.5007658004760742,0.004630088806152344,0.0039920806884765625,3.3492513466626406e-05,3140,1648.7439233298087
0.05167277157306671,0.0005668651429004967,0.0006997135351411998,0.00010773076064651832,0.010622978210449219,0.0001570148451719433,0.5219335556030273,0.5320521593093872,0.014588706195354462,0.000302119500702247,0.5477333068847656,0.0,0.0,0.0,0.0,0.0,0.00012913761020172387,0.5292472839355469,0.5292873382568359,0.00421905517578125,0.005188941955566406,3.710802411660552e-05,3160,1650.0540155634062
0.037254251539707184,0.0004833670100197196,0.0006399046396836638,0.00014342949725687504,0.01050567626953125,0.00015565595822408795,0.5059356689453125,0.5056824684143066,0.012780915945768356,0.00018428153998684138,0.5190887451171875,0.0,0.0,0.0,0.0,0.0,0.00015358984819613397,0.509608268737793,0.5111074447631836,0.0041713714599609375,0.0031862258911132812,2.9477814678102732e-05,3180,1651.105239260531
0.04442150518298149,0.0007666613673791289,0.0009495989652350545,0.00017064738494809717,0.010503768920898438,0.00016015299479477108,0.5174732208251953,0.5218466520309448,0.01393929123878479,0.00043586097308434546,0.5247611999511719,0.0,0.0,0.0,0.0,0.0,0.00018061778973788023,0.5208740234375,0.5236320495605469,0.003910064697265625,0.0033397674560546875,2.3197964765131474e-05,3200,1651.5977143560383
0.0341842845082283,0.000662832404486835,0.0007982238894328475,0.0001435611047782004,0.009504079818725586,0.00011126105528092012,0.520211935043335,0.5290673971176147,0.013744613155722618,0.0004080102371517569,0.5359878540039062,0.0,0.0,0.0,0.0,0.0,0.00013213700731284916,0.5258023738861084,0.5261321067810059,0.004130363464355469,0.003920555114746094,3.254530020058155e-05,3220,1652.8336840195243
0.06352312117815018,0.0005625170306302607,0.0007425259682349861,0.00019132456509396434,0.015209197998046875,0.000148092964082025,0.5270252227783203,0.5291612148284912,0.012324368581175804,0.00022309948690235615,0.5269432067871094,0.0,0.0,0.0,0.0,0.0,0.0001773249969119206,0.5378131866455078,0.5291404724121094,0.004673004150390625,0.0030260086059570312,2.6839727070182562e-05,3240,1653.8291069686866
0.06576168537139893,0.0005931385676376522,0.0007568814908154309,0.00018298759823665023,0.01027226448059082,0.0001348750083707273,0.5134322643280029,0.5277013778686523,0.016437090933322906,0.00027527593192644417,0.5374069213867188,0.0,0.0,0.0,0.0,0.0,0.00016146106645464897,0.5177784562110901,0.522331714630127,0.003970146179199219,0.0033540725708007812,2.2818800061941147e-05,3260,1654.427840035258
0.05177464708685875,0.0007816287688910961,0.0009498291765339673,0.00016501813661307096,0.011826038360595703,0.00017453692271374166,0.5486569404602051,0.558263897895813,0.013998893089592457,0.00044207368046045303,0.5773048400878906,0.0,0.0,0.0,0.0,0.0,0.00016569877334404737,0.5574579238891602,0.5516171455383301,0.0035839080810546875,0.0038356781005859375,2.501625567674637e-05,3280,1655.3295024418474
0.07942094653844833,0.0005867341533303261,0.0007509526330977678,0.00016084556409623474,0.011272430419921875,0.00016187876462936401,0.535125732421875,0.5303125381469727,0.011069408617913723,0.00026400983915664256,0.5232620239257812,0.0,0.0,0.0,0.0,0.0,0.0001617447123862803,0.5398693084716797,0.5404644012451172,0.003551483154296875,0.0038776397705078125,2.4737673811614513e-05,3300,1656.0575013697776
0.04125375673174858,0.0005584452301263809,0.0006974294083192945,0.0001429084804840386,0.011701583862304688,0.00015542889013886452,0.5390434265136719,0.552081286907196,0.015562293119728565,0.00026010788860730827,0.555908203125,0.0,0.0,0.0,0.0,0.0,0.00013645018043462187,0.5458030700683594,0.5466766357421875,0.004254341125488281,0.0034427642822265625,2.533994847908616e-05,3320,1656.4655471730557
0.07367981970310211,0.0006872485391795635,0.0009045440820045769,0.00023808007244952023,0.016633987426757812,0.0001663359726080671,0.5260734558105469,0.5278087258338928,0.012248075567185879,0.0002828325377777219,0.5156707763671875,0.0,0.0,0.0,0.0,0.0,0.0002146110637113452,0.5363311767578125,0.5313301086425781,0.0042247772216796875,0.00335693359375,2.6844674721360207e-05,3340,1656.923946338833
0.04436296224594116,0.000424168654717505,0.0005617275601252913,0.00015004503075033426,0.016571044921875,0.00012034948304062709,0.5172119140625,0.5253510475158691,0.013277668505907059,0.00015377410454675555,0.5155868530273438,0.0,0.0,0.0,0.0,0.0,0.00013484717055689543,0.51861572265625,0.5301742553710938,0.003993988037109375,0.0037374496459960938,2.711749402806163e-05,3360,1658.0411562703523
0.06730515509843826,0.0006264075054787099,0.0007665323792025447,0.00010248241596855223,0.01689624786376953,0.00019647658336907625,0.5171213150024414,0.5326072573661804,0.01708294451236725,0.0003274485352449119,0.544677734375,0.0,0.0,0.0,0.0,0.0,0.00013800119631923735,0.5310707092285156,0.5221176147460938,0.0033206939697265625,0.003780364990234375,2.1236715838313103e-05,3380,1658.8465740794377
0.04546287655830383,0.0003845325263682753,0.0005033134366385639,8.968577458290383e-05,0.010670661926269531,0.0001530683075543493,0.5487189292907715,0.5466890931129456,0.009796582162380219,0.00014177843695506454,0.5459060668945312,0.0,0.0,0.0,0.0,0.0,0.00011693869601003826,0.550997257232666,0.554297924041748,0.0033121109008789062,0.0031585693359375,1.8422200810164213e-05,3400,1659.650991262431
0.06776492297649384,0.0006212970474734902,0.0008110135677270591,0.00022600007650908083,0.011474609375,0.00017363420920446515,0.5061626434326172,0.5009310245513916,0.012973479926586151,0.00022166274720802903,0.4963836669921875,0.0,0.0,0.0,0.0,0.0,0.00018713859026320279,0.5118122100830078,0.5082664489746094,0.004027366638183594,0.0035715103149414062,2.5779125280678272e-05,3420,1659.9916585019205
0.022014953196048737,0.00036584335612133145,0.0004935559118166566,0.00011046425061067566,0.011244773864746094,0.00012309890007600188,0.5190973281860352,0.5239312052726746,0.011782648041844368,0.00013228021271061152,0.5255546569824219,0.0,0.0,0.0,0.0,0.0,0.00012559030437842011,0.5232477188110352,0.5280561447143555,0.003814697265625,0.0030689239501953125,2.1222862415015697e-05,3440,1660.832306181127
0.018347380682826042,0.00037708927993662655,0.000519421068020165,0.0001380604662699625,0.011597633361816406,0.00011775679013226181,0.5225429534912109,0.5274019241333008,0.011239856481552124,0.00012127203808631748,0.5341339111328125,0.0,0.0,0.0,0.0,0.0,0.00014034079504199326,0.5295791625976562,0.528437614440918,0.003589630126953125,0.003025054931640625,1.9909697584807873e-05,3460,1661.9297372806543
0.034508511424064636,0.0004336958809290081,0.0005777307669632137,0.0001499243371654302,0.015943527221679688,0.00012199360935483128,0.5188846588134766,0.524965226650238,0.011532062664628029,0.00016177793440874666,0.5237693786621094,0.0,0.0,0.0,0.0,0.0,0.00014201528392732143,0.5305747985839844,0.5211067199707031,0.0037994384765625,0.002521514892578125,2.0195962861180305e-05,3480,1662.4552332871003
0.036061231046915054,0.0004273367812857032,0.0005544716259464622,0.00011130551138194278,0.013350486755371094,0.00013482043868862092,0.5268468856811523,0.5336053371429443,0.011057250201702118,0.0001812108384910971,0.5329513549804688,0.0,0.0,0.0,0.0,0.0,0.0001256252289749682,0.5284013748168945,0.5369167327880859,0.0031032562255859375,0.00273895263671875,1.5096040442585945e-05,3500,1663.3863625025697
0.05376166105270386,0.00045099022099748254,0.0005656980792991817,0.00010889255645452067,0.010992050170898438,0.00012760370736941695,0.5304527282714844,0.5295088887214661,0.009320450015366077,0.00021449392079375684,0.520263671875,0.0,0.0,0.0,0.0,0.0,0.00011292981071164832,0.5357284545898438,0.5345554351806641,0.0034389495849609375,0.0028715133666992188,1.7780752386897802e-05,3520,1653.144711376391
0.02311362512409687,0.0004164752899669111,0.0005310744163580239,0.00012578855967149138,0.010729789733886719,9.351673361379653e-05,0.5387668609619141,0.5405101776123047,0.010638581588864326,0.00019717002578545362,0.5403451919555664,0.0,0.0,0.0,0.0,0.0,0.00011259776510996744,0.5436725616455078,0.5436697006225586,0.0038881301879882812,0.0027618408203125,2.001371467486024e-05,3540,1653.5371879950692
0.055635083466768265,0.000569291296415031,0.000745049212127924,0.000123293895740062,0.011831998825073242,0.00020416226470842957,0.5104091167449951,0.5230975151062012,0.014768406748771667,0.00024183513596653938,0.529998779296875,0.0,0.0,0.0,0.0,0.0,0.00017432891763746738,0.5193400382995605,0.5133082866668701,0.0028810501098632812,0.0023527145385742188,1.4290562830865383e-05,3560,1654.2059686090442
0.021545585244894028,0.0003728264127857983,0.0004817968001589179,8.14517043181695e-05,0.011799335479736328,0.0001017275353660807,0.5166540145874023,0.5240089893341064,0.010628171265125275,0.0001896471658255905,0.5186939239501953,0.0,0.0,0.0,0.0,0.0,0.0001065292744897306,0.5232729911804199,0.5220861434936523,0.0038022994995117188,0.0030517578125,2.4411070626229048e-05,3580,1655.0258966590593
0.04529666528105736,0.000412701687309891,0.0005344998789951205,0.00011550727504072711,0.015996932983398438,0.00013477752509061247,0.5644540786743164,0.5705161690711975,0.011264616623520851,0.0001624168799025938,0.5672492980957031,0.0,0.0,0.0,0.0,0.0,0.00012034665269311517,0.5676050186157227,0.5766077041625977,0.002758026123046875,0.0029582977294921875,1.4515710063278675e-05,3600,1656.0597080042442
0.035890962928533554,0.00046064911293797195,0.0005472440388984978,8.438828081125394e-05,0.009558916091918945,8.374426397494972e-05,0.5499556064605713,0.5578795671463013,0.010860057547688484,0.0002925165754277259,0.5724563598632812,0.0,0.0,0.0,0.0,0.0,8.49538337206468e-05,0.5573789477348328,0.554265022277832,0.0034360885620117188,0.0027933120727539062,1.6410835087299347e-05,3620,1657.001119551134
0.015681425109505653,0.00027250475250184536,0.0003458346182014793,8.240603347076103e-05,0.008609294891357422,5.87670729146339e-05,0.5608372688293457,0.5635567307472229,0.00807729922235012,0.00013133164611645043,0.5638885498046875,0.0,0.0,0.0,0.0,0.0,7.189434836618602e-05,0.5658955574035645,0.5633716583251953,0.00293731689453125,0.0026292800903320312,1.4355347957462072e-05,3640,1658.3906512051428
0.06240690127015114,0.00045716908061876893,0.0005644597695209086,0.00011361425276845694,0.011771202087402344,0.00010852823470486328,0.5438232421875,0.5428243279457092,0.00920387264341116,0.00023502657131757587,0.5331821441650391,0.0,0.0,0.0,0.0,0.0,0.0001054429158102721,0.5491704940795898,0.5475292205810547,0.0031270980834960938,0.003131866455078125,1.8477847333997488e-05,3660,1659.5139842476406
0.05229220911860466,0.00044304755283519626,0.0005672697443515062,0.00011722679482772946,0.012228250503540039,0.00011597011325648054,0.5528659820556641,0.5654476284980774,0.01429581455886364,0.00020985065202694386,0.5743122100830078,0.0,0.0,0.0,0.0,0.0,0.00012259636423550546,0.5580465793609619,0.5610904693603516,0.0030727386474609375,0.0029211044311523438,1.6258156392723322e-05,3680,1660.495606814611
0.023415768519043922,0.0003453356330282986,0.00043495401041582227,8.007833093870431e-05,0.010190963745117188,8.458444062853232e-05,0.5328004360198975,0.5344973802566528,0.00849501695483923,0.00018067285418510437,0.5390262603759766,0.0,0.0,0.0,0.0,0.0,8.84765904629603e-05,0.5367438793182373,0.5393161773681641,0.0026988983154296875,0.0023469924926757812,1.141807297244668e-05,3700,1661.2194282993635
0.016994966194033623,0.00023651195806451142,0.0003248685388825834,7.798246224410832e-05,0.009397506713867188,8.255462307715788e-05,0.5552082061767578,0.5588223934173584,0.009604192338883877,7.597487274324521e-05,0.5548954010009766,0.0,0.0,0.0,0.0,0.0,8.706832159077749e-05,0.5590877532958984,0.5613212585449219,0.0028638839721679688,0.0023288726806640625,1.2882344890385866e-05,3720,1662.2772683758335
0.022137369960546494,0.0002890003379434347,0.00039149989606812596,9.342375415144488e-05,0.010699272155761719,0.00010120324441231787,0.5282348394393921,0.5327014923095703,0.010354517959058285,9.437334665562958e-05,0.5328140258789062,0.0,0.0,0.0,0.0,0.0,0.00010075671889353544,0.5362615585327148,0.5307220220565796,0.0034198760986328125,0.0028581619262695312,1.7428479623049498e-05,3740,1662.5832475927848
0.0487198643386364,0.00040980044286698103,0.0005355891771614552,0.00015287494170479476,0.012391090393066406,9.91424749372527e-05,0.5356512069702148,0.5357205867767334,0.010193519294261932,0.00015778298256918788,0.5329761505126953,0.0,0.0,0.0,0.0,0.0,0.0001237133692484349,0.5458583831787109,0.5363705158233643,0.003952980041503906,0.0029363632202148438,2.0754174329340458e-05,3760,1663.081354217859
0.046869516372680664,0.00034144107485190034,0.00045168952783569694,0.00011568078480195254,0.009449005126953125,0.00010389272210886702,0.5459480285644531,0.558081865310669,0.01413021981716156,0.00012186756066512316,0.5571098327636719,0.0,0.0,0.0,0.0,0.0,0.00010812076652655378,0.5530471801757812,0.5506134033203125,0.0037622451782226562,0.0029172897338867188,2.1276879124343395e-05,3780,1663.9455624292577
0.028590640053153038,0.0003437853301875293,0.00045265076914802194,0.00010963723616441712,0.010265350341796875,9.709448204375803e-05,0.5347175598144531,0.5440068244934082,0.01234173122793436,0.0001370536192553118,0.5461921691894531,0.0,0.0,0.0,0.0,0.0,0.00010702461440814659,0.5421886444091797,0.53932785987854,0.0036487579345703125,0.0028715133666992188,1.8408347386866808e-05,3800,1664.5829093853738
0.06174346059560776,0.0006758824456483126,0.000819338602013886,0.00017835423932410777,0.010027408599853516,0.0001331120729446411,0.5127201080322266,0.5276894569396973,0.015761535614728928,0.00036441610427573323,0.5343208312988281,0.0,0.0,0.0,0.0,0.0,0.00014183457824401557,0.5197582244873047,0.519329309463501,0.0030231475830078125,0.0026426315307617188,1.6216246876865625e-05,3820,1665.634068483716
0.037685226649045944,0.0003289819578640163,0.00043060595635324717,0.00010576956265140325,0.014006614685058594,9.962664626073092e-05,0.523651123046875,0.5315964221954346,0.011442112736403942,0.00012358574895188212,0.5269699096679688,0.0,0.0,0.0,0.0,0.0,0.0001004266960080713,0.5273637771606445,0.5367469787597656,0.0031824111938476562,0.0021209716796875,1.1973024811595678e-05,3840,1666.5538702625638
0.03127298504114151,0.00032888399437069893,0.0004255630192346871,0.00011740989430109039,0.011030197143554688,6.96511342539452e-05,0.5537128448486328,0.5596179962158203,0.011314167641103268,0.00014182296581566334,0.5619163513183594,0.0,0.0,0.0,0.0,0.0,9.5121402409859e-05,0.5569362640380859,0.5617408752441406,0.0035276412963867188,0.0026226043701171875,1.5575962606817484e-05,3860,1667.5416917336631
0.038980882614851,0.00023234376567415893,0.00030389742460101843,7.634207577211782e-05,0.008016586303710938,7.854019349906594e-05,0.5495204925537109,0.5598767399787903,0.011884542182087898,7.746150367893279e-05,0.5581893920898438,0.0,0.0,0.0,0.0,0.0,7.015926530584693e-05,0.5554313659667969,0.5550136566162109,0.0028562545776367188,0.0027990341186523438,1.3943878002464771e-05,3880,1667.9243899558255
0.038397181779146194,0.00027558463625609875,0.0003475921112112701,6.291606405284256e-05,0.011229991912841797,8.410132431890815e-05,0.5535545349121094,0.5613742470741272,0.010865101590752602,0.00012856724788434803,0.569793701171875,0.0,0.0,0.0,0.0,0.0,7.096765330061316e-05,0.5641016364097595,0.5564479827880859,0.0024280548095703125,0.0026903152465820312,1.0398041922599077e-05,3900,1668.5822635667498
0.09877553582191467,0.0006534489803016186,0.0008068977622315288,0.00021049079077783972,0.010178327560424805,0.00011617651034612209,0.5623774528503418,0.5561442375183105,0.010497182607650757,0.0003267817082814872,0.5475397109985352,0.0,0.0,0.0,0.0,0.0,0.00015188747784122825,0.5690176486968994,0.5637927055358887,0.0029354095458984375,0.0028743743896484375,1.5613040886819363e-05,3920,1669.1471335589804
0.04060141742229462,0.0005215761484578252,0.0006191169959492981,0.00011815495236078277,0.010990619659423828,9.477448475081474e-05,0.537926197052002,0.5448602437973022,0.012326489202678204,0.0003086466749664396,0.5572929382324219,0.0,0.0,0.0,0.0,0.0,9.6134353952948e-05,0.5399937629699707,0.546696662902832,0.0029239654541015625,0.0028858184814453125,1.406506635248661e-05,3940,1669.1291017177755
0.043961599469184875,0.0003972644917666912,0.0004976932541467249,0.00010167913569603115,0.008133649826049805,9.326353756478056e-05,0.5521266460418701,0.5556825995445251,0.009644784033298492,0.00020232179667800665,0.548248291015625,0.0,0.0,0.0,0.0,0.0,9.958674490917474e-05,0.5568320751190186,0.5553908348083496,0.0020132064819335938,0.0022430419921875,8.420494850724936e-06,3960,1669.1418707079774
0.05861121416091919,0.0003548706881701946,0.00044427355169318616,6.229730206541717e-05,0.011806488037109375,0.0001193202260765247,0.5879364013671875,0.5987823009490967,0.012448512017726898,0.00017325319640804082,0.60675048828125,0.0,0.0,0.0,0.0,0.0,8.839298970997334e-05,0.5991344451904297,0.5899143218994141,0.0024585723876953125,0.0024633407592773438,1.0098505299538374e-05,3980,1669.202807746325
0.027301480993628502,0.0003026905469596386,0.00040378471021540463,8.212737157009542e-05,0.011676788330078125,0.00011203650501556695,0.5419120788574219,0.5498517751693726,0.011219869367778301,0.000108526655822061,0.550079345703125,0.0,0.0,0.0,0.0,0.0,9.99880867311731e-05,0.5475902557373047,0.5478515625,0.002410888671875,0.0024404525756835938,1.106067793443799e-05,4000,1669.085616593359
0.05267154425382614,0.00031391746597364545,0.00040220568189397454,8.725840598344803e-05,0.012149810791015625,0.00011186829215148464,0.5536594390869141,0.552814245223999,0.00830243993550539,0.00011479076783871278,0.5476837158203125,0.0,0.0,0.0,0.0,0.0,8.670947136124596e-05,0.55621337890625,0.5602836608886719,0.0027675628662109375,0.003177642822265625,1.5787663869559765e-05,4020,1657.4480642140124
0.017347002401947975,0.00024005411250982434,0.0003083347692154348,5.720348781323992e-05,0.00914764404296875,6.670216680504382e-05,0.5433292388916016,0.5475085973739624,0.008755268529057503,0.0001161484542535618,0.5529518127441406,0.0,0.0,0.0,0.0,0.0,6.723785190843046e-05,0.5484180450439453,0.5461807250976562,0.0025167465209960938,0.0021953582763671875,1.0428077075630426e-05,4040,1657.3765916037803
0.035989511758089066,0.00023193896049633622,0.0003066563222091645,5.680284812115133e-05,0.008043289184570312,8.906205766834319e-05,0.5628890991210938,0.5716354846954346,0.010225683450698853,8.607404743088409e-05,0.5691871643066406,0.0,0.0,0.0,0.0,0.0,7.388749509118497e-05,0.5688228607177734,0.56475830078125,0.0023317337036132812,0.0020351409912109375,8.298608008772135e-06,4060,1657.2998852086207
0.012840759940445423,0.00017487723380327225,0.00023099634563550353,5.967882680124603e-05,0.008137702941894531,4.560553497867659e-05,0.5669360160827637,0.569882869720459,0.007384627591818571,6.959286838537082e-05,0.5675687789916992,0.0,0.0,0.0,0.0,0.0,5.5231659644050524e-05,0.5718674659729004,0.5703577995300293,0.002315521240234375,0.0021228790283203125,8.874689228832722e-06,4080,1657.301699459387
0.06142345443367958,0.0003293947665952146,0.00040335094672627747,6.0628757637459785e-05,0.01068115234375,9.377617971040308e-05,0.5824794769287109,0.5846301317214966,0.0080815888941288,0.00017498982197139412,0.5771427154541016,0.0,0.0,0.0,0.0,0.0,7.28115119272843e-05,0.5840110778808594,0.5906600952148438,0.0024785995483398438,0.0025577545166015625,1.1446594726294279e-05,4100,1657.3336222681203
0.0692012682557106,0.000509160163346678,0.0006159897311590612,0.00014565532910637558,0.011959075927734375,8.050195901887491e-05,0.5721888542175293,0.5850414037704468,0.014548366889357567,0.0002830028533935547,0.5977325439453125,0.0,0.0,0.0,0.0,0.0,0.00010573169856797904,0.5750269889831543,0.5828719139099121,0.0031261444091796875,0.0019655227661132812,1.0979070793837309e-05,4120,1658.105661665774
0.05307731404900551,0.0003257110365666449,0.00040840095607563853,0.0001209025940624997,0.010657310485839844,6.158694304758683e-05,0.5701532363891602,0.5816977024078369,0.01287136785686016,0.00014322152128443122,0.5877609252929688,0.0,0.0,0.0,0.0,0.0,8.145663741743192e-05,0.5732927322387695,0.5799961090087891,0.0030012130737304688,0.0023279190063476562,1.2332922779023647e-05,4140,1658.9386286518143
0.016834983602166176,0.0001720093860058114,0.000228509510634467,5.6164528359659016e-05,0.008437156677246094,5.135731043992564e-05,0.5586962699890137,0.5642707347869873,0.00846128910779953,6.448753265431151e-05,0.5612716674804688,0.0,0.0,0.0,0.0,0.0,5.5387219617841765e-05,0.5619635581970215,0.5646367073059082,0.0026645660400390625,0.00201416015625,1.1129188351333141e-05,4160,1659.6479060650115
0.03391757979989052,0.0002658188168425113,0.0003478570142760873,9.48936358327046e-05,0.013182640075683594,7.929159619379789e-05,0.554466962814331,0.5582016706466675,0.00826268456876278,9.16335848160088e-05,0.5542583465576172,0.0,0.0,0.0,0.0,0.0,8.128819172270596e-05,0.5658698081970215,0.5559775829315186,0.0021886825561523438,0.002101898193359375,7.499766070395708e-06,4180,1660.2957781387263
0.05948920547962189,0.00031836662674322724,0.0004059870552737266,8.82026506587863e-05,0.010129928588867188,0.00011230514792259783,0.5477695465087891,0.5456438064575195,0.009177319705486298,0.00011785882816184312,0.5438728332519531,0.0,0.0,0.0,0.0,0.0,8.670912211528048e-05,0.5514888763427734,0.5520763397216797,0.0023136138916015625,0.002254486083984375,9.113224223256111e-06,4200,1660.5415319723138
0.034218113869428635,0.0002885689027607441,0.0003740980464499444,9.400698763784021e-05,0.009552478790283203,7.036110037006438e-05,0.549980640411377,0.5505815148353577,0.008385145105421543,0.00012420084385666996,0.5499324798583984,0.0,0.0,0.0,0.0,0.0,8.444159902865067e-05,0.557499885559082,0.5508408546447754,0.0026388168334960938,0.002498626708984375,1.0875111911445856e-05,4220,1660.8874352727853
0.029497073963284492,0.0002674977295100689,0.00034342517028562725,8.080933184828609e-05,0.011388301849365234,6.660863436991349e-05,0.5613703727722168,0.5691165328025818,0.00994814746081829,0.0001200797560159117,0.5680789947509766,0.0,0.0,0.0,0.0,0.0,7.482593355234712e-05,0.5666724443435669,0.5685973167419434,0.0029964447021484375,0.00162506103515625,1.1015101335942745e-05,4240,1661.6148025563907
0.027029432356357574,0.0002284614893142134,0.0002942076826002449,5.701032205251977e-05,0.00995635986328125,6.682745151920244e-05,0.5392265319824219,0.5456318855285645,0.008326116017997265,0.00010462371574249119,0.5444660186767578,0.0,0.0,0.0,0.0,0.0,6.488738290499896e-05,0.5419063568115234,0.5463829040527344,0.002384185791015625,0.0020313262939453125,8.587958291172981e-06,4260,1661.9339177606896
0.01759335957467556,0.00020222380408085883,0.0002558484848123044,6.702642713207752e-05,0.008226394653320312,4.681311111198738e-05,0.5263404846191406,0.5300875902175903,0.00887695699930191,8.838428038870916e-05,0.5276336669921875,0.0,0.0,0.0,0.0,0.0,5.2793551731156185e-05,0.5296249389648438,0.5313606262207031,0.0026044845581054688,0.0018405914306640625,8.311180863529444e-06,4280,1662.403654420903
0.02198946662247181,0.00027444871375337243,0.00035485727130435407,8.757656905800104e-05,0.00943136215209961,7.930249557830393e-05,0.5779449939727783,0.5820895433425903,0.009169724769890308,0.00010756964911706746,0.5821104049682617,0.0,0.0,0.0,0.0,0.0,7.948982965899631e-05,0.579949140548706,0.5850098133087158,0.002552032470703125,0.002223968505859375,9.187380783259869e-06,4300,1663.161164231415
0.03470456972718239,0.0002422300458420068,0.00030920037534087896,7.126665150281042e-05,0.009544849395751953,6.570935511263087e-05,0.5496890544891357,0.5555042028427124,0.00976918637752533,0.00010525404650252312,0.563115119934082,0.0,0.0,0.0,0.0,0.0,6.58433636999689e-05,0.5522682666778564,0.5580050945281982,0.0030422210693359375,0.0016870498657226562,1.1269643437117338e-05,4320,1663.7260303513426
0.02171078883111477,0.00022909831022843719,0.0002905718865804374,5.117068940307945e-05,0.010132312774658203,6.733053305651993e-05,0.5667309761047363,0.5708922743797302,0.00794893503189087,0.00011059710232075304,0.5746030807495117,0.0,0.0,0.0,0.0,0.0,6.057449718355201e-05,0.5731059312820435,0.569633960723877,0.00251007080078125,0.001708984375,8.990522474050522e-06,4340,1664.154065475368
0.018682219088077545,0.00021273914899211377,0.00027160864556208253,5.6472425058018416e-05,0.008045434951782227,5.429842713056132e-05,0.5924844741821289,0.59510737657547,0.00791294127702713,0.00010196830407949165,0.5911445617675781,0.0,0.0,0.0,0.0,0.0,5.780680294265039e-05,0.5956029891967773,0.5966751575469971,0.0026102066040039062,0.001964569091796875,1.0627030860632658e-05,4360,1664.4883212684074
0.01758752390742302,0.0001747930218698457,0.00023818938643671572,4.900799103779718e-05,0.007388114929199219,7.23818302503787e-05,0.5320634841918945,0.5352951884269714,0.008490946143865585,5.340320058166981e-05,0.5353269577026367,0.0,0.0,0.0,0.0,0.0,6.26193213975057e-05,0.5360123515129089,0.5359582901000977,0.0023355484008789062,0.0018634796142578125,7.770548108965158e-06,4380,1664.6627278361766
0.017218833789229393,0.00016443754429928958,0.0002197365101892501,5.682906339643523e-05,0.008670806884765625,5.358501221053302e-05,0.5836620330810547,0.5887460708618164,0.008036047220230103,5.4023461416363716e-05,0.5868568420410156,0.0,0.0,0.0,0.0,0.0,5.4603569878963754e-05,0.5852088928222656,0.5902900695800781,0.002117156982421875,0.001827239990234375,6.953836418688297e-06,4400,1665.1758307893615
0.02874908596277237,0.0001752830867189914,0.00022858029115013778,4.8023364797700197e-05,0.008295059204101562,5.8383204304846004e-05,0.5579872131347656,0.5646588802337646,0.00855950079858303,6.8876521254424e-05,0.5572891235351562,0.0,0.0,0.0,0.0,0.0,5.268079985398799e-05,0.5628871917724609,0.5611362457275391,0.002044677734375,0.001678466796875,6.1639584600925446e-06,4420,1665.9585677706064
0.02298859693109989,0.00017555817612446845,0.00022623228142037988,4.61410018033348e-05,0.00943756103515625,5.370809230953455e-05,0.5587959289550781,0.5650535821914673,0.007938542403280735,7.570907473564148e-05,0.5639801025390625,0.0,0.0,0.0,0.0,0.0,4.985053965356201e-05,0.5627460479736328,0.5656585693359375,0.002422332763671875,0.0019016265869140625,8.235801942646503e-06,4440,1666.286136101078
0.03922964632511139,0.00017860811203718185,0.00023466403945349157,4.552977770799771e-05,0.00963735580444336,6.763663259334862e-05,0.5857419967651367,0.586746871471405,0.007389564998447895,6.544169445987791e-05,0.5881938934326172,0.0,0.0,0.0,0.0,0.0,5.5288775911321864e-05,0.5872220993041992,0.5928597450256348,0.0024242401123046875,0.00196075439453125,7.67153687775135e-06,4460,1667.0456915971347
0.04833422601222992,0.000257623556535691,0.00032445008400827646,8.5755942563992e-05,0.011603593826293945,5.0765105697792023e-05,0.5853204727172852,0.5874966979026794,0.007862204685807228,0.00012110253010177985,0.5858898162841797,0.0,0.0,0.0,0.0,0.0,6.560705514857545e-05,0.5941593647003174,0.5880470275878906,0.0025539398193359375,0.0024738311767578125,1.2194272130727768e-05,4480,1667.631945793174
0.024501852691173553,0.0002493125502951443,0.00031802727608010173,6.612003198824823e-05,0.009987831115722656,7.897692557889968e-05,0.5260858535766602,0.5294873714447021,0.009090099483728409,0.00010421560727991164,0.532435417175293,0.0,0.0,0.0,0.0,0.0,6.767384184058756e-05,0.5334434509277344,0.5279302597045898,0.0024995803833007812,0.0022668838500976562,1.0408461093902588e-05,4500,1668.3443705984346
0.026200642809271812,0.00024516857229173183,0.0003207650443073362,5.7296383602079004e-05,0.010919570922851562,9.222525113727897e-05,0.5389218330383301,0.5430104732513428,0.008376527577638626,9.564692300045863e-05,0.5442399978637695,0.0,0.0,0.0,0.0,0.0,7.478584302589297e-05,0.5411953926086426,0.5474550724029541,0.0023021697998046875,0.0019474029541015625,8.106580935418606e-06,4520,1657.8079451693754
0.02522626519203186,0.00015295721823349595,0.0001978903019335121,4.254212399246171e-05,0.007080554962158203,4.279535642126575e-05,0.5788323879241943,0.5835667252540588,0.007208726834505796,6.761973054381087e-05,0.5848665237426758,0.0,0.0,0.0,0.0,0.0,4.4009051634930074e-05,0.58097243309021,0.584545373916626,0.0023660659790039062,0.0020198822021484375,9.240407962352037e-06,4540,1658.6914002384244
0.023524532094597816,0.0002011008618865162,0.0002604106848593801,5.2971881814301014e-05,0.0064411163330078125,6.703620601911098e-05,0.5138788223266602,0.5215743780136108,0.009498926810920238,8.1092759501189e-05,0.520599365234375,0.0,0.0,0.0,0.0,0.0,5.8601122873369604e-05,0.5186405181884766,0.5180149078369141,0.0019998550415039062,0.0020990371704101562,7.0872483775019646e-06,4560,1659.4665514420221
0.021442124620079994,0.00019103944941889495,0.0002491977356839925,5.9531128499656916e-05,0.008228302001953125,5.896290531381965e-05,0.5395851135253906,0.5433103442192078,0.0070792436599731445,7.254541560541838e-05,0.5453510284423828,0.0,0.0,0.0,0.0,0.0,5.740098640671931e-05,0.5461788177490234,0.5405635833740234,0.0019741058349609375,0.0019397735595703125,7.5730495154857635e-06,4580,1659.6391751929675
0.021921275183558464,0.00023648042406421155,0.00028165720868855715,5.114540545037016e-05,0.006728410720825195,4.03804297093302e-05,0.574617862701416,0.5807889103889465,0.008521977812051773,0.0001449545961804688,0.5839176177978516,0.0,0.0,0.0,0.0,0.0,4.4640291889663786e-05,0.5777124166488647,0.5789439678192139,0.0020122528076171875,0.0015735626220703125,5.364883691072464e-06,4600,1660.4255301083474
0.01927444152534008,0.00014972742064855993,0.0001865352678578347,4.0678314690012485e-05,0.008270740509033203,3.926606586901471e-05,0.5547201633453369,0.5604236125946045,0.007654260843992233,6.978305464144796e-05,0.5629405975341797,0.0,0.0,0.0,0.0,0.0,3.612457658164203e-05,0.5607094764709473,0.5581820011138916,0.002071380615234375,0.00188446044921875,6.832648068666458e-06,4620,1661.2532325259535
0.014442363753914833,0.00014575572276953608,0.0001902632648125291,4.087200795765966e-05,0.006875038146972656,4.3668078433256596e-05,0.5614321231842041,0.5655770301818848,0.007378705777227879,6.12156291026622e-05,0.5682716369628906,0.0,0.0,0.0,0.0,0.0,4.3885760533157736e-05,0.5651381015777588,0.564307451248169,0.0019664764404296875,0.0016956329345703125,6.217975169420242e-06,4640,1661.94371950794
0.04070224612951279,0.0002653526607900858,0.000319779384881258,7.501633808715269e-05,0.008477210998535156,4.3351978092687204e-05,0.5474863052368164,0.5572353005409241,0.011211500503122807,0.0001469843409722671,0.5654659271240234,0.0,0.0,0.0,0.0,0.0,5.362705996958539e-05,0.5508146286010742,0.5537986755371094,0.0022954940795898438,0.001522064208984375,7.996510248631239e-06,4660,1662.4766592686615
0.014869923703372478,0.00014166056644171476,0.00018717028433457017,5.011329267290421e-05,0.00637054443359375,3.8035759644117206e-05,0.5228500366210938,0.5275297164916992,0.007397158071398735,5.3511517762672156e-05,0.5310039520263672,0.0,0.0,0.0,0.0,0.0,4.5007345761405304e-05,0.5248584747314453,0.5270004272460938,0.0016460418701171875,0.0016193389892578125,5.023670382797718e-06,4680,1663.7158473757845
0.029589073732495308,0.00015078281285241246,0.0001963208633242175,3.679446308524348e-05,0.007770538330078125,5.694896390195936e-05,0.5493288040161133,0.5571104884147644,0.008981045335531235,5.70393749512732e-05,0.5579299926757812,0.0,0.0,0.0,0.0,0.0,4.4835484004579484e-05,0.5567102432250977,0.5517244338989258,0.00209808349609375,0.001827239990234375,7.025781087577343e-06,4700,1664.7902318148222
0.020115545019507408,0.0001477497280575335,0.0001931972656166181,4.694619565270841e-05,0.007458686828613281,4.659632395487279e-05,0.5688745975494385,0.5715750455856323,0.007245800457894802,5.420721208793111e-05,0.57196044921875,0.0,0.0,0.0,0.0,0.0,4.478909249883145e-05,0.5742225646972656,0.5716660022735596,0.0019578933715820312,0.0017948150634765625,6.5845088101923466e-06,4720,1665.198896416894
0.023236360400915146,0.00013052960275672376,0.00016973262245301157,3.0884475563652813e-05,0.007483005523681641,4.892548895440996e-05,0.5767807960510254,0.5797374844551086,0.006659053266048431,5.07196418766398e-05,0.5835781097412109,0.0,0.0,0.0,0.0,0.0,3.859906064462848e-05,0.5782012939453125,0.5816550254821777,0.0017747879028320312,0.0019741058349609375,6.039452273398638e-06,4740,1665.7372275339571
0.024754561483860016,0.00012315194180700928,0.00016003423661459237,4.053464363096282e-05,0.008448123931884766,3.3798623917391524e-05,0.5432887077331543,0.5481853485107422,0.007141424342989922,4.881867062067613e-05,0.5509223937988281,0.0,0.0,0.0,0.0,0.0,3.6409539461601526e-05,0.5495433807373047,0.5458426475524902,0.0015993118286132812,0.0016536712646484375,4.727568011730909e-06,4760,1666.2158480786568
0.015512746758759022,0.0001051869330694899,0.0001336301356786862,2.4307912099175155e-05,0.0060694217681884766,3.0466657335637137e-05,0.5509274005889893,0.5547963380813599,0.006294608116149902,5.041236727265641e-05,0.5503377914428711,0.0,0.0,0.0,0.0,0.0,2.792057603073772e-05,0.5549347400665283,0.5525984764099121,0.001743316650390625,0.001621246337890625,5.226116627454758e-06,4780,1666.7254016155468
0.031094973906874657,0.0001888191472971812,0.00024210361880250275,4.550549783743918e-05,0.010540962219238281,6.773955101380125e-05,0.5535547733306885,0.5612442493438721,0.009942548349499702,7.557409116998315e-05,0.5656929016113281,0.0,0.0,0.0,0.0,0.0,5.267855885904282e-05,0.5627474784851074,0.5558779239654541,0.001800537109375,0.002017974853515625,6.059184670448303e-06,4800,1667.148514122765
0.04604268819093704,0.00019696417439263314,0.0002497058594599366,4.253303268342279e-05,0.00751948356628418,7.013003050815314e-05,0.5592014789581299,0.5696386098861694,0.011179407127201557,8.430112211499363e-05,0.5723381042480469,0.0,0.0,0.0,0.0,0.0,5.2098388550803065e-05,0.5660629272460938,0.5618488788604736,0.002033233642578125,0.0020084381103515625,6.432877853512764e-06,4820,1667.7349130150424
0.01956125907599926,0.00013213865167926997,0.0001810520188882947,5.542106373468414e-05,0.006587028503417969,3.7489393434952945e-05,0.5879671573638916,0.5932897925376892,0.00807044468820095,3.92282017855905e-05,0.593719482421875,0.0,0.0,0.0,0.0,0.0,4.8139438149519265e-05,0.5903246402740479,0.5930590629577637,0.0021533966064453125,0.0018205642700195312,7.739115972071886e-06,4840,1668.2684447901938
0.02611863613128662,0.00017218153516296297,0.0002200850867666304,6.105221109464765e-05,0.007478237152099609,3.3544751204317436e-05,0.566678524017334,0.5706324577331543,0.007191074546426535,7.758459832984954e-05,0.576324462890625,0.0,0.0,0.0,0.0,0.0,4.7362591431010514e-05,0.5709620714187622,0.570065975189209,0.0017957687377929688,0.001556396484375,5.4094125516712666e-06,4860,1668.6327094935655
0.023887690156698227,0.00013867445522919297,0.00018250290304422379,5.613729445030913e-05,0.008048772811889648,2.9688184440601617e-05,0.5448744297027588,0.5464057326316833,0.005613339599221945,5.284897270030342e-05,0.5459194183349609,0.0,0.0,0.0,0.0,0.0,4.3259158701403067e-05,0.5515213012695312,0.5462572574615479,0.0017833709716796875,0.00174713134765625,5.692825652658939e-06,4880,1669.0998728851084
0.025299662724137306,0.0001263861486222595,0.00015840306878089905,3.638401176431216e-05,0.005569934844970703,3.0733401217730716e-05,0.5563044548034668,0.5562978982925415,0.005248242057859898,5.926874655415304e-05,0.5541601181030273,0.0,0.0,0.0,0.0,0.0,3.134604048682377e-05,0.5594983100891113,0.5582456588745117,0.0021276473999023438,0.001651763916015625,6.708607543259859e-06,4900,1669.6697156554983
0.03594301640987396,0.00022354620159603655,0.0002678494493011385,4.667926987167448e-05,0.005777835845947266,4.658886609831825e-05,0.5650792121887207,0.5694610476493835,0.008203779347240925,0.0001302780583500862,0.571812629699707,0.0,0.0,0.0,0.0,0.0,4.381114194984548e-05,0.569699764251709,0.5668315887451172,0.0018568038940429688,0.0013589859008789062,4.9209920689463615e-06,4920,1670.2117780506019
0.04245152696967125,0.00016699713887646794,0.00021768035367131233,5.146517651155591e-05,0.012253046035766602,5.4468684538733214e-05,0.5624563694000244,0.568200409412384,0.007783371023833752,6.10632705502212e-05,0.568568229675293,0.0,0.0,0.0,0.0,0.0,4.9895003030542284e-05,0.564928412437439,0.5737879276275635,0.0026483535766601562,0.0016536712646484375,7.882073987275362e-06,4940,1670.7458506316507
0.01430247351527214,0.0001073390303645283,0.00013919055345468223,3.078429654124193e-05,0.005776882171630859,2.9206048566265963e-05,0.5450224876403809,0.5472266674041748,0.005920968018472195,4.7348683438031e-05,0.5445375442504883,0.0,0.0,0.0,0.0,0.0,3.125441799056716e-05,0.5483035445213318,0.5469934940338135,0.0021953582763671875,0.0014362335205078125,5.9711746871471405e-06,4960,1671.105266285535
0.027712492272257805,0.00015652320871595293,0.0002026689180638641,4.55145891464781e-05,0.006062030792236328,4.6651079173898324e-05,0.5254104137420654,0.5323063135147095,0.00864862184971571,6.435753311961889e-05,0.5352144241333008,0.0,0.0,0.0,0.0,0.0,4.552347672870383e-05,0.5292861461639404,0.5290765762329102,0.001773834228515625,0.0018310546875,6.222398951649666e-06,4980,1671.4797791830588
0.020466648042201996,0.00014717313752043992,0.00018099971930496395,3.405906682019122e-05,0.008020401000976562,3.703661423060112e-05,0.5407276153564453,0.5448747873306274,0.006461149547249079,7.60774637456052e-05,0.5402870178222656,0.0,0.0,0.0,0.0,0.0,3.331444531795569e-05,0.5478420257568359,0.5424880981445312,0.0017795562744140625,0.0016574859619140625,5.121342837810516e-06,5000,1671.8711293246486
0.035657044500112534,0.00014530299813486636,0.00019063177751377225,5.031612090533599e-05,0.007828474044799805,4.116712443646975e-05,0.5272777080535889,0.5273908376693726,0.006207208149135113,5.381975643103942e-05,0.5265026092529297,0.0,0.0,0.0,0.0,0.0,4.486254692892544e-05,0.5320165157318115,0.5298037528991699,0.0016498565673828125,0.0015954971313476562,4.662259016185999e-06,5020,1663.6054823979307
0.012019149959087372,0.00010503517114557326,0.0001377114822389558,3.51770686393138e-05,0.005799770355224609,2.799955109367147e-05,0.5708332061767578,0.5746960639953613,0.006567197851836681,4.1858551412587985e-05,0.5779514312744141,0.0,0.0,0.0,0.0,0.0,3.199306593160145e-05,0.5736317038536072,0.5748147964477539,0.0019321441650390625,0.0017671585083007812,6.832589861005545e-06,5040,1663.9630953801754
0.011110076680779457,0.00011074068606831133,0.00014969968469813466,4.544576586340554e-05,0.005803227424621582,3.17270532832481e-05,0.5319576263427734,0.5330895185470581,0.006115422118455172,3.3567870559636503e-05,0.5349311828613281,0.0,0.0,0.0,0.0,0.0,3.849102358799428e-05,0.5346022844314575,0.5351591110229492,0.0016040802001953125,0.0016078948974609375,4.679779522120953e-06,5060,1664.5793884411005
0.030361805111169815,0.00020037402282468975,0.00023648276692256331,3.939668386010453e-05,0.006320953369140625,3.824149462161586e-05,0.5315914154052734,0.5313971638679504,0.0068701570853590965,0.00012273582979105413,0.5260829925537109,0.0,0.0,0.0,0.0,0.0,3.55720185325481e-05,0.5350151062011719,0.5328445434570312,0.0019931793212890625,0.0017299652099609375,5.367211997509003e-06,5080,1665.1476333748942
0.05746160075068474,0.0002225108619313687,0.00026948671438731253,3.848695632768795e-05,0.008222579956054688,6.602326175197959e-05,0.5675597190856934,0.5677418112754822,0.007930200546979904,0.00011800063657574356,0.5660934448242188,0.0,0.0,0.0,0.0,0.0,4.6379933337448165e-05,0.5714068412780762,0.5699124336242676,0.0021724700927734375,0.0015869140625,5.959300324320793e-06,5100,1665.7664507396464
0.020604705438017845,0.0001274706155527383,0.00016695220256224275,4.1665010940050706e-05,0.009053230285644531,3.645142351160757e-05,0.5425271987915039,0.5475596785545349,0.006793598644435406,4.935418473905884e-05,0.5475873947143555,0.0,0.0,0.0,0.0,0.0,3.8817524909973145e-05,0.54949951171875,0.5438451766967773,0.00213623046875,0.0015420913696289062,6.640620995312929e-06,5120,1666.2458712429354
0.045405562967061996,0.00018489488866180182,0.00024071335792541504,6.704460975015536e-05,0.005087375640869141,4.893749064649455e-05,0.5451035499572754,0.5418807864189148,0.006145453080534935,6.89127846271731e-05,0.5400266647338867,0.0,0.0,0.0,0.0,0.0,5.536972457775846e-05,0.5474729537963867,0.5461506843566895,0.0016384124755859375,0.0015544891357421875,4.487577825784683e-06,5140,1666.4152062655676
0.013126850128173828,0.00010268796177115291,0.00013483334623742849,2.9031554731773213e-05,0.004446268081665039,2.9833412554580718e-05,0.5662798881530762,0.5693104863166809,0.005961479619145393,4.382299812277779e-05,0.5658702850341797,0.0,0.0,0.0,0.0,0.0,3.163772271363996e-05,0.5692613124847412,0.5677142143249512,0.001922607421875,0.00139617919921875,5.076639354228973e-06,5160,1666.922924442866
0.011298533529043198,0.0001055494140018709,0.0001436524180462584,3.2907992135733366e-05,0.0060007572174072266,3.7073907151352614e-05,0.5467791557312012,0.550366222858429,0.006208822131156921,3.556751471478492e-05,0.549257755279541,0.0,0.0,0.0,0.0,0.0,3.761480547836982e-05,0.5497794151306152,0.5495202541351318,0.0017242431640625,0.001483917236328125,4.881992936134338e-06,5180,1667.3936248635998
0.024930458515882492,0.00011880783858941868,0.00015079557488206774,3.541762998793274e-05,0.006308555603027344,3.14138233079575e-05,0.5555884838104248,0.5555801391601562,0.00553992111235857,5.1976388931507245e-05,0.5562381744384766,0.0,0.0,0.0,0.0,0.0,3.137549720122479e-05,0.5588569641113281,0.5575740337371826,0.0019578933715820312,0.001708984375,6.122339982539415e-06,5200,1667.858317029545
0.025131382048130035,0.00011829240247607231,0.0001519573270343244,2.9483204343705438e-05,0.005810856819152832,3.6394929338712245e-05,0.5745892524719238,0.5796344876289368,0.007131678983569145,5.2414266974665225e-05,0.5831050872802734,0.0,0.0,0.0,0.0,0.0,3.313241541036405e-05,0.5787054300308228,0.5769667625427246,0.00182342529296875,0.0015087127685546875,5.325069651007652e-06,5220,1668.2963982223037
0.0363730825483799,0.00012163131032139063,0.0001561289536766708,4.721960431197658e-05,0.0071299076080322266,2.9000468202866614e-05,0.5469068288803101,0.5549701452255249,0.008876622654497623,4.541124508250505e-05,0.5559988021850586,0.0,0.0,0.0,0.0,0.0,3.402987931622192e-05,0.5490950345993042,0.5531398057937622,0.0018405914306640625,0.0014448165893554688,4.677625838667154e-06,5240,1668.9292543932033
0.033352769911289215,0.00017329433467239141,0.00021778294467367232,5.142987356521189e-05,0.008274078369140625,3.839239798253402e-05,0.6138691902160645,0.6192001104354858,0.008176656439900398,8.347207767656073e-05,0.6255397796630859,0.0,0.0,0.0,0.0,0.0,4.388166416902095e-05,0.6151237487792969,0.621483325958252,0.0020599365234375,0.001575469970703125,6.0694292187690735e-06,5260,1669.5785044636793
0.030964607372879982,0.0001575395290274173,0.00019352159870322794,3.33803182002157e-05,0.006157636642456055,3.6134002584731206e-05,0.5363912582397461,0.5406085252761841,0.006849979981780052,8.802520460449159e-05,0.5460453033447266,0.0,0.0,0.0,0.0,0.0,3.536696021910757e-05,0.5407447814941406,0.5383591651916504,0.0017919540405273438,0.0017919540405273438,6.151036359369755e-06,5280,1669.9004493248801
0.024880237877368927,0.00011281415936537087,0.00014805773389525712,3.3969543437706307e-05,0.006008148193359375,3.876535629387945e-05,0.5916910171508789,0.5915126800537109,0.005361347459256649,4.0079255995806307e-05,0.5929098129272461,0.0,0.0,0.0,0.0,0.0,3.477080099401064e-05,0.5939035415649414,0.5946874618530273,0.0018253326416015625,0.001407623291015625,4.727626219391823e-06,5300,1670.6550872527382
0.032373931258916855,0.0001628814497962594,0.00019714795053005219,4.910645657218993e-05,0.007312297821044922,2.8361993827275e-05,0.6043534278869629,0.6038388013839722,0.005155277904123068,8.54130121297203e-05,0.5977630615234375,0.0,0.0,0.0,0.0,0.0,3.3689018891891465e-05,0.6075248718261719,0.6059994697570801,0.0021343231201171875,0.0014019012451171875,5.7746656239032745e-06,5320,1671.1101175280571
0.033568546175956726,0.00010264218144584447,0.00013356911949813366,2.178288559662178e-05,0.006960034370422363,4.693737719208002e-05,0.5411309003829956,0.5480072498321533,0.007770319934934378,3.3921911381185055e-05,0.5476884841918945,0.0,0.0,0.0,0.0,0.0,3.0388200684683397e-05,0.5478867292404175,0.5430355072021484,0.0017137527465820312,0.0017604827880859375,5.387526471167803e-06,5340,1671.3119999551286
0.021587882190942764,0.00012405352026689798,0.00016208998567890376,4.683143924921751e-05,0.00709986686706543,2.6166484531131573e-05,0.5416676998138428,0.5468692779541016,0.007402966730296612,5.105560558149591e-05,0.5465116500854492,0.0,0.0,0.0,0.0,0.0,3.765052679227665e-05,0.5460450649261475,0.5446345806121826,0.0014524459838867188,0.0013332366943359375,3.8594589568674564e-06,5360,1671.7239033047817
0.0288733821362257,0.00011003480176441371,0.0001438934268662706,2.960661549877841e-05,0.007561206817626953,4.6005938202142715e-05,0.5714976787567139,0.57253098487854,0.00543379969894886,3.442224988248199e-05,0.5724458694458008,0.0,0.0,0.0,0.0,0.0,3.336213558213785e-05,0.5726273059844971,0.5766875743865967,0.001628875732421875,0.00173187255859375,4.964880645275116e-06,5380,1672.2439307198226
0.012042075395584106,7.523182284785435e-05,9.805166337173432e-05,2.098721597576514e-05,0.005132555961608887,2.205762757512275e-05,0.5472266674041748,0.5507057905197144,0.005417057313024998,3.218698111595586e-05,0.5532855987548828,0.0,0.0,0.0,0.0,0.0,2.2432810510508716e-05,0.5516200065612793,0.548852801322937,0.0015964508056640625,0.0013580322265625,3.870343789458275e-06,5400,1672.558224456141
0.02682763710618019,0.00011105793237220496,0.0001478175399824977,3.852872032439336e-05,0.0061876773834228516,3.219207428628579e-05,0.5697058439254761,0.569564938545227,0.005785690620541573,4.033713776152581e-05,0.5670766830444336,0.0,0.0,0.0,0.0,0.0,3.6195498978486285e-05,0.573729395866394,0.5707274675369263,0.0019359588623046875,0.001628875732421875,5.64113724976778e-06,5420,1672.6151843342145
0.06934885680675507,0.00023914781922940165,0.0002872598124668002,6.417369877453893e-05,0.005789279937744141,4.891661956207827e-05,0.5535273551940918,0.5494534969329834,0.0062815044075250626,0.00012605750816874206,0.5440540313720703,0.0,0.0,0.0,0.0,0.0,4.734214599011466e-05,0.5562896728515625,0.5537161827087402,0.002414703369140625,0.001857757568359375,7.698312401771545e-06,5440,1672.9728835165288
0.01921272650361061,8.874601917341352e-05,0.0001164133136626333,3.3023927244357765e-05,0.0075531005859375,2.432186738587916e-05,0.562263011932373,0.5656205415725708,0.00561336986720562,3.140022454317659e-05,0.5626692771911621,0.0,0.0,0.0,0.0,0.0,2.714770562306512e-05,0.5683674812316895,0.5634398460388184,0.0016937255859375,0.001708984375,5.195848643779755e-06,5460,1673.3796465647076
0.019857946783304214,0.00015162302588578314,0.000188264501048252,4.419172182679176e-05,0.006947517395019531,2.5331177312182263e-05,0.5205196142196655,0.525200366973877,0.007016969844698906,8.210013038478792e-05,0.5291709899902344,0.0,0.0,0.0,0.0,0.0,3.606509926612489e-05,0.5232433080673218,0.524416446685791,0.0017271041870117188,0.001667022705078125,5.763664375990629e-06,5480,1673.9751063132567
0.02827710285782814,0.00011728671961463988,0.0001407079689670354,2.318307087989524e-05,0.0057392120361328125,2.4450724595226347e-05,0.5070891380310059,0.5116252303123474,0.005850950721651316,6.96529314154759e-05,0.5172619819641113,0.0,0.0,0.0,0.0,0.0,2.3060272724251263e-05,0.5118094682693481,0.5097732543945312,0.001293182373046875,0.001567840576171875,3.6098062992095947e-06,5500,1674.4518615594889
0.010400621220469475,7.492201257264242e-05,9.653775487095118e-05,2.0646188204409555e-05,0.005126953125,1.8958302462124266e-05,0.5462169647216797,0.5491143465042114,0.0049616070464253426,3.5317523725098e-05,0.5499248504638672,0.0,0.0,0.0,0.0,0.0,2.1184048819122836e-05,0.5488319396972656,0.5495109558105469,0.001529693603515625,0.0015497207641601562,4.31697117164731e-06,5520,1667.7069182244736
0.038479726761579514,0.00015860841085668653,0.00018908517085947096,3.0067021725699306e-05,0.0051555633544921875,3.5788543755188584e-05,0.5588850975036621,0.5654069185256958,0.0073054577223956585,9.275283809984103e-05,0.5730609893798828,0.0,0.0,0.0,0.0,0.0,3.0020040867384523e-05,0.5626077651977539,0.5610485076904297,0.0015878677368164062,0.0013294219970703125,4.56726411357522e-06,5540,1668.1466530406074
0.022546924650669098,0.0001197049132315442,0.0001525972329545766,3.9861690311226994e-05,0.007846355438232422,2.6808542315848172e-05,0.5094338059425354,0.5157954692840576,0.007681162562221289,5.303468060446903e-05,0.5157108306884766,0.0,0.0,0.0,0.0,0.0,3.233706593164243e-05,0.5111432671546936,0.5163037776947021,0.0022344589233398438,0.001232147216796875,5.552603397518396e-06,5560,1668.5580417016643
0.02354101650416851,0.00010404115892015398,0.00013425353972706944,2.3391738068312407e-05,0.007812023162841797,3.685618139570579e-05,0.520482063293457,0.5219364166259766,0.005186925642192364,4.3793246732093394e-05,0.5178508758544922,0.0,0.0,0.0,0.0,0.0,2.9826289392076433e-05,0.5226106643676758,0.5266518592834473,0.0014858245849609375,0.0014095306396484375,3.860797733068466e-06,5580,1668.8641235941448
0.02527032047510147,9.447437332710251e-05,0.00012177174357930198,3.0349234293680638e-05,0.0059070587158203125,2.4736664272495545e-05,0.5392704010009766,0.5447776317596436,0.0068924021907150745,3.938848021789454e-05,0.5479888916015625,0.0,0.0,0.0,0.0,0.0,2.6786361559061334e-05,0.5424802303314209,0.542675256729126,0.0016422271728515625,0.0017566680908203125,5.110050551593304e-06,5600,1669.291856992583
0.027703845873475075,0.00012088637595297769,0.00015609824913553894,3.320963878650218e-05,0.006871461868286133,3.786818706430495e-05,0.5592730045318604,0.5652695894241333,0.0075697097927331924,4.980854646419175e-05,0.5688667297363281,0.0,0.0,0.0,0.0,0.0,3.4795666579157114e-05,0.5625917911529541,0.5634758472442627,0.0015964508056640625,0.0014410018920898438,4.162138793617487e-06,5620,1669.8526262218552
0.015646962448954582,7.141885726014152e-05,9.663245873525739e-05,2.2517562683788128e-05,0.004911899566650391,2.5731196728884242e-05,0.594058632850647,0.594347357749939,0.0047797528095543385,2.317009784746915e-05,0.5941400527954102,0.0,0.0,0.0,0.0,0.0,2.4777322323643602e-05,0.5943828821182251,0.5974369049072266,0.001552581787109375,0.0014801025390625,4.362780600786209e-06,5640,1670.5501189344093
0.024106713011860847,0.00010755107359727845,0.00013923093501944095,3.0013121431693435e-05,0.004825592041015625,3.414900857023895e-05,0.5882328748703003,0.5880702137947083,0.005817264784127474,4.338894723332487e-05,0.5846633911132812,0.0,0.0,0.0,0.0,0.0,3.120987457805313e-05,0.5898902416229248,0.5908286571502686,0.0016574859619140625,0.0014886856079101562,4.699744749814272e-06,5660,1670.9903824438588
0.021912358701229095,8.061197877395898e-05,0.00011141710274387151,3.4347165637882426e-05,0.005295991897583008,2.3379416234092787e-05,0.5457301139831543,0.5455706119537354,0.004663982428610325,2.2885400539962575e-05,0.5461840629577637,0.0,0.0,0.0,0.0,0.0,3.0305227483040653e-05,0.5493636131286621,0.5474975109100342,0.0016946792602539062,0.0014181137084960938,4.998990334570408e-06,5680,1671.4307280881649
0.015758264809846878,8.878676453605294e-05,0.00011392783926567063,3.019232099177316e-05,0.006876945495605469,2.0993848011130467e-05,0.5279440879821777,0.5323364734649658,0.006260990165174007,3.7600599171128124e-05,0.5296106338500977,0.0,0.0,0.0,0.0,0.0,2.473169115546625e-05,0.5303952693939209,0.5331559181213379,0.0015201568603515625,0.00148773193359375,4.09386120736599e-06,5700,1672.0309929590078
0.026598971337080002,0.00010657806706149131,0.00013519218191504478,2.9756007279502228e-05,0.004168987274169922,2.7809455787064508e-05,0.5916943550109863,0.5921270847320557,0.0058753350749611855,4.9012603994924575e-05,0.5985355377197266,0.0,0.0,0.0,0.0,0.0,2.8226862923474982e-05,0.5941057205200195,0.5932421684265137,0.0014286041259765625,0.0014400482177734375,3.87243926525116e-06,5720,1672.565862802385
0.030087513849139214,0.00010836089495569468,0.00013712608779314905,3.457137427176349e-05,0.005528450012207031,1.721310763969086e-05,0.5572860240936279,0.5630664825439453,0.006697965785861015,5.6576413044240326e-05,0.5673942565917969,0.0,0.0,0.0,0.0,0.0,2.8371619919198565e-05,0.5584371089935303,0.5618727207183838,0.0015316009521484375,0.0014066696166992188,3.935827407985926e-06,5740,1672.726198321352
0.019997859373688698,8.690678077982739e-05,0.00011592348164413124,2.9418755730148405e-05,0.005269765853881836,3.0498780688503757e-05,0.5616214275360107,0.5630369782447815,0.00640816381201148,2.6989244361175224e-05,0.5612783432006836,0.0,0.0,0.0,0.0,0.0,2.8662325348705053e-05,0.5660557746887207,0.5624434947967529,0.0015010833740234375,0.0013141632080078125,3.5436823964118958e-06,5760,1673.0802318452422
0.06891337782144547,0.00022556220937985927,0.00027738435892388225,5.833054456161335e-05,0.0053899288177490234,6.887284689582884e-05,0.5985426902770996,0.6096676588058472,0.011277209036052227,9.835882519837469e-05,0.6136393547058105,0.0,0.0,0.0,0.0,0.0,5.110998608870432e-05,0.603461742401123,0.6022922992706299,0.0020189285278320312,0.0020170211791992188,7.121707312762737e-06,5780,1673.4143404030658
0.04497314617037773,0.00013613482587970793,0.0001620823168195784,2.652592957019806e-05,0.004373073577880859,3.825185922323726e-05,0.5671827793121338,0.5645154714584351,0.004931186325848103,7.135702617233619e-05,0.5626430511474609,0.0,0.0,0.0,0.0,0.0,2.5350353098474443e-05,0.5674188137054443,0.5684397220611572,0.00189971923828125,0.0017795562744140625,5.971407517790794e-06,5800,1673.8580063106351
0.011012652888894081,6.830447819083929e-05,9.294928895542398e-05,2.87047732854262e-05,0.006134033203125,1.9433140550972894e-05,0.6011109352111816,0.6033223867416382,0.004670691676437855,2.0166564354440197e-05,0.6036806106567383,0.0,0.0,0.0,0.0,0.0,2.4246808607131243e-05,0.6055279970169067,0.6023507118225098,0.0016078948974609375,0.0013713836669921875,3.9800070226192474e-06,5820,1674.5320807355565
0.035573117434978485,0.00011513860954437405,0.00014731520786881447,2.654846502991859e-05,0.0068781375885009766,4.238045949023217e-05,0.5440415143966675,0.5510262250900269,0.00772092305123806,4.62096904811915e-05,0.5519671440124512,0.0,0.0,0.0,0.0,0.0,3.173972072545439e-05,0.5476711988449097,0.5487582683563232,0.0017614364624023438,0.0014286041259765625,4.368659574538469e-06,5840,1675.230214909051
0.02442360296845436,8.27010371722281e-05,0.00010443898645462468,2.972196125483606e-05,0.007103681564331055,1.8384667782811448e-05,0.5292549133300781,0.5353691577911377,0.006786887533962727,3.4594406315591186e-05,0.5365896224975586,0.0,0.0,0.0,0.0,0.0,2.1254847524687648e-05,0.5316429138183594,0.5351626873016357,0.0018939971923828125,0.00150299072265625,4.831003025174141e-06,5860,1675.872241790932
0.026666739955544472,0.00014954071957617998,0.00018884826567955315,4.396649092086591e-05,0.006057858467102051,4.047387483296916e-05,0.5715911388397217,0.5733931660652161,0.0071218558587133884,6.510035018436611e-05,0.5722866058349609,0.0,0.0,0.0,0.0,0.0,3.874904359690845e-05,0.5760552883148193,0.572967529296875,0.0021810531616210938,0.001377105712890625,5.584966856986284e-06,5880,1676.4035868389958
0.03928250074386597,0.00012659939238801599,0.00016366889758501202,5.0004124204861e-05,0.0071773529052734375,2.953093462565448e-05,0.5755484104156494,0.5843419432640076,0.009070014581084251,4.706434629042633e-05,0.5837907791137695,0.0,0.0,0.0,0.0,0.0,3.6609970265999436e-05,0.5780749320983887,0.5817272663116455,0.0019931793212890625,0.001373291015625,4.595378413796425e-06,5900,1677.0550871536882
0.04327643662691116,0.00013587721332442015,0.0001731421798467636,2.4523502361262217e-05,0.00799417495727539,6.641139043495059e-05,0.5691170692443848,0.5674693584442139,0.005020779091864824,4.494232052820735e-05,0.5672354698181152,0.0,0.0,0.0,0.0,0.0,3.6542347515933216e-05,0.5696730613708496,0.5743942260742188,0.00189208984375,0.0023622512817382812,7.226190064102411e-06,5920,1677.6239330926164
0.026937726885080338,0.00013508062693290412,0.0001634949294384569,2.3847042029956356e-05,0.007671356201171875,3.749725874513388e-05,0.5228400230407715,0.5293483734130859,0.0075829774141311646,7.37363297957927e-05,0.5357379913330078,0.0,0.0,0.0,0.0,0.0,2.7932568627875298e-05,0.5285964012145996,0.5260806083679199,0.0016193389892578125,0.0017108917236328125,4.817266017198563e-06,5940,1678.358892510575
0.02783924899995327,0.00013129718718118966,0.00016812824469525367,2.6461148081580177e-05,0.0060214996337890625,4.4538082875078544e-05,0.5374011993408203,0.5396863222122192,0.006750572472810745,6.0297956224530935e-05,0.5390024185180664,0.0,0.0,0.0,0.0,0.0,3.643435047706589e-05,0.5422134399414062,0.5397586822509766,0.0014925003051757812,0.0013399124145507812,3.967084921896458e-06,5960,1678.9818600259707
0.04567158967256546,0.00019945963867940009,0.00023865852563176304,3.791919880313799e-05,0.004566788673400879,4.4117117795394734e-05,0.5631235837936401,0.5639921426773071,0.007630751468241215,0.00011742331844288856,0.5656604766845703,0.0,0.0,0.0,0.0,0.0,3.882497549057007e-05,0.5645140409469604,0.5657449960708618,0.0015964508056640625,0.0012359619140625,3.7390273064374924e-06,5980,1679.6008523715384
0.011342396028339863,9.431135549675673e-05,0.00011857157369377092,2.0596204194589518e-05,0.0049703121185302734,2.7611262339632958e-05,0.5959463119506836,0.5979424118995667,0.004968072287738323,4.610389078152366e-05,0.5976800918579102,0.0,0.0,0.0,0.0,0.0,2.3767075617797673e-05,0.598368763923645,0.5981841087341309,0.0016489028930664062,0.0015153884887695312,4.931469447910786e-06,6000,1680.2831178597835
