step,train/loss,train/grad_norm,train/lr,train/now_ce,train/real_ce,train/world_ce,train/consistency,train/delta,train/now_value,train/world_value
1,11.166675567626953,2.6927075386047363,9.999989582088053e-05,5.581982612609863,5.584104537963867,5.585098743438721,2.3726483959762845e-06,4.3630454456433654e-05,0.5037277340888977,0.5037110447883606
2,10.910613059997559,2.6069817543029785,9.999958328397903e-05,5.456412315368652,5.454051971435547,5.454162120819092,2.674016513992683e-06,4.3665178964147344e-05,0.5039516687393188,0.5040568709373474
3,10.685524940490723,2.5316572189331055,9.999906239066652e-05,5.345706939697266,5.343973636627197,5.335472583770752,2.868558794943965e-06,4.49573781224899e-05,0.5019136667251587,0.5017815828323364
4,10.587174415588379,2.342569589614868,9.999833314322785e-05,5.282877445220947,5.306370258331299,5.302021503448486,4.233325398672605e-06,4.606086076819338e-05,0.4976438283920288,0.4975208044052124
5,10.472949981689453,2.118671178817749,9.999739554486184e-05,5.23994255065918,5.233696460723877,5.232101917266846,6.648027010669466e-06,4.745382466353476e-05,0.49084168672561646,0.49078428745269775
6,10.38272476196289,1.8536382913589478,9.999624959968128e-05,5.192086219787598,5.189454555511475,5.191574573516846,1.164373770734528e-05,5.076983507024124e-05,0.4817430377006531,0.481879860162735
7,10.341307640075684,1.5455715656280518,9.999489531271283e-05,5.1753339767456055,5.169172763824463,5.1624436378479,2.0057439542142674e-05,6.283645780058578e-05,0.4711286723613739,0.4714394807815552
8,10.372568130493164,1.1426423788070679,9.999333268989706e-05,5.183619976043701,5.186307430267334,5.191124439239502,3.639848728198558e-05,8.014252671273425e-05,0.46086639165878296,0.4609416127204895
9,10.262611389160156,1.1192620992660522,9.999156173808843e-05,5.1357927322387695,5.12290096282959,5.1301116943359375,4.970088411937468e-05,0.0001067255434463732,0.45257675647735596,0.4514334201812744
10,10.19582462310791,1.014344334602356,9.998958246505516e-05,5.088626861572266,5.104455947875977,5.109321117401123,4.809910024050623e-05,0.00010644846770446748,0.4457795023918152,0.4452931880950928
11,10.265331268310547,1.0619510412216187,9.998739487947932e-05,5.137472152709961,5.125643253326416,5.129316806793213,6.271344318520278e-05,0.00012697867350652814,0.44529813528060913,0.44386351108551025
12,10.186264991760254,1.1522067785263062,9.998499899095674e-05,5.095290184020996,5.090091705322266,5.0911054611206055,7.544939580839127e-05,0.00011290958354948089,0.4461902678012848,0.4463213086128235
13,10.135417938232422,1.0416063070297241,9.998239480999694e-05,5.059370994567871,5.078550815582275,5.072897911071777,5.731419878429733e-05,0.00010413872951176018,0.45367640256881714,0.4536987543106079
14,10.171830177307129,1.0366947650909424,9.997958234802317e-05,5.0800933837890625,5.095111846923828,5.087794303894043,5.6137785577448085e-05,8.542821888113394e-05,0.4602813124656677,0.4601813554763794
15,10.080145835876465,1.1722155809402466,9.997656161737224e-05,5.0418548583984375,5.037884712219238,5.038057804107666,5.5292162869591266e-05,0.00010422024934086949,0.4677864611148834,0.466640830039978
16,10.123411178588867,1.071205735206604,9.997333263129455e-05,5.054295539855957,5.071835041046143,5.065861225128174,4.34391331509687e-05,9.071618114830926e-05,0.47336632013320923,0.4723573327064514
17,10.070959091186523,1.375404715538025,9.9969895403954e-05,5.033015251159668,5.035296440124512,5.039962291717529,4.5324122766032815e-05,0.0001119864682550542,0.4779784083366394,0.4763501286506653
18,10.032737731933594,1.517067551612854,9.996624995042799e-05,5.012050628662109,5.008967876434326,5.031761169433594,5.463043271447532e-05,0.00010629054304445162,0.48040637373924255,0.4794197082519531
19,9.920428276062012,1.4067639112472534,9.996239628670723e-05,4.960538864135742,4.955829620361328,4.963204860687256,6.368889444274828e-05,0.00012191889982204884,0.47754061222076416,0.4763662815093994
20,9.915382385253906,1.681350827217102,9.995833442969578e-05,4.947113990783691,4.970968246459961,4.9646735191345215,6.52341332170181e-05,0.00015844612789805979,0.47644031047821045,0.4745161533355713
21,9.893853187561035,1.260829210281372,9.995406439721094e-05,4.946409702301025,4.944180488586426,4.949573993682861,9.74659706116654e-05,0.00018574431305751204,0.4728732407093048,0.4714827239513397
22,9.889567375183105,1.5390816926956177,9.994958620798314e-05,4.9481000900268555,4.9385247230529785,4.943173885345459,9.75561051745899e-05,0.00021105461928527802,0.4750872254371643,0.47067946195602417
23,9.884003639221191,1.4144537448883057,9.994489988165593e-05,4.936634063720703,4.945201396942139,4.948424339294434,8.658544538775459e-05,0.0001913920568767935,0.4781835675239563,0.47383224964141846
24,9.876971244812012,1.4968971014022827,9.994000543878584e-05,4.93244743347168,4.939833164215088,4.947944164276123,0.00010966591798933223,0.00020804257655981928,0.4817681908607483,0.4782783091068268
25,9.813324928283691,2.1962690353393555,9.993490290084226e-05,4.906952381134033,4.909641742706299,4.901775360107422,0.00012090426025679335,0.00021069892682135105,0.485050767660141,0.4803999066352844
26,9.872506141662598,1.562628984451294,9.992959229020745e-05,4.913505554199219,4.961182117462158,4.955532550811768,9.578229219187051e-05,0.000226197560550645,0.49024754762649536,0.4843323826789856
27,9.759343147277832,1.6822056770324707,9.992407363017632e-05,4.866996765136719,4.889010429382324,4.893909931182861,0.00013407203368842602,0.00030915826209820807,0.49225133657455444,0.4848909080028534
28,9.7421236038208,1.4876978397369385,9.991834694495642e-05,4.884923934936523,4.8533782958984375,4.859216690063477,0.0001532864844193682,0.00029784609796479344,0.4946558177471161,0.4882490634918213
29,9.712492942810059,1.6992162466049194,9.991241225966781e-05,4.846063613891602,4.86650276184082,4.864550590515137,0.00015300749510060996,0.0002985545143019408,0.4944697618484497,0.487122118473053
30,9.711981773376465,1.848947525024414,9.990626960034291e-05,4.857999324798584,4.851694583892822,4.8538432121276855,0.00021332473261281848,0.00039321964140981436,0.4955134987831116,0.48589420318603516
31,9.67386245727539,1.5686376094818115,9.989991899392642e-05,4.827811241149902,4.849119663238525,4.840732574462891,0.0001922417723108083,0.0003703401598613709,0.4952227473258972,0.48495936393737793
32,9.640841484069824,1.781261682510376,9.989336046827522e-05,4.81939697265625,4.821652412414551,4.81915283203125,0.00017062040569726378,0.00035024015232920647,0.4959508180618286,0.4883073568344116
33,9.587509155273438,2.176645278930664,9.98865940521582e-05,4.78816556930542,4.794859886169434,4.801918983459473,0.0001391203113598749,0.0003375715168658644,0.49143481254577637,0.48581844568252563
34,9.737025260925293,2.1502621173858643,9.987961977525619e-05,4.867171764373779,4.8725481033325195,4.864978313446045,0.00017624105385039002,0.0003685789415612817,0.4918613135814667,0.48569542169570923
35,9.606827735900879,2.86274790763855,9.987243766816176e-05,4.790891170501709,4.814478397369385,4.814999103546143,0.00019872856501024216,0.0004000611952506006,0.4868643283843994,0.4783547520637512
36,9.627740859985352,2.2181689739227295,9.986504776237917e-05,4.805705547332764,4.821683883666992,4.8191704750061035,0.0002801084192469716,0.000524032860994339,0.48475420475006104,0.47438573837280273
37,9.428414344787598,1.8284939527511597,9.985745009032414e-05,4.705547332763672,4.721778392791748,4.721106052398682,0.00023327740200329572,0.00047916307812556624,0.4825909733772278,0.47379839420318604
38,9.479961395263672,1.6466933488845825,9.984964468532379e-05,4.72874116897583,4.745215892791748,4.75300931930542,0.0003163514193147421,0.0007375443237833679,0.4897534251213074,0.48023027181625366
39,9.309237480163574,1.4595388174057007,9.984163158161643e-05,4.6451826095581055,4.657281875610352,4.667251110076904,0.00030140820308588445,0.00059252989012748,0.49354639649391174,0.48400142788887024
40,9.356758117675781,2.4457406997680664,9.983341081435147e-05,4.667382717132568,4.678837299346924,4.695457935333252,0.0003066054778173566,0.0008072643540799618,0.5040467977523804,0.49216872453689575
41,9.254709243774414,2.6411473751068115,9.98249824195892e-05,4.6229963302612305,4.634852409362793,4.623347759246826,0.0003112676495220512,0.0009951784741133451,0.5048060417175293,0.4944540858268738
42,9.237248420715332,2.434056282043457,9.98163464343007e-05,4.63020658493042,4.600841522216797,4.607922554016113,0.0003840437566395849,0.0009460771107114851,0.5022420287132263,0.4925723373889923
43,9.274740219116211,2.232045888900757,9.980750289636762e-05,4.629976272583008,4.645736217498779,4.6390228271484375,0.0003117927990388125,0.0008801740477792919,0.49524328112602234,0.48731112480163574
44,9.25584602355957,2.957484245300293,9.979845184458205e-05,4.624551773071289,4.634754180908203,4.623657703399658,0.0003001591539941728,0.0007441741763614118,0.4935343861579895,0.4826551079750061
45,9.259085655212402,2.639700174331665,9.97891933186463e-05,4.61099910736084,4.643745422363281,4.648934841156006,0.00029755503055639565,0.0005753626464866102,0.4817904233932495,0.4740200340747833
46,9.230055809020996,2.5108230113983154,9.977972735917285e-05,4.604434013366699,4.613785266876221,4.63237190246582,0.00042774536996148527,0.0008438022923655808,0.4794660210609436,0.46753910183906555
47,9.250580787658691,2.0477209091186523,9.977005400768399e-05,4.618320465087891,4.634591102600098,4.6258368492126465,0.00032530806493014097,0.0006983131752349436,0.4845502972602844,0.4733695387840271
48,9.232104301452637,1.7728477716445923,9.976017330661179e-05,4.607697010040283,4.620723724365234,4.624082088470459,0.00036410236498340964,0.0006379135884344578,0.49033793807029724,0.4834662079811096
49,9.169143676757812,2.2010960578918457,9.97500852992978e-05,4.577175617218018,4.593893051147461,4.586105823516846,0.0002838752116076648,0.0007007004460319877,0.5010735988616943,0.4940195381641388
50,9.235984802246094,1.9630205631256104,9.9739790029993e-05,4.613515377044678,4.609723091125488,4.631198406219482,0.00031451426912099123,0.0006892773089930415,0.5055104494094849,0.49724310636520386
51,9.072612762451172,1.691220760345459,9.972928754385747e-05,4.530810832977295,4.53627347946167,4.542891025543213,0.00033089026692323387,0.0007793229888193309,0.5020027756690979,0.4948256015777588
52,9.120424270629883,2.366727828979492,9.971857788696025e-05,4.566304683685303,4.537126541137695,4.567739486694336,0.00025200555683113635,0.0005911730695515871,0.5008341073989868,0.4964279234409332
53,9.050243377685547,2.2445621490478516,9.970766110627912e-05,4.525338172912598,4.504458904266357,4.541350841522217,0.00034365756437182426,0.0006559923640452325,0.5075920820236206,0.5034152865409851
54,8.95436954498291,2.7383077144622803,9.969653724970043e-05,4.476499557495117,4.472121238708496,4.479227542877197,0.0003477326827123761,0.0007501238724216819,0.5050153732299805,0.4994185268878937
55,9.01140308380127,3.61489200592041,9.968520636601886e-05,4.497039318084717,4.505398750305176,4.5179948806762695,0.0003702704852912575,0.000963398371823132,0.49756062030792236,0.4953169822692871
56,9.093955039978027,2.488560199737549,9.967366850493722e-05,4.527733325958252,4.5541582107543945,4.57252836227417,0.0004810619284398854,0.0009579930338077247,0.49585413932800293,0.48849791288375854
57,8.872517585754395,2.4595205783843994,9.966192371706618e-05,4.419146537780762,4.448868274688721,4.451651096343994,0.0005295024020597339,0.0010266330791637301,0.5051185488700867,0.49704399704933167
58,9.092700004577637,3.880767822265625,9.964997205392416e-05,4.528166770935059,4.545482635498047,4.578088760375977,0.00048613004037179053,0.0008880563545972109,0.497688353061676,0.4909730851650238
59,8.895797729492188,4.29996395111084,9.963781356793697e-05,4.436244010925293,4.44695520401001,4.467068195343018,0.0003974226419813931,0.0008741550846025348,0.49639594554901123,0.49099457263946533
60,8.995661735534668,3.161292314529419,9.962544831243773e-05,4.49155330657959,4.495584964752197,4.5074310302734375,0.0004082860832568258,0.0008921835105866194,0.5009357333183289,0.4979665279388428
61,8.922138214111328,5.964055061340332,9.961287634166645e-05,4.4479169845581055,4.47898530960083,4.4628777503967285,0.00040919246384873986,0.0012357364175841212,0.5049298405647278,0.5034216642379761
62,8.907110214233398,3.840571641921997,9.960009771076996e-05,4.463183879852295,4.449344158172607,4.432088375091553,0.0003378172405064106,0.0012672569137066603,0.5037091374397278,0.5003494024276733
63,8.855642318725586,2.48506760597229,9.958711247580159e-05,4.427484035491943,4.421879768371582,4.42732048034668,0.0005592455854639411,0.001219747238792479,0.5054179430007935,0.5119497776031494
64,8.907702445983887,2.6839804649353027,9.957392069372093e-05,4.446150779724121,4.452948093414307,4.464291572570801,0.0005389837897382677,0.0009273553732782602,0.5070837736129761,0.5079399347305298
65,9.018634796142578,2.7164394855499268,9.95605224223936e-05,4.50750732421875,4.499160289764404,4.517113208770752,0.000499080226290971,0.0009958782466128469,0.5061105489730835,0.5082195997238159
66,8.753631591796875,2.5931344032287598,9.954691772059095e-05,4.352544784545898,4.389554500579834,4.405646324157715,0.0005813221796415746,0.0011618596035987139,0.5052397847175598,0.5068628787994385
67,8.52786636352539,2.521355390548706,9.95331066479899e-05,4.26541805267334,4.253172874450684,4.262451648712158,0.0007438342436216772,0.0015740719391033053,0.4951043128967285,0.4948665499687195
68,8.800979614257812,2.3490912914276123,9.951908926517253e-05,4.3907036781311035,4.4068756103515625,4.404170989990234,0.0007258646655827761,0.0016507403925061226,0.4895779490470886,0.4895152449607849
69,8.528829574584961,2.237028121948242,9.950486563362595e-05,4.246996879577637,4.276168346405029,4.27586555480957,0.0009757424122653902,0.0019323615124449134,0.48920637369155884,0.4924124479293823
70,8.703719139099121,2.4699010848999023,9.949043581574199e-05,4.3405561447143555,4.355514049530029,4.3623270988464355,0.0007245668675750494,0.0013959859497845173,0.4960438907146454,0.49317142367362976
71,8.643878936767578,2.9676513671875,9.947579987481685e-05,4.302568435668945,4.348260402679443,4.326936721801758,0.0007204539142549038,0.001135446596890688,0.4979678988456726,0.5013842582702637
72,8.553250312805176,3.653930902481079,9.946095787505095e-05,4.28700065612793,4.269115924835205,4.254321575164795,0.0007974064210429788,0.0014683051267638803,0.5030576586723328,0.49937596917152405
73,8.588027954101562,3.1986021995544434,9.944590988154857e-05,4.304718494415283,4.272683620452881,4.2867255210876465,0.0006414377712644637,0.001161082647740841,0.5223772525787354,0.5190560817718506
74,8.765180587768555,4.548569202423096,9.943065596031756e-05,4.376233100891113,4.363840103149414,4.405933380126953,0.0007342657190747559,0.0012962634209543467,0.5190348625183105,0.5205116271972656
75,8.592233657836914,2.932279348373413,9.941519617826907e-05,4.275516510009766,4.306259632110596,4.320110321044922,0.0008158368873409927,0.0009503238834440708,0.519744336605072,0.5227411985397339
76,8.55003833770752,2.8307993412017822,9.93995306032173e-05,4.265322685241699,4.269492149353027,4.289917945861816,0.0009432610240764916,0.0015622087521478534,0.5224471092224121,0.5263267755508423
77,8.53676986694336,4.265493869781494,9.93836593038791e-05,4.248020172119141,4.2854204177856445,4.283006191253662,0.00082791643217206,0.0014405556721612811,0.500359833240509,0.5032030940055847
78,8.482425689697266,3.824962615966797,9.936758234987377e-05,4.2307448387146,4.251672267913818,4.243198871612549,0.000794177467469126,0.0013286345638334751,0.5029355883598328,0.5020807981491089
79,8.54743766784668,2.4093480110168457,9.93512998117227e-05,4.264307975769043,4.270078659057617,4.285119533538818,0.0009018616983667016,0.0018634579610079527,0.49794507026672363,0.4987611472606659
80,8.5928316116333,2.8234164714813232,9.933481176084905e-05,4.281330108642578,4.304568767547607,4.309986591339111,0.000785581476520747,0.0013265206944197416,0.49651145935058594,0.49850499629974365
81,8.40859603881836,4.341012954711914,9.931811826957747e-05,4.21042537689209,4.1881303787231445,4.198646068572998,0.0007389747770503163,0.0016523393569514155,0.4992198348045349,0.502687931060791
82,8.522336959838867,3.9656057357788086,9.93012194111338e-05,4.268342971801758,4.247430801391602,4.248368263244629,0.0012259886134415865,0.001821056823246181,0.49092355370521545,0.49239566922187805
83,8.553570747375488,4.750174522399902,9.928411525964468e-05,4.2556939125061035,4.277753829956055,4.307098865509033,0.0011461310787126422,0.0015786148142069578,0.49532008171081543,0.4988783597946167
84,8.458635330200195,2.4545845985412598,9.926680589013732e-05,4.224408149719238,4.238541126251221,4.219308376312256,0.0008024524431675673,0.0018487044144421816,0.4997525215148926,0.4992539882659912
85,8.761490821838379,4.257668972015381,9.924929137853904e-05,4.37230920791626,4.36658239364624,4.4000678062438965,0.0010959324426949024,0.0018322501564398408,0.5122525691986084,0.5147078037261963
86,8.432411193847656,3.343722343444824,9.92315718016771e-05,4.191091537475586,4.222541809082031,4.248450756072998,0.0010348797077313066,0.0018767784349620342,0.5111690759658813,0.5101313591003418
87,8.396651268005371,2.460563898086548,9.921364723727822e-05,4.197320461273193,4.192019462585449,4.196123123168945,0.0008545006858184934,0.0017751996638253331,0.5138568878173828,0.5165132880210876
88,8.288985252380371,4.250048637390137,9.919551776396828e-05,4.140314102172852,4.137535572052002,4.1461052894592285,0.0012815039372071624,0.0021437990944832563,0.5081983804702759,0.5043458342552185
89,8.401823997497559,4.535687446594238,9.917718346127207e-05,4.225359916687012,4.185227394104004,4.157907009124756,0.0008754748268984258,0.001573209068737924,0.50544673204422,0.5103441476821899
90,8.401864051818848,3.6196272373199463,9.915864440961278e-05,4.1967010498046875,4.221038341522217,4.180583477020264,0.0009201973443850875,0.0012552813859656453,0.4882670044898987,0.49430370330810547
91,8.443843841552734,5.0142502784729,9.913990069031175e-05,4.198088645935059,4.222311019897461,4.260798454284668,0.0007129622390493751,0.0013871518895030022,0.4933730959892273,0.4963313043117523
92,8.384563446044922,6.112806797027588,9.912095238558812e-05,4.179880142211914,4.194052696228027,4.205933094024658,0.0009122705669142306,0.0014330338453873992,0.5064620971679688,0.5077016353607178
93,8.426621437072754,4.581231594085693,9.910179957855842e-05,4.222997188568115,4.188117504119873,4.209632396697998,0.0008996276301331818,0.0014747469685971737,0.5043754577636719,0.5100972056388855
94,8.45753002166748,4.316192150115967,9.908244235323625e-05,4.204838752746582,4.2467193603515625,4.24690055847168,0.0012987954542040825,0.0016417965525761247,0.5052683353424072,0.503984808921814
95,8.484333038330078,4.161659240722656,9.906288079453184e-05,4.246814727783203,4.222327709197998,4.2418131828308105,0.00101463811006397,0.00170875561889261,0.508644163608551,0.5100228786468506
96,8.50404167175293,2.5619122982025146,9.904311498825178e-05,4.22861385345459,4.25745153427124,4.281867027282715,0.0011490893084555864,0.0017346151871606708,0.506568968296051,0.5050629377365112
97,8.270249366760254,2.451357841491699,9.902314502109857e-05,4.126949310302734,4.126781940460205,4.148282051086426,0.0011829076102003455,0.0017013344913721085,0.4994341731071472,0.5036900639533997
98,8.193574905395508,3.669955253601074,9.900297098067023e-05,4.08586311340332,4.09921932220459,4.105216979980469,0.0011192286619916558,0.0016272892244160175,0.5053163766860962,0.5125033855438232
99,8.466861724853516,3.8024375438690186,9.898259295545998e-05,4.20585823059082,4.2486066818237305,4.261270523071289,0.0011607909109443426,0.00187199586071074,0.49489444494247437,0.49652862548828125
100,8.387594223022461,3.293303966522217,9.896201103485583e-05,4.176348686218262,4.210221767425537,4.198957443237305,0.001141197863034904,0.0021869176998734474,0.49215131998062134,0.4921478033065796
101,8.413186073303223,2.589991331100464,9.894122530914012e-05,4.202817440032959,4.204746246337891,4.201545715332031,0.0014772717840969563,0.0021336772479116917,0.49622347950935364,0.5015172958374023
102,8.505484580993652,3.3640925884246826,9.892023586948925e-05,4.232537269592285,4.262430191040039,4.271164417266846,0.0011372060980647802,0.0019379574805498123,0.50554358959198,0.5135430693626404
103,8.167500495910645,3.6304781436920166,9.889904280797314e-05,4.094218730926514,4.067197322845459,4.067429065704346,0.0009694921900518239,0.0020151089411228895,0.5123603343963623,0.5164214372634888
104,8.192468643188477,4.8014631271362305,9.887764621755495e-05,4.086228847503662,4.078461170196533,4.118984699249268,0.0010919540654867887,0.0026662417221814394,0.515978991985321,0.5185166597366333
105,8.210794448852539,3.165147304534912,9.885604619209056e-05,4.090261459350586,4.106738567352295,4.121455669403076,0.0010330677032470703,0.0021846904419362545,0.507582426071167,0.5064806938171387
106,8.197349548339844,5.68748140335083,9.883424282632828e-05,4.0842790603637695,4.099689960479736,4.114563941955566,0.0011585158063098788,0.0018131366232410073,0.4881867468357086,0.48976486921310425
107,8.421688079833984,3.9075100421905518,9.881223621590834e-05,4.202068328857422,4.209083080291748,4.217996120452881,0.0012111642863601446,0.00182855105958879,0.4985848665237427,0.5069222450256348
108,8.45055103302002,4.326452255249023,9.879002645736249e-05,4.229199409484863,4.210653305053711,4.217972755432129,0.0013522687368094921,0.0021670591086149216,0.5030572414398193,0.5098381042480469
109,8.131864547729492,3.3006975650787354,9.876761364811358e-05,4.06260871887207,4.057099342346191,4.0699028968811035,0.0010083263041451573,0.0018687968840822577,0.5091234445571899,0.5285452008247375
110,8.09567642211914,3.7567098140716553,9.874499788647518e-05,4.0321044921875,4.068268775939941,4.047425270080566,0.001181169762276113,0.0016815044218674302,0.5086363554000854,0.5155130624771118
111,8.338775634765625,2.9473581314086914,9.872217927165108e-05,4.144055366516113,4.192633628845215,4.18297004699707,0.0012063966132700443,0.002252487698569894,0.49764013290405273,0.5095362663269043
112,8.371444702148438,4.238862991333008,9.869915790373489e-05,4.19481897354126,4.176571846008301,4.162915229797363,0.0015032562660053372,0.0019372968235984445,0.47568652033805847,0.49259626865386963
113,8.232505798339844,3.670417547225952,9.867593388370958e-05,4.110324859619141,4.10043478012085,4.13203763961792,0.0010847034864127636,0.0018872653599828482,0.48630332946777344,0.4952583312988281
114,8.206703186035156,6.015278339385986,9.865250731344709e-05,4.084713935852051,4.106689453125,4.120490550994873,0.0014877192443236709,0.0027118732687085867,0.4984578788280487,0.4927622675895691
115,8.058758735656738,3.060722589492798,9.862887829570779e-05,4.036872863769531,4.0072021484375,4.026076793670654,0.0008344570524059236,0.001788538065738976,0.49168860912323,0.49603933095932007
116,8.231271743774414,2.903897523880005,9.860504693414011e-05,4.095207214355469,4.125443935394287,4.135695934295654,0.0010251543717458844,0.0017218745779246092,0.5263897180557251,0.5264624953269958
117,8.191187858581543,2.991534471511841,9.858101333328009e-05,4.070277214050293,4.109500885009766,4.123328685760498,0.0008773690205998719,0.0013705278979614377,0.519934892654419,0.5194528102874756
118,8.413284301757812,2.9838852882385254,9.855677759855084e-05,4.18747615814209,4.242852210998535,4.197512149810791,0.0009196044411510229,0.0018928108038380742,0.5049237012863159,0.5134194493293762
119,8.06203842163086,3.457148313522339,9.853233983626216e-05,4.002732276916504,4.051218032836914,4.052608966827393,0.0012873363448306918,0.002408849075436592,0.5130157470703125,0.5187515020370483
120,8.271688461303711,2.953251361846924,9.850770015361003e-05,4.114436149597168,4.151880264282227,4.149072170257568,0.001223397790454328,0.00216413545422256,0.5069151520729065,0.5149732828140259
121,8.346308708190918,4.956846237182617,9.848285865867615e-05,4.147928237915039,4.183394908905029,4.198310375213623,0.0015432712389156222,0.002220842521637678,0.49197259545326233,0.48904651403427124
122,8.376760482788086,3.9637773036956787,9.845781546042746e-05,4.198575019836426,4.172149181365967,4.168469429016113,0.0013180705718696117,0.002619524486362934,0.4810137152671814,0.4813261032104492
123,8.241647720336914,4.441425800323486,9.843257066871571e-05,4.095385551452637,4.130103588104248,4.148171424865723,0.001265935366973281,0.0022960887290537357,0.4915790557861328,0.5010166168212891
124,8.149203300476074,4.1167778968811035,9.840712439427688e-05,4.045876502990723,4.103093147277832,4.088859558105469,0.0013389087980613112,0.0023358333855867386,0.4944725036621094,0.4978295564651489
125,8.321346282958984,4.211203575134277,9.838147674873078e-05,4.131087779998779,4.178640365600586,4.188737392425537,0.001410662429407239,0.0018745982088148594,0.5007805228233337,0.5080039501190186
126,8.215526580810547,5.004364013671875,9.835562784458055e-05,4.1284098625183105,4.081000804901123,4.081243515014648,0.001165181864053011,0.0018319467781111598,0.5006856918334961,0.509680986404419
127,8.283546447753906,5.956024646759033,9.832957779521212e-05,4.120425701141357,4.159385681152344,4.154302597045898,0.0011986048193648458,0.0019398709991946816,0.49753516912460327,0.5049651265144348
128,7.925845623016357,4.146009922027588,9.830332671489374e-05,3.967106819152832,3.9748122692108154,3.9268639087677,0.0017917881486937404,0.002158586634323001,0.4885765016078949,0.4969698488712311
129,8.119974136352539,5.537071704864502,9.827687471877551e-05,4.051990032196045,4.059122562408447,4.063009738922119,0.0014691647375002503,0.0019900090992450714,0.4955838918685913,0.5031836628913879
130,8.121628761291504,4.929556846618652,9.825022192288881e-05,4.051070213317871,4.06532621383667,4.063542366027832,0.0014172568917274475,0.001644805772230029,0.5052542686462402,0.5100027918815613
131,8.220163345336914,7.169805526733398,9.822336844414585e-05,4.0862932205200195,4.1212077140808105,4.13430118560791,0.0012144483625888824,0.0018431887729093432,0.5074781179428101,0.5167596936225891
132,8.0798978805542,6.116759777069092,9.819631440033912e-05,4.025570869445801,4.04711389541626,4.047415256500244,0.0013033116701990366,0.0022280532866716385,0.520850419998169,0.5261856317520142
133,8.111732482910156,4.268951416015625,9.816905991014091e-05,4.053102016448975,4.049916744232178,4.051971435546875,0.001357325236313045,0.0024859446566551924,0.5110013484954834,0.5149807929992676
134,8.16020679473877,5.797945022583008,9.814160509310273e-05,4.076378345489502,4.0622453689575195,4.090034008026123,0.0014244013000279665,0.002419835887849331,0.49508148431777954,0.49986961483955383
135,7.9840617179870605,6.29262113571167,9.811395006965485e-05,3.9958696365356445,3.9920899868011475,3.9659371376037598,0.0015215923776850104,0.0030677393078804016,0.4742979407310486,0.47975462675094604
136,8.191598892211914,5.967455863952637,9.808609496110572e-05,4.066853046417236,4.1176652908325195,4.116306781768799,0.0016323088202625513,0.0022477235179394484,0.49988648295402527,0.5038945078849792
137,8.173383712768555,4.239569664001465,9.805803988964148e-05,4.056865215301514,4.102599143981934,4.117654323577881,0.0012225607642903924,0.001973212230950594,0.5111683011054993,0.5112048387527466
138,8.021842002868652,3.717487335205078,9.80297849783254e-05,4.032144546508789,3.9729247093200684,3.991607904434204,0.0016167624853551388,0.002098695607855916,0.5045812129974365,0.5092331171035767
139,8.376359939575195,5.56349515914917,9.800133035109736e-05,4.176863670349121,4.192429542541504,4.190788269042969,0.0017284154891967773,0.002214710460975766,0.4912327229976654,0.5004595518112183
140,8.092357635498047,8.930595397949219,9.797267613277324e-05,4.036496639251709,4.041717052459717,4.052258014678955,0.001596143702045083,0.002841200912371278,0.5018792152404785,0.49949124455451965
141,8.370851516723633,6.580621719360352,9.79438224490445e-05,4.166284561157227,4.186093807220459,4.207600116729736,0.0019496433669701219,0.001910031191073358,0.5029832124710083,0.4997510313987732
142,7.953550338745117,5.093388557434082,9.791476942647749e-05,3.961625099182129,3.985072612762451,3.9850239753723145,0.001576246228069067,0.0018623650539666414,0.5017462968826294,0.5046164989471436
143,8.019085884094238,8.973219871520996,9.788551719251298e-05,3.9992117881774902,4.024418830871582,3.9998891353607178,0.0011969032930210233,0.0026631145738065243,0.5078070163726807,0.5124833583831787
144,8.161149024963379,8.986042976379395,9.78560658754656e-05,4.072063446044922,4.086102485656738,4.078711986541748,0.0016194002237170935,0.0017199950525537133,0.5097575187683105,0.5113754868507385
145,8.2966890335083,4.714312553405762,9.78264156045232e-05,4.138122081756592,4.151364803314209,4.149555206298828,0.001676398329436779,0.002376887248829007,0.4892439544200897,0.483364462852478
146,8.213602066040039,6.849403381347656,9.779656650974642e-05,4.096539497375488,4.10494327545166,4.112705230712891,0.0015053213573992252,0.002613560762256384,0.49088752269744873,0.49917131662368774
147,8.276118278503418,5.350142002105713,9.776651872206796e-05,4.118429660797119,4.1277923583984375,4.1706156730651855,0.0015688393032178283,0.0026736140716820955,0.49729758501052856,0.49920523166656494
148,8.10759449005127,6.789699554443359,9.773627237329211e-05,4.04365348815918,4.039184093475342,4.073237419128418,0.0016841168981045485,0.0021806552540510893,0.5002351999282837,0.5035449862480164
149,8.0404634475708,5.856217861175537,9.770582759609417e-05,4.002242565155029,4.042622089385986,4.018893718719482,0.0020711834076792,0.0016600711969658732,0.5143681764602661,0.5200140476226807
150,7.908510208129883,6.697629451751709,9.767518452401985e-05,3.946013927459717,3.9670515060424805,3.942680835723877,0.001529062632471323,0.002286264207214117,0.5142319798469543,0.5157631039619446
151,8.093399047851562,5.166542053222656,9.764434329148461e-05,4.049685955047607,4.043647766113281,4.029776573181152,0.0012314433697611094,0.002268839394673705,0.48616164922714233,0.4903569519519806
152,8.165709495544434,6.746291637420654,9.761330403377322e-05,4.083408832550049,4.0714616775512695,4.077206134796143,0.0014183393213897943,0.002565351314842701,0.4662584364414215,0.47430220246315
153,8.087780952453613,5.346764087677002,9.758206688703904e-05,4.036125183105469,4.040614128112793,4.047187328338623,0.0014721748884767294,0.0024058541748672724,0.47771361470222473,0.4837058484554291
154,8.142474174499512,7.457430362701416,9.755063198830347e-05,4.067638397216797,4.0663652420043945,4.07096004486084,0.0011903237318620086,0.0018965342314913869,0.4895945191383362,0.4905734658241272
155,8.021885871887207,6.0159912109375,9.751899947545536e-05,4.001980781555176,3.987046957015991,4.039154529571533,0.0013211838668212295,0.002080972772091627,0.5173817873001099,0.5204415321350098
156,7.913045406341553,5.231842994689941,9.748716948725039e-05,3.943081855773926,3.9504356384277344,3.973021984100342,0.0012420410057529807,0.0028752887155860662,0.5307178497314453,0.5399767756462097
157,8.218995094299316,8.7709321975708,9.745514216331046e-05,4.084218978881836,4.116697311401367,4.136178016662598,0.0018598957685753703,0.0023092059418559074,0.4858652949333191,0.49347376823425293
158,8.310768127441406,4.794473648071289,9.742291764412307e-05,4.159777641296387,4.153190612792969,4.134114742279053,0.0014680041931569576,0.0022007597144693136,0.4884645938873291,0.4940384030342102
159,7.977629661560059,7.152842044830322,9.739049607104075e-05,3.9736599922180176,3.9709839820861816,4.018287181854248,0.0019056862220168114,0.0027612284757196903,0.465579092502594,0.4631264805793762
160,7.862067222595215,5.674414157867432,9.735787758628038e-05,3.9119696617126465,3.930039644241333,3.951683282852173,0.0017498425440862775,0.002868345705792308,0.4808602035045624,0.4782315194606781
161,7.933535099029541,6.285214900970459,9.732506233292256e-05,3.961604595184326,3.954223394393921,3.97088885307312,0.0020017039496451616,0.00268533150665462,0.5047462582588196,0.5052317380905151
162,7.918415546417236,6.761427402496338,9.729205045491109e-05,3.945134162902832,3.965595245361328,3.9642343521118164,0.0013534690951928496,0.0028298362158238888,0.5225716829299927,0.526057243347168
163,7.956611633300781,9.90708065032959,9.725884209705217e-05,3.979184627532959,3.9801180362701416,3.956573009490967,0.0015258643543347716,0.003014973131939769,0.5313831567764282,0.5348780155181885
164,8.074088096618652,3.98050856590271,9.722543740501396e-05,4.018153190612793,4.042590618133545,4.055356979370117,0.0016754569951444864,0.001804620842449367,0.5100018978118896,0.5199337005615234
165,8.139344215393066,6.119918346405029,9.719183652532575e-05,4.077060699462891,4.054292678833008,4.05595588684082,0.001451148884370923,0.0021285666152834892,0.5008783340454102,0.5009225606918335
166,7.860105037689209,6.683104991912842,9.715803960537742e-05,3.917116641998291,3.915925979614258,3.953188896179199,0.001437776954844594,0.0027777820359915495,0.4919570982456207,0.487405002117157
167,8.164673805236816,6.252431392669678,9.712404679341882e-05,4.081405162811279,4.066162586212158,4.08701753616333,0.0015762399416416883,0.0017626371700316668,0.49299806356430054,0.4913763105869293
168,7.880505084991455,5.321377277374268,9.708985823855906e-05,3.918951988220215,3.9370882511138916,3.971540927886963,0.0017548245377838612,0.001864770194515586,0.4995829164981842,0.5003647208213806
169,8.164164543151855,8.367385864257812,9.705547409076584e-05,4.0677080154418945,4.10062837600708,4.077944278717041,0.001428238465450704,0.0021570429671555758,0.5149937868118286,0.5162943005561829
170,7.983222961425781,7.573212623596191,9.702089450086487e-05,3.96930193901062,4.001216411590576,4.013289451599121,0.001642245682887733,0.0016918584005907178,0.5119483470916748,0.5100061297416687
171,7.780962944030762,4.3542256355285645,9.698611962053918e-05,3.8752689361572266,3.8876705169677734,3.9089884757995605,0.0014353151200339198,0.0022468639072030783,0.49360424280166626,0.49464577436447144
172,7.886863708496094,7.023319244384766,9.695114960232836e-05,3.928637981414795,3.937912940979004,3.9610540866851807,0.0019284675363451242,0.0024425757583230734,0.4842906892299652,0.4840458929538727
173,7.804817199707031,8.196685791015625,9.691598459962801e-05,3.8956491947174072,3.894753932952881,3.9084246158599854,0.001466949819587171,0.002322363667190075,0.48290780186653137,0.4784931242465973
174,7.859136581420898,5.554635524749756,9.688062476668912e-05,3.9352264404296875,3.9115357398986816,3.9174301624298096,0.0015788396121934056,0.003134857164695859,0.462022066116333,0.4671521782875061
175,7.883028507232666,5.997941493988037,9.684507025861712e-05,3.929126739501953,3.943953275680542,3.9499294757843018,0.0013518122723326087,0.0021283451933413744,0.49883928894996643,0.5074228644371033
176,7.801477909088135,4.024550437927246,9.680932123137154e-05,3.88634991645813,3.9016990661621094,3.915659189224243,0.0012862359872087836,0.001938392873853445,0.5038344264030457,0.5068401098251343
177,8.128958702087402,3.7852771282196045,9.677337784176507e-05,4.049866676330566,4.072631359100342,4.069212913513184,0.001454459154047072,0.0026307222433388233,0.5066171884536743,0.5174489617347717
178,7.7645416259765625,4.796145439147949,9.673724024746303e-05,3.8548827171325684,3.8948326110839844,3.907686471939087,0.001680836547166109,0.0025188426952809095,0.5044910907745361,0.5073941946029663
179,7.966568946838379,6.92563009262085,9.670090860698255e-05,3.9672651290893555,3.984774589538574,3.9992082118988037,0.0015241095097735524,0.0021320104133337736,0.5274471044540405,0.5333477258682251
180,7.962742805480957,4.4925031661987305,9.6664383079692e-05,3.934863328933716,4.01302433013916,4.028360843658447,0.0014180957805365324,0.002175420755520463,0.5105293989181519,0.5194950103759766
181,7.9588518142700195,7.240785121917725,9.662766382581022e-05,3.9790894985198975,3.9629180431365967,3.976595401763916,0.002142356475815177,0.002860591048374772,0.49130916595458984,0.4923681616783142
182,7.908055782318115,9.619114875793457,9.659075100640581e-05,3.926748275756836,3.977431058883667,3.9658751487731934,0.0022106363903731108,0.0026166876778006554,0.47026705741882324,0.4668434262275696
183,8.014455795288086,7.656674861907959,9.655364478339647e-05,4.006685256958008,3.9857022762298584,4.009496212005615,0.0018914385000243783,0.0031936585437506437,0.4799956679344177,0.48736298084259033
184,7.858724594116211,5.850301742553711,9.651634531954822e-05,3.8991951942443848,3.9390127658843994,3.959921360015869,0.0022615494672209024,0.0027694078162312508,0.47472453117370605,0.48352208733558655
185,7.86323356628418,6.896247386932373,9.64788527784748e-05,3.9360225200653076,3.929015636444092,3.9100332260131836,0.0016872213454917073,0.0021559977903962135,0.49397844076156616,0.49590885639190674
186,8.00551986694336,8.884758949279785,9.644116732463679e-05,3.948375940322876,4.02741813659668,4.065841197967529,0.002078742953017354,0.0031785438768565655,0.5095216631889343,0.5146669149398804
187,8.008712768554688,9.161473274230957,9.640328912334108e-05,3.9991865158081055,3.9823052883148193,4.018299102783203,0.0019773528911173344,0.002634587464854121,0.5247310400009155,0.5320335626602173
188,8.035569190979004,10.405412673950195,9.636521834073995e-05,4.001859188079834,4.007598400115967,4.038597106933594,0.002037456026300788,0.003268805332481861,0.5292770862579346,0.5316778421401978
189,7.785736560821533,6.442492485046387,9.632695514383051e-05,3.8818278312683105,3.883573055267334,3.91070818901062,0.001178863225504756,0.0022050596307963133,0.5130956768989563,0.5138258934020996
190,7.994732856750488,6.508042335510254,9.628849970045382e-05,4.002325057983398,3.9622137546539307,4.004626274108887,0.0017599437851458788,0.0027340420056134462,0.5111493468284607,0.5104377269744873
191,7.932092666625977,6.707160472869873,9.62498521792943e-05,3.9703540802001953,3.9422266483306885,3.9630191326141357,0.0018184857908636332,0.0027393889613449574,0.4934868812561035,0.4979923367500305
192,7.786558628082275,4.753204822540283,9.621101274987889e-05,3.8817498683929443,3.8975143432617188,3.899905204772949,0.0013872940326109529,0.0016620985697954893,0.5039111375808716,0.5001415014266968
193,7.905945777893066,4.048112392425537,9.617198158257631e-05,3.943955659866333,3.943317174911499,3.960986614227295,0.0018810000037774444,0.0030382005497813225,0.5011304020881653,0.4979833662509918
194,8.098115921020508,6.1696014404296875,9.613275884859637e-05,4.022281169891357,4.0774335861206055,4.0499138832092285,0.002072323113679886,0.0040085194632411,0.4757217764854431,0.47246864438056946
195,8.239105224609375,9.069738388061523,9.609334471998916e-05,4.104181289672852,4.076996803283691,4.170407772064209,0.0016196046490222216,0.003991232253611088,0.5019540786743164,0.5100335478782654
196,7.885196685791016,4.2867913246154785,9.605373936964434e-05,3.9034695625305176,3.9495558738708496,3.9945433139801025,0.002028716029599309,0.0028103410732001066,0.4948297142982483,0.49860188364982605
197,7.932054042816162,8.933157920837402,9.601394297129033e-05,3.9336981773376465,3.9921469688415527,3.987022876739502,0.0014444489497691393,0.002941482700407505,0.5009188652038574,0.5059057474136353
198,7.862751483917236,9.849342346191406,9.597395569949363e-05,3.942444324493408,3.8993759155273438,3.9246087074279785,0.0015573600539937615,0.002600000938400626,0.5242137908935547,0.5301389694213867
199,8.06135368347168,9.50039005279541,9.593377772965798e-05,4.019378185272217,4.03424596786499,4.032376289367676,0.0016262016724795103,0.0027066238690167665,0.49125850200653076,0.4869518280029297
200,7.692562103271484,7.685285568237305,9.58934092380236e-05,3.8330414295196533,3.836498737335205,3.8652586936950684,0.0017875249031931162,0.002533633727580309,0.5000823736190796,0.49813562631607056
201,7.808444976806641,5.380194664001465,9.585285040166645e-05,3.9057371616363525,3.889495372772217,3.8938281536102295,0.002312374534085393,0.0032106060534715652,0.49989306926727295,0.49903565645217896
202,7.887840270996094,4.631120204925537,9.581210139849741e-05,3.9277853965759277,3.9335989952087402,3.966346025466919,0.0022535237949341536,0.00278778700158,0.49694111943244934,0.510942280292511
203,7.724846839904785,4.7301225662231445,9.577116240726158e-05,3.850456714630127,3.859548330307007,3.872276544570923,0.001731382217258215,0.0025073338765650988,0.49336543679237366,0.4915020167827606
204,7.722517490386963,5.21187162399292,9.573003360753736e-05,3.859727144241333,3.845395088195801,3.864607334136963,0.0016515689203515649,0.0022430182434618473,0.4949577748775482,0.49280115962028503
205,7.679049015045166,6.086518287658691,9.568871517973582e-05,3.8242533206939697,3.829749345779419,3.86322283744812,0.001860562595538795,0.0022939969785511494,0.4977257251739502,0.5075758695602417
206,7.787286758422852,4.789549350738525,9.564720730509979e-05,3.862952709197998,3.912642240524292,3.919452428817749,0.0017223546747118235,0.002420786302536726,0.50640869140625,0.5167797803878784
207,7.886455535888672,9.48270320892334,9.560551016570313e-05,3.9138379096984863,3.971195697784424,3.9588708877563477,0.001610034261830151,0.0021820964757353067,0.5225809216499329,0.5304101705551147
208,7.988663196563721,11.60777759552002,9.556362394444986e-05,3.9816107749938965,4.002557754516602,3.9890451431274414,0.0022256227675825357,0.0033999253064393997,0.48198604583740234,0.49429529905319214
209,7.847224712371826,4.787616729736328,9.552154882507346e-05,3.931083917617798,3.9038889408111572,3.905578374862671,0.002105060499161482,0.0035984262358397245,0.4930613040924072,0.4994737505912781
210,7.892562389373779,4.8679656982421875,9.5479284992136e-05,3.933429002761841,3.9261515140533447,3.967103958129883,0.0024584538768976927,0.003794222604483366,0.5181177854537964,0.5166375637054443
211,7.6143951416015625,5.01021146774292,9.543683263102729e-05,3.788459062576294,3.830162525177002,3.805703639984131,0.001659134402871132,0.0023423463571816683,0.5045299530029297,0.509879469871521
212,8.082937240600586,6.7689337730407715,9.53941919279642e-05,4.028666019439697,4.022355079650879,4.060575008392334,0.0027040522545576096,0.0036987480707466602,0.5114849209785461,0.5118828415870667
213,7.942612171173096,5.3104047775268555,9.535136306998968e-05,3.965423107147217,3.97003173828125,3.963209390640259,0.0021670018322765827,0.003117218380793929,0.5087301731109619,0.5141943693161011
214,7.645765781402588,6.247689247131348,9.53083462449721e-05,3.795734167098999,3.8475677967071533,3.831477165222168,0.00217122258618474,0.003083127783611417,0.48995351791381836,0.5046154260635376
215,7.8571929931640625,6.971312999725342,9.526514164160425e-05,3.926368236541748,3.931429147720337,3.9104902744293213,0.002301157684996724,0.0026313799899071455,0.4814945459365845,0.49680423736572266
216,7.876361846923828,6.525369167327881,9.522174944940269e-05,3.91562557220459,3.9493706226348877,3.9513847827911377,0.0026033578906208277,0.0025761534925550222,0.4968772232532501,0.5079438090324402
217,8.016973495483398,7.996512413024902,9.517816985870677e-05,3.9918928146362305,4.001183032989502,4.022334098815918,0.002809249795973301,0.0038525282870978117,0.48555076122283936,0.4942411482334137
218,7.638550281524658,7.883101463317871,9.513440306067793e-05,3.7938265800476074,3.8269400596618652,3.845966100692749,0.0020453205797821283,0.0020899309311062098,0.5120121240615845,0.5158582925796509
219,7.851335048675537,11.838553428649902,9.509044924729876e-05,3.943319797515869,3.880707263946533,3.919370174407959,0.0015543005429208279,0.0024338378570973873,0.5202887058258057,0.5309876203536987
220,7.8444013595581055,5.556029319763184,9.504630861137216e-05,3.907249927520752,3.9219586849212646,3.939664602279663,0.0013126558624207973,0.0018569336971268058,0.5268481969833374,0.5370805859565735
221,7.726626873016357,7.594091892242432,9.500198134652059e-05,3.840907573699951,3.8634347915649414,3.889902353286743,0.0019431778928264976,0.002582404762506485,0.49512404203414917,0.5000487565994263
222,7.9364705085754395,6.414385795593262,9.495746764718507e-05,3.940145254135132,3.9693546295166016,4.002964019775391,0.0020745841320604086,0.00300836144015193,0.48653462529182434,0.4849461317062378
223,8.088969230651855,5.966487407684326,9.491276770862452e-05,4.015262603759766,4.05110502243042,4.076519966125488,0.002160200849175453,0.002787252189591527,0.48792606592178345,0.5007897615432739
224,7.858582973480225,8.149723052978516,9.48678817269147e-05,3.9153151512145996,3.9136130809783936,3.9557948112487793,0.0016665704315528274,0.002615158213302493,0.5226739645004272,0.5221201777458191
225,7.701385974884033,11.542679786682129,9.482280989894752e-05,3.8348748683929443,3.827890634536743,3.8909668922424316,0.0009799763793125749,0.00256122718565166,0.5269667506217957,0.5390188694000244
226,7.671674728393555,8.301046371459961,9.477755242243004e-05,3.82255220413208,3.8323094844818115,3.8493056297302246,0.0017205557087436318,0.002436988055706024,0.5060122013092041,0.5179245471954346
227,8.077373504638672,7.360269069671631,9.47321094958837e-05,4.005364894866943,4.065181732177734,4.060899257659912,0.0017055552452802658,0.00277833198197186,0.4875226616859436,0.4864608645439148
228,7.535977363586426,13.349289894104004,9.468648131864341e-05,3.725847005844116,3.778606414794922,3.8178470134735107,0.0023178518749773502,0.0036337440833449364,0.4855648875236511,0.47704946994781494
229,7.75166654586792,11.827571868896484,9.464066809085667e-05,3.880077362060547,3.8616995811462402,3.855700731277466,0.0027849413454532623,0.00365943880751729,0.4682930111885071,0.46645259857177734
230,7.899901390075684,6.676496982574463,9.459467001348273e-05,3.926088571548462,3.9683356285095215,3.9623420238494873,0.0015758767258375883,0.002661054255440831,0.4729118347167969,0.47939497232437134
231,7.802420616149902,14.213155746459961,9.454848728829166e-05,3.9112396240234375,3.8824212551116943,3.884274482727051,0.0014200102305039763,0.0024965950287878513,0.5155134797096252,0.52705979347229
232,7.932426929473877,9.284342765808105,9.450212011786347e-05,3.959228038787842,3.940842628479004,3.986938238143921,0.0021480119321495295,0.002506193472072482,0.5165503621101379,0.5186570882797241
233,7.737335681915283,4.886915683746338,9.445556870558726e-05,3.857372283935547,3.8515613079071045,3.891227960586548,0.001403458067215979,0.0028808193746954203,0.5097154378890991,0.516222357749939
234,7.691593170166016,6.9633355140686035,9.440883325566032e-05,3.8411803245544434,3.838758707046509,3.846492290496826,0.0018554932903498411,0.0020383442752063274,0.5269345641136169,0.5297144055366516
235,7.554398536682129,4.465878963470459,9.436191397308717e-05,3.754277229309082,3.7930383682250977,3.790950059890747,0.0017082967096939683,0.002355265896767378,0.49939998984336853,0.5063854455947876
236,7.676968097686768,4.5477070808410645,9.431481106367875e-05,3.81644344329834,3.8435792922973633,3.8555092811584473,0.002366177272051573,0.0031239131931215525,0.5035114288330078,0.5028873682022095
237,7.645055770874023,8.129169464111328,9.426752473405145e-05,3.7949461936950684,3.818171977996826,3.8647267818450928,0.001771452371031046,0.0025585899129509926,0.49396300315856934,0.499500036239624
238,7.8129119873046875,5.460002899169922,9.42200551916263e-05,3.90351939201355,3.8867855072021484,3.913282871246338,0.0015081268502399325,0.0031710159964859486,0.4857640564441681,0.4896473288536072
239,7.727904319763184,5.383009910583496,9.417240264462788e-05,3.8600850105285645,3.852719783782959,3.8654518127441406,0.0017499183304607868,0.0026168327312916517,0.48671191930770874,0.49841761589050293
240,8.037626266479492,8.172082901000977,9.412456730208357e-05,3.9732320308685303,4.033795356750488,4.075454235076904,0.0019062623614445329,0.0029783635400235653,0.49475154280662537,0.4930883049964905
241,7.638596534729004,7.181169509887695,9.407654937382264e-05,3.8328123092651367,3.7836501598358154,3.8082127571105957,0.0019516334868967533,0.0029745250940322876,0.4872683882713318,0.49258631467819214
242,7.773741722106934,6.858920574188232,9.402834907047515e-05,3.8381152153015137,3.9274463653564453,3.9234871864318848,0.0020072779152542353,0.003072417341172695,0.5118019580841064,0.5239068269729614
243,7.51117467880249,6.878421783447266,9.397996660347126e-05,3.7492523193359375,3.7242431640625,3.7792506217956543,0.001820051809772849,0.0032674125395715237,0.49414390325546265,0.4995150566101074
244,7.889127731323242,16.38264274597168,9.393140218504012e-05,3.946338653564453,3.938209056854248,3.9285216331481934,0.001587867271155119,0.0031237276270985603,0.5076767206192017,0.5126119256019592
245,7.727123260498047,6.031495094299316,9.388265602820904e-05,3.8620975017547607,3.8333165645599365,3.877674102783203,0.0013557923957705498,0.0034094315487891436,0.5040398240089417,0.5010260939598083
246,7.651740074157715,6.08771276473999,9.383372834680251e-05,3.8182754516601562,3.816647529602051,3.831991195678711,0.001588285667821765,0.0029843440279364586,0.5293565392494202,0.5258357524871826
247,7.72423791885376,14.728365898132324,9.378461935544128e-05,3.844398021697998,3.8521883487701416,3.880869150161743,0.002827852964401245,0.0038278864230960608,0.5138309597969055,0.5076034665107727
248,7.70635461807251,7.990519046783447,9.373532926954141e-05,3.8280646800994873,3.864217519760132,3.867527484893799,0.002864693058654666,0.0033439467661082745,0.48816996812820435,0.489938884973526
249,7.715273857116699,7.117465496063232,9.368585830531332e-05,3.857816696166992,3.8313095569610596,3.8661017417907715,0.0016606674762442708,0.002715284237638116,0.49844518303871155,0.4990614950656891
250,7.982224941253662,7.424982070922852,9.363620667976088e-05,3.985898017883301,4.0009260177612305,3.971714496612549,0.0017301961779594421,0.0032730582170188427,0.5090354681015015,0.5059465169906616
251,7.781458854675293,18.7076416015625,9.35863746106804e-05,3.8695788383483887,3.9006600379943848,3.896411895751953,0.002852483419701457,0.003819527104496956,0.49309250712394714,0.49930670857429504
252,7.946737289428711,19.432857513427734,9.35363623166597e-05,3.9742016792297363,3.952354669570923,3.9655253887176514,0.002612294629216194,0.0041854241862893105,0.49837198853492737,0.5012558698654175
253,7.840047836303711,4.908725261688232,9.348617001707722e-05,3.926936626434326,3.9001669883728027,3.9042787551879883,0.00222144671715796,0.003223021747544408,0.4942731261253357,0.5020774602890015
254,7.861205101013184,7.242928981781006,9.343579793210089e-05,3.9316189289093018,3.9325413703918457,3.8963987827301025,0.003240693360567093,0.004317498300224543,0.4869270920753479,0.49473264813423157
255,7.729648590087891,10.32344913482666,9.338524628268735e-05,3.8263728618621826,3.891251802444458,3.893203020095825,0.00233753165230155,0.0031866903882473707,0.4893378019332886,0.4863649904727936
256,7.826168060302734,9.121095657348633,9.333451529058085e-05,3.9003963470458984,3.8995158672332764,3.9329934120178223,0.0017509260214865208,0.003007424296811223,0.5126206874847412,0.5167012214660645
257,7.779782295227051,10.302298545837402,9.328360517831235e-05,3.8841280937194824,3.8751308917999268,3.897282123565674,0.001562977209687233,0.003160929773002863,0.5216997861862183,0.5305368304252625
258,7.741398811340332,8.776036262512207,9.32325161691985e-05,3.8671987056732178,3.8673558235168457,3.8629255294799805,0.001994798192754388,0.002534909639507532,0.5286146402359009,0.5318342447280884
259,7.628054141998291,6.322127819061279,9.31812484873407e-05,3.7861862182617188,3.8226540088653564,3.8464603424072266,0.0016116586048156023,0.002043610904365778,0.5152926445007324,0.5259740352630615
260,8.088546752929688,6.362565994262695,9.312980235762409e-05,4.009356498718262,4.059050559997559,4.075544357299805,0.0024595053400844336,0.0034863962791860104,0.4963940382003784,0.4900781512260437
261,7.604893207550049,9.586575508117676,9.307817800571654e-05,3.8142595291137695,3.769930362701416,3.792966842651367,0.0018803515704348683,0.0027123393956571817,0.47701603174209595,0.4836743474006653
262,7.57144021987915,10.675718307495117,9.302637565806774e-05,3.779712677001953,3.773306131362915,3.7917230129241943,0.001973235746845603,0.0026334142312407494,0.4976730942726135,0.5038875341415405
263,7.93023681640625,9.015144348144531,9.297439554190811e-05,3.9582316875457764,3.970428228378296,3.9571056365966797,0.002189235994592309,0.001929925405420363,0.5186277627944946,0.5292187929153442
264,7.739219665527344,8.047155380249023,9.292223788524788e-05,3.847698926925659,3.882418155670166,3.877039670944214,0.002011647215113044,0.0038842246867716312,0.5016952753067017,0.5116530656814575
265,7.7771220207214355,5.823663234710693,9.286990291687607e-05,3.860912799835205,3.905801296234131,3.905233383178711,0.0019431072287261486,0.003403013339266181,0.4870533347129822,0.49961400032043457
266,7.513068199157715,6.496309757232666,9.281739086635942e-05,3.746523380279541,3.7412502765655518,3.7765023708343506,0.0017741264309734106,0.0020601933356374502,0.4843427538871765,0.49138057231903076
267,7.666584014892578,8.887648582458496,9.276470196404148e-05,3.839139223098755,3.8074028491973877,3.826169967651367,0.002034667879343033,0.003294373396784067,0.483580619096756,0.49112069606781006
268,7.838658809661865,8.243447303771973,9.271183644104157e-05,3.8948278427124023,3.9298200607299805,3.9385247230529785,0.001827443833462894,0.0030016000382602215,0.4930911660194397,0.49659204483032227
269,7.567930221557617,6.299639701843262,9.265879452925373e-05,3.770841598510742,3.7804205417633057,3.7924134731292725,0.0022699523251503706,0.0030657171737402678,0.504984974861145,0.5030475854873657
270,7.569765567779541,8.278096199035645,9.260557646134574e-05,3.7645034790039062,3.79267954826355,3.7969565391540527,0.002199959708377719,0.003022147575393319,0.5082051753997803,0.5160475969314575
271,7.694941520690918,12.560970306396484,9.255218247075807e-05,3.834744930267334,3.839205265045166,3.861771821975708,0.0016693805810064077,0.003184540430083871,0.5290012955665588,0.5365387797355652
272,7.793319225311279,11.772698402404785,9.24986127917029e-05,3.9038543701171875,3.874889612197876,3.8850433826446533,0.0018098370637744665,0.0029395336750894785,0.49595141410827637,0.5042755603790283
273,7.546476364135742,5.4211039543151855,9.244486765916305e-05,3.7585690021514893,3.7784535884857178,3.778437614440918,0.001892278902232647,0.0028386448975652456,0.4935058057308197,0.5026885271072388
274,7.723926544189453,11.778166770935059,9.239094730889095e-05,3.8465561866760254,3.871614933013916,3.8577473163604736,0.002866869792342186,0.003477571066468954,0.474633127450943,0.48237958550453186
275,7.478213310241699,6.349828243255615,9.233685197740765e-05,3.7150163650512695,3.739469051361084,3.7665581703186035,0.0023937977384775877,0.0026978440582752228,0.479434609413147,0.4853053390979767
276,7.737306118011475,6.153132915496826,9.228258190200174e-05,3.839496612548828,3.888502836227417,3.8899645805358887,0.0015765954740345478,0.0027113535907119513,0.5048600435256958,0.5039044618606567
277,7.592138290405273,6.645928859710693,9.222813732072831e-05,3.770822763442993,3.7990214824676514,3.823620080947876,0.0019518524641171098,0.003045562654733658,0.5076360106468201,0.5097246170043945
278,7.809353351593018,9.651171684265137,9.217351847240795e-05,3.897428512573242,3.892439126968384,3.9089128971099854,0.001755561912432313,0.0038690248038619757,0.5318707227706909,0.5333777666091919
279,7.740719318389893,7.642803192138672,9.211872559662563e-05,3.860582113265991,3.8797028064727783,3.8638980388641357,0.0016324232565239072,0.0025359303690493107,0.502410888671875,0.5065499544143677
280,7.722712516784668,9.330687522888184,9.206375893372973e-05,3.838287830352783,3.848005533218384,3.8964264392852783,0.002382475882768631,0.0037220148369669914,0.48784494400024414,0.4877653121948242
281,7.491594314575195,6.353832721710205,9.200861872483091e-05,3.7057976722717285,3.764801263809204,3.7879858016967773,0.001745210262015462,0.0029564653523266315,0.49215826392173767,0.4972130358219147
282,7.529586315155029,9.490976333618164,9.19533052118011e-05,3.736950397491455,3.786997079849243,3.7727880477905273,0.0028072260320186615,0.003564540995284915,0.49078673124313354,0.4838946461677551
283,7.603403091430664,5.739023208618164,9.189781863727245e-05,3.7963011264801025,3.806096315383911,3.7894749641418457,0.001911695348098874,0.002746542450040579,0.5172046422958374,0.5195035934448242
284,7.586910724639893,8.50104808807373,9.18421592446362e-05,3.780207872390747,3.7970030307769775,3.8007829189300537,0.0018295419868081808,0.0020753005519509315,0.5187414288520813,0.5212793350219727
285,7.584377765655518,4.400857925415039,9.178632727804168e-05,3.7874982357025146,3.776557207107544,3.798349142074585,0.0018032355001196265,0.002909986535087228,0.5057608485221863,0.5054492950439453
286,7.608616828918457,6.816649436950684,9.173032298239523e-05,3.8094520568847656,3.7892189025878906,3.7882447242736816,0.0023597932886332273,0.0028568245470523834,0.48915988206863403,0.4904099702835083
287,7.498289585113525,7.775821685791016,9.167414660335907e-05,3.7065672874450684,3.766599178314209,3.79048490524292,0.00212037842720747,0.004469624254852533,0.47582876682281494,0.4747854769229889
288,7.836634159088135,12.220211029052734,9.161779838735029e-05,3.889357089996338,3.918945550918579,3.9527475833892822,0.002071103546768427,0.0036441951524466276,0.4930976331233978,0.49938616156578064
289,7.83306884765625,11.576178550720215,9.156127858153975e-05,3.881333112716675,3.919811487197876,3.9588515758514404,0.0021250518038868904,0.00407683989033103,0.49791648983955383,0.5091939568519592
290,7.757786750793457,9.660181999206543,9.150458743385094e-05,3.824714183807373,3.918536424636841,3.9222471714019775,0.0025621571112424135,0.003778433194383979,0.504250168800354,0.5039262771606445
291,7.662747383117676,10.518035888671875,9.1447725192959e-05,3.8171253204345703,3.8380722999572754,3.8301711082458496,0.002915473422035575,0.00283474731259048,0.4981769323348999,0.49507319927215576
292,8.003992080688477,5.971644878387451,9.13906921082895e-05,3.9894802570343018,3.994267225265503,4.014230728149414,0.0021602725610136986,0.0029711241368204355,0.5076621770858765,0.5057741403579712
293,7.645638942718506,9.919227600097656,9.133348843001747e-05,3.808236598968506,3.8076119422912598,3.8435771465301514,0.0021699017379432917,0.003733846126124263,0.5149019360542297,0.5188537240028381
294,7.524831295013428,7.505430698394775,9.127611440906624e-05,3.7616074085235596,3.724609851837158,3.7790956497192383,0.002955532865598798,0.0027302452363073826,0.5063461065292358,0.5099035501480103
295,7.532960414886475,8.47647762298584,9.121857029710633e-05,3.7649405002593994,3.7485575675964355,3.7628965377807617,0.0024355407804250717,0.003710884600877762,0.4991317391395569,0.5073047876358032
296,7.436541557312012,6.625220775604248,9.116085634655437e-05,3.696389675140381,3.714618682861328,3.741273880004883,0.0024804705753922462,0.0036223495844751596,0.5055390000343323,0.5053616762161255
297,7.597467422485352,9.496662139892578,9.110297281057196e-05,3.7850024700164795,3.803292989730835,3.7999427318573,0.0023491636384278536,0.0030743053648620844,0.49327313899993896,0.49351420998573303
298,7.747178077697754,8.984889030456543,9.104491994306464e-05,3.828902244567871,3.9097719192504883,3.9077439308166504,0.0020078655797988176,0.002750934334471822,0.4985600411891937,0.4962403178215027
299,7.505443096160889,6.739864349365234,9.098669799868068e-05,3.7239251136779785,3.7637293338775635,3.7797679901123047,0.002081319224089384,0.0028033938724547625,0.5088199973106384,0.5037528276443481
300,7.569619178771973,16.011295318603516,9.092830723281e-05,3.778646230697632,3.7624049186706543,3.793398141860962,0.0023262971080839634,0.004209436476230621,0.49263548851013184,0.4885770082473755
301,7.52338171005249,9.433443069458008,9.086974790158307e-05,3.74729585647583,3.7784314155578613,3.756953477859497,0.0020414257887750864,0.0021551887039095163,0.5169562101364136,0.5169723033905029
302,7.494182109832764,8.737661361694336,9.081102026186979e-05,3.740309715270996,3.7320973873138428,3.753606081008911,0.0023745715152472258,0.0031356506515294313,0.5149064064025879,0.5190916657447815
303,7.8413166999816895,11.562689781188965,9.075212457127829e-05,3.8993611335754395,3.915168523788452,3.947700023651123,0.0022255806252360344,0.0030350179877132177,0.5293842554092407,0.5396542549133301
304,7.809808731079102,19.749378204345703,9.06930610881539e-05,3.8752658367156982,3.8931074142456055,3.947420597076416,0.0027476465329527855,0.00439215824007988,0.5124489665031433,0.5254538059234619
305,7.6064300537109375,11.195403099060059,9.063383007157794e-05,3.8050990104675293,3.7612667083740234,3.819631814956665,0.0023078599479049444,0.0031330205965787172,0.5130056142807007,0.5088129639625549
306,7.5466413497924805,7.57988166809082,9.057443178136665e-05,3.7817201614379883,3.733823776245117,3.7690064907073975,0.002600480103865266,0.004152628593146801,0.47113701701164246,0.4835355281829834
307,7.652462482452393,12.693229675292969,9.051486647806995e-05,3.803325891494751,3.838062286376953,3.8312036991119385,0.0029789493419229984,0.004273026715964079,0.45797061920166016,0.47551774978637695
308,7.647015571594238,11.085923194885254,9.045513442297045e-05,3.7803103923797607,3.834986925125122,3.878542900085449,0.0020735813304781914,0.002896656049415469,0.4571375250816345,0.4653584063053131
309,7.522264003753662,18.502595901489258,9.039523587808213e-05,3.7445740699768066,3.743565797805786,3.7930283546447754,0.001891190535388887,0.002805534517392516,0.4890638291835785,0.49535930156707764
310,7.542468547821045,9.950322151184082,9.033517110614932e-05,3.767296314239502,3.735755443572998,3.797457218170166,0.0014213531976565719,0.0028617247007787228,0.5297799110412598,0.5405343770980835
311,7.715803146362305,10.398944854736328,9.027494037064551e-05,3.8364107608795166,3.8472166061401367,3.8928072452545166,0.0019482269417494535,0.0027421554550528526,0.5334557294845581,0.5394522547721863
312,7.478128910064697,10.019434928894043,9.021454393577217e-05,3.7307257652282715,3.750732660293579,3.726637125015259,0.0019747584592550993,0.002384473569691181,0.5299981832504272,0.5399022698402405
313,7.363198757171631,5.693638324737549,9.01539820664576e-05,3.668330192565918,3.6763784885406494,3.692795753479004,0.0021370239555835724,0.003003742080181837,0.5015157461166382,0.5147491693496704
314,7.69004487991333,7.742274284362793,9.009325502835582e-05,3.834587574005127,3.8395159244537354,3.850090980529785,0.002285657450556755,0.0030411866027861834,0.4900350570678711,0.49725663661956787
315,7.7469305992126465,8.855857849121094,9.003236308784528e-05,3.8562493324279785,3.872784376144409,3.8862507343292236,0.0021031396463513374,0.003478855127468705,0.47611203789711,0.49183210730552673
316,7.430640697479248,9.652244567871094,8.997130651202787e-05,3.6767570972442627,3.7387895584106445,3.7452430725097656,0.002508557867258787,0.0034247790463268757,0.47503602504730225,0.48338353633880615
317,7.541245937347412,8.311176300048828,8.991008556872757e-05,3.75161075592041,3.78511381149292,3.7724010944366455,0.0025586821138858795,0.0028801860753446817,0.48583364486694336,0.4893869459629059
318,7.460822105407715,6.1703081130981445,8.98487005264894e-05,3.7272276878356934,3.7222235202789307,3.7259249687194824,0.0021685236133635044,0.0025917747989296913,0.4907892942428589,0.4989522695541382
319,7.6180806159973145,10.19260025024414,8.978715165457819e-05,3.7982678413391113,3.800508499145508,3.815671920776367,0.0017359480261802673,0.004125319421291351,0.5139979124069214,0.5181546211242676
320,7.59987211227417,8.193846702575684,8.972543922297739e-05,3.7962327003479004,3.7946600914001465,3.7928860187530518,0.00202783546410501,0.002905647037550807,0.5160733461380005,0.5235434770584106
321,7.76366662979126,13.787577629089355,8.966356350238792e-05,3.8674418926239014,3.865142822265625,3.906644344329834,0.0022584523539990187,0.002906796522438526,0.5124579071998596,0.5104429721832275
322,7.604924201965332,12.103434562683105,8.960152476422698e-05,3.771568775177002,3.8254806995391846,3.8228209018707275,0.0022113951854407787,0.0023912135511636734,0.5089312791824341,0.5133481025695801
323,7.533221244812012,9.186434745788574,8.953932328062683e-05,3.809925079345703,3.7118630409240723,3.715085029602051,0.002135769696906209,0.002775318454951048,0.4908909797668457,0.5067580342292786
324,7.5042548179626465,8.130328178405762,8.94769593244336e-05,3.76347017288208,3.7339205741882324,3.7256810665130615,0.002422021236270666,0.003069913713261485,0.47886350750923157,0.48288828134536743
325,7.614686489105225,6.630397319793701,8.941443316920609e-05,3.8044700622558594,3.793159246444702,3.80495023727417,0.0025243337731808424,0.0030562228057533503,0.49787402153015137,0.5032724142074585
326,7.529293060302734,7.434795379638672,8.935174508921464e-05,3.730814218521118,3.7734882831573486,3.803548574447632,0.0022084712982177734,0.002771607367321849,0.507550835609436,0.5172343850135803
327,7.396109104156494,10.365998268127441,8.928889535943982e-05,3.7030515670776367,3.677285671234131,3.6847496032714844,0.0022188182920217514,0.0038012252189219,0.5276578664779663,0.532331109046936
328,7.209573745727539,6.919794082641602,8.922588425557131e-05,3.588803768157959,3.625014305114746,3.601569414138794,0.0018228995613753796,0.0019160705851390958,0.5125879049301147,0.5103300213813782
329,7.48920202255249,11.610316276550293,8.916271205400663e-05,3.731433629989624,3.747565746307373,3.7467918395996094,0.0021318644285202026,0.0031629179138690233,0.48697221279144287,0.49341633915901184
330,7.512846946716309,9.381942749023438,8.909937903184996e-05,3.759652614593506,3.7297115325927734,3.7504680156707764,0.0025976260658353567,0.003954654093831778,0.4883272647857666,0.49985653162002563
331,7.372669219970703,8.85573959350586,8.903588546691091e-05,3.6984987258911133,3.6352100372314453,3.6775457859039307,0.003375615458935499,0.005520801525563002,0.497452974319458,0.4935615360736847
332,7.52539587020874,11.08183765411377,8.897223163770334e-05,3.7354140281677246,3.760342836380005,3.7974815368652344,0.001878634444437921,0.0036562406457960606,0.5070687532424927,0.5162396430969238
333,7.440235614776611,8.369149208068848,8.890841782344408e-05,3.6993651390075684,3.7245757579803467,3.7266829013824463,0.0033236811868846416,0.004296805243939161,0.5151357054710388,0.513441264629364
334,7.373122215270996,7.823706150054932,8.884444430405174e-05,3.685762405395508,3.673959732055664,3.6764254570007324,0.002315985271707177,0.003767548594623804,0.49595338106155396,0.49879205226898193
335,7.3679890632629395,12.433389663696289,8.878031136014547e-05,3.6705098152160645,3.6556296348571777,3.715701103210449,0.002276912098750472,0.0036301380023360252,0.5051628947257996,0.5102832317352295
336,7.509886741638184,9.774815559387207,8.871601927304373e-05,3.7222096920013428,3.7498486042022705,3.8047804832458496,0.0017327471869066358,0.003448432544246316,0.49872589111328125,0.5111097693443298
337,7.454944133758545,10.051416397094727,8.86515683247631e-05,3.7305262088775635,3.7064719200134277,3.718001127243042,0.0021568341180682182,0.003933974541723728,0.46809694170951843,0.47363194823265076
338,7.475932598114014,11.972216606140137,8.858695879801693e-05,3.7397308349609375,3.6942672729492188,3.7534942626953125,0.002095515141263604,0.004065008368343115,0.46113693714141846,0.47289949655532837
339,7.657751560211182,10.593348503112793,8.852219097621424e-05,3.8229448795318604,3.814793109893799,3.8342037200927734,0.0025327762123197317,0.002621450461447239,0.5086032152175903,0.5079483985900879
340,7.536718368530273,10.573759078979492,8.845726514345837e-05,3.7581591606140137,3.7613742351531982,3.7750535011291504,0.00196483894251287,0.0032080404926091433,0.5137693285942078,0.5237795114517212
341,7.1968207359313965,8.38548755645752,8.839218158454581e-05,3.5972585678100586,3.596116542816162,3.585932731628418,0.0017092017224058509,0.0025593594182282686,0.5269061326980591,0.5271073579788208
342,7.525791645050049,10.287240028381348,8.832694058496488e-05,3.7724170684814453,3.737699508666992,3.750877618789673,0.002059399615973234,0.002483631018549204,0.4933347702026367,0.5026310086250305
343,7.631560802459717,9.46312427520752,8.82615424308945e-05,3.8151168823242188,3.810128688812256,3.795865058898926,0.003207550384104252,0.0035160507541149855,0.4901840090751648,0.4964119791984558
344,7.629875659942627,15.51364803314209,8.8195987409203e-05,3.7931618690490723,3.8323755264282227,3.8196210861206055,0.0024705284740775824,0.002887131180614233,0.5135834217071533,0.5156228542327881
345,7.568876266479492,16.722604751586914,8.813027580744677e-05,3.765859842300415,3.7691004276275635,3.8179657459259033,0.0017801678040996194,0.0029613131191581488,0.514701247215271,0.516181230545044
346,7.309659481048584,11.401911735534668,8.806440791386904e-05,3.634523868560791,3.666346549987793,3.665700912475586,0.0016122570959851146,0.002943785395473242,0.510159969329834,0.5121974945068359
347,7.512087345123291,9.330460548400879,8.799838401739862e-05,3.7276134490966797,3.7633860111236572,3.7854373455047607,0.0021216205786913633,0.002909350674599409,0.4791904091835022,0.4807162284851074
348,7.454317569732666,7.136535167694092,8.793220440764861e-05,3.7011852264404297,3.7442972660064697,3.7396252155303955,0.002141740871593356,0.003443962661549449,0.4963362514972687,0.49706193804740906
349,7.3994951248168945,10.638776779174805,8.786586937491516e-05,3.6659622192382812,3.699448823928833,3.735198497772217,0.0034370676148682833,0.00466768816113472,0.5080352425575256,0.5174914598464966
350,7.697133541107178,11.949187278747559,8.779937921017619e-05,3.829218626022339,3.8816466331481934,3.8277883529663086,0.002556850668042898,0.004041978158056736,0.5140157341957092,0.5186156034469604
351,7.398281097412109,12.183162689208984,8.773273420509007e-05,3.6756935119628906,3.7060961723327637,3.7121825218200684,0.0031363649759441614,0.00358741357922554,0.5082409381866455,0.5183162093162537
352,7.682120323181152,15.532365798950195,8.766593465199441e-05,3.8084163665771484,3.8626389503479004,3.8531546592712402,0.0033594693522900343,0.004544076509773731,0.5058977007865906,0.5050859451293945
353,7.317094326019287,16.397480010986328,8.759898084390474e-05,3.6340672969818115,3.670630931854248,3.6651625633239746,0.0031204689294099808,0.004444769583642483,0.4933757781982422,0.4935075044631958
354,7.567643165588379,14.451414108276367,8.75318730745132e-05,3.809436082839966,3.7248613834381104,3.7605855464935303,0.0031739911064505577,0.004567722789943218,0.4646148681640625,0.46779730916023254
355,7.393891334533691,13.968463897705078,8.746461163818734e-05,3.6960859298706055,3.691383123397827,3.6811490058898926,0.002443054923787713,0.003326618578284979,0.4855954051017761,0.4910271167755127
356,7.4386305809021,8.914837837219238,8.739719682996867e-05,3.6863174438476562,3.731919288635254,3.750798225402832,0.002503466559574008,0.002973786788061261,0.49547886848449707,0.4903596043586731
357,7.523033618927002,13.411605834960938,8.732962894557154e-05,3.7725658416748047,3.7369556427001953,3.74251389503479,0.0022432315163314342,0.00312334718182683,0.5114865899085999,0.5139557719230652
358,7.504805564880371,12.840066909790039,8.726190828138176e-05,3.726931095123291,3.752023696899414,3.7813289165496826,0.0021298271603882313,0.0034692103508859873,0.513541579246521,0.5175833702087402
359,7.396885395050049,14.456806182861328,8.719403513445531e-05,3.6696643829345703,3.7036473751068115,3.7282841205596924,0.00266393949277699,0.0029636984691023827,0.5198382139205933,0.5234413146972656
360,7.214276313781738,6.288968086242676,8.712600980251699e-05,3.57560658454895,3.6362438201904297,3.620969533920288,0.002497157547622919,0.0025344511959701777,0.4944606423377991,0.5011119842529297
361,7.301258087158203,14.145391464233398,8.705783258395919e-05,3.644735336303711,3.6305394172668457,3.6609599590301514,0.0023522675037384033,0.0030344200786203146,0.4838373064994812,0.4870132803916931
362,7.470149517059326,21.05194091796875,8.698950377784055e-05,3.7384819984436035,3.713308095932007,3.730217218399048,0.0018479705322533846,0.0031044569332152605,0.4718795418739319,0.4749397039413452
363,7.287832260131836,10.925114631652832,8.692102368388464e-05,3.638350009918213,3.649566888809204,3.6242387294769287,0.003207999048754573,0.0030817894730716944,0.4988238215446472,0.502128005027771
364,7.443173885345459,10.738924026489258,8.685239260247867e-05,3.7050046920776367,3.7317473888397217,3.7208611965179443,0.002790325554087758,0.003142131492495537,0.5155845880508423,0.508726179599762
365,7.451166152954102,8.222808837890625,8.678361083467214e-05,3.6898317337036133,3.743908643722534,3.7550911903381348,0.0027985763736069202,0.0031184281688183546,0.49047333002090454,0.5012372732162476
366,7.520974159240723,8.18370532989502,8.67146786821755e-05,3.730722188949585,3.7517080307006836,3.8072993755340576,0.002580267144367099,0.0027939225547015667,0.48258176445961,0.48633402585983276
367,7.471993446350098,9.358762741088867,8.664559644735893e-05,3.7117135524749756,3.719292640686035,3.777107000350952,0.0026990242768079042,0.0033410005271434784,0.49331456422805786,0.4989436864852905
368,7.3454389572143555,12.333850860595703,8.65763644332509e-05,3.6265058517456055,3.6948819160461426,3.7196409702301025,0.0023073109332472086,0.0035284841433167458,0.49908962845802307,0.5017417669296265
369,7.378782272338867,11.267803192138672,8.650698294353688e-05,3.6663901805877686,3.7021193504333496,3.702716112136841,0.002460026415064931,0.0025273486971855164,0.4916076958179474,0.49624109268188477
370,7.4239678382873535,19.620574951171875,8.643745228255806e-05,3.726302146911621,3.6841025352478027,3.6928555965423584,0.0018068902427330613,0.002786151599138975,0.5056816339492798,0.5137361288070679
371,7.4694719314575195,7.564727306365967,8.636777275530992e-05,3.7298784255981445,3.7015492916107178,3.7563700675964355,0.002740041585639119,0.00257653440348804,0.520943284034729,0.5309014320373535
372,7.283212661743164,16.728540420532227,8.629794466744097e-05,3.607670783996582,3.650329828262329,3.678772211074829,0.0023492455948144197,0.0031464435160160065,0.5215962529182434,0.5178858041763306
373,7.454914569854736,11.125322341918945,8.622796832525132e-05,3.69783878326416,3.7294037342071533,3.7533156871795654,0.0031476623844355345,0.004710328299552202,0.4983271062374115,0.5075168013572693
374,7.521449089050293,10.270414352416992,8.615784403569149e-05,3.7432219982147217,3.757662296295166,3.7770607471466064,0.0017704161582514644,0.0036623806226998568,0.5204854011535645,0.5188937187194824
375,7.79927396774292,15.820606231689453,8.608757210636089e-05,3.8965799808502197,3.8749053478240967,3.9088966846466064,0.0023850498255342245,0.0030114101245999336,0.5221864581108093,0.5303323268890381
376,7.509647846221924,15.825722694396973,8.601715284550662e-05,3.7601089477539062,3.7198710441589355,3.7500736713409424,0.0033946416806429625,0.0038886794354766607,0.48496493697166443,0.4887847602367401
377,7.385464668273926,9.76842212677002,8.5946586562022e-05,3.695376396179199,3.6641616821289062,3.689023971557617,0.0025677953381091356,0.004179937765002251,0.4763404130935669,0.4885749816894531
378,7.240440368652344,13.304774284362793,8.587587356544524e-05,3.6052279472351074,3.6171462535858154,3.6255602836608887,0.002247996162623167,0.004681305028498173,0.48519712686538696,0.4949418306350708
379,7.544941425323486,10.391170501708984,8.580501416595816e-05,3.7730233669281006,3.744612693786621,3.7711002826690674,0.0030157025903463364,0.004015118815004826,0.4837239980697632,0.49149537086486816
380,7.421412944793701,9.338582992553711,8.573400867438475e-05,3.6975462436676025,3.7222180366516113,3.6995434761047363,0.0021669683046638966,0.0043258266523480415,0.5076055526733398,0.5166402459144592
381,7.4854960441589355,11.910062789916992,8.566285740218985e-05,3.747727870941162,3.721545934677124,3.7296078205108643,0.0028032425325363874,0.0032923822291195393,0.5097681879997253,0.5137856006622314
382,7.417376518249512,13.96609878540039,8.559156066147772e-05,3.710808038711548,3.6945438385009766,3.6969430446624756,0.002251303754746914,0.003161244560033083,0.5123953223228455,0.5185794830322266
383,7.4196248054504395,10.96678352355957,8.552011876499078e-05,3.722599983215332,3.6917662620544434,3.683157205581665,0.002025402383878827,0.0027560205198824406,0.5293666124343872,0.529079794883728
384,7.252264022827148,9.273311614990234,8.544853202610812e-05,3.598263740539551,3.6352953910827637,3.6512749195098877,0.002574488054960966,0.002783054020255804,0.5350461006164551,0.5382333993911743
385,7.431257247924805,12.677331924438477,8.53768007588442e-05,3.671569347381592,3.736896276473999,3.762181282043457,0.002474643988534808,0.002599886152893305,0.5173493027687073,0.5310573577880859
386,7.367864608764648,15.283068656921387,8.530492527784747e-05,3.677274703979492,3.672700881958008,3.686891555786133,0.002075904281809926,0.0033209072425961494,0.5074578523635864,0.5125387907028198
387,7.531771183013916,6.5822930335998535,8.523290589839894e-05,3.778268814086914,3.7387959957122803,3.7430520057678223,0.002373682102188468,0.0039155371487140656,0.47965970635414124,0.48581019043922424
388,7.277918815612793,17.47228240966797,8.516074293641083e-05,3.6288607120513916,3.6230900287628174,3.650205135345459,0.0026988789904862642,0.0035060911905020475,0.46894189715385437,0.47397589683532715
389,7.266569137573242,13.468894004821777,8.508843670842521e-05,3.6207149028778076,3.605027198791504,3.6617069244384766,0.0021959913428872824,0.004047739785164595,0.4706122875213623,0.4789940118789673
390,7.364651203155518,18.70421600341797,8.501598753161258e-05,3.6753993034362793,3.695051670074463,3.6589741706848145,0.002909132046625018,0.0032102016266435385,0.4737510085105896,0.4781719446182251
391,7.422638416290283,13.820525169372559,8.494339572377046e-05,3.6885671615600586,3.6972146034240723,3.746584415435791,0.0023831843864172697,0.0037027958314865828,0.48993974924087524,0.49730223417282104
392,7.350607872009277,11.120109558105469,8.487066160332206e-05,3.669080972671509,3.6728899478912354,3.669670820236206,0.0018893185770139098,0.0032338332384824753,0.5218614339828491,0.5285873413085938
393,7.306917667388916,14.877135276794434,8.479778548931478e-05,3.655966281890869,3.6134517192840576,3.6644864082336426,0.002504045143723488,0.003487133653834462,0.5208507180213928,0.5312044620513916
394,7.36841344833374,15.483797073364258,8.472476770141893e-05,3.6865968704223633,3.6587681770324707,3.676588535308838,0.0024849907495081425,0.004584236070513725,0.4838266670703888,0.4890327751636505
395,7.424620628356934,12.27576732635498,8.465160855992625e-05,3.693821668624878,3.7275214195251465,3.709860324859619,0.00215110438875854,0.00390302250161767,0.4840776324272156,0.49562448263168335
396,7.303378582000732,9.457275390625,8.457830838574853e-05,3.6252195835113525,3.6583001613616943,3.6709609031677246,0.002965848660096526,0.0037981499917805195,0.4990142583847046,0.5072945952415466
397,7.320287227630615,9.30088996887207,8.450486750041619e-05,3.621244192123413,3.6757142543792725,3.696938991546631,0.0022683176212012768,0.004090026952326298,0.500728964805603,0.5060296058654785
398,7.489409923553467,10.184828758239746,8.443128622607689e-05,3.724250316619873,3.7447052001953125,3.764641284942627,0.002230175072327256,0.003012979170307517,0.4965996742248535,0.5079577565193176
399,7.325568675994873,9.77908992767334,8.435756488549409e-05,3.623307228088379,3.678941249847412,3.697721481323242,0.003244089661166072,0.0037208478897809982,0.48426908254623413,0.4926121234893799
400,7.312775135040283,9.715855598449707,8.428370380204565e-05,3.6472256183624268,3.6429715156555176,3.6615517139434814,0.0026451894082129,0.003998790867626667,0.5075971484184265,0.524538516998291
401,7.2839860916137695,12.767532348632812,8.420970329972243e-05,3.6159956455230713,3.639075994491577,3.672149181365967,0.0024940199218690395,0.003694749902933836,0.48158204555511475,0.48569455742836
402,7.175851821899414,8.49412727355957,8.413556370312684e-05,3.5710763931274414,3.5992064476013184,3.5860207080841064,0.0022828797809779644,0.0037978983018547297,0.4892694354057312,0.5082168579101562
403,7.321021556854248,15.280029296875,8.406128533747142e-05,3.6494994163513184,3.6659367084503174,3.654932737350464,0.002127355197444558,0.0034162269439548254,0.5080642700195312,0.5056249499320984
404,7.407520294189453,9.422035217285156,8.39868685285774e-05,3.681098461151123,3.7197721004486084,3.7149851322174072,0.0018652937142178416,0.00265624956227839,0.48867160081863403,0.4974203109741211
405,7.1527862548828125,7.341647148132324,8.391231360287334e-05,3.5494258403778076,3.5673515796661377,3.6128344535827637,0.002832489786669612,0.0038014326710253954,0.5173166990280151,0.5269514918327332
406,7.501124382019043,8.273673057556152,8.383762088739363e-05,3.7078475952148438,3.7778570652008057,3.7837257385253906,0.003013467416167259,0.003229279536753893,0.5093393325805664,0.5160646438598633
407,7.31739616394043,13.909533500671387,8.376279070977702e-05,3.6814887523651123,3.6206047534942627,3.6226956844329834,0.002850533928722143,0.004277931526303291,0.4945952892303467,0.4913194477558136
408,7.297616481781006,8.63420295715332,8.368782339826532e-05,3.6273138523101807,3.65913987159729,3.655191659927368,0.003290085354819894,0.003278200514614582,0.48086661100387573,0.48547738790512085
409,7.162123680114746,8.053753852844238,8.361271928170181e-05,3.5538549423217773,3.590118169784546,3.605679512023926,0.0025149774737656116,0.002669708803296089,0.49112600088119507,0.49896177649497986
410,7.042924880981445,6.852797508239746,8.35374786895299e-05,3.5124094486236572,3.528132438659668,3.5147860050201416,0.0017841557273641229,0.0027439272962510586,0.5162780284881592,0.5248430371284485
411,7.438968658447266,12.1742525100708,8.346210195179164e-05,3.732182741165161,3.6707136631011963,3.723808765411377,0.0019375168485566974,0.002824583789333701,0.501399040222168,0.5043962001800537
412,7.340540885925293,6.256693363189697,8.338658939912627e-05,3.6423187255859375,3.6694836616516113,3.7006704807281494,0.0028432884719222784,0.0037293974310159683,0.4930492043495178,0.5006351470947266
413,7.263310432434082,14.293479919433594,8.331094136276878e-05,3.5977673530578613,3.648695468902588,3.6553726196289062,0.002641905564814806,0.004112542606890202,0.472781777381897,0.4718501567840576
414,7.503284931182861,15.25420093536377,8.32351581745485e-05,3.7263355255126953,3.764038562774658,3.7613332271575928,0.0030768555589020252,0.004055084194988012,0.4742477238178253,0.4769783020019531
415,6.880063533782959,9.472624778747559,8.315924016688755e-05,3.443741798400879,3.4137895107269287,3.4348578453063965,0.0026431444566696882,0.003355651395395398,0.5010426640510559,0.5035736560821533
416,7.369378089904785,7.45215368270874,8.308318767279945e-05,3.6838884353637695,3.6617724895477295,3.6920111179351807,0.0014896647771820426,0.0028092972934246063,0.5236852169036865,0.5324764251708984
417,7.240637302398682,9.094169616699219,8.300700102588765e-05,3.592829704284668,3.6511731147766113,3.6268084049224854,0.0015611363342031837,0.0028474777936935425,0.5153869390487671,0.5256813764572144
418,7.279979705810547,8.169224739074707,8.293068056034406e-05,3.629204273223877,3.626434326171875,3.65474796295166,0.002276057843118906,0.0028161874506622553,0.5163805484771729,0.5206395387649536
419,7.328390121459961,6.76708459854126,8.28542266109476e-05,3.6644625663757324,3.6448938846588135,3.6581897735595703,0.002726733684539795,0.0034660561941564083,0.5029544830322266,0.5215233564376831
420,7.426488876342773,10.51656723022461,8.277763951306266e-05,3.6719489097595215,3.739471912384033,3.7457187175750732,0.0024314336478710175,0.003540757577866316,0.49009713530540466,0.48771804571151733
421,7.428427219390869,11.983234405517578,8.270091960263774e-05,3.705300807952881,3.702542543411255,3.7174124717712402,0.00281349360011518,0.0037608363199979067,0.4595521092414856,0.47294294834136963
422,7.053174018859863,11.184937477111816,8.262406721620389e-05,3.521449565887451,3.5108418464660645,3.527211904525757,0.0031222132965922356,0.0032261835876852274,0.47685399651527405,0.48489630222320557
423,7.179975986480713,13.09512996673584,8.254708269087331e-05,3.57069993019104,3.608271598815918,3.5896494388580322,0.0018302623648196459,0.003327455371618271,0.4923676550388336,0.49527281522750854
424,7.100887775421143,10.486551284790039,8.246996636433775e-05,3.5444908142089844,3.5209062099456787,3.5662386417388916,0.002427525818347931,0.0039846510626375675,0.4999241530895233,0.5027547478675842
425,7.217019557952881,12.953143119812012,8.239271857486718e-05,3.619729518890381,3.5829052925109863,3.591060161590576,0.0020409764256328344,0.0031124777160584927,0.5118995904922485,0.5150945782661438
426,7.374452590942383,11.693461418151855,8.231533966130817e-05,3.6457247734069824,3.697364568710327,3.731020212173462,0.003244028426706791,0.004023906774818897,0.49416080117225647,0.5037804245948792
427,7.368839263916016,10.76533031463623,8.22378299630825e-05,3.6708555221557617,3.6469669342041016,3.7207443714141846,0.0022423258051276207,0.004821712616831064,0.5182254314422607,0.5261590480804443
428,7.396600723266602,34.49663543701172,8.216018982018564e-05,3.6623964309692383,3.721081495285034,3.729058265686035,0.0022075504530221224,0.0023596975952386856,0.5434200763702393,0.5565428733825684
429,7.666796684265137,41.39289474487305,8.208241957318524e-05,3.8420610427856445,3.775423526763916,3.8499090671539307,0.0024839146062731743,0.003550897352397442,0.5171681642532349,0.518385112285614
430,7.116548538208008,22.233266830444336,8.200451956321965e-05,3.5388383865356445,3.545875072479248,3.5847532749176025,0.002301981905475259,0.0038960049860179424,0.5291167497634888,0.5369067788124084
431,7.159176349639893,12.526132583618164,8.19264901319964e-05,3.559154987335205,3.565690517425537,3.589792013168335,0.0033531575463712215,0.0077870688401162624,0.5107007026672363,0.5040899515151978
432,7.433595180511475,28.683462142944336,8.184833162179078e-05,3.719583034515381,3.6918561458587646,3.7043144702911377,0.003259358461946249,0.0047040400095283985,0.46330973505973816,0.46022742986679077
433,7.344336986541748,28.88630485534668,8.177004437544426e-05,3.6352319717407227,3.671401262283325,3.7245023250579834,0.002626702655106783,0.002949880436062813,0.4693513810634613,0.4770190417766571
434,7.281479835510254,21.7976131439209,8.169162873636297e-05,3.642058849334717,3.618720531463623,3.630206823348999,0.0032341668847948313,0.004244678188115358,0.4629538655281067,0.4660932123661041
435,7.068352699279785,18.077024459838867,8.161308504851629e-05,3.511951446533203,3.557482957839966,3.529841423034668,0.0032509705051779747,0.0031184544786810875,0.4835529029369354,0.48103761672973633
436,7.316472053527832,28.281740188598633,8.153441365643526e-05,3.641390800476074,3.651991367340088,3.672306776046753,0.0029486503917723894,0.003517445409670472,0.5035885572433472,0.5011254549026489
437,7.207136631011963,17.192352294921875,8.145561490521108e-05,3.588925361633301,3.581472158432007,3.628431558609009,0.002631218871101737,0.0039986008778214455,0.5085630416870117,0.5192413330078125
438,7.210488319396973,13.601664543151855,8.137668914049365e-05,3.6017844676971436,3.594357490539551,3.603020429611206,0.002202108735218644,0.0028055552393198013,0.5297836661338806,0.5339032411575317
439,7.317872047424316,14.206185340881348,8.129763670848999e-05,3.6384048461914062,3.6834781169891357,3.6549479961395264,0.002073338720947504,0.0030535885598510504,0.5150962471961975,0.52626633644104
440,7.272758960723877,20.146038055419922,8.121845795596271e-05,3.6284003257751465,3.6457571983337402,3.620882987976074,0.0024990467354655266,0.0030202872585505247,0.49484333395957947,0.4995282292366028
441,7.187417984008789,17.921342849731445,8.113915323022858e-05,3.5987887382507324,3.567054510116577,3.588287591934204,0.0026619229465723038,0.00281710852868855,0.4942515790462494,0.4981633126735687
442,7.230848789215088,14.38941764831543,8.105972287915692e-05,3.5846643447875977,3.621363401412964,3.64847993850708,0.002433416899293661,0.0031978278420865536,0.5027596950531006,0.5031299591064453
443,7.509324073791504,24.1879825592041,8.098016725116812e-05,3.732316493988037,3.76065993309021,3.765800952911377,0.0031799685675650835,0.0037082701455801725,0.496295303106308,0.49654215574264526
444,7.375607967376709,22.904186248779297,8.090048669523205e-05,3.6475753784179688,3.7025716304779053,3.7272706031799316,0.0026374601293355227,0.003918429836630821,0.4987717270851135,0.49447426199913025
445,7.0686116218566895,12.160067558288574,8.082068156086665e-05,3.5164036750793457,3.545198440551758,3.538267135620117,0.0023592484649270773,0.0028785276226699352,0.5090726017951965,0.5034237504005432
446,7.048600673675537,20.655515670776367,8.074075219813629e-05,3.521817684173584,3.5049355030059814,3.5195791721343994,0.0031084022484719753,0.0041543967090547085,0.496080219745636,0.4924221634864807
447,7.099785327911377,16.815502166748047,8.066069895765023e-05,3.5322072505950928,3.5390963554382324,3.5743207931518555,0.002157948911190033,0.003276719246059656,0.4888025224208832,0.4960460066795349
448,7.3136677742004395,14.399466514587402,8.058052219056115e-05,3.6386289596557617,3.654611349105835,3.6776483058929443,0.001863459823653102,0.0025909554678946733,0.49988481402397156,0.5037326812744141
449,7.084329605102539,10.926058769226074,8.050022224856359e-05,3.5358457565307617,3.5144221782684326,3.559422016143799,0.0025255102664232254,0.0032550878822803497,0.5040825009346008,0.5094902515411377
450,7.661011695861816,19.892812728881836,8.041979948389238e-05,3.819861650466919,3.8252370357513428,3.833768606185913,0.0024408726021647453,0.0033827933948487043,0.5208261013031006,0.5295261740684509
451,7.268591403961182,23.458097457885742,8.033925424932112e-05,3.6053719520568848,3.6532626152038574,3.6506786346435547,0.0029907277785241604,0.002633720403537154,0.5277122259140015,0.5286073088645935
452,7.27433967590332,9.707140922546387,8.025858689816058e-05,3.6202521324157715,3.624544620513916,3.656028985977173,0.002766276942566037,0.004134018439799547,0.4934418499469757,0.5031036734580994
453,7.280755043029785,11.184969902038574,8.017779778425726e-05,3.6141977310180664,3.647386312484741,3.658130168914795,0.0029688102658838034,0.003930550534278154,0.5025897026062012,0.5155013799667358
454,7.126307964324951,12.8052978515625,8.009688726199177e-05,3.545213460922241,3.5557615756988525,3.581644296646118,0.002786625875160098,0.003409074619412422,0.49524614214897156,0.4958025813102722
455,7.134858131408691,11.255168914794922,8.001585568627715e-05,3.5490975379943848,3.5755345821380615,3.571707248687744,0.0026853415183722973,0.003384233918040991,0.49503424763679504,0.5002569556236267
456,7.2384819984436035,6.167233467102051,7.993470341255762e-05,3.5972068309783936,3.6281490325927734,3.6338353157043457,0.0018215577583760023,0.0033200890757143497,0.5128843784332275,0.5125744342803955
457,7.17300271987915,21.4969425201416,7.985343079680674e-05,3.5571861267089844,3.5698671340942383,3.6308772563934326,0.0029934667982161045,0.004728503525257111,0.5043495893478394,0.5082544088363647
458,7.233820915222168,9.091809272766113,7.977203819552593e-05,3.5896646976470947,3.6144235134124756,3.6519601345062256,0.0019471629057079554,0.0035349929239600897,0.5012183785438538,0.5022776126861572
459,7.252297878265381,7.025167465209961,7.969052596574298e-05,3.6008472442626953,3.629746198654175,3.6507625579833984,0.0027634056750684977,0.0028345922473818064,0.5086935758590698,0.5179475545883179
460,7.07169771194458,11.842416763305664,7.960889446501043e-05,3.5009124279022217,3.552762985229492,3.561570644378662,0.0025681827683001757,0.0042406413704156876,0.5015353560447693,0.4998091161251068
461,7.254551410675049,15.963675498962402,7.952714405140396e-05,3.613128662109375,3.6126277446746826,3.6451077461242676,0.002431996865198016,0.0038452937733381987,0.4945449233055115,0.5030121803283691
462,7.157859802246094,14.720382690429688,7.944527508352084e-05,3.5705666542053223,3.56270694732666,3.5889878273010254,0.0022283843718469143,0.003494405187666416,0.49380120635032654,0.494601309299469
463,6.967274188995361,16.199514389038086,7.936328792047851e-05,3.4863314628601074,3.4274368286132812,3.5173275470733643,0.0019030376570299268,0.002377378987148404,0.5025506019592285,0.5097119808197021
464,7.184964179992676,17.105281829833984,7.928118292191269e-05,3.591937303543091,3.5841948986053467,3.5787835121154785,0.0022760608699172735,0.003492713440209627,0.5194963812828064,0.530497670173645
465,7.3465576171875,17.826650619506836,7.919896044797612e-05,3.6858386993408203,3.6625542640686035,3.633455753326416,0.003009004984050989,0.0033482203725725412,0.49360257387161255,0.49753502011299133
466,7.298264980316162,15.305744171142578,7.911662085933678e-05,3.6000616550445557,3.661534070968628,3.7116687297821045,0.0027854235377162695,0.0030155156273394823,0.4915107488632202,0.48380205035209656
467,7.402050018310547,14.5662260055542,7.903416451717641e-05,3.638500690460205,3.7466490268707275,3.7574167251586914,0.001986841205507517,0.0037716245278716087,0.4929637610912323,0.49285948276519775
468,7.220108509063721,18.696125030517578,7.895159178318884e-05,3.6158459186553955,3.564732551574707,3.6163930892944336,0.0024588960222899914,0.0043908474035561085,0.49142420291900635,0.5021340847015381
469,7.278682708740234,10.457412719726562,7.88689030195785e-05,3.605600595474243,3.653791904449463,3.669792413711548,0.0025409746449440718,0.003103860653936863,0.5076687335968018,0.5108525156974792
470,7.363324165344238,27.126937866210938,7.878609858905875e-05,3.672788619995117,3.655491352081299,3.7008275985717773,0.0024731007870286703,0.003715040860697627,0.5065929889678955,0.504978597164154
471,7.150537490844727,32.03329086303711,7.870317885485036e-05,3.536778211593628,3.571073532104492,3.633094310760498,0.002345750806853175,0.003491699229925871,0.4986676573753357,0.49733251333236694
472,7.275288105010986,20.78175163269043,7.862014418067981e-05,3.665286064147949,3.5901646614074707,3.606360912322998,0.002806474920362234,0.003063216572627425,0.5070410370826721,0.5179698467254639
473,7.000415802001953,12.199918746948242,7.853699493077783e-05,3.47377872467041,3.499816656112671,3.5255002975463867,0.003112977370619774,0.003876135218888521,0.48585623502731323,0.49350324273109436
474,7.134739875793457,13.534423828125,7.84537314698777e-05,3.557126045227051,3.5628111362457275,3.5675570964813232,0.00245041586458683,0.003764412133023143,0.47370272874832153,0.47917643189430237
475,7.339293479919434,12.127920150756836,7.83703541632137e-05,3.6810483932495117,3.628063440322876,3.658775568008423,0.00286668143235147,0.004546144045889378,0.5143282413482666,0.5164546966552734
476,7.422607421875,12.836895942687988,7.82868633765195e-05,3.6878461837768555,3.7050435543060303,3.7390196323394775,0.0027665423694998026,0.003598266514018178,0.511969804763794,0.5017422437667847
477,7.35867977142334,14.341045379638672,7.820325947602652e-05,3.644711494445801,3.68894624710083,3.7144384384155273,0.0031562920194119215,0.0029819272458553314,0.48754483461380005,0.49073994159698486
478,7.143982410430908,11.471174240112305,7.811954282846238e-05,3.5233120918273926,3.5914676189422607,3.6196000576019287,0.0033059290144592524,0.004262158647179604,0.5024809837341309,0.5155787467956543
479,7.181436538696289,15.241994857788086,7.803571380104925e-05,3.6142659187316895,3.5661535263061523,3.5484790802001953,0.0019619690719991922,0.0029652034863829613,0.5102475881576538,0.5152673125267029
480,7.127758979797363,13.622699737548828,7.795177276150226e-05,3.5362730026245117,3.5692708492279053,3.5954675674438477,0.0019233088241890073,0.002635071985423565,0.51924729347229,0.526942253112793
481,7.3655571937561035,10.36103343963623,7.786772007802788e-05,3.684866428375244,3.6492693424224854,3.6904008388519287,0.002581615000963211,0.0028463369235396385,0.5133801698684692,0.522132158279419
482,7.124151706695557,16.62822914123535,7.778355611932229e-05,3.578892230987549,3.5304999351501465,3.5395596027374268,0.002184722339734435,0.002930285641923547,0.5184708833694458,0.5280460715293884
483,7.268181800842285,9.920242309570312,7.76992812545698e-05,3.620302200317383,3.6319475173950195,3.6401736736297607,0.0026769619435071945,0.0032325778156518936,0.49227282404899597,0.49228763580322266
484,7.195506572723389,9.391921997070312,7.761489585344117e-05,3.5722804069519043,3.623636484146118,3.598020076751709,0.0025830529630184174,0.003616186324506998,0.501672625541687,0.5082050561904907
485,7.101562023162842,18.91303825378418,7.753040028609211e-05,3.5330162048339844,3.5578603744506836,3.5539987087249756,0.002711576409637928,0.0035965116694569588,0.48722097277641296,0.498505175113678
486,7.343443393707275,20.208330154418945,7.744579492316148e-05,3.651580333709717,3.6826963424682617,3.674579620361328,0.0035239052958786488,0.0030887534376233816,0.4918939173221588,0.5011041760444641
487,7.345215320587158,8.850969314575195,7.736108013576979e-05,3.6446070671081543,3.665745735168457,3.7045085430145264,0.003003915073350072,0.0047367289662361145,0.48944807052612305,0.5013583898544312
488,7.270201683044434,6.533121585845947,7.727625629551755e-05,3.618619441986084,3.603607416152954,3.6693003177642822,0.003355239750817418,0.004209122154861689,0.48142850399017334,0.4888211190700531
489,7.295410633087158,13.65977668762207,7.719132377448361e-05,3.6066627502441406,3.6417415142059326,3.701890468597412,0.004144295118749142,0.004321840591728687,0.46846264600753784,0.4687139093875885
490,7.178162097930908,17.82628631591797,7.71062829452236e-05,3.582329273223877,3.58107852935791,3.584296703338623,0.0032969233579933643,0.0032756803557276726,0.5147563815116882,0.5326266884803772
491,7.06445837020874,12.915142059326172,7.702113418076816e-05,3.5299673080444336,3.5045523643493652,3.539442777633667,0.0029224774334579706,0.003323962911963463,0.5175498723983765,0.524069607257843
492,7.413977146148682,12.865123748779297,7.693587785462145e-05,3.6938419342041016,3.658876657485962,3.754183769226074,0.002836676314473152,0.003965809475630522,0.499019593000412,0.5044665336608887
493,7.260289669036865,14.283004760742188,7.685051434075945e-05,3.6191964149475098,3.6188292503356934,3.636885166168213,0.002886248053982854,0.003731945063918829,0.517376720905304,0.5184018611907959
494,7.062018394470215,16.72579002380371,7.676504401362825e-05,3.5073227882385254,3.5230953693389893,3.5618510246276855,0.0019456690642982721,0.004165369551628828,0.529308021068573,0.5310561656951904
495,6.90476655960083,9.516246795654297,7.667946724814254e-05,3.4446754455566406,3.4381375312805176,3.4575717449188232,0.002644633874297142,0.0034737775567919016,0.4864453375339508,0.49768751859664917
496,6.9643235206604,11.325901985168457,7.659378441968389e-05,3.4761369228363037,3.475754499435425,3.476485252380371,0.0021708111744374037,0.003862577024847269,0.49763286113739014,0.505445122718811
497,7.117586612701416,11.680731773376465,7.650799590409907e-05,3.5382113456726074,3.5658016204833984,3.5669846534729004,0.003068286692723632,0.0034226258285343647,0.4966046214103699,0.4927233159542084
498,6.979767799377441,9.645901679992676,7.642210207769854e-05,3.4708142280578613,3.4904630184173584,3.501146078109741,0.002830514218658209,0.003743906272575259,0.4775099754333496,0.49271371960639954
499,7.009054660797119,12.42090129852295,7.63361033172546e-05,3.500735282897949,3.488617181777954,3.5021817684173584,0.002455819398164749,0.004004179034382105,0.5090373754501343,0.5273156762123108
500,7.144921779632568,20.037982940673828,7.62499999999999e-05,3.552309513092041,3.5660674571990967,3.594456434249878,0.00285154371522367,0.003323451615869999,0.4905361533164978,0.49418720602989197
501,7.205170631408691,11.83974552154541,7.616379250362571e-05,3.601964235305786,3.5601139068603516,3.6173136234283447,0.0032180408015847206,0.004028605297207832,0.5226682424545288,0.5286467671394348
502,7.220847129821777,14.622932434082031,7.607748120628029e-05,3.5908541679382324,3.583740234375,3.64457631111145,0.003550048917531967,0.004367248620837927,0.5016483664512634,0.5116903781890869
503,7.1221089363098145,11.224292755126953,7.599106648656723e-05,3.579068899154663,3.5338387489318848,3.5271029472351074,0.0024720667861402035,0.0038123358972370625,0.5143760442733765,0.5159327983856201
504,6.986242771148682,12.880675315856934,7.590454872354375e-05,3.478090286254883,3.491536855697632,3.5034611225128174,0.002601751359179616,0.0027249357663094997,0.5137096047401428,0.5251237750053406
505,7.171741962432861,11.730159759521484,7.581792829671908e-05,3.5617449283599854,3.571754217147827,3.627335548400879,0.0026074254419654608,0.0026188543997704983,0.5082838535308838,0.5146225690841675
506,7.16389274597168,22.099716186523438,7.573120558605282e-05,3.574542760848999,3.589747667312622,3.566450834274292,0.00212377542629838,0.0035013905726373196,0.486380398273468,0.49503690004348755
507,7.106184005737305,15.421112060546875,7.564438097195317e-05,3.5754122734069824,3.4975192546844482,3.530397891998291,0.0031254177447408438,0.00528127932921052,0.48198753595352173,0.49250295758247375
508,7.1609320640563965,13.997316360473633,7.55574548352754e-05,3.5639965534210205,3.5784494876861572,3.5842604637145996,0.002981797093525529,0.00480837095528841,0.4874720573425293,0.48024410009384155
509,7.10000467300415,13.271306991577148,7.547042755732005e-05,3.543585777282715,3.5394105911254883,3.545811176300049,0.002834451152011752,0.004069357179105282,0.48233383893966675,0.4890810251235962
510,7.140676975250244,12.184593200683594,7.538329951983136e-05,3.5436794757843018,3.550335168838501,3.620739459991455,0.002256508218124509,0.003473615273833275,0.5130083560943604,0.5270795822143555
511,7.216801643371582,8.729636192321777,7.529607110499551e-05,3.5759055614471436,3.6122214794158936,3.643470048904419,0.0030714375898241997,0.003453637706115842,0.5015158653259277,0.5026528835296631
512,6.909352779388428,11.2194185256958,7.520874269543902e-05,3.449202537536621,3.460702896118164,3.4334583282470703,0.0028259416576474905,0.003708797972649336,0.5155845880508423,0.5210670232772827
513,7.1506805419921875,8.215508460998535,7.5121314674227e-05,3.5659701824188232,3.5574874877929688,3.5828700065612793,0.00338632776401937,0.003879314288496971,0.49886244535446167,0.49916380643844604
514,7.136246204376221,10.616436004638672,7.503378742486155e-05,3.5455074310302734,3.5828254222869873,3.5723531246185303,0.002840133383870125,0.0037345781456679106,0.4916844367980957,0.4964422285556793
515,7.0199995040893555,12.75545883178711,7.494616133127996e-05,3.4788575172424316,3.5325071811676025,3.5274271965026855,0.0026098855305463076,0.0029776168521493673,0.5016655921936035,0.5144843459129333
516,7.188763618469238,11.831998825073242,7.485843677785319e-05,3.5605392456054688,3.6197292804718018,3.608424186706543,0.0031390066724270582,0.003934862092137337,0.5113900899887085,0.5086793899536133
517,7.181203842163086,14.706767082214355,7.477061414938405e-05,3.5872786045074463,3.5791616439819336,3.5835154056549072,0.003202122403308749,0.0030911669600754976,0.5293980836868286,0.5319995284080505
518,7.3942389488220215,16.440034866333008,7.468269383110553e-05,3.688894271850586,3.6546361446380615,3.7295846939086914,0.0024877560790628195,0.004129474516957998,0.5243211984634399,0.5286890268325806
519,7.184418678283691,13.426837921142578,7.459467620867916e-05,3.5681028366088867,3.5893003940582275,3.6083977222442627,0.003601817414164543,0.00513168191537261,0.4859068989753723,0.4859101176261902
520,6.865782737731934,11.697135925292969,7.450656166819333e-05,3.4517791271209717,3.382174253463745,3.415775775909424,0.0029751029796898365,0.00453950883820653,0.46871745586395264,0.48337191343307495
521,7.174263000488281,13.478842735290527,7.441835059616148e-05,3.5482728481292725,3.606534242630005,3.6176440715789795,0.0032924797851592302,0.003657899098470807,0.5045729875564575,0.5039801001548767
522,7.3394904136657715,11.415328025817871,7.433004337952057e-05,3.644789218902588,3.647886037826538,3.7096714973449707,0.0034982517827302217,0.004462785087525845,0.4832647144794464,0.47660696506500244
523,7.209670543670654,9.713055610656738,7.424164040562921e-05,3.566251754760742,3.612194299697876,3.6443777084350586,0.00378682604059577,0.0037796294782310724,0.49171119928359985,0.5006673336029053
524,6.98331356048584,11.806378364562988,7.415314206226613e-05,3.4924073219299316,3.4566187858581543,3.502654790878296,0.00262534455396235,0.003009628737345338,0.49540168046951294,0.501993715763092
525,6.976316928863525,10.169299125671387,7.406454873762835e-05,3.474928140640259,3.491652727127075,3.483657121658325,0.002677429933100939,0.004189543426036835,0.5116723775863647,0.5240827798843384
526,7.147103786468506,17.453508377075195,7.397586082032954e-05,3.5419845581054688,3.573594093322754,3.610273838043213,0.0024490077048540115,0.004143408965319395,0.5047155618667603,0.5004103183746338
527,7.3464765548706055,13.270301818847656,7.38870786993983e-05,3.6775569915771484,3.648844003677368,3.659299373626709,0.0035810270346701145,0.003842837642878294,0.48670247197151184,0.4850148558616638
528,7.153287887573242,10.442706108093262,7.379820276427643e-05,3.5724849700927734,3.5460710525512695,3.592172384262085,0.0024448600597679615,0.0033958216663450003,0.5031690001487732,0.5081685781478882
529,6.997409820556641,14.99903392791748,7.370923340481728e-05,3.4721717834472656,3.517296075820923,3.508244037628174,0.002450631931424141,0.0037834791000932455,0.5237292051315308,0.5198088884353638
530,7.225123882293701,17.315046310424805,7.362017101128395e-05,3.5680480003356934,3.6149754524230957,3.6788506507873535,0.0017416877672076225,0.0033397891093045473,0.5076730251312256,0.509489893913269
531,7.357001304626465,9.410962104797363,7.353101597434774e-05,3.653899908065796,3.657444477081299,3.7284512519836426,0.0020955512300133705,0.0029814785812050104,0.502074658870697,0.5155877470970154
532,7.2683000564575195,13.132983207702637,7.344176868508618e-05,3.63179087638855,3.5951061248779297,3.655914068222046,0.0018320928793400526,0.003667246550321579,0.5103965997695923,0.5194767713546753
533,6.913966178894043,14.997798919677734,7.335242953498161e-05,3.420759677886963,3.4718916416168213,3.4909324645996094,0.0026099220849573612,0.0032873419113457203,0.4796488881111145,0.48864299058914185
534,7.143307685852051,9.82564640045166,7.326299891591921e-05,3.5719287395477295,3.555701494216919,3.5579683780670166,0.0028498496394604445,0.004422267433255911,0.4693673253059387,0.46843278408050537
535,6.8988142013549805,7.956905841827393,7.317347722018546e-05,3.428525447845459,3.4543232917785645,3.462846279144287,0.0024538314901292324,0.0033978361170738935,0.5134154558181763,0.5172334909439087
536,7.047915935516357,10.458096504211426,7.30838648404663e-05,3.5064733028411865,3.5316460132598877,3.528944969177246,0.0019158602226525545,0.003657461144030094,0.5014361143112183,0.5136131644248962
537,7.079869747161865,10.937834739685059,7.299416216984545e-05,3.538925886154175,3.522334098815918,3.533846616744995,0.0031944741494953632,0.0032321764156222343,0.4887244403362274,0.49998775124549866
538,7.174370288848877,11.624590873718262,7.290436960180274e-05,3.56892728805542,3.583495616912842,3.601060152053833,0.002754387678578496,0.0038283553440123796,0.5184265375137329,0.5271257162094116
539,7.164785385131836,12.045785903930664,7.281448753021228e-05,3.569744825363159,3.584437131881714,3.580984354019165,0.00272387801669538,0.003441107925027609,0.4921111464500427,0.4957716763019562
540,7.089742660522461,21.43067741394043,7.272451634934084e-05,3.5334343910217285,3.5299863815307617,3.5606675148010254,0.002168911276385188,0.0033219093456864357,0.5252214074134827,0.535572350025177
541,7.146434783935547,14.3710298538208,7.263445645384602e-05,3.537410259246826,3.554295778274536,3.6389808654785156,0.0025768231134861708,0.003616386791691184,0.5206875205039978,0.5311014652252197
542,6.83717155456543,11.463601112365723,7.254430823877457e-05,3.395392894744873,3.3982675075531006,3.4576799869537354,0.0032547032460570335,0.003647733014076948,0.5072003602981567,0.5220904350280762
543,7.086000919342041,7.593205451965332,7.245407209956068e-05,3.524318218231201,3.548633098602295,3.5563178062438965,0.0015778382075950503,0.0030256661120802164,0.504291296005249,0.5182794332504272
544,6.9014668464660645,13.4555082321167,7.236374843202421e-05,3.421555757522583,3.447324514389038,3.486508846282959,0.002651987364515662,0.0038452614098787308,0.484300434589386,0.5007673501968384
545,7.005892753601074,9.853588104248047,7.227333763236895e-05,3.469128370285034,3.491770029067993,3.556962251663208,0.0025417343713343143,0.003657408757135272,0.491460919380188,0.487454891204834
546,6.972602367401123,15.971051216125488,7.218284009718089e-05,3.470827102661133,3.464846134185791,3.5152804851531982,0.0021679638884961605,0.003688092576339841,0.49333685636520386,0.49476176500320435
547,7.028312683105469,12.47326946258545,7.209225622342651e-05,3.4848873615264893,3.5233802795410156,3.5378224849700928,0.002582373097538948,0.0038297679275274277,0.5074262619018555,0.5059146881103516
548,6.862079620361328,16.22821044921875,7.200158640845098e-05,3.3951022624969482,3.417335271835327,3.492652177810669,0.0017015543999150395,0.004290461540222168,0.5084788799285889,0.5152634382247925
549,7.157267093658447,11.93748950958252,7.191083104997648e-05,3.539524555206299,3.6010215282440186,3.6091089248657227,0.002719809766858816,0.003618707414716482,0.515373706817627,0.5182775855064392
550,6.7831339836120605,10.391302108764648,7.181999054610041e-05,3.382631778717041,3.35024094581604,3.4249374866485596,0.003007599851116538,0.0034489070530980825,0.5075075626373291,0.5197107791900635
551,7.302536964416504,14.468969345092773,7.172906529529367e-05,3.638437509536743,3.62868070602417,3.671938896179199,0.0026845664251595736,0.004210232757031918,0.5088223218917847,0.5115691423416138
552,7.022096633911133,14.992207527160645,7.163805569639889e-05,3.4888672828674316,3.519502878189087,3.5146236419677734,0.0031430532690137625,0.0049400026910007,0.4896497130393982,0.5023505687713623
553,7.107620716094971,12.452235221862793,7.15469621486287e-05,3.5411527156829834,3.556086540222168,3.5464961528778076,0.002997781615704298,0.004590460564941168,0.473967045545578,0.47447001934051514
554,7.006529808044434,14.486255645751953,7.145578505156394e-05,3.49969744682312,3.474318265914917,3.5087761878967285,0.0034623886458575726,0.004180531948804855,0.4611382782459259,0.47406572103500366
555,7.038432598114014,15.91217041015625,7.136452480515199e-05,3.4794492721557617,3.513418436050415,3.5742976665496826,0.0037149686831980944,0.0038475007750093937,0.4720516800880432,0.47264939546585083
556,6.953985691070557,11.028589248657227,7.127318180970495e-05,3.470851182937622,3.4382853507995605,3.50130295753479,0.003522215411067009,0.003148129442706704,0.4739672541618347,0.48168671131134033
557,6.831286907196045,14.782682418823242,7.118175646589787e-05,3.3694119453430176,3.434859275817871,3.4652764797210693,0.0022579177748411894,0.0036457660607993603,0.49168604612350464,0.5047286748886108
558,7.065140247344971,14.567927360534668,7.109024917476704e-05,3.522350311279297,3.53348708152771,3.528439521789551,0.002428618725389242,0.0034846290946006775,0.5129057765007019,0.5121556520462036
559,6.998443126678467,11.918684005737305,7.099866033770819e-05,3.467839479446411,3.5174667835235596,3.5168044567108154,0.00311024347320199,0.0036237614694982767,0.5168907642364502,0.5151112079620361
560,6.8370361328125,12.04111385345459,7.090699035647481e-05,3.401334762573242,3.419735908508301,3.424219846725464,0.003545208368450403,0.003316509071737528,0.5425862669944763,0.536012589931488
561,6.90757942199707,13.307836532592773,7.081523963317625e-05,3.468853235244751,3.4162826538085938,3.4400322437286377,0.0025773372035473585,0.0027071754448115826,0.5276873707771301,0.5330822467803955
562,7.0628342628479,15.124969482421875,7.072340857027609e-05,3.5275235176086426,3.517528772354126,3.52445125579834,0.0032344572246074677,0.003926065284758806,0.5053244233131409,0.5192469358444214
563,6.895637512207031,9.435667037963867,7.063149757059029e-05,3.421567916870117,3.4247708320617676,3.49934458732605,0.0023927411530166864,0.0036133350804448128,0.5021297931671143,0.5011304616928101
564,7.03898286819458,20.738216400146484,7.053950703728547e-05,3.5334386825561523,3.465073347091675,3.51899790763855,0.002932304283604026,0.0038219490088522434,0.48511990904808044,0.49955499172210693
565,7.053945064544678,16.93773651123047,7.04474373738771e-05,3.4894604682922363,3.523667097091675,3.5757482051849365,0.0032109746243804693,0.004177352879196405,0.4689292311668396,0.4802413582801819
566,7.121278762817383,14.838388442993164,7.035528898422778e-05,3.5530316829681396,3.5426549911499023,3.5701277256011963,0.002883942099288106,0.0030441279523074627,0.46745020151138306,0.4826456308364868
567,6.838359355926514,16.54336929321289,7.026306227254543e-05,3.435690402984619,3.385335922241211,3.389711380004883,0.003153800033032894,0.004418863914906979,0.4745906591415405,0.49259597063064575
568,6.973433971405029,13.601618766784668,7.017075764338153e-05,3.4755539894104004,3.4610157012939453,3.5024781227111816,0.0035473848693072796,0.004518943838775158,0.4860988259315491,0.4878271818161011
569,7.033583164215088,14.910407066345215,7.007837550162933e-05,3.5166845321655273,3.50892972946167,3.497612237930298,0.002740382682532072,0.004073412157595158,0.5032194256782532,0.5203261375427246
570,7.221526145935059,19.38639259338379,6.998591625252211e-05,3.5987229347229004,3.6139416694641113,3.6094093322753906,0.0017673518741503358,0.0037964482326060534,0.5288667678833008,0.5320965647697449
571,7.132833480834961,23.88134002685547,6.989338030163138e-05,3.5452518463134766,3.5659093856811523,3.582716226577759,0.0028376602567732334,0.0037969318218529224,0.5182148218154907,0.5196588039398193
572,6.991890907287598,9.460824966430664,6.980076805486509e-05,3.5001301765441895,3.466069221496582,3.495683431625366,0.0023356808815151453,0.003106310497969389,0.5027967691421509,0.5184791088104248
573,7.051760673522949,8.327738761901855,6.970807991846584e-05,3.5386524200439453,3.4718308448791504,3.5249173641204834,0.0029721236787736416,0.004395032301545143,0.4907953143119812,0.5049854516983032
574,7.299472808837891,21.256114959716797,6.961531629900916e-05,3.63503360748291,3.624485969543457,3.6754019260406494,0.003332318039610982,0.0039152586832642555,0.49496757984161377,0.49935269355773926
575,7.068157196044922,15.747808456420898,6.952247760340168e-05,3.5330233573913574,3.5218284130096436,3.5290722846984863,0.0017476464854553342,0.003094269195571542,0.5018032789230347,0.504044771194458
576,7.083914756774902,17.978286743164062,6.942956423887931e-05,3.5420639514923096,3.51962947845459,3.539449691772461,0.0026958948001265526,0.003459719941020012,0.49164116382598877,0.5007203817367554
577,6.814154624938965,13.532828330993652,6.933657661300555e-05,3.3863229751586914,3.4129111766815186,3.421790599822998,0.002108309417963028,0.003132087178528309,0.5204269289970398,0.5303636789321899
578,7.186703681945801,16.820219039916992,6.924351513366964e-05,3.5551042556762695,3.6255147457122803,3.610044240951538,0.0035017591435462236,0.003408086020499468,0.5035386681556702,0.512216329574585
579,7.032659530639648,19.38341522216797,6.915038020908472e-05,3.525184154510498,3.47428297996521,3.511568069458008,0.0029399984050542116,0.004334942903369665,0.5029939413070679,0.5105190873146057
580,7.022259712219238,11.260655403137207,6.905717224778614e-05,3.493049383163452,3.485184669494629,3.537388563156128,0.003646333934739232,0.005315551068633795,0.4901996850967407,0.49193206429481506
581,6.83636999130249,14.882452011108398,6.896389165862963e-05,3.3961293697357178,3.424715518951416,3.4266774654388428,0.003300984390079975,0.003971001598984003,0.4991065263748169,0.4985262155532837
582,7.001214981079102,15.463383674621582,6.887053885078948e-05,3.4514808654785156,3.5193519592285156,3.556199312210083,0.003013048553839326,0.0029661941807717085,0.4859358072280884,0.48663175106048584
583,6.8501057624816895,16.072763442993164,6.877711423375678e-05,3.387929916381836,3.434239149093628,3.466309070587158,0.0025620516389608383,0.0033886409364640713,0.488092839717865,0.49144619703292847
584,7.053450584411621,13.709466934204102,6.868361821733763e-05,3.500058174133301,3.5349206924438477,3.5456628799438477,0.0027635416481643915,0.003786795074120164,0.49679580330848694,0.5024310350418091
585,7.096578598022461,13.872991561889648,6.859005121165126e-05,3.5111546516418457,3.5482401847839355,3.6009109020233154,0.0024199262261390686,0.0030042461585253477,0.49355989694595337,0.5000584125518799
586,7.067400932312012,15.153945922851562,6.849641362712836e-05,3.518901824951172,3.5343899726867676,3.538816452026367,0.002570627024397254,0.0033773649483919144,0.5066444277763367,0.5102881193161011
587,7.035569667816162,10.385272026062012,6.840270587450918e-05,3.513833999633789,3.472893476486206,3.5457699298858643,0.002725285477936268,0.003476685145869851,0.5172194838523865,0.5192862749099731
588,7.056271553039551,8.501277923583984,6.830892836484177e-05,3.4854040145874023,3.5516650676727295,3.565744638442993,0.0024681631475687027,0.0036131697706878185,0.5011111497879028,0.5055052042007446
589,7.138071060180664,15.377909660339355,6.821508150948018e-05,3.5567612648010254,3.5626513957977295,3.570753812789917,0.003265555016696453,0.004037973005324602,0.4959750473499298,0.5068066716194153
590,7.05404806137085,15.407655715942383,6.81211657200826e-05,3.5236544609069824,3.487586259841919,3.548825740814209,0.0027485708706080914,0.0033453525975346565,0.5021971464157104,0.5056484937667847
591,7.223111629486084,17.690404891967773,6.802718140860966e-05,3.5883474349975586,3.581102132797241,3.6573150157928467,0.0028550850693136454,0.004922524094581604,0.5037305355072021,0.5120551586151123
592,6.970257759094238,12.022439956665039,6.793312898732252e-05,3.4575419425964355,3.4905104637145996,3.5091631412506104,0.00290719629265368,0.003532343078404665,0.5002080798149109,0.5048155784606934
593,7.174242973327637,11.845452308654785,6.783900886878113e-05,3.585379123687744,3.5834197998046875,3.5610930919647217,0.0031339575070887804,0.005169558804482222,0.5195662975311279,0.5206952095031738
594,6.993814945220947,11.100448608398438,6.774482146584234e-05,3.4766950607299805,3.4930574893951416,3.5100574493408203,0.003457549726590514,0.004323835019022226,0.49192363023757935,0.5026817321777344
595,6.933429718017578,10.903345108032227,6.765056719165821e-05,3.452754020690918,3.453615188598633,3.4782354831695557,0.0034640177618712187,0.003911302424967289,0.5022249817848206,0.5038406848907471
596,6.902280807495117,7.790635108947754,6.75562464596741e-05,3.435802936553955,3.425117015838623,3.480670213699341,0.002648213179782033,0.004144164267927408,0.4948486089706421,0.5029110908508301
597,6.704793453216553,13.687417030334473,6.746185968362687e-05,3.3029048442840576,3.3987958431243896,3.378309488296509,0.002945259679108858,0.0037229759618639946,0.5043218731880188,0.5199223756790161
598,6.862742900848389,14.470043182373047,6.73674072775431e-05,3.4189682006835938,3.4022743701934814,3.456047296524048,0.002929543610662222,0.004377690143883228,0.5159045457839966,0.5178227424621582
599,6.799266815185547,12.445815086364746,6.727288965573727e-05,3.3945980072021484,3.353663206100464,3.427459955215454,0.0033865850418806076,0.003667001612484455,0.4895245134830475,0.49138882756233215
600,7.09143590927124,32.05833053588867,6.71783072328099e-05,3.5186448097229004,3.5618088245391846,3.556839942932129,0.003003177233040333,0.0037303040735423565,0.46906614303588867,0.47858816385269165
601,7.025026798248291,28.00701332092285,6.708366042364576e-05,3.487959146499634,3.477342128753662,3.5706446170806885,0.0030955751426517963,0.0034415926784276962,0.4709198474884033,0.4717102646827698
602,6.9760661125183105,15.030951499938965,6.698894964341209e-05,3.4552266597747803,3.5043492317199707,3.509129285812378,0.0035109948366880417,0.0035391845740377903,0.47345292568206787,0.4866190552711487
603,7.039474964141846,20.296310424804688,6.689417530755667e-05,3.5423760414123535,3.497238874435425,3.4661216735839844,0.0030313848983496428,0.004677770659327507,0.5008101463317871,0.5088054537773132
604,7.080632209777832,18.537778854370117,6.679933783180613e-05,3.506063938140869,3.578803300857544,3.542783498764038,0.003005970036610961,0.0038815175648778677,0.50079345703125,0.5074228048324585
605,6.913152694702148,13.52877426147461,6.670443763216402e-05,3.4446723461151123,3.4409844875335693,3.470416784286499,0.0024596627335995436,0.003930124454200268,0.5120291113853455,0.5278699994087219
606,6.930978298187256,16.005998611450195,6.660947512490906e-05,3.434974431991577,3.435002326965332,3.5302927494049072,0.002793504623696208,0.003884802805259824,0.4982031583786011,0.49339962005615234
607,7.021131992340088,11.67956829071045,6.651445072659326e-05,3.4956233501434326,3.4868826866149902,3.536947011947632,0.003616450121626258,0.003180386498570442,0.5222592949867249,0.5242475867271423
608,7.026911735534668,12.511991500854492,6.641936485404013e-05,3.461803436279297,3.5439600944519043,3.5506327152252197,0.0036405085120350122,0.005265478044748306,0.4895080327987671,0.5092998147010803
609,6.945567607879639,18.499290466308594,6.632421792434281e-05,3.431243896484375,3.475827217102051,3.5204896926879883,0.002811149228364229,0.005271406378597021,0.49978214502334595,0.5095019340515137
610,7.270169258117676,11.792325019836426,6.622901035486229e-05,3.6284117698669434,3.6205732822418213,3.633841037750244,0.0035246596671640873,0.003750674659386277,0.4847785234451294,0.4928804039955139
611,7.058237075805664,10.489523887634277,6.613374256322556e-05,3.5258901119232178,3.50342059135437,3.5333166122436523,0.0033219109755009413,0.0036672751884907484,0.48310554027557373,0.49362534284591675
612,6.8042144775390625,12.644607543945312,6.603841496732375e-05,3.3907437324523926,3.3733479976654053,3.418552875518799,0.00319061242043972,0.0055693951435387135,0.49731555581092834,0.5074321627616882
613,6.987980842590332,10.58214282989502,6.594302798531036e-05,3.4580578804016113,3.5169060230255127,3.523627758026123,0.0022212383337318897,0.002606657799333334,0.5052278637886047,0.5133330821990967
614,6.838847637176514,12.249410629272461,6.584758203559933e-05,3.391146659851074,3.393233299255371,3.4778671264648438,0.0027853946667164564,0.0032899342477321625,0.5114227533340454,0.5201835632324219
615,6.990164756774902,9.131929397583008,6.57520775368633e-05,3.4596757888793945,3.507079839706421,3.5235366821289062,0.002151245018467307,0.005439117085188627,0.5075123310089111,0.5096275806427002
616,6.939265727996826,15.179839134216309,6.565651490803174e-05,3.4677064418792725,3.4494667053222656,3.466200828552246,0.002469419501721859,0.0043932246044278145,0.48377931118011475,0.4912165403366089
617,6.8464131355285645,17.96558380126953,6.556089456828906e-05,3.411386728286743,3.413376569747925,3.433835983276367,0.002482292242348194,0.003228029701858759,0.504239022731781,0.5077838897705078
618,7.043393135070801,22.04903793334961,6.546521693707286e-05,3.4982547760009766,3.506649971008301,3.556746482849121,0.0027479438576847315,0.0039719888009130955,0.5118110775947571,0.5096257925033569
619,6.792795658111572,9.5070219039917,6.536948243407208e-05,3.3838462829589844,3.423582077026367,3.3721539974212646,0.0025629017036408186,0.0029776468873023987,0.49164050817489624,0.497249037027359
620,7.092803001403809,20.62055206298828,6.527369147922504e-05,3.55648136138916,3.4952714443206787,3.550029754638672,0.002963328268378973,0.003872048109769821,0.4922887086868286,0.4953153729438782
621,7.007709503173828,19.748857498168945,6.517784449271776e-05,3.4937825202941895,3.501728057861328,3.497889518737793,0.003010933054611087,0.004048156086355448,0.487300843000412,0.4913424551486969
622,7.119505882263184,18.028854370117188,6.508194189498201e-05,3.547328472137451,3.5553953647613525,3.565603733062744,0.0026984510477632284,0.0031403740867972374,0.4913176894187927,0.4989672601222992
623,6.850571155548096,9.51977252960205,6.498598410669349e-05,3.4045395851135254,3.4169650077819824,3.451007127761841,0.0024872885551303625,0.0035358259920030832,0.5144518613815308,0.5157277584075928
624,6.8256144523620605,14.985175132751465,6.488997154877003e-05,3.411005973815918,3.3668880462646484,3.4421699047088623,0.002149121602997184,0.0028906615916639566,0.5252512097358704,0.5271878242492676
625,7.154445171356201,21.994060516357422,6.479390464236966e-05,3.544440269470215,3.5783510208129883,3.608323812484741,0.0035944266710430384,0.0047392044216394424,0.5068718791007996,0.5192263126373291
626,7.102768421173096,18.597238540649414,6.469778380888884e-05,3.5223135948181152,3.5154991149902344,3.607841730117798,0.004148633219301701,0.005243485793471336,0.4831901788711548,0.48606738448143005
627,6.941012382507324,11.548776626586914,6.460160946996058e-05,3.467073917388916,3.4628219604492188,3.4558980464935303,0.003346231998875737,0.00394291989505291,0.48720622062683105,0.4914931654930115
628,6.924126148223877,14.9805269241333,6.450538204745259e-05,3.454137086868286,3.4347779750823975,3.4740347862243652,0.0036749280989170074,0.004116312135010958,0.4895038604736328,0.5024392604827881
629,6.853244781494141,10.555112838745117,6.440910196346538e-05,3.4012162685394287,3.4089419841766357,3.469298839569092,0.0024858887773007154,0.00396794592961669,0.4985908269882202,0.5002548098564148
630,6.950993537902832,13.63917064666748,6.431276964033053e-05,3.4571428298950195,3.4670004844665527,3.4970388412475586,0.0024813953787088394,0.0034338508266955614,0.498030424118042,0.507702112197876
631,6.767635345458984,14.111367225646973,6.421638550060877e-05,3.3418595790863037,3.3764986991882324,3.4529764652252197,0.0020167180337011814,0.0035024455282837152,0.5019791722297668,0.505286455154419
632,6.924460411071777,19.601110458374023,6.411994996708804e-05,3.4557981491088867,3.430561065673828,3.4792087078094482,0.0030085123144090176,0.003880095900967717,0.49383699893951416,0.497469425201416
633,6.918051719665527,19.279603958129883,6.40234634627818e-05,3.4617786407470703,3.43527889251709,3.4543957710266113,0.0022693790961056948,0.00344858574680984,0.4928884506225586,0.4985630512237549
634,6.9306864738464355,12.250383377075195,6.392692641092707e-05,3.4522013664245605,3.449761390686035,3.481353759765625,0.002787980018183589,0.0036756256595253944,0.5133305788040161,0.5185123682022095
635,6.831108570098877,37.100467681884766,6.383033923498257e-05,3.4008185863494873,3.411353588104248,3.4272608757019043,0.0024997733999043703,0.0029917932115495205,0.5124392509460449,0.5082657337188721
636,6.86436653137207,24.416370391845703,6.37337023586269e-05,3.4095940589904785,3.448362112045288,3.429358959197998,0.0038812921848148108,0.004074796102941036,0.5089326500892639,0.5108922719955444
637,6.9430131912231445,14.700736045837402,6.36370162057567e-05,3.472031593322754,3.4380013942718506,3.4768857955932617,0.003115547588095069,0.0036533670499920845,0.5055045485496521,0.5082193613052368
638,7.036774158477783,16.77696990966797,6.354028120048472e-05,3.5049870014190674,3.5083985328674316,3.5253756046295166,0.0024541434831917286,0.004996079485863447,0.48177433013916016,0.4902486801147461
639,6.831452369689941,11.055929183959961,6.344349776713805e-05,3.390425682067871,3.418567419052124,3.432325839996338,0.0037214024923741817,0.0040686968713998795,0.5004308223724365,0.5006859302520752
640,6.932119369506836,18.589242935180664,6.334666633025615e-05,3.439152479171753,3.4466397762298584,3.5115702152252197,0.002646769629791379,0.0042844912968575954,0.5015479922294617,0.5028966069221497
641,6.952157020568848,9.128365516662598,6.324978731458908e-05,3.4718620777130127,3.471022605895996,3.4663712978363037,0.002545691095292568,0.0032532706391066313,0.48949700593948364,0.49305835366249084
642,6.837475776672363,24.517242431640625,6.315286114509562e-05,3.3820323944091797,3.432222604751587,3.4484457969665527,0.0029430375434458256,0.004611555952578783,0.49142491817474365,0.49628159403800964
643,7.081466197967529,26.260305404663086,6.305588824694134e-05,3.5330557823181152,3.5272598266601562,3.546010971069336,0.00250949221663177,0.0033779775258153677,0.5017065405845642,0.5164217948913574
644,6.753600597381592,17.37820816040039,6.295886904549684e-05,3.3557820320129395,3.3752667903900146,3.3962199687957764,0.0026599965058267117,0.0033775176852941513,0.5077310800552368,0.5226073265075684
645,6.925939559936523,15.42955493927002,6.286180396633579e-05,3.462564706802368,3.4118683338165283,3.4869384765625,0.0025689059402793646,0.00441680196672678,0.4802027940750122,0.4835371971130371
646,6.807934761047363,13.526754379272461,6.276469343523313e-05,3.369591236114502,3.4094598293304443,3.4370803833007812,0.002555667655542493,0.004981043748557568,0.4910660982131958,0.4960516393184662
647,6.706535816192627,14.279272079467773,6.266753787816313e-05,3.3090152740478516,3.3862226009368896,3.384765625,0.002548245480284095,0.003464978188276291,0.5017820596694946,0.5041633248329163
648,6.89177131652832,10.336995124816895,6.257033772129763e-05,3.4311156272888184,3.4366209506988525,3.4574456214904785,0.0031317134853452444,0.0036794724874198437,0.5081700086593628,0.510278582572937
649,6.800706386566162,29.944355010986328,6.247309339100405e-05,3.3592276573181152,3.419590950012207,3.440516710281372,0.0026574612129479647,0.003055054461583495,0.5210009813308716,0.5270055532455444
650,6.772453784942627,20.013568878173828,6.23758053138436e-05,3.36044979095459,3.4132497310638428,3.3815181255340576,0.003690512618049979,0.0036194315180182457,0.5196120738983154,0.5154950618743896
651,7.019505977630615,13.044610023498535,6.22784739165694e-05,3.496579647064209,3.5022811889648438,3.5135624408721924,0.002547641983255744,0.004954633302986622,0.501420795917511,0.5081387162208557
652,6.66010046005249,21.905305862426758,6.218109962612458e-05,3.2958366870880127,3.338547468185425,3.3603458404541016,0.003152555553242564,0.004255962558090687,0.515913724899292,0.5231856107711792
653,7.0091352462768555,20.88677215576172,6.208368286964036e-05,3.4890923500061035,3.514310836791992,3.495090961456299,0.003132252022624016,0.004538483917713165,0.495114803314209,0.5006616115570068
654,7.046413421630859,24.63776397705078,6.198622407443437e-05,3.536741018295288,3.4955015182495117,3.494762897491455,0.00298881228081882,0.004281565081328154,0.48687469959259033,0.49268460273742676
655,6.890071868896484,11.361292839050293,6.188872366800853e-05,3.43764066696167,3.4150185585021973,3.4640052318573,0.002237853826954961,0.004221735056489706,0.48063355684280396,0.49510160088539124
656,7.028966903686523,25.2330265045166,6.179118207804735e-05,3.4842429161071777,3.480647325515747,3.5828468799591064,0.0029012984596192837,0.0035873528104275465,0.5202150940895081,0.5337316393852234
657,6.8473310470581055,32.58748245239258,6.169359973241592e-05,3.3853015899658203,3.4458467960357666,3.458125352859497,0.0022788885980844498,0.002743109129369259,0.509559154510498,0.506916880607605
658,6.846728801727295,29.817035675048828,6.159597705915819e-05,3.411797046661377,3.4238758087158203,3.4113757610321045,0.003720036707818508,0.004932767245918512,0.5125561356544495,0.5123395919799805
659,6.6991987228393555,6.8604230880737305,6.149831448649494e-05,3.304401397705078,3.394327163696289,3.3710227012634277,0.0026664992328733206,0.0033947185147553682,0.5015113353729248,0.5000249743461609
660,6.924768924713135,28.106731414794922,6.140061244282199e-05,3.440225839614868,3.4312405586242676,3.5108494758605957,0.0030755780171602964,0.003673398867249489,0.47822266817092896,0.49096301198005676
661,6.796724319458008,24.660554885864258,6.130287135670832e-05,3.3829240798950195,3.393785238265991,3.407219409942627,0.002775774337351322,0.00387324346229434,0.48142698407173157,0.4811769425868988
662,7.0299906730651855,27.609439849853516,6.120509165689417e-05,3.508545398712158,3.491410493850708,3.5152790546417236,0.004155005794018507,0.004895439837127924,0.47194215655326843,0.4887022376060486
663,6.860970497131348,10.8386869430542,6.11072737722891e-05,3.4281134605407715,3.4148287773132324,3.4189114570617676,0.0037976112216711044,0.004196214955300093,0.48568493127822876,0.4866071343421936
664,6.750546932220459,20.872413635253906,6.100941813197023e-05,3.364928722381592,3.355287551879883,3.3894193172454834,0.00296892155893147,0.0036632532719522715,0.5074813365936279,0.5139687061309814
665,6.78560733795166,19.164657592773438,6.0911525165180284e-05,3.364011287689209,3.383291482925415,3.431077480316162,0.0033537005074322224,0.0038523594848811626,0.5182244181632996,0.5276781320571899
666,6.775340557098389,22.360231399536133,6.081359530132569e-05,3.4032094478607178,3.3515944480895996,3.3711376190185547,0.002232970902696252,0.0031494954600930214,0.515647828578949,0.518875002861023
667,6.79538631439209,11.431665420532227,6.071562896997476e-05,3.357185125350952,3.4189579486846924,3.431096076965332,0.003085631877183914,0.0035014247987419367,0.49544772505760193,0.5088460445404053
668,6.664506912231445,11.434919357299805,6.061762660085572e-05,3.290720224380493,3.351841449737549,3.3729076385498047,0.002347010187804699,0.003358979942277074,0.5111567974090576,0.5218608975410461
669,6.7617058753967285,12.056921005249023,6.051958862385493e-05,3.3646576404571533,3.3686742782592773,3.39304518699646,0.0026000705547630787,0.00549403065815568,0.5228862166404724,0.5305004715919495
670,6.884582042694092,17.201005935668945,6.0421515469014935e-05,3.432964563369751,3.398925304412842,3.4764044284820557,0.0032389750704169273,0.0037373367231339216,0.5052717924118042,0.5141979455947876
671,6.783611297607422,15.208619117736816,6.032340756653256e-05,3.3844997882843018,3.400526523590088,3.3671717643737793,0.0033390920143574476,0.0042923265136778355,0.4855063557624817,0.49524086713790894
672,6.912718296051025,20.05771255493164,6.022526534675704e-05,3.437893867492676,3.447211742401123,3.474367141723633,0.0033698605839163065,0.003647472010925412,0.4894036054611206,0.4940618872642517
673,6.908818244934082,14.62252426147461,6.0127089240188205e-05,3.436154365539551,3.472975254058838,3.445317506790161,0.0032431914005428553,0.0035156970843672752,0.5075740814208984,0.508856475353241
674,6.70072603225708,14.42196273803711,6.002887967747448e-05,3.3220653533935547,3.3502988815307617,3.382403612136841,0.002671407535672188,0.003483227686956525,0.478335440158844,0.48167410492897034
675,6.792877197265625,11.04582691192627,5.993063708941102e-05,3.400815963745117,3.3578245639801025,3.397380828857422,0.0027348208241164684,0.004494314081966877,0.5075019598007202,0.4986845552921295
676,6.870798587799072,19.6278018951416,5.9832361906937936e-05,3.4168310165405273,3.432312250137329,3.4521901607513428,0.002641375409439206,0.0032166691962629557,0.48387542366981506,0.4880923926830292
677,6.855624198913574,16.553281784057617,5.973405456113823e-05,3.3923542499542236,3.452005624771118,3.4470601081848145,0.0030364743433892727,0.003831939771771431,0.49704158306121826,0.502798855304718
678,6.815873622894287,8.018059730529785,5.963571548323603e-05,3.4063737392425537,3.403653860092163,3.386394500732422,0.0026875468902289867,0.004550436977297068,0.49026575684547424,0.4950184226036072
679,6.856770038604736,19.650096893310547,5.95373451045946e-05,3.424060583114624,3.411236047744751,3.4241340160369873,0.0033080808352679014,0.0042039197869598866,0.48680466413497925,0.4854377508163452
680,7.13871955871582,24.375102996826172,5.943894385671461e-05,3.5129411220550537,3.5795340538024902,3.6376514434814453,0.0033826211001724005,0.005210234317928553,0.46933436393737793,0.4808846116065979
681,6.6927080154418945,14.7759428024292,5.934051217123204e-05,3.345081329345703,3.3420164585113525,3.3246266841888428,0.0032049035653471947,0.003947828430682421,0.49208563566207886,0.49730628728866577
682,6.769949913024902,11.251514434814453,5.924205047991642e-05,3.3645973205566406,3.3816351890563965,3.4019081592559814,0.0032887267880141735,0.0035017423797398806,0.5159534215927124,0.5122672915458679
683,7.009383201599121,16.718463897705078,5.9143559214668895e-05,3.5185959339141846,3.448253870010376,3.5038273334503174,0.003558134427294135,0.0038151952903717756,0.5271799564361572,0.5319322347640991
684,6.804448127746582,16.30647850036621,5.904503880752037e-05,3.3820536136627197,3.399369716644287,3.4179065227508545,0.0031447168439626694,0.003733310615643859,0.49492478370666504,0.4933423399925232
685,6.818256855010986,10.699195861816406,5.8946489690629525e-05,3.3680191040039062,3.392508029937744,3.4743127822875977,0.004132190253585577,0.004281619563698769,0.4833218455314636,0.4929935038089752
686,6.976675033569336,30.36308479309082,5.884791229628099e-05,3.4822726249694824,3.4482357501983643,3.5115842819213867,0.0031166032422333956,0.0041295383125543594,0.4918491840362549,0.5066027641296387
687,6.943234920501709,28.201379776000977,5.874930705688348e-05,3.4862449169158936,3.451033592224121,3.430661678314209,0.004132408648729324,0.003938565030694008,0.46988344192504883,0.47076863050460815
688,6.78076696395874,13.895383834838867,5.865067440496779e-05,3.3398094177246094,3.3821887969970703,3.4676973819732666,0.003516159951686859,0.004491172730922699,0.4937629699707031,0.48921844363212585
689,6.727367877960205,10.474810600280762,5.8552014773185006e-05,3.3470795154571533,3.363607168197632,3.374089241027832,0.0023178053088486195,0.0034023092593997717,0.504716157913208,0.5067617893218994
690,6.766209602355957,24.997194290161133,5.845332859430451e-05,3.3577771186828613,3.3817951679229736,3.4058923721313477,0.0031409754883497953,0.004153554793447256,0.5336313247680664,0.5406721830368042
691,6.844686985015869,36.038360595703125,5.8354616301212196e-05,3.3957056999206543,3.4231181144714355,3.442915201187134,0.0029309378005564213,0.0050516072660684586,0.5151137709617615,0.5211465358734131
692,6.897806167602539,15.364178657531738,5.8255878326908455e-05,3.414909601211548,3.4458096027374268,3.487619638442993,0.0037999837659299374,0.004291024524718523,0.4976270794868469,0.5109780430793762
693,7.07872200012207,21.42801856994629,5.815711510450637e-05,3.538855791091919,3.5095579624176025,3.5316567420959473,0.004303501918911934,0.005325676873326302,0.48764461278915405,0.4931226372718811
694,6.815370082855225,21.439434051513672,5.805832706722974e-05,3.4044032096862793,3.373825788497925,3.4127588272094727,0.004071392118930817,0.004765800200402737,0.4767591059207916,0.48134279251098633
695,7.011508464813232,26.092384338378906,5.7959514648411214e-05,3.4957213401794434,3.5044219493865967,3.496851921081543,0.003611607477068901,0.003963419236242771,0.5020889639854431,0.5101038217544556
696,6.829681396484375,12.683759689331055,5.7860678281490434e-05,3.3813724517822266,3.42317795753479,3.444923162460327,0.003168979426845908,0.003960032016038895,0.5137919187545776,0.5196419954299927
697,6.585220813751221,23.352346420288086,5.776181840001204e-05,3.277036666870117,3.2780301570892334,3.3033926486968994,0.0037820697762072086,0.004954223521053791,0.5115820169448853,0.5182551145553589
698,6.810173511505127,30.50284767150879,5.766293543762384e-05,3.414694309234619,3.393073558807373,3.3741507530212402,0.002894285600632429,0.0030390832107514143,0.512225866317749,0.5210080146789551
699,6.730793476104736,13.672163963317871,5.756402982807489e-05,3.3522965908050537,3.3611927032470703,3.3662326335906982,0.0036939389538019896,0.003697939682751894,0.5066702365875244,0.5137295722961426
700,6.63538122177124,12.69329833984375,5.74651020052136e-05,3.305351972579956,3.2887485027313232,3.340954303741455,0.0029758531600236893,0.004613210912793875,0.49011993408203125,0.48599934577941895
701,6.7608962059021,20.00041389465332,5.7366152402985745e-05,3.364118814468384,3.3916878700256348,3.3637008666992188,0.004481817129999399,0.005059676710516214,0.495877742767334,0.5073380470275879
702,6.818254470825195,17.40179443359375,5.726718145543275e-05,3.4220259189605713,3.3581013679504395,3.4041388034820557,0.003251493675634265,0.004302749410271645,0.5096576809883118,0.511914849281311
703,6.704625129699707,12.458585739135742,5.7168189596689604e-05,3.32973051071167,3.349313497543335,3.371990442276001,0.0029000781942158937,0.004221262410283089,0.5098284482955933,0.5146063566207886
704,6.9009928703308105,16.424413681030273,5.7069177260983004e-05,3.41111421585083,3.4452707767486572,3.500349760055542,0.004320635925978422,0.004213461186736822,0.48184704780578613,0.47651126980781555
705,6.9523210525512695,12.550250053405762,5.697014488262948e-05,3.4721131324768066,3.432861089706421,3.496915578842163,0.0034328820183873177,0.0042265779338777065,0.4996013939380646,0.5132459402084351
706,6.738654136657715,11.77095890045166,5.687109289603355e-05,3.348808765411377,3.3489127159118652,3.4045746326446533,0.002841583453118801,0.003709567477926612,0.48806512355804443,0.5002936124801636
707,6.617517471313477,9.810107231140137,5.6772021735685644e-05,3.272413492202759,3.3233389854431152,3.340588331222534,0.0033271985594183207,0.003243009326979518,0.4900985658168793,0.49922436475753784
708,6.712475299835205,9.47086238861084,5.6672931836160347e-05,3.3367156982421875,3.3768715858459473,3.3468129634857178,0.0030343930702656507,0.003924456425011158,0.4888137876987457,0.4905993342399597
709,6.820182800292969,11.963203430175781,5.657382363211446e-05,3.380131721496582,3.403379201889038,3.4475040435791016,0.0037453174591064453,0.0035593188367784023,0.5149151086807251,0.5176122188568115
710,6.793649196624756,17.698314666748047,5.647469755828505e-05,3.3911702632904053,3.340529680252075,3.431720495223999,0.00360296037979424,0.004573901649564505,0.5191237330436707,0.5178450345993042
711,6.68267822265625,11.766788482666016,5.637555404948754e-05,3.327664852142334,3.33817458152771,3.34785532951355,0.0020527136512100697,0.0039462377317249775,0.500492513179779,0.49987298250198364
712,6.624104022979736,16.523117065429688,5.627639354061389e-05,3.2747459411621094,3.3186147212982178,3.3544535636901855,0.003112535923719406,0.0032992814667522907,0.5036252737045288,0.5055161714553833
713,6.803308010101318,9.157316207885742,5.617721646663061e-05,3.3708431720733643,3.397899627685547,3.4412667751312256,0.002437348710373044,0.004003472626209259,0.4949153959751129,0.500435471534729
714,6.834808349609375,10.20216178894043,5.6078023262576856e-05,3.399113655090332,3.410919427871704,3.4325850009918213,0.002810522448271513,0.0041609094478189945,0.48639678955078125,0.4890075922012329
715,6.89623498916626,12.163763046264648,5.597881436356255e-05,3.430337905883789,3.4298195838928223,3.4671170711517334,0.004070824943482876,0.004643707070499659,0.48470744490623474,0.4836777150630951
716,6.897456645965576,10.826983451843262,5.587959020476648e-05,3.4201226234436035,3.439540147781372,3.4904093742370605,0.0023218339774757624,0.003857953241094947,0.49879008531570435,0.4908648133277893
717,6.610228538513184,15.731786727905273,5.578035122143432e-05,3.2824854850769043,3.317502498626709,3.3075382709503174,0.003087632590904832,0.004524012561887503,0.5019089579582214,0.496385395526886
718,6.7181010246276855,11.218772888183594,5.568109784887683e-05,3.3275351524353027,3.3786144256591797,3.3684725761413574,0.003156794235110283,0.0053544677793979645,0.5107355117797852,0.5101802349090576
719,6.970234394073486,11.553913116455078,5.5581830522467844e-05,3.4830164909362793,3.450777053833008,3.490760326385498,0.003374384017661214,0.0048503573052585125,0.496665894985199,0.4964633584022522
720,6.690715789794922,12.329263687133789,5.548254967764242e-05,3.33488392829895,3.3351690769195557,3.352224826812744,0.0025557682383805513,0.003511423245072365,0.512973427772522,0.5180719494819641
721,6.892080783843994,14.202681541442871,5.5383255749894944e-05,3.422924041748047,3.396756410598755,3.498854398727417,0.004354601260274649,0.006320994347333908,0.513153612613678,0.5117596387863159
722,6.696204662322998,13.794452667236328,5.528394917477713e-05,3.3436994552612305,3.336676836013794,3.343691349029541,0.0026799619663506746,0.0034803696908056736,0.507040798664093,0.518983006477356
723,6.503233909606934,14.709928512573242,5.5184630387896206e-05,3.2184245586395264,3.2378344535827637,3.3010873794555664,0.0039020937401801348,0.0037720566615462303,0.4892093241214752,0.4965239465236664
724,6.812079906463623,14.814507484436035,5.508529982491297e-05,3.3866286277770996,3.3667008876800537,3.4458162784576416,0.0042928121984004974,0.005303519312292337,0.5065957903862,0.5098546147346497
725,6.698679447174072,18.588788986206055,5.498595792153988e-05,3.3516695499420166,3.312380790710449,3.3478050231933594,0.0039180004969239235,0.0045403968542814255,0.4966309666633606,0.5032721757888794
726,6.762530326843262,19.678730010986328,5.4886605113539086e-05,3.33461332321167,3.4026846885681152,3.423663854598999,0.003572206711396575,0.003799270372837782,0.5284581780433655,0.536477267742157
727,6.865560054779053,17.442914962768555,5.478724183672066e-05,3.4240384101867676,3.401880979537964,3.447719097137451,0.003855785122141242,0.004504822194576263,0.49648749828338623,0.4909301698207855
728,6.677440643310547,13.697381019592285,5.468786852694052e-05,3.310704231262207,3.328803777694702,3.3798000812530518,0.0021279396023601294,0.0040893894620239735,0.49986809492111206,0.5021173357963562
729,7.006535530090332,28.887231826782227,5.4588485620098624e-05,3.4868006706237793,3.4939401149749756,3.508993148803711,0.003352262545377016,0.005781854968518019,0.4695105254650116,0.47362375259399414
730,6.920879364013672,46.81715393066406,5.448909355213701e-05,3.439974308013916,3.443629741668701,3.4852023124694824,0.0034096771851181984,0.004834778606891632,0.45812898874282837,0.4570809304714203
731,6.804740905761719,20.268962860107422,5.438969275903795e-05,3.412285327911377,3.340285539627075,3.4112088680267334,0.003193076467141509,0.00516116339713335,0.45974987745285034,0.46009907126426697
732,6.648745536804199,11.76826286315918,5.429028367682193e-05,3.297699451446533,3.3164844512939453,3.358018398284912,0.0031302645802497864,0.00376720679923892,0.4903547465801239,0.4939228296279907
733,6.942274570465088,24.565462112426758,5.419086674154582e-05,3.450474262237549,3.4809048175811768,3.4669601917266846,0.003924856428056955,0.005009183660149574,0.5208628177642822,0.5160964727401733
734,6.660946369171143,27.176612854003906,5.409144238930093e-05,3.289400577545166,3.331594705581665,3.3859400749206543,0.0030035413801670074,0.0033858397509902716,0.5039581060409546,0.505353569984436
735,6.664795875549316,18.334924697875977,5.399201105621112e-05,3.306565046310425,3.357029438018799,3.3316233158111572,0.002770822262391448,0.004181446973234415,0.5227683782577515,0.5246720314025879
736,6.7818379402160645,13.301529884338379,5.389257317843088e-05,3.3730409145355225,3.3849878311157227,3.4093008041381836,0.002540234010666609,0.0032861449290066957,0.5083778500556946,0.5232147574424744
737,6.697061538696289,18.25824546813965,5.379312919214335e-05,3.3298747539520264,3.3391637802124023,3.3688583374023438,0.0023529729805886745,0.004234981723129749,0.5069063901901245,0.509913444519043
738,6.745656490325928,23.253461837768555,5.3693679533558555e-05,3.3741021156311035,3.313784122467041,3.4048333168029785,0.002589564537629485,0.003533475799486041,0.4740826487541199,0.46750062704086304
739,6.626214981079102,12.944588661193848,5.359422463891132e-05,3.2986550331115723,3.274705648422241,3.3485376834869385,0.003487699432298541,0.004481612704694271,0.5015909671783447,0.5053119659423828
740,6.716489791870117,9.142130851745605,5.349476494445948e-05,3.3478333950042725,3.3354814052581787,3.3725616931915283,0.0030793508049100637,0.004238059278577566,0.4996798634529114,0.5106670260429382
741,6.904311656951904,19.417760848999023,5.3395300886481915e-05,3.411518096923828,3.456289529800415,3.4835824966430664,0.004422680474817753,0.007006250787526369,0.49999144673347473,0.5102847218513489
742,6.804224967956543,31.39723777770996,5.329583290127664e-05,3.3941307067871094,3.358315944671631,3.4261908531188965,0.003580861957743764,0.005339406430721283,0.51432204246521,0.5146669745445251
743,6.805323600769043,26.138469696044922,5.31963614251589e-05,3.4132556915283203,3.352708578109741,3.397216558456421,0.003942869603633881,0.004609647672623396,0.5217722654342651,0.5247905254364014
744,6.559562683105469,12.893733978271484,5.309688689445927e-05,3.2377192974090576,3.291607618331909,3.320384979248047,0.0034001010935753584,0.004523623269051313,0.5006126165390015,0.515714168548584
745,6.744238376617432,25.480222702026367,5.299740974552169e-05,3.366917610168457,3.3455169200897217,3.3752031326293945,0.003243535989895463,0.005236887373030186,0.47909337282180786,0.4849834442138672
746,6.961411476135254,29.899261474609375,5.289793041470162e-05,3.4252753257751465,3.4579110145568848,3.5855727195739746,0.003330063074827194,0.003866806859150529,0.4678942561149597,0.47315219044685364
747,6.63376522064209,28.565996170043945,5.2798449338364075e-05,3.294705629348755,3.291574001312256,3.351219654083252,0.004321319051086903,0.004510099068284035,0.48754239082336426,0.4953102469444275
748,6.894239902496338,14.589645385742188,5.2698966952881706e-05,3.4326131343841553,3.440810203552246,3.452239990234375,0.0029723113402724266,0.004578682594001293,0.5105667114257812,0.5139652490615845
749,6.9227423667907715,14.350844383239746,5.2599483694632926e-05,3.4317808151245117,3.4620089530944824,3.494495153427124,0.002509365789592266,0.0038452467415481806,0.5114099383354187,0.5263252854347229
750,6.656652927398682,23.61617088317871,5.2500000000000016e-05,3.3086681365966797,3.326650857925415,3.3371620178222656,0.00332799949683249,0.004711172543466091,0.4979540705680847,0.5019969940185547
751,6.936623573303223,20.14498519897461,5.2400516305367105e-05,3.411202907562256,3.5023365020751953,3.525212287902832,0.0026311713736504316,0.003191898809745908,0.49689605832099915,0.4988306760787964
752,6.572212219238281,9.55982780456543,5.230103304711833e-05,3.2876689434051514,3.2416887283325195,3.3047995567321777,0.002491758903488517,0.0031579264905303717,0.5008944272994995,0.5112044811248779
753,6.641003608703613,14.337939262390137,5.220155066163597e-05,3.3055782318115234,3.3052616119384766,3.3334436416625977,0.0034447158686816692,0.004591654520481825,0.5000141263008118,0.49933716654777527
754,6.670401573181152,16.341001510620117,5.2102069585298424e-05,3.3313186168670654,3.2920305728912354,3.3589766025543213,0.0040341829881072044,0.0027553699910640717,0.5011250972747803,0.5097900629043579
755,6.989247798919678,16.603559494018555,5.200259025447836e-05,3.475180149078369,3.465820074081421,3.5197739601135254,0.003994191065430641,0.006640841253101826,0.48303601145744324,0.4917072355747223
756,6.7404022216796875,13.93708324432373,5.190311310554077e-05,3.337891101837158,3.3595058917999268,3.4120171070098877,0.003785217646509409,0.004589745309203863,0.4845985174179077,0.4823329746723175
757,6.669416427612305,15.164999961853027,5.180363857484115e-05,3.338651657104492,3.309760093688965,3.314805507659912,0.004435588605701923,0.0048055462539196014,0.4890125095844269,0.4981926381587982
758,6.866161823272705,13.810652732849121,5.170416709872342e-05,3.41542387008667,3.421203374862671,3.445303201675415,0.0040088980458676815,0.0047332835383713245,0.46760112047195435,0.4726468026638031
759,6.556208610534668,13.196407318115234,5.160469911351813e-05,3.2664990425109863,3.247161388397217,3.304203987121582,0.0037853745743632317,0.0032280958257615566,0.4993993639945984,0.5044455528259277
760,6.845066547393799,12.42879581451416,5.150523505554057e-05,3.3971805572509766,3.4239113330841064,3.4385249614715576,0.002975791459903121,0.0053583355620503426,0.488191694021225,0.4936571717262268
761,6.637143611907959,9.459193229675293,5.1405775361088736e-05,3.31868052482605,3.256457567214966,3.342071056365967,0.003757796250283718,0.005841755773872137,0.48936885595321655,0.49021512269973755
762,6.724801063537598,8.725726127624512,5.1306320466441496e-05,3.3673906326293945,3.351071834564209,3.3370604515075684,0.0029220636934041977,0.003749813186004758,0.4838876724243164,0.4948040246963501
763,6.860968589782715,12.281732559204102,5.120687080785669e-05,3.4079344272613525,3.4114835262298584,3.46651291847229,0.002914170501753688,0.0041039008647203445,0.5154256820678711,0.519611120223999
764,6.857936382293701,13.882428169250488,5.110742682156918e-05,3.419675827026367,3.426254987716675,3.4256386756896973,0.0026955152861773968,0.003461030777543783,0.5302098393440247,0.5334500074386597
765,6.6170549392700195,13.11174488067627,5.100798894378893e-05,3.273609161376953,3.304440498352051,3.3477840423583984,0.0043266210705041885,0.004340086132287979,0.5072548389434814,0.5076581835746765
766,6.622213840484619,17.678373336791992,5.090855761069914e-05,3.3066864013671875,3.268672466278076,3.3232648372650146,0.004055285360664129,0.005724026821553707,0.5090968012809753,0.5003830194473267
767,6.524913311004639,10.780868530273438,5.0809133258454246e-05,3.2352871894836426,3.2435030937194824,3.3041913509368896,0.003897813381627202,0.003991617821156979,0.5038373470306396,0.5125675201416016
768,6.688660144805908,11.4513521194458,5.0709716323178134e-05,3.317016363143921,3.3479487895965576,3.3641421794891357,0.0035472975578159094,0.004251997917890549,0.5190779566764832,0.5235702395439148
769,6.439958572387695,10.317691802978516,5.0610307240962115e-05,3.1873228549957275,3.2274839878082275,3.2471537590026855,0.0034493403509259224,0.004209160339087248,0.48348861932754517,0.49198660254478455
770,6.662553787231445,16.694007873535156,5.051090644786304e-05,3.251755952835083,3.341747760772705,3.445160388946533,0.003685262519866228,0.004986462648957968,0.5001751780509949,0.5078961253166199
771,6.645503044128418,11.449620246887207,5.0411514379901434e-05,3.275439739227295,3.3237876892089844,3.3835177421569824,0.0038023388478904963,0.004403096158057451,0.5036613941192627,0.5028896331787109
772,6.91195821762085,16.030935287475586,5.031213147305954e-05,3.4406442642211914,3.431910753250122,3.4742045402526855,0.003627041121944785,0.00550129683688283,0.4785148799419403,0.5020507574081421
773,6.654990196228027,11.292961120605469,5.0212758163279404e-05,3.2844741344451904,3.3273282051086426,3.3783304691314697,0.0040310039184987545,0.004812595900148153,0.4846113324165344,0.49336206912994385
774,6.850866317749023,12.256234169006348,5.011339488646095e-05,3.4288551807403564,3.404350996017456,3.397718667984009,0.004354235250502825,0.006134140770882368,0.4854738414287567,0.4942457675933838
775,6.569899559020996,22.498598098754883,5.001404207846018e-05,3.2501442432403564,3.289604425430298,3.3179893493652344,0.003603453515097499,0.004375609569251537,0.4874294400215149,0.4848049283027649
776,6.699704647064209,14.458590507507324,4.991470017508709e-05,3.3280844688415527,3.339686870574951,3.374882698059082,0.0030568549409508705,0.004110975656658411,0.47828325629234314,0.48647141456604004
777,6.806507587432861,18.270002365112305,4.9815369612103866e-05,3.3876864910125732,3.350198268890381,3.449880599975586,0.004245305899530649,0.005145492032170296,0.48963043093681335,0.4909133315086365
778,6.759450435638428,12.189481735229492,4.971605082522293e-05,3.3656833171844482,3.364466667175293,3.3980138301849365,0.00266904360614717,0.0035942939575761557,0.498765766620636,0.5088484287261963
779,6.715226173400879,14.63029670715332,4.961674425010512e-05,3.2978503704071045,3.3808164596557617,3.4171643257141113,0.003950584679841995,0.00524245435371995,0.51744544506073,0.5145997405052185
780,6.825709819793701,18.870107650756836,4.9517450322357644e-05,3.4107160568237305,3.351747989654541,3.4548330307006836,0.002856324426829815,0.002995377406477928,0.52037513256073,0.5202268958091736
781,6.499444484710693,9.401640892028809,4.9418169477532214e-05,3.2154340744018555,3.2412099838256836,3.2915518283843994,0.0036922225262969732,0.0051226262003183365,0.5050360560417175,0.5022759437561035
782,6.634361267089844,12.844465255737305,4.931890215112324e-05,3.303341865539551,3.3042712211608887,3.3300845623016357,0.0033411048352718353,0.003579346928745508,0.4910736382007599,0.5022659301757812
783,6.589044570922852,12.021589279174805,4.921964877856575e-05,3.29752516746521,3.272753953933716,3.2768819332122803,0.0031971149146556854,0.005153405014425516,0.49229609966278076,0.5005559325218201
784,6.707036972045898,13.420541763305664,4.9120409795233606e-05,3.3289449214935303,3.339078664779663,3.3785769939422607,0.0034679605159908533,0.006163983605802059,0.49576911330223083,0.5020595192909241
785,6.518734455108643,23.50800323486328,4.9021185636437514e-05,3.2504422664642334,3.2327933311462402,3.279106855392456,0.0030479803681373596,0.003123108297586441,0.483656108379364,0.49530652165412903
786,6.8047051429748535,10.649773597717285,4.892197673742322e-05,3.3827409744262695,3.392218828201294,3.4214937686920166,0.004067954141646624,0.0034861289896070957,0.5027723908424377,0.5026963353157043
787,6.67751407623291,12.702369689941406,4.8822783533369474e-05,3.322697162628174,3.32535457611084,3.362145185470581,0.0022814355324953794,0.0032521153334528208,0.49997326731681824,0.5031052827835083
788,6.493750095367432,14.923644065856934,4.872360645938619e-05,3.2048535346984863,3.2492289543151855,3.299503803253174,0.003087426535785198,0.0041777896694839,0.5101046562194824,0.5074042677879333
789,6.839531898498535,13.950183868408203,4.862444595051255e-05,3.3886687755584717,3.4446306228637695,3.429884910583496,0.003198826452717185,0.003603833494707942,0.5091515779495239,0.5212565660476685
790,6.738877296447754,15.660360336303711,4.852530244171505e-05,3.31086802482605,3.3857150077819824,3.437889575958252,0.004151917528361082,0.003951556980609894,0.5104955434799194,0.5111234188079834
791,6.664656162261963,23.355566024780273,4.842617636788562e-05,3.3309316635131836,3.345141649246216,3.281097173690796,0.004227082710713148,0.0060753957368433475,0.5068714022636414,0.5123785734176636
792,6.979475975036621,25.303556442260742,4.832706816383973e-05,3.447709083557129,3.4926414489746094,3.5411126613616943,0.0035955843050032854,0.003849305212497711,0.5066889524459839,0.5104748010635376
793,6.7666730880737305,20.604877471923828,4.822797826431445e-05,3.3488786220550537,3.333224058151245,3.466920852661133,0.004487704951316118,0.004373400472104549,0.49126169085502625,0.49514544010162354
794,6.726216793060303,29.5245361328125,4.8128907103966544e-05,3.3204522132873535,3.374901533126831,3.4079854488372803,0.0032316024880856276,0.003928942605853081,0.4858977198600769,0.4918419122695923
795,6.961733341217041,25.775665283203125,4.8029855117370614e-05,3.459510087966919,3.44386625289917,3.5213253498077393,0.004421811085194349,0.005392099265009165,0.4872403144836426,0.48900872468948364
796,6.919185161590576,17.34091567993164,4.79308227390171e-05,3.4745354652404785,3.419595718383789,3.442472457885742,0.003199599217623472,0.003608261002227664,0.48105859756469727,0.48614874482154846
797,6.770824909210205,18.131214141845703,4.783181040331049e-05,3.3848791122436523,3.3366010189056396,3.4038751125335693,0.00294415932148695,0.004909556824713945,0.5014953017234802,0.5107870101928711
798,6.637272357940674,23.266868591308594,4.773281854456733e-05,3.2827463150024414,3.3052711486816406,3.3770220279693604,0.002698855474591255,0.003990872763097286,0.5072834491729736,0.5100665092468262
799,6.798131465911865,19.6806583404541,4.763384759701434e-05,3.383476972579956,3.346445322036743,3.447096347808838,0.004032304976135492,0.004909434821456671,0.5029417872428894,0.5025677680969238
800,6.744911193847656,16.158096313476562,4.753489799478649e-05,3.3523001670837402,3.3570735454559326,3.3959734439849854,0.0035682341549545527,0.00447569414973259,0.4973628520965576,0.5042747259140015
801,6.462974548339844,11.484638214111328,4.743597017192519e-05,3.2271053791046143,3.219423770904541,3.2261221408843994,0.0031893188133835793,0.003358776681125164,0.508581817150116,0.504959225654602
802,6.650883197784424,28.39598274230957,4.733706456237625e-05,3.284271717071533,3.3400514125823975,3.349273204803467,0.005356001202017069,0.00561857596039772,0.4842069149017334,0.4906761646270752
803,6.594694137573242,19.427093505859375,4.723818159998804e-05,3.295437812805176,3.2950239181518555,3.274146795272827,0.0038083007093518972,0.0035272499080747366,0.4981868863105774,0.4945377707481384
804,6.624608039855957,17.45001983642578,4.713932171850966e-05,3.2818057537078857,3.3095080852508545,3.3417813777923584,0.004076005890965462,0.004502885043621063,0.4795709252357483,0.48688560724258423
805,6.578413009643555,13.482232093811035,4.7040485351588886e-05,3.2762160301208496,3.2606003284454346,3.3123462200164795,0.0036719872150570154,0.004189904313534498,0.48885244131088257,0.4934505224227905
806,6.643178939819336,12.155354499816895,4.694167293277038e-05,3.297386646270752,3.2910170555114746,3.363284111022949,0.004411518573760986,0.004909610375761986,0.4937645494937897,0.49677592515945435
807,6.666085720062256,28.74504852294922,4.684288489549373e-05,3.3438358306884766,3.3227124214172363,3.2911696434020996,0.003185732290148735,0.004468568600714207,0.5208621025085449,0.5183578729629517
808,6.760531902313232,17.959548950195312,4.674412167309165e-05,3.379075765609741,3.337031841278076,3.392421245574951,0.0026431535370647907,0.005721804685890675,0.5314615964889526,0.5294452905654907
809,6.5779128074646,17.804210662841797,4.664538369878792e-05,3.2892305850982666,3.262826442718506,3.2867023944854736,0.0034618224017322063,0.0034970147535204887,0.5053600668907166,0.5130830407142639
810,6.627087116241455,16.389324188232422,4.6546671405695605e-05,3.2569687366485596,3.3354380130767822,3.374882698059082,0.0034068741369992495,0.00407216465100646,0.5066076517105103,0.5117331743240356
811,6.712742805480957,12.390704154968262,4.6447985226815114e-05,3.310147523880005,3.3375375270843506,3.432711362838745,0.0037893669214099646,0.004946080502122641,0.4919824004173279,0.5014191269874573
812,6.715793132781982,16.519302368164062,4.6349325595032326e-05,3.3479537963867188,3.3303844928741455,3.373750925064087,0.004153661895543337,0.0037322640419006348,0.5009817481040955,0.4987633228302002
813,6.879952907562256,17.826417922973633,4.625069294311663e-05,3.437704086303711,3.4200634956359863,3.4379165172576904,0.0030804940033704042,0.0035488405264914036,0.5019295811653137,0.5106567144393921
814,6.72821044921875,25.4110164642334,4.6152087703719105e-05,3.3423876762390137,3.363495349884033,3.3736917972564697,0.0034825357142835855,0.005131879355758429,0.4952424168586731,0.4976395070552826
815,6.639227867126465,22.919334411621094,4.605351030937059e-05,3.2963390350341797,3.3443374633789062,3.316105604171753,0.0033012619242072105,0.0030324768740683794,0.484047532081604,0.48850443959236145
816,6.844900131225586,17.858022689819336,4.5954961192479736e-05,3.400481700897217,3.415355920791626,3.4391977787017822,0.003801641520112753,0.0047692409716546535,0.4847838878631592,0.49839532375335693
817,6.658751964569092,16.157564163208008,4.5856440785331205e-05,3.298414945602417,3.335768461227417,3.3491733074188232,0.004242429044097662,0.004690544214099646,0.4880354404449463,0.4942765235900879
818,6.587458610534668,33.15205001831055,4.575794952008368e-05,3.282780170440674,3.290933609008789,3.291646718978882,0.0028275696095079184,0.003866419894620776,0.49627214670181274,0.5048186779022217
819,6.55338191986084,28.701871871948242,4.565948782876806e-05,3.2570323944091797,3.2767250537872314,3.2816808223724365,0.0037643900141119957,0.0048089465126395226,0.4923759996891022,0.49513646960258484
820,6.57963228225708,19.9146671295166,4.5561056143285496e-05,3.2821381092071533,3.2631804943084717,3.3002867698669434,0.0026928794104605913,0.005187607370316982,0.4796483516693115,0.491109699010849
821,6.686838626861572,19.394933700561523,4.5462654895405496e-05,3.3020801544189453,3.3406646251678467,3.392531394958496,0.004130551125854254,0.004949502646923065,0.48172783851623535,0.48163729906082153
822,6.82999324798584,27.40657615661621,4.536428451676408e-05,3.4216628074645996,3.3772850036621094,3.4130756855010986,0.003192510223016143,0.003382572205737233,0.5184890031814575,0.5262614488601685
823,6.759115695953369,15.05859088897705,4.526594543886187e-05,3.3725972175598145,3.3875362873077393,3.363074541091919,0.0029973573982715607,0.00260916561819613,0.5040735006332397,0.5099421143531799
824,6.663537502288818,16.20306396484375,4.516763809306217e-05,3.326486825942993,3.2813026905059814,3.369271755218506,0.002553903730586171,0.003327674698084593,0.4896777868270874,0.48585110902786255
825,6.585601806640625,23.49457550048828,4.5069362910589063e-05,3.3111014366149902,3.25920033454895,3.2580904960632324,0.003091027494519949,0.004836360923945904,0.4997878670692444,0.502464771270752
826,6.599154949188232,16.057754516601562,4.497112032252564e-05,3.2908220291137695,3.2590880393981934,3.3214409351348877,0.004114242736250162,0.004920072853565216,0.5060545802116394,0.5001230239868164
827,6.4854583740234375,21.467140197753906,4.487291075981191e-05,3.2304275035858154,3.212453842163086,3.267470121383667,0.0034923660568892956,0.0040420289151370525,0.5079030394554138,0.5115118026733398
828,6.518180847167969,19.929624557495117,4.477473465324308e-05,3.234792709350586,3.2638657093048096,3.274420738220215,0.0034621870145201683,0.0036603640764951706,0.49756282567977905,0.503585696220398
829,6.491998195648193,10.35025691986084,4.4676592433467556e-05,3.2263858318328857,3.222090244293213,3.273649215698242,0.003604390425607562,0.0052668992429971695,0.5212224721908569,0.5254412889480591
830,6.431088447570801,20.855552673339844,4.4578484530985185e-05,3.2393178939819336,3.1460940837860107,3.210805892944336,0.0029856618493795395,0.0036744780372828245,0.518488347530365,0.5229060649871826
831,6.519596099853516,14.553181648254395,4.4480411376145186e-05,3.2345187664031982,3.2525904178619385,3.2945239543914795,0.002813682658597827,0.002946422668173909,0.5106337070465088,0.505456268787384
832,6.533286094665527,12.47565746307373,4.438237339914439e-05,3.238049030303955,3.2516520023345947,3.3024933338165283,0.004611746873706579,0.004470576997846365,0.5050492882728577,0.5102461576461792
833,6.731656074523926,26.76813316345215,4.4284371030025366e-05,3.3485608100891113,3.3397865295410156,3.3879313468933105,0.004531380254775286,0.005086993798613548,0.46915680170059204,0.469744473695755
834,6.68919038772583,16.66274642944336,4.418640469867443e-05,3.296170711517334,3.342273473739624,3.4084270000457764,0.004537349566817284,0.004297253675758839,0.4591706395149231,0.4613732695579529
835,6.5586090087890625,10.14832878112793,4.408847483481984e-05,3.236082077026367,3.2920851707458496,3.325345277786255,0.002879387466236949,0.00402647303417325,0.5008091926574707,0.501167893409729
836,6.647546291351318,12.569074630737305,4.399058186802988e-05,3.2877345085144043,3.310011625289917,3.3748090267181396,0.004248860292136669,0.004451855551451445,0.4878256618976593,0.49608397483825684
837,6.629103183746338,9.966894149780273,4.389272622771102e-05,3.299140453338623,3.2751994132995605,3.3483574390411377,0.004142008256167173,0.004950264934450388,0.4982324540615082,0.5115478038787842
838,6.733623504638672,14.468544960021973,4.3794908343105954e-05,3.3723747730255127,3.307042121887207,3.3854143619537354,0.003165698144584894,0.004344530403614044,0.49098995327949524,0.4939972758293152
839,6.453677177429199,15.73161506652832,4.369712864329178e-05,3.2212700843811035,3.203406810760498,3.2339510917663574,0.002370004542171955,0.004494023509323597,0.5171416401863098,0.5277683138847351
840,6.628876686096191,12.271811485290527,4.359938755717811e-05,3.283616542816162,3.3151657581329346,3.347170352935791,0.0029508769512176514,0.00409530196338892,0.485969215631485,0.5015267133712769
841,6.7466349601745605,19.916683197021484,4.3501685513505176e-05,3.3561389446258545,3.3693180084228516,3.3807213306427,0.003191931638866663,0.00454611936584115,0.4836863875389099,0.4811885356903076
842,6.603114604949951,24.29389762878418,4.3404022940841914e-05,3.2957348823547363,3.2647993564605713,3.3234012126922607,0.0028727396856993437,0.0037669118028134108,0.5040877461433411,0.5086033344268799
843,6.536622047424316,16.157407760620117,4.330640026758416e-05,3.203246593475342,3.3149118423461914,3.3231234550476074,0.003047718433663249,0.0041310545057058334,0.4865107834339142,0.487851619720459
844,6.7704176902771,12.982732772827148,4.320881792195274e-05,3.3486955165863037,3.3741626739501953,3.437361717224121,0.0034001562744379044,0.004579793196171522,0.5233407616615295,0.525863766670227
845,6.795641899108887,21.353376388549805,4.311127633199153e-05,3.3591246604919434,3.3998138904571533,3.445683479309082,0.0031421598978340626,0.003742242231965065,0.4916624128818512,0.49486175179481506
846,6.667562961578369,13.574995040893555,4.30137759255657e-05,3.3118703365325928,3.333601474761963,3.35447096824646,0.0026415351312607527,0.0031867946963757277,0.49213507771492004,0.5030352473258972
847,6.750731945037842,15.745609283447266,4.29163171303597e-05,3.362619400024414,3.3246822357177734,3.4219117164611816,0.0029811717104166746,0.004426784813404083,0.5132734775543213,0.5175755023956299
848,6.695558547973633,15.99255084991455,4.2818900373875495e-05,3.320582628250122,3.3483028411865234,3.3760507106781006,0.0031119007617235184,0.003287746338173747,0.523632824420929,0.5186251401901245
849,6.442529201507568,12.31910514831543,4.272152608343066e-05,3.199007511138916,3.2291650772094727,3.2277612686157227,0.0036545037291944027,0.003874754998832941,0.49005767703056335,0.4921560287475586
850,6.570898532867432,11.671538352966309,4.2624194686156455e-05,3.2844839096069336,3.244481325149536,3.3000450134277344,0.0027920410502701998,0.004283614456653595,0.4927496314048767,0.5009965300559998
851,6.575857162475586,11.650470733642578,4.2526906608996e-05,3.2837276458740234,3.2350876331329346,3.3173398971557617,0.0034616533666849136,0.004496355541050434,0.503974199295044,0.5095113515853882
852,6.6726884841918945,21.78606605529785,4.242966227870242e-05,3.3120598793029785,3.3257017135620117,3.3619508743286133,0.003643312258645892,0.004757951479405165,0.487713485956192,0.49115070700645447
853,6.455636978149414,10.594176292419434,4.233246212183692e-05,3.1904587745666504,3.2377521991729736,3.25645112991333,0.003917117603123188,0.005121125839650631,0.48985999822616577,0.49674099683761597
854,6.570037364959717,26.106571197509766,4.223530656476691e-05,3.249213695526123,3.2788164615631104,3.322092056274414,0.0038616866804659367,0.0063230786472558975,0.46489065885543823,0.48806607723236084
855,6.674187183380127,19.50260353088379,4.2138196033664245e-05,3.33506441116333,3.32338809967041,3.3146753311157227,0.004900505766272545,0.0051449984312057495,0.4836248457431793,0.4920547902584076
856,6.726104259490967,17.201221466064453,4.2041130954503195e-05,3.332221269607544,3.3440263271331787,3.413688898086548,0.003541199490427971,0.003971623256802559,0.48686838150024414,0.49712440371513367
857,6.600607872009277,15.447260856628418,4.19441117530587e-05,3.2941441535949707,3.2795746326446533,3.292961597442627,0.004636842291802168,0.005461312830448151,0.49574601650238037,0.49510520696640015
858,6.442593097686768,13.073904991149902,4.184713885490441e-05,3.186842441558838,3.235799789428711,3.2373108863830566,0.003789058420807123,0.0058086640201509,0.49872568249702454,0.504772424697876
859,6.536951541900635,12.426152229309082,4.175021268541094e-05,3.262589454650879,3.2600672245025635,3.2520294189453125,0.0039817956276237965,0.005175141151994467,0.510229766368866,0.5146145820617676
860,6.406992435455322,13.177170753479004,4.1653333669743876e-05,3.1874594688415527,3.187892436981201,3.222935199737549,0.003147418610751629,0.003912423737347126,0.5082676410675049,0.5107718110084534
861,6.447295188903809,11.780766487121582,4.155650223286197e-05,3.2049551010131836,3.234713315963745,3.2126660346984863,0.003936919383704662,0.005388103891164064,0.49973276257514954,0.4918935298919678
862,6.421273708343506,8.609996795654297,4.1459718799515274e-05,3.2037882804870605,3.180575132369995,3.225452184677124,0.0033178338780999184,0.003917950205504894,0.4873860478401184,0.49561506509780884
863,6.364517688751221,12.861383438110352,4.13629837942433e-05,3.1781833171844482,3.148594617843628,3.1947243213653564,0.0033194427378475666,0.004017982631921768,0.4971199035644531,0.49846115708351135
864,6.5984930992126465,12.336368560791016,4.126629764137309e-05,3.269822835922241,3.292198419570923,3.336296796798706,0.002962808357551694,0.004248269833624363,0.49046921730041504,0.500106155872345
865,6.632119178771973,13.707925796508789,4.116966076501742e-05,3.2934083938598633,3.2939612865448,3.354827880859375,0.003460923209786415,0.003697226755321026,0.49126726388931274,0.4950042963027954
866,6.653316020965576,18.656383514404297,4.107307358907291e-05,3.316277503967285,3.3105978965759277,3.3291680812835693,0.0036536920815706253,0.004923754837363958,0.4957774579524994,0.5051154494285583
867,6.569948673248291,14.71761417388916,4.097653653721816e-05,3.2751901149749756,3.2539212703704834,3.2988030910491943,0.0040313308127224445,0.005166876129806042,0.488461434841156,0.4845130443572998
868,6.49854040145874,13.69166374206543,4.088005003291192e-05,3.2538890838623047,3.1850101947784424,3.272878646850586,0.0032300367020070553,0.004623294807970524,0.49087241291999817,0.49518775939941406
869,6.411466121673584,13.858805656433105,4.078361449939119e-05,3.2053208351135254,3.1785199642181396,3.2047336101531982,0.0029315254651010036,0.00432750815525651,0.5035879015922546,0.5103485584259033
870,6.5766096115112305,23.385059356689453,4.068723035966941e-05,3.2662909030914307,3.3036305904388428,3.286111831665039,0.0035232107620686293,0.004200697410851717,0.49933427572250366,0.49553826451301575
871,6.523022651672363,29.204452514648438,4.0590898036534577e-05,3.235619068145752,3.2457056045532227,3.2952725887298584,0.0037325844168663025,0.004724610131233931,0.4819735884666443,0.48518216609954834
872,6.4884724617004395,14.982932090759277,4.0494617952547384e-05,3.1993932723999023,3.272844076156616,3.2784345149993896,0.002768712816759944,0.00395106291398406,0.48975974321365356,0.4926437735557556
873,6.623184680938721,20.830907821655273,4.039839053003936e-05,3.3073058128356934,3.259855270385742,3.334123134613037,0.004384983330965042,0.005059841088950634,0.5076324343681335,0.5064371824264526
874,6.615267753601074,33.87982940673828,4.0302216191111096e-05,3.287651538848877,3.2743442058563232,3.3437163829803467,0.005363382399082184,0.003929464612156153,0.5149606466293335,0.508677065372467
875,6.441034317016602,31.17737579345703,4.020609535763029e-05,3.200961112976074,3.1945691108703613,3.257173776626587,0.0036526552867144346,0.0034485470969229937,0.5086328983306885,0.5177440047264099
876,6.604817867279053,27.652902603149414,4.0110028451229905e-05,3.2938783168792725,3.275664806365967,3.3147621154785156,0.0034142557997256517,0.00444888137280941,0.5074493885040283,0.5162148475646973
877,6.330692291259766,11.870887756347656,4.0014015893306446e-05,3.145704507827759,3.1711111068725586,3.1628940105438232,0.0034373539965599775,0.0055550942197442055,0.5053287744522095,0.4935944080352783
878,6.828525066375732,29.548002243041992,3.9918058105017935e-05,3.4136598110198975,3.3958332538604736,3.395336389541626,0.004190278705209494,0.00545003917068243,0.5086579322814941,0.5118783712387085
879,6.783225059509277,30.264448165893555,3.982215550728219e-05,3.3620266914367676,3.3989200592041016,3.414393901824951,0.0030900135170668364,0.004180907737463713,0.49133676290512085,0.494109570980072
880,6.423725605010986,30.210113525390625,3.9726308520774885e-05,3.1831605434417725,3.236659049987793,3.216062545776367,0.003072350984439254,0.004029920324683189,0.5231074690818787,0.5303104519844055
881,6.690469741821289,13.716912269592285,3.9630517565927865e-05,3.2977118492126465,3.366420269012451,3.390930652618408,0.00350817758589983,0.003533339826390147,0.5098224878311157,0.522664487361908
882,6.546631336212158,14.945302963256836,3.9534783062927074e-05,3.2578022480010986,3.2600531578063965,3.277644395828247,0.005415198393166065,0.004574973601847887,0.5065147876739502,0.5091638565063477
883,6.636838912963867,31.810707092285156,3.9439105431710894e-05,3.306875228881836,3.263117790222168,3.3651087284088135,0.0034099118784070015,0.004515521693974733,0.5058224201202393,0.5161097049713135
884,6.676941871643066,25.336444854736328,3.93434850919682e-05,3.308384895324707,3.3070266246795654,3.3943068981170654,0.0030564256012439728,0.005888363812118769,0.5094144344329834,0.5123316049575806
885,6.5858869552612305,16.833587646484375,3.924792246313663e-05,3.2799599170684814,3.2460951805114746,3.3237640857696533,0.004925827030092478,0.005573115311563015,0.4840797185897827,0.48508551716804504
886,6.52158784866333,18.152027130126953,3.9152417964400605e-05,3.259505271911621,3.237532138824463,3.258809804916382,0.003196009201928973,0.003759802784770727,0.5008503198623657,0.5074976086616516
887,6.5300750732421875,18.700258255004883,3.905697201468955e-05,3.2105391025543213,3.2514455318450928,3.35099458694458,0.004148649983108044,0.005009454675018787,0.4874090552330017,0.4779863953590393
888,6.440995693206787,15.147503852844238,3.896158503267615e-05,3.1901955604553223,3.2145018577575684,3.2541112899780273,0.003909307066351175,0.004337448161095381,0.4781875014305115,0.4854138195514679
889,6.634299278259277,16.950382232666016,3.886625743677435e-05,3.2935986518859863,3.281944990158081,3.3602969646453857,0.004597934894263744,0.005191812291741371,0.4802337884902954,0.48824650049209595
890,6.4929633140563965,10.637266159057617,3.877098964513761e-05,3.2044730186462402,3.2350499629974365,3.3138418197631836,0.0037295545917004347,0.0032925959676504135,0.5070929527282715,0.5120419263839722
891,6.524802207946777,13.5909423828125,3.8675782075657095e-05,3.242002487182617,3.2329628467559814,3.3032305240631104,0.003105428535491228,0.004246152471750975,0.508613109588623,0.5138038992881775
892,6.546988010406494,18.727731704711914,3.8580635145959786e-05,3.2449331283569336,3.2480216026306152,3.3153884410858154,0.0044222488068044186,0.005752483382821083,0.49038490653038025,0.4968487322330475
893,6.709404945373535,14.489967346191406,3.848554927340665e-05,3.3094003200531006,3.3486063480377197,3.4195122718811035,0.0035710285883396864,0.0044015999883413315,0.4895475506782532,0.49082887172698975
894,6.375861167907715,24.037723541259766,3.839052487509086e-05,3.179649829864502,3.183258056640625,3.1760880947113037,0.003648686222732067,0.004620327148586512,0.49338486790657043,0.4917653203010559
895,6.7240071296691895,17.167795181274414,3.82955623678359e-05,3.3570523262023926,3.3255531787872314,3.3831937313079834,0.0025829123333096504,0.003707724856212735,0.5011000633239746,0.5065850019454956
896,6.719016075134277,16.99030303955078,3.820066216819379e-05,3.3391616344451904,3.3386213779449463,3.3867011070251465,0.004033954348415136,0.0045623620972037315,0.5130958557128906,0.516922116279602
897,6.5265326499938965,21.973148345947266,3.810582469244326e-05,3.2568821907043457,3.2392079830169678,3.2652933597564697,0.004770894069224596,0.003928827121853828,0.5110106468200684,0.5238534808158875
898,6.473794460296631,15.464335441589355,3.8011050356587836e-05,3.2363662719726562,3.194345712661743,3.2546815872192383,0.0030424934811890125,0.003414872335270047,0.5108373165130615,0.5141031742095947
899,6.408509731292725,8.504556655883789,3.791633957635415e-05,3.2044601440429688,3.19610857963562,3.1867165565490723,0.0028714092914015055,0.0034467377699911594,0.5060856342315674,0.5109518766403198
900,6.632711410522461,17.9873104095459,3.782169276719002e-05,3.2920522689819336,3.2911295890808105,3.3507425785064697,0.004338765516877174,0.005522651132196188,0.499224990606308,0.5019139647483826
901,6.345178604125977,11.705623626708984,3.772711034426265e-05,3.161595106124878,3.1527397632598877,3.1859400272369385,0.003397890832275152,0.0037239124067127705,0.48291757702827454,0.49378490447998047
902,6.4345383644104,16.058856964111328,3.76325927224568e-05,3.186251163482666,3.205209732055664,3.2626121044158936,0.0036069287452846766,0.00358110130764544,0.49406325817108154,0.5002185106277466
903,6.530690670013428,11.166159629821777,3.753814031637304e-05,3.2709388732910156,3.2038025856018066,3.2854549884796143,0.003286722581833601,0.004274794366210699,0.49547088146209717,0.5015840530395508
904,6.65476655960083,21.26523780822754,3.744375354032582e-05,3.341033458709717,3.2892873287200928,3.3133718967437744,0.002951611066237092,0.0032501930836588144,0.5210068821907043,0.5261596441268921
905,6.602481365203857,13.078259468078613,3.734943280834171e-05,3.2684667110443115,3.324019432067871,3.314969539642334,0.003616397501900792,0.0036438622046262026,0.492368221282959,0.4994802474975586
906,6.503632068634033,16.545198440551758,3.7255178534157566e-05,3.250779151916504,3.214226722717285,3.262669086456299,0.0031841276213526726,0.004018246196210384,0.5109803080558777,0.5211697816848755
907,6.65543270111084,11.372894287109375,3.7160991131218794e-05,3.263066291809082,3.3749730587005615,3.3637583255767822,0.006015987601131201,0.005484278779476881,0.5024701952934265,0.4955400824546814
908,6.49233341217041,12.766322135925293,3.7066871012677396e-05,3.2397494316101074,3.217245101928711,3.254525661468506,0.004704643506556749,0.003644617972895503,0.49345898628234863,0.48903757333755493
909,6.610898017883301,10.58629322052002,3.697281859139025e-05,3.2837905883789062,3.288923740386963,3.334597110748291,0.0034628130961209536,0.004210844170302153,0.493533730506897,0.49279850721359253
910,6.547802448272705,11.525734901428223,3.6878834279917314e-05,3.295417308807373,3.239089012145996,3.23478627204895,0.0032481979578733444,0.00447559030726552,0.4778764843940735,0.4850761592388153
911,6.560782432556152,18.269298553466797,3.678491849051976e-05,3.246408224105835,3.2911136150360107,3.305774211883545,0.004004080314189196,0.0039611151441931725,0.48243090510368347,0.4878314137458801
912,6.492574214935303,14.252567291259766,3.669107163515816e-05,3.2254674434661865,3.2273499965667725,3.278454542160034,0.002855179598554969,0.0042472779750823975,0.5047327280044556,0.5139477252960205
913,6.553181171417236,15.734099388122559,3.659729412549075e-05,3.2367024421691895,3.2778613567352295,3.323578119277954,0.0036026425659656525,0.00427682651206851,0.5157575607299805,0.5194547176361084
914,6.386460304260254,12.126852035522461,3.650358637287158e-05,3.1964712142944336,3.169588088989258,3.1737051010131836,0.004449247382581234,0.004722124896943569,0.5056362152099609,0.512509822845459
915,6.5595703125,11.25792121887207,3.6409948788348685e-05,3.239917278289795,3.294689416885376,3.3157131671905518,0.003255506744608283,0.003970341756939888,0.4957500100135803,0.5074334740638733
916,6.395752906799316,23.646940231323242,3.631638178266233e-05,3.166538715362549,3.191467761993408,3.233868360519409,0.004001685883849859,0.004271159879863262,0.5087953805923462,0.5267813205718994
917,6.546430587768555,12.2628812789917,3.622288576624316e-05,3.2301270961761475,3.244413137435913,3.351435899734497,0.003982359543442726,0.0052073257975280285,0.4956400394439697,0.5054768323898315
918,6.362269878387451,15.154056549072266,3.6129461149210465e-05,3.1406421661376953,3.2010488510131836,3.2072806358337402,0.00426866440102458,0.004463047720491886,0.4915114939212799,0.49864375591278076
919,6.431644439697266,12.440516471862793,3.6036108341370325e-05,3.173895835876465,3.2116358280181885,3.2729732990264893,0.003663213923573494,0.0040587252005934715,0.4985579550266266,0.5121583938598633
920,6.569677829742432,13.49267292022705,3.59428277522138e-05,3.241044521331787,3.2978029251098633,3.327218770980835,0.0035865548998117447,0.004474734887480736,0.5036697387695312,0.5061609148979187
921,6.440303325653076,10.53978443145752,3.584961979091522e-05,3.2036943435668945,3.208062171936035,3.2283143997192383,0.0045968638733029366,0.00461346423253417,0.503619909286499,0.5128610134124756
922,6.459264755249023,24.108985900878906,3.5756484866330294e-05,3.2301177978515625,3.2200255393981934,3.2064411640167236,0.003966675139963627,0.0039901649579405785,0.5084925889968872,0.5139529705047607
923,6.571624279022217,20.962217330932617,3.566342338699437e-05,3.244640827178955,3.320181369781494,3.300382137298584,0.003865505801513791,0.004485056735575199,0.48990824818611145,0.503503680229187
924,6.546128273010254,14.66843318939209,3.55704357611206e-05,3.2477097511291504,3.250065565109253,3.3168673515319824,0.003174779936671257,0.00430099293589592,0.4701031446456909,0.4856955409049988
925,6.466383457183838,17.726348876953125,3.5477522396598255e-05,3.2427961826324463,3.1697850227355957,3.2455732822418213,0.003629235317930579,0.004324919544160366,0.4807947278022766,0.4865793287754059
926,6.81263542175293,21.56471824645996,3.538468370099078e-05,3.343153476715088,3.415494680404663,3.481553554534912,0.0040000323206186295,0.006478959694504738,0.4718326926231384,0.47880691289901733
927,6.441290378570557,18.417104721069336,3.529192008153411e-05,3.200178861618042,3.198340654373169,3.25211763381958,0.003664168994873762,0.004276844672858715,0.49638402462005615,0.49624428153038025
928,6.527465343475342,19.146644592285156,3.519923194513486e-05,3.26306414604187,3.2213022708892822,3.2703282833099365,0.0038115144707262516,0.005481338128447533,0.4877939820289612,0.4996427595615387
929,6.488715648651123,43.00410842895508,3.510661969836856e-05,3.2329649925231934,3.2218644618988037,3.2598700523376465,0.0035048676654696465,0.003937011118978262,0.513918399810791,0.5140394568443298
930,6.644237041473389,31.83129119873047,3.501408374747783e-05,3.285928964614868,3.3369367122650146,3.3434927463531494,0.004452147986739874,0.0045944638550281525,0.5082762241363525,0.5197403430938721
931,6.521921157836914,17.46726417541504,3.49216244983706e-05,3.244281530380249,3.2319037914276123,3.2891008853912354,0.0039327144622802734,0.004636026918888092,0.5037906169891357,0.5160037279129028
932,6.508581161499023,19.40167808532715,3.482924235661841e-05,3.231316566467285,3.218430995941162,3.3118772506713867,0.0030302670784294605,0.003024839563295245,0.5250813364982605,0.5352896451950073
933,6.575013637542725,18.844175338745117,3.473693772745451e-05,3.2740821838378906,3.2606258392333984,3.301461935043335,0.004300389438867569,0.005643340293318033,0.5164709091186523,0.5263562202453613
934,6.4961161613464355,23.688730239868164,3.464471101577217e-05,3.223439931869507,3.2259633541107178,3.2802274227142334,0.004478087183088064,0.005312364548444748,0.49840986728668213,0.4939461648464203
935,6.476510047912598,15.473509788513184,3.455256262612283e-05,3.21979022026062,3.229503870010376,3.247663736343384,0.003043658332899213,0.006024466827511787,0.49689584970474243,0.5066062808036804
936,6.44888973236084,20.053953170776367,3.446049296271448e-05,3.2266526222229004,3.1850452423095703,3.2298645973205566,0.0026865568943321705,0.004704521037638187,0.4989355504512787,0.522348165512085
937,6.426774024963379,22.193317413330078,3.436850242940966e-05,3.2050697803497314,3.197479248046875,3.20449161529541,0.004481604788452387,0.005877966992557049,0.5118240118026733,0.5076547265052795
938,6.521309852600098,17.68478775024414,3.427659142972386e-05,3.2349298000335693,3.2487306594848633,3.288675308227539,0.004807221703231335,0.004031429998576641,0.4967007339000702,0.49948251247406006
939,6.4322190284729,10.612703323364258,3.41847603668237e-05,3.1871490478515625,3.2128992080688477,3.241633653640747,0.003894337685778737,0.0050074635073542595,0.48730912804603577,0.48535990715026855
940,6.24727725982666,18.066978454589844,3.4093009643525155e-05,3.0983939170837402,3.1318352222442627,3.1331098079681396,0.003830630099400878,0.004374719224870205,0.48938941955566406,0.4983665347099304
941,6.571073055267334,12.335467338562012,3.4001339662291764e-05,3.285491943359375,3.24715256690979,3.2786991596221924,0.005242892075330019,0.006084969267249107,0.4969731569290161,0.49098068475723267
942,6.57381010055542,13.625065803527832,3.390975082523293e-05,3.2505970001220703,3.269984483718872,3.3406074047088623,0.005026394501328468,0.003932267427444458,0.4985768795013428,0.5061153769493103
943,6.489216327667236,12.001531600952148,3.3818243534102105e-05,3.222064971923828,3.245652198791504,3.2567873001098633,0.0038896226324141026,0.004076291806995869,0.4974157512187958,0.5035504102706909
944,6.178988456726074,10.523798942565918,3.372681819029502e-05,3.075496196746826,3.0449228286743164,3.1223249435424805,0.004047475755214691,0.005886721890419722,0.4912183880805969,0.4897783398628235
945,6.459798336029053,11.657220840454102,3.3635475194847975e-05,3.193267822265625,3.2262468338012695,3.275160074234009,0.004139704629778862,0.0037738315295428038,0.4925497770309448,0.49253982305526733
946,6.614762783050537,14.650357246398926,3.354421494843603e-05,3.3048059940338135,3.272911548614502,3.3128714561462402,0.003752407617866993,0.004780181217938662,0.49031126499176025,0.4839377999305725
947,6.357229232788086,20.917787551879883,3.345303785137128e-05,3.1827547550201416,3.143841028213501,3.1613247394561768,0.004808227997273207,0.00613767234608531,0.483608603477478,0.4889306128025055
948,6.38809061050415,17.091474533081055,3.336194430360108e-05,3.1632351875305176,3.155576467514038,3.2601888179779053,0.004458447452634573,0.004027855582535267,0.4884669780731201,0.4819532632827759
949,6.542794227600098,21.507122039794922,3.32709347047063e-05,3.235591173171997,3.26324725151062,3.310166120529175,0.005105278920382261,0.005142999812960625,0.502525269985199,0.5047712326049805
950,6.5262861251831055,19.694747924804688,3.318000945389954e-05,3.2464237213134766,3.2311556339263916,3.300528049468994,0.0033840981777757406,0.003626356367021799,0.5005483627319336,0.5023834109306335
951,6.386935710906982,17.614709854125977,3.308916895002348e-05,3.1708130836486816,3.1846165657043457,3.2192537784576416,0.002820991910994053,0.00427261833101511,0.4980345070362091,0.5040160417556763
952,6.422553062438965,14.65607738494873,3.299841359154898e-05,3.1916072368621826,3.191657543182373,3.23647403717041,0.003533323295414448,0.0049066320061683655,0.5077475309371948,0.5204498767852783
953,6.480950355529785,11.233528137207031,3.290774377657345e-05,3.2154622077941895,3.2431180477142334,3.25252366065979,0.004014606587588787,0.004819195251911879,0.4967289865016937,0.5010716915130615
954,6.490330219268799,14.233147621154785,3.281715990281906e-05,3.213470697402954,3.260207176208496,3.2536959648132324,0.00509238988161087,0.0048614609986543655,0.5189349055290222,0.5170122385025024
955,6.478329658508301,11.681758880615234,3.2726662367631004e-05,3.220428705215454,3.225522041320801,3.2588016986846924,0.0033262507058680058,0.0045432173646986485,0.5115973949432373,0.5182803869247437
956,6.479494571685791,10.109655380249023,3.2636251567975744e-05,3.2238097190856934,3.2282955646514893,3.251107931137085,0.0036894837394356728,0.004301987588405609,0.5056564807891846,0.5068042278289795
957,6.326173305511475,15.036598205566406,3.254592790043926e-05,3.135535717010498,3.157184600830078,3.187915802001953,0.003992409445345402,0.005051429849117994,0.5019623041152954,0.5067806243896484
958,6.319568157196045,11.27668571472168,3.245569176122538e-05,3.1257786750793457,3.183184862136841,3.1733286380767822,0.003628264181315899,0.0041381437331438065,0.5090318918228149,0.5061742663383484
959,6.611879348754883,15.46832275390625,3.236554354615395e-05,3.300079107284546,3.261960983276367,3.3227345943450928,0.004280271008610725,0.005445648916065693,0.4954700767993927,0.49647417664527893
960,6.4724273681640625,13.218451499938965,3.227548365065913e-05,3.236436128616333,3.204943895339966,3.2382802963256836,0.0030861052218824625,0.004103520419448614,0.4772118031978607,0.4755185842514038
961,6.316592216491699,11.16232967376709,3.218551246978768e-05,3.1310067176818848,3.1489999294281006,3.187687873840332,0.0038427284453064203,0.004777846392244101,0.4875221252441406,0.4933733344078064
962,6.452209949493408,21.557815551757812,3.2095630398197236e-05,3.183119773864746,3.248706579208374,3.257589340209961,0.0040895938873291016,0.0038815378211438656,0.47865498065948486,0.4816533923149109
963,6.6629509925842285,11.071764945983887,3.200583783015454e-05,3.2890164852142334,3.3360402584075928,3.3814446926116943,0.003258539829403162,0.0043376232497394085,0.5044854879379272,0.5159459114074707
964,6.473494529724121,16.520235061645508,3.191613515953369e-05,3.2184019088745117,3.228241205215454,3.2497189044952393,0.004401582293212414,0.0036546082701534033,0.520315408706665,0.5217434167861938
965,6.437717914581299,10.706487655639648,3.182652277981453e-05,3.2248454093933105,3.1556215286254883,3.2416293621063232,0.002967609791085124,0.004155782517045736,0.48843997716903687,0.4977048933506012
966,6.310458660125732,14.301593780517578,3.173700108408078e-05,3.114910364151001,3.138680934906006,3.2191829681396484,0.004100073128938675,0.0042081414721906185,0.4926574230194092,0.5032144784927368
967,6.354506969451904,11.553221702575684,3.16475704650184e-05,3.1578760147094727,3.1645121574401855,3.191826343536377,0.004387484397739172,0.004843366798013449,0.5065958499908447,0.5071931481361389
968,6.456272602081299,10.374372482299805,3.1558231314913816e-05,3.207202911376953,3.212129831314087,3.249168872833252,0.004596092738211155,0.004614286590367556,0.49278002977371216,0.49825987219810486
969,6.539625644683838,12.440827369689941,3.146898402565228e-05,3.280564785003662,3.220365285873413,3.2659780979156494,0.003995669540017843,0.003948928322643042,0.49817222356796265,0.5053771138191223
970,6.428914546966553,15.428659439086914,3.137982898871605e-05,3.1781492233276367,3.2192420959472656,3.2438771724700928,0.004457073751837015,0.005145760718733072,0.4791213274002075,0.4878670871257782
971,6.449240684509277,10.762816429138184,3.1290766595182726e-05,3.194495916366577,3.18430495262146,3.2787437438964844,0.0054459641687572,0.0061644092202186584,0.5022613406181335,0.5037142038345337
972,6.457873821258545,11.895316123962402,3.120179723572357e-05,3.179323434829712,3.2308778762817383,3.292418956756592,0.0038019961211830378,0.004648590926080942,0.4770476520061493,0.49342870712280273
973,6.280709266662598,22.765277862548828,3.11129213006017e-05,3.1206939220428467,3.12162709236145,3.1576414108276367,0.0038813839200884104,0.00630892114713788,0.502467930316925,0.4983156621456146
974,6.425009727478027,12.289267539978027,3.1024139179670454e-05,3.181065082550049,3.2070350646972656,3.248464345932007,0.0039037473034113646,0.004193505737930536,0.49277710914611816,0.49681660532951355
975,6.50049352645874,14.827383995056152,3.093545126237163e-05,3.205389976501465,3.2655892372131348,3.292863130569458,0.003225560998544097,0.004713368136435747,0.4885202646255493,0.4958289563655853
976,6.485352993011475,9.755085945129395,3.084685793773386e-05,3.2327239513397217,3.216686487197876,3.253572940826416,0.0041780732572078705,0.00457156915217638,0.4929332137107849,0.4959040582180023
977,6.378261566162109,9.786174774169922,3.0758359594370786e-05,3.149873733520508,3.1874914169311523,3.2433159351348877,0.0027563823387026787,0.0037358703557401896,0.5068437457084656,0.5087555646896362
978,6.333384037017822,21.9155330657959,3.066995662047943e-05,3.1265640258789062,3.1579456329345703,3.2173893451690674,0.0045249806717038155,0.005051480606198311,0.4901347756385803,0.5005418062210083
979,6.357921123504639,17.31370735168457,3.058164940383852e-05,3.153107166290283,3.171015739440918,3.1997640132904053,0.004282056819647551,0.005429952871054411,0.4840523600578308,0.4977526068687439
980,6.356276988983154,10.525042533874512,3.0493438331806684e-05,3.187087059020996,3.174513816833496,3.1282060146331787,0.004176000133156776,0.004738988820463419,0.48060834407806396,0.494606614112854
981,6.452972412109375,11.521081924438477,3.040532379132083e-05,3.2165091037750244,3.180239200592041,3.243250846862793,0.006374091375619173,0.005985009018331766,0.5136924386024475,0.5208086371421814
982,6.614033222198486,11.090069770812988,3.0317306168894482e-05,3.286430835723877,3.2988109588623047,3.3218157291412354,0.0041606491431593895,0.004484033212065697,0.5131269693374634,0.5101546049118042
983,6.485609531402588,16.087636947631836,3.0229385850615966e-05,3.2236533164978027,3.221236228942871,3.266294479370117,0.00407884968444705,0.005016632378101349,0.5047364234924316,0.5021907091140747
984,6.5419158935546875,13.913174629211426,3.0141563222146803e-05,3.246713399887085,3.2414426803588867,3.3096187114715576,0.0038529913872480392,0.005982883740216494,0.5051976442337036,0.5090346336364746
985,6.456728935241699,15.96273422241211,3.005383866872004e-05,3.229504108428955,3.209188938140869,3.217986583709717,0.003455675905570388,0.003362621646374464,0.5131396055221558,0.5070400238037109
986,6.612779140472412,14.538509368896484,2.996621257513847e-05,3.305591106414795,3.2693471908569336,3.312053680419922,0.0036435166839510202,0.004600213840603828,0.49333107471466064,0.4929162263870239
987,6.299111366271973,19.485876083374023,2.9878685325772986e-05,3.153088331222534,3.116156816482544,3.145031452178955,0.0036575132980942726,0.004056740086525679,0.5005585551261902,0.5107833743095398
988,6.508190631866455,18.708463668823242,2.9791257304560972e-05,3.2428131103515625,3.238961935043335,3.2614316940307617,0.0033546006307005882,0.004235726315528154,0.5060811638832092,0.5046771764755249
989,6.3433308601379395,12.382332801818848,2.970392889500448e-05,3.174065589904785,3.1197190284729004,3.1854751110076904,0.0043177856132388115,0.004016419406980276,0.5129544734954834,0.515945315361023
990,6.584748268127441,18.559221267700195,2.961670048016862e-05,3.2606024742126465,3.2916676998138428,3.322251796722412,0.0038238470442593098,0.004769268911331892,0.4999907612800598,0.5057204961776733
991,6.309061527252197,21.380033493041992,2.952957244267993e-05,3.1389408111572266,3.1517465114593506,3.1593823432922363,0.0026571275666356087,0.004621073603630066,0.48674213886260986,0.4895162880420685
992,6.6675028800964355,16.154659271240234,2.944254516472459e-05,3.334357500076294,3.245802164077759,3.3868582248687744,0.0037204078398644924,0.004686963744461536,0.47434133291244507,0.48871952295303345
993,6.5594305992126465,15.676837921142578,2.9355619028046805e-05,3.297837734222412,3.262539863586426,3.2310235500335693,0.003525646636262536,0.003879745490849018,0.4957379102706909,0.49846071004867554
994,6.508097171783447,14.10308837890625,2.9268794413947177e-05,3.2283151149749756,3.231123447418213,3.296001672744751,0.003288156585767865,0.0048214890994131565,0.4987891912460327,0.5019564032554626
995,6.451621055603027,15.301321983337402,2.9182071703280913e-05,3.237851619720459,3.175158739089966,3.211819648742676,0.004884051624685526,0.005256181582808495,0.5081586837768555,0.4982670545578003
996,6.586302280426025,26.341323852539062,2.909545127645626e-05,3.228529214859009,3.2756900787353516,3.403346061706543,0.004092601127922535,0.005034903530031443,0.5062506198883057,0.5066376328468323
997,6.382473945617676,24.601470947265625,2.900893351343276e-05,3.183889389038086,3.1627423763275146,3.1999993324279785,0.0035472072195261717,0.005059725604951382,0.5177404880523682,0.5142696499824524
998,6.435013771057129,15.804610252380371,2.89225187937197e-05,3.1921563148498535,3.1938939094543457,3.257046937942505,0.003865952603518963,0.004827593453228474,0.5073095560073853,0.5155990719795227
999,6.4550251960754395,15.888711929321289,2.8836207496374286e-05,3.199037551879883,3.251441717147827,3.2249464988708496,0.003387406002730131,0.005509079899638891,0.48562145233154297,0.5041682720184326
1000,6.464555263519287,20.7596492767334,2.875000000000011e-05,3.1994667053222656,3.2364957332611084,3.2538702487945557,0.004481575917452574,0.005471339914947748,0.500145435333252,0.5122291445732117
1001,6.503221035003662,23.221376419067383,2.8663896682745392e-05,3.2413387298583984,3.2055625915527344,3.2704248428344727,0.006792988162487745,0.005151187069714069,0.49127766489982605,0.49744001030921936
1002,6.5185933113098145,21.858383178710938,2.857789792230146e-05,3.255990505218506,3.2405221462249756,3.249035358428955,0.004163702484220266,0.004748222883790731,0.484469473361969,0.4897657632827759
1003,6.592374801635742,11.725486755371094,2.849200409590092e-05,3.293783664703369,3.269251585006714,3.2862260341644287,0.003893028013408184,0.0065329489298164845,0.504196286201477,0.5013750791549683
1004,6.406309127807617,18.622133255004883,2.8406215580316106e-05,3.2173869609832764,3.162304162979126,3.177372932434082,0.004202293232083321,0.00533931702375412,0.499683678150177,0.4965500235557556
1005,6.467698574066162,19.822050094604492,2.8320532751857454e-05,3.2151386737823486,3.216583251953125,3.2540276050567627,0.0039427438750863075,0.0046847970224916935,0.4987652599811554,0.5039215683937073
1006,6.521632194519043,19.65001678466797,2.823495598637175e-05,3.2526235580444336,3.235944986343384,3.271954298019409,0.0036914823576807976,0.0038379505276679993,0.5055786371231079,0.5058562755584717
1007,6.345470428466797,19.128467559814453,2.8149485659240557e-05,3.147444248199463,3.167736768722534,3.193770170211792,0.0032444538082927465,0.005391784943640232,0.469740629196167,0.48940742015838623
1008,6.594858169555664,16.99384307861328,2.806412214537853e-05,3.3331823348999023,3.2192134857177734,3.2668588161468506,0.003956276457756758,0.005363368429243565,0.49389293789863586,0.5053676962852478
1009,6.509652137756348,22.05612564086914,2.7978865819231833e-05,3.234168529510498,3.2473886013031006,3.2725558280944824,0.003346398239955306,0.004409253131598234,0.5016089081764221,0.5009168386459351
1010,6.349403381347656,19.342164993286133,2.7893717054776408e-05,3.1604533195495605,3.132845878601074,3.1984522342681885,0.005392787978053093,0.006257860921323299,0.49130234122276306,0.4980381727218628
1011,6.426093578338623,12.049302101135254,2.7808676225516398e-05,3.153843641281128,3.223367929458618,3.2851953506469727,0.0034794637467712164,0.00550449825823307,0.5027318000793457,0.509184718132019
1012,6.3882832527160645,20.655235290527344,2.7723743704482464e-05,3.1752941608428955,3.168355941772461,3.231302499771118,0.0023513049818575382,0.0042289141565561295,0.5174789428710938,0.5188730955123901
1013,6.547185897827148,26.425291061401367,2.7638919864230233e-05,3.2478268146514893,3.2633025646209717,3.304370641708374,0.0031542654614895582,0.004606901668012142,0.5061416625976562,0.5077708959579468
1014,6.475193500518799,26.926183700561523,2.7554205076838548e-05,3.1894419193267822,3.272523880004883,3.265881061553955,0.0036124447360634804,0.004662307910621166,0.5022628307342529,0.49763989448547363
1015,6.308144569396973,23.109867095947266,2.7469599713907895e-05,3.1159377098083496,3.1607730388641357,3.1943650245666504,0.003573032794520259,0.003746023401618004,0.49680766463279724,0.5037919282913208
1016,6.358811855316162,17.340654373168945,2.7385104146558825e-05,3.1765973567962646,3.1156117916107178,3.2183914184570312,0.0029462960083037615,0.004660123027861118,0.4868244528770447,0.4978846311569214
1017,6.344257831573486,24.034656524658203,2.730071874543022e-05,3.1400370597839355,3.159043312072754,3.2145004272460938,0.004084851127117872,0.004639741033315659,0.4777677655220032,0.4866877496242523
1018,6.468163967132568,17.19585418701172,2.721644388067773e-05,3.2332870960235596,3.206092119216919,3.2305030822753906,0.00295193656347692,0.0053376746363937855,0.4867088198661804,0.4921758770942688
1019,6.445088863372803,16.7434024810791,2.7132279921972128e-05,3.1891379356384277,3.210970401763916,3.2625064849853516,0.004750365391373634,0.0048559242859482765,0.4861556887626648,0.5045561194419861
1020,6.0995917320251465,12.156010627746582,2.704822723849775e-05,3.024777889251709,3.046304225921631,3.0730903148651123,0.0035017102491110563,0.004056605044752359,0.5064207315444946,0.5101680755615234
1021,6.300150394439697,15.547938346862793,2.6964286198950764e-05,3.125319719314575,3.1530587673187256,3.166935682296753,0.0035829106345772743,0.003833694849163294,0.5028052926063538,0.5082806348800659
1022,6.302595138549805,17.669984817504883,2.688045717153764e-05,3.101680278778076,3.165376663208008,3.2049388885498047,0.0032257805578410625,0.004652786534279585,0.5067411661148071,0.5056465864181519
1023,6.480558395385742,24.58318519592285,2.679674052397348e-05,3.2142179012298584,3.2035293579101562,3.2894363403320312,0.005052406806498766,0.004876361694186926,0.5024527311325073,0.5090293884277344
1024,6.474081516265869,14.812081336975098,2.6713136623480507e-05,3.2110414505004883,3.2051501274108887,3.287348508834839,0.0037524092476814985,0.004642825108021498,0.4927011728286743,0.4945407211780548
1025,6.281903266906738,31.895050048828125,2.6629645836786308e-05,3.1577391624450684,3.0994985103607178,3.1118786334991455,0.004504919517785311,0.004732921719551086,0.4705733060836792,0.4861476421356201
1026,6.289477348327637,17.65996742248535,2.6546268530122298e-05,3.1273391246795654,3.1703367233276367,3.1199257373809814,0.003978281747549772,0.004525503609329462,0.48871830105781555,0.4900505542755127
1027,6.352089881896973,20.967273712158203,2.6463005069222176e-05,3.1898903846740723,3.1222972869873047,3.1676888465881348,0.003719308180734515,0.004883782472461462,0.5106091499328613,0.5157714486122131
1028,6.3572797775268555,12.573076248168945,2.63798558193202e-05,3.1398725509643555,3.1612155437469482,3.2382493019104004,0.0041010379791259766,0.004736269358545542,0.5107419490814209,0.5180832743644714
1029,6.490729331970215,28.171855926513672,2.6296821145149642e-05,3.227951765060425,3.2173140048980713,3.2675342559814453,0.00457358593121171,0.0056031267158687115,0.4991539716720581,0.5061256885528564
1030,6.427273750305176,21.078136444091797,2.6213901410941235e-05,3.202932357788086,3.2020671367645264,3.2201383113861084,0.002615788485854864,0.0040035247802734375,0.5071576833724976,0.5204353332519531
1031,6.340832710266113,23.301801681518555,2.61310969804215e-05,3.174271583557129,3.142332077026367,3.151759386062622,0.0036162431351840496,0.006141371093690395,0.49690473079681396,0.4895980954170227
1032,6.4216532707214355,15.197566986083984,2.6048408216811142e-05,3.211421012878418,3.186241388320923,3.199160099029541,0.0037705213762819767,0.004995264578610659,0.4771740138530731,0.4841499924659729
1033,6.559784889221191,17.745576858520508,2.5965835482823583e-05,3.2707276344299316,3.2403225898742676,3.3020033836364746,0.003994998522102833,0.004952038172632456,0.4788525700569153,0.480584055185318
1034,6.308238506317139,18.910999298095703,2.5883379140663207e-05,3.107271909713745,3.1693873405456543,3.201019048690796,0.003970161080360413,0.003911389969289303,0.4850713014602661,0.48710814118385315
1035,6.329668998718262,11.413895606994629,2.5801039552023863e-05,3.1189403533935547,3.167001247406006,3.223010778427124,0.00346132623963058,0.004399757832288742,0.508791446685791,0.5056427717208862
1036,6.299988269805908,13.81081485748291,2.5718817078087298e-05,3.1400909423828125,3.1377506256103516,3.1546311378479004,0.0029951902106404305,0.0038581446278840303,0.47783756256103516,0.4823938012123108
1037,6.416766166687012,28.950305938720703,2.5636712079521497e-05,3.1623902320861816,3.2096681594848633,3.2529659271240234,0.0052438052371144295,0.006285626906901598,0.5064790844917297,0.5135784149169922
1038,6.376605033874512,28.064516067504883,2.5554724916479132e-05,3.192866563796997,3.1531972885131836,3.179699659347534,0.004011493641883135,0.004633343778550625,0.5145865678787231,0.5286859273910522
1039,6.6577582359313965,37.60151672363281,2.5472855948596045e-05,3.3150241374969482,3.281797409057617,3.3567328453063965,0.004988078959286213,0.0067461407743394375,0.508050262928009,0.5188146829605103
1040,6.408421039581299,14.356863021850586,2.539110553498957e-05,3.178040027618408,3.1715400218963623,3.2546751499176025,0.003645696910098195,0.004991055931895971,0.5060638189315796,0.5075416564941406
1041,6.34770393371582,15.979914665222168,2.5309474034257e-05,3.127784013748169,3.1546595096588135,3.24820876121521,0.00466478755697608,0.004577756393700838,0.5077083110809326,0.5084147453308105
1042,6.447764873504639,22.1679630279541,2.522796180447406e-05,3.182507038116455,3.2324953079223633,3.266770124435425,0.0038516896311193705,0.003960898146033287,0.4814220070838928,0.48885640501976013
1043,6.42414665222168,25.173057556152344,2.514656920319326e-05,3.1805882453918457,3.215027332305908,3.2351653575897217,0.004563344642519951,0.004667579662054777,0.4792785048484802,0.4833192825317383
1044,6.432270050048828,15.750749588012695,2.5065296587442368e-05,3.22153902053833,3.2007880210876465,3.1767446994781494,0.0045383768156170845,0.006444334518164396,0.5015826225280762,0.49920403957366943
1045,6.245325565338135,22.93543815612793,2.498414431372282e-05,3.075516700744629,3.148073673248291,3.1594812870025635,0.0038705668412148952,0.004145459271967411,0.48180946707725525,0.4980196952819824
1046,6.323009014129639,12.857996940612793,2.490311273800823e-05,3.1496493816375732,3.1127610206604004,3.1963608264923096,0.003955082967877388,0.005444258917123079,0.484771728515625,0.48458796739578247
1047,6.470129013061523,27.058277130126953,2.4822202215742717e-05,3.2020206451416016,3.212064266204834,3.2793211936950684,0.005643647629767656,0.005563951563090086,0.5014668703079224,0.5161922574043274
1048,6.40186882019043,25.791358947753906,2.4741413101839387e-05,3.218923330307007,3.1285693645477295,3.2090823650360107,0.003201120998710394,0.003858706681057811,0.491802453994751,0.5067106485366821
1049,6.43892765045166,20.073902130126953,2.466074575067887e-05,3.20595121383667,3.186152935028076,3.2510743141174316,0.0031140074133872986,0.004067685920745134,0.49706169962882996,0.5095687508583069
1050,6.404027938842773,13.887864112854004,2.4580200516107602e-05,3.1826305389404297,3.224053382873535,3.190491199493408,0.0025278308894485235,0.004534816835075617,0.5078572034835815,0.5152069330215454
1051,6.316475868225098,16.4190731048584,2.4499777751436395e-05,3.148892402648926,3.130258321762085,3.166379928588867,0.0036674276925623417,0.0059647951275110245,0.4910199046134949,0.4933730959892273
1052,6.488096714019775,19.074180603027344,2.4419477809438822e-05,3.2522401809692383,3.1752870082855225,3.256464958190918,0.005051024723798037,0.004939061589539051,0.5005277395248413,0.5074519515037537
1053,6.476778030395508,16.877357482910156,2.4339301042349755e-05,3.221099853515625,3.233057975769043,3.252312183380127,0.0028503062203526497,0.0036460666451603174,0.4986112713813782,0.5012474060058594
1054,6.41457986831665,10.662657737731934,2.42592478018637e-05,3.196038246154785,3.169236898422241,3.235117197036743,0.003447215771302581,0.004735080525279045,0.5060416460037231,0.5105841159820557
1055,6.416817665100098,13.344196319580078,2.417931843913333e-05,3.192812919616699,3.1871156692504883,3.2288875579833984,0.002819225424900651,0.005182189401239157,0.5176993608474731,0.5328282713890076
1056,6.331862449645996,12.329948425292969,2.409951330476792e-05,3.1742844581604004,3.0966477394104004,3.1855406761169434,0.0034249681048095226,0.0048167528584599495,0.5086625814437866,0.5135546922683716
1057,6.329194068908691,31.165525436401367,2.4019832748831875e-05,3.1183524131774902,3.1765635013580322,3.2116832733154297,0.004330116789788008,0.0040290276519954205,0.5038596391677856,0.5094642639160156
1058,6.267480850219727,20.443151473999023,2.394027712084307e-05,3.107069253921509,3.1264712810516357,3.1524205207824707,0.004960412625223398,0.005522576626390219,0.48801541328430176,0.4931269884109497
1059,6.244750022888184,13.566985130310059,2.3860846769771392e-05,3.1028854846954346,3.1076695919036865,3.142727851867676,0.003851471934467554,0.0044816178269684315,0.4921645522117615,0.506508469581604
1060,6.2686944007873535,13.504281997680664,2.3781542044037264e-05,3.124058246612549,3.111234426498413,3.142703056335449,0.003976005129516125,0.0048575191758573055,0.47907963395118713,0.4848876893520355
1061,6.343250751495361,16.018686294555664,2.370236329150999e-05,3.180495262145996,3.105985641479492,3.1765377521514893,0.005091700237244368,0.005655342247337103,0.49947285652160645,0.4985537528991699
1062,6.419137477874756,20.75905418395996,2.3623310859506323e-05,3.2056283950805664,3.181457757949829,3.2104218006134033,0.003667765064164996,0.005116901360452175,0.501998782157898,0.5178682804107666
1063,6.472658157348633,13.218132019042969,2.3544385094788882e-05,3.2253737449645996,3.185598134994507,3.275031089782715,0.0038012785371392965,0.004683394450694323,0.4936565160751343,0.4915466606616974
1064,6.300941467285156,9.533161163330078,2.346558634356472e-05,3.1373682022094727,3.1346163749694824,3.159357786178589,0.0034126590471714735,0.004880148451775312,0.5005725622177124,0.5098874568939209
1065,6.402012825012207,12.667954444885254,2.3386914951483693e-05,3.210376262664795,3.184328556060791,3.1692585945129395,0.0037672584876418114,0.003654175903648138,0.5060155391693115,0.5127125382423401
1066,6.24643087387085,22.79049301147461,2.330837126363702e-05,3.11793851852417,3.084843158721924,3.1351702213287354,0.003990171942859888,0.005252635106444359,0.49586915969848633,0.4923957586288452
1067,6.4368743896484375,16.333595275878906,2.322995562455572e-05,3.176326274871826,3.2330710887908936,3.2606558799743652,0.003173596691340208,0.0036685115192085505,0.49653226137161255,0.5057713389396667
1068,6.388457775115967,11.897124290466309,2.315166837820919e-05,3.173543930053711,3.181856632232666,3.2142412662506104,0.0037463747430592775,0.004686360247433186,0.5093848705291748,0.5136958956718445
1069,6.23106050491333,24.084985733032227,2.3073509868003572e-05,3.0811851024627686,3.1037769317626953,3.1601736545562744,0.0040289717726409435,0.004920982755720615,0.4701389968395233,0.4923282563686371
1070,6.334200382232666,19.997777938842773,2.299548043678032e-05,3.1607093811035156,3.12658953666687,3.1853818893432617,0.004180212039500475,0.0045723821967840195,0.48371952772140503,0.48677241802215576
1071,6.208932399749756,22.467697143554688,2.2917580426814723e-05,3.0548386573791504,3.137363910675049,3.135340929031372,0.004486024379730225,0.004384614992886782,0.48633915185928345,0.5103974342346191
1072,6.4142022132873535,12.882769584655762,2.283981017981432e-05,3.18229341506958,3.2107608318328857,3.2232227325439453,0.0034970794804394245,0.003961425740271807,0.5030212998390198,0.5078265070915222
1073,6.418262958526611,18.353696823120117,2.2762170036917462e-05,3.1965041160583496,3.161990165710449,3.2552857398986816,0.0026529841125011444,0.003907640930265188,0.511478841304779,0.5135599374771118
1074,6.19991397857666,24.343725204467773,2.268466033869179e-05,3.079538106918335,3.1007330417633057,3.105916976928711,0.003444816218689084,0.005080566741526127,0.5131697654724121,0.5086440443992615
1075,6.500894069671631,25.499950408935547,2.2607281425132783e-05,3.2093639373779297,3.2397348880767822,3.305910110473633,0.004996922332793474,0.004356947261840105,0.49852269887924194,0.5067942142486572
1076,6.344419002532959,14.707396507263184,2.253003363566221e-05,3.1523447036743164,3.1422371864318848,3.209216833114624,0.0036564674228429794,0.004517403896898031,0.5018000602722168,0.507022500038147
1077,6.211621284484863,12.556681632995605,2.2452917309126642e-05,3.072984218597412,3.114885091781616,3.127568006515503,0.0038807198870927095,0.004824311006814241,0.49445927143096924,0.49452316761016846
1078,6.318960189819336,17.333274841308594,2.2375932783796054e-05,3.1551923751831055,3.117802381515503,3.175172805786133,0.003609423991292715,0.005030576605349779,0.497738778591156,0.49598056077957153
1079,6.355657577514648,20.82220458984375,2.229908039736222e-05,3.180361747741699,3.1377010345458984,3.173002243041992,0.004780702292919159,0.005191349424421787,0.4878735840320587,0.4930003583431244
1080,6.352036476135254,25.393747329711914,2.222236048693729e-05,3.153355836868286,3.1745829582214355,3.1941277980804443,0.003176673548296094,0.003985971678048372,0.482110857963562,0.5009065866470337
1081,6.42440938949585,12.841543197631836,2.2145773389052357e-05,3.2028005123138428,3.1724133491516113,3.234551191329956,0.004099415149539709,0.004963788669556379,0.4974181056022644,0.49944642186164856
1082,6.4429473876953125,14.738465309143066,2.2069319439655888e-05,3.1788485050201416,3.195417881011963,3.2864110469818115,0.004928035195916891,0.0066640847362577915,0.47802942991256714,0.47959429025650024
1083,6.267662048339844,26.32686996459961,2.1992998974112293e-05,3.101724147796631,3.1397528648376465,3.1474344730377197,0.004892272874712944,0.006279892288148403,0.4929407835006714,0.5072188973426819
1084,6.438906192779541,21.659170150756836,2.1916812327200502e-05,3.2297544479370117,3.1595969200134277,3.2241110801696777,0.004055033903568983,0.004593713209033012,0.49676835536956787,0.5005496144294739
1085,6.435309886932373,15.171989440917969,2.184075983311241e-05,3.167231798171997,3.2674684524536133,3.238170862197876,0.0035907146520912647,0.004038263112306595,0.4976130425930023,0.5099981427192688
1086,6.15497350692749,9.67504596710205,2.1764841825451443e-05,3.027569055557251,3.100994348526001,3.119581699371338,0.004318355582654476,0.004239839501678944,0.5132783651351929,0.5198389887809753
1087,6.297775745391846,15.39576530456543,2.1689058637231164e-05,3.138256311416626,3.1127617359161377,3.1779778003692627,0.002924868371337652,0.004149911925196648,0.4915211498737335,0.4941563904285431
1088,6.317163467407227,16.929208755493164,2.161341060087369e-05,3.1573855876922607,3.1247904300689697,3.167235851287842,0.0029608530458062887,0.003921339754015207,0.4874294102191925,0.4997416138648987
1089,6.358834743499756,25.755489349365234,2.1537898048208308e-05,3.116941452026367,3.2043187618255615,3.245831251144409,0.00371546926908195,0.004693625494837761,0.5026453733444214,0.5095576643943787
1090,6.324859142303467,16.91599464416504,2.1462521310470044e-05,3.1430654525756836,3.1601295471191406,3.171875,0.004175965674221516,0.003719809465110302,0.5220053195953369,0.5314543843269348
1091,6.509720802307129,21.262226104736328,2.138728071829814e-05,3.2371819019317627,3.2298343181610107,3.2789413928985596,0.0045583839528262615,0.004517385270446539,0.5348278880119324,0.5401979088783264
1092,6.1732177734375,25.855438232421875,2.1312176601734615e-05,3.0376152992248535,3.082386016845703,3.1570258140563965,0.0043335286900401115,0.0036149814259260893,0.5113556385040283,0.5104148387908936
1093,6.326911926269531,18.31314468383789,2.1237209290222916e-05,3.148682117462158,3.1544125080108643,3.1596791744232178,0.004885341972112656,0.005706478375941515,0.49497073888778687,0.502086877822876
1094,6.446078777313232,13.548747062683105,2.1162379112606317e-05,3.227527618408203,3.1664605140686035,3.242546796798706,0.0029386382084339857,0.004085060674697161,0.48691245913505554,0.49092912673950195
1095,6.273527145385742,14.587454795837402,2.1087686397126596e-05,3.0881600379943848,3.1610381603240967,3.175021171569824,0.0035573765635490417,0.005111145321279764,0.5109723210334778,0.5171943306922913
1096,6.255143642425537,11.712838172912598,2.101313147142253e-05,3.105159282684326,3.13492488861084,3.1434128284454346,0.0025897168088704348,0.0028180398512631655,0.4897398352622986,0.4941002428531647
1097,6.237910747528076,13.123651504516602,2.0938714662528526e-05,3.0756688117980957,3.1512277126312256,3.1460764408111572,0.0029054146725684404,0.0038894950412213802,0.5114467144012451,0.5228955745697021
1098,6.682835578918457,17.448020935058594,2.0864436296873103e-05,3.359375476837158,3.269550323486328,3.336061477661133,0.004360680468380451,0.005966536235064268,0.47177448868751526,0.4816783666610718
1099,6.269969940185547,12.106171607971191,2.07902967002775e-05,3.1211602687835693,3.1366050243377686,3.1192338466644287,0.004493143875151873,0.005951934028416872,0.4797896444797516,0.4825175404548645
1100,6.354439735412598,9.762707710266113,2.0716296197954286e-05,3.170163154602051,3.148637294769287,3.183250665664673,0.004298145417124033,0.00486797234043479,0.49186986684799194,0.499062180519104
1101,6.194357872009277,13.642647743225098,2.064243511450585e-05,3.0755162239074707,3.080026149749756,3.1273977756500244,0.004054034594446421,0.0035109701566398144,0.4871811866760254,0.4894055426120758
1102,6.458744049072266,13.590826034545898,2.056871377392305e-05,3.216102361679077,3.223482131958008,3.232884168624878,0.0035503762774169445,0.003678884357213974,0.5124572515487671,0.5209172964096069
1103,6.206632137298584,12.983443260192871,2.0495132499583726e-05,3.10727596282959,3.0721986293792725,3.0927650928497314,0.0035896128974854946,0.0048476215451955795,0.5114806890487671,0.5133643746376038
1104,6.402279376983643,14.509546279907227,2.0421691614251387e-05,3.1939616203308105,3.1780195236206055,3.1994059085845947,0.005039736162871122,0.004762930329889059,0.5054101943969727,0.5134713649749756
1105,6.364043712615967,14.379014015197754,2.034839144007367e-05,3.155801773071289,3.155616283416748,3.2200372219085693,0.005334694869816303,0.0048727234825491905,0.5065433979034424,0.5140738487243652
1106,6.516207218170166,14.313780784606934,2.0275232298580994e-05,3.229872703552246,3.2590229511260986,3.27306866645813,0.004221388138830662,0.005922925658524036,0.49936118721961975,0.5190761685371399
1107,6.369037628173828,10.920389175415039,2.0202214510685135e-05,3.1675167083740234,3.1890323162078857,3.1827425956726074,0.0039049426559358835,0.0039117843843996525,0.4820130467414856,0.4898543059825897
1108,6.383256912231445,11.89785099029541,2.0129338396677863e-05,3.163980484008789,3.1602535247802734,3.2451064586639404,0.0036192999687045813,0.004678958561271429,0.5023338794708252,0.5077778100967407
1109,6.430792331695557,16.064308166503906,2.005660427622946e-05,3.212432384490967,3.179252862930298,3.2312543392181396,0.0020494707860052586,0.004503814037889242,0.49422064423561096,0.5077309608459473
1110,6.431751251220703,12.415042877197266,1.9984012468387336e-05,3.199309825897217,3.166156768798828,3.2634127140045166,0.0033519668504595757,0.005476450081914663,0.4850224256515503,0.5007972121238708
1111,6.46810245513916,18.84743309020996,1.991156329157471e-05,3.1959614753723145,3.226802349090576,3.279144287109375,0.004927514120936394,0.004656560719013214,0.49829110503196716,0.502101719379425
1112,6.150400638580322,10.53254508972168,1.9839257063589105e-05,3.10540509223938,2.978119373321533,3.0848069190979004,0.0029854755848646164,0.0037805908359587193,0.49955642223358154,0.5070974230766296
1113,6.361867427825928,16.97648048400879,1.9767094101601012e-05,3.1486833095550537,3.1674704551696777,3.2243497371673584,0.004400818608701229,0.0042361365631222725,0.49442338943481445,0.5011929869651794
1114,6.256738662719727,10.387397766113281,1.9695074722152467e-05,3.1198930740356445,3.101741313934326,3.1468632221221924,0.0026418704073876143,0.0036297691985964775,0.47798725962638855,0.4887484610080719
1115,6.2943525314331055,20.50973892211914,1.9623199241155738e-05,3.1403541564941406,3.127933979034424,3.148359775543213,0.003624160075560212,0.004301768261939287,0.5063006281852722,0.5143201351165771
1116,6.431375980377197,19.658613204956055,1.9551467973891825e-05,3.193333864212036,3.1959316730499268,3.2351536750793457,0.004565178416669369,0.006684651132673025,0.49475380778312683,0.5012146234512329
1117,6.392354488372803,23.745622634887695,1.9479881235009177e-05,3.2020745277404785,3.1773855686187744,3.1589772701263428,0.005372387822717428,0.005676907952874899,0.5078792572021484,0.5091824531555176
1118,6.236459732055664,15.790206909179688,1.9408439338522222e-05,3.088120937347412,3.119384288787842,3.140810966491699,0.003714403137564659,0.005406372714787722,0.5035184621810913,0.5057033896446228
1119,6.282793998718262,13.594579696655273,1.9337142597810114e-05,3.1409478187561035,3.1144633293151855,3.140064239501953,0.0035787930246442556,0.003712314646691084,0.5069525241851807,0.5084397792816162
1120,6.264657020568848,14.25196647644043,1.9265991325615213e-05,3.110332727432251,3.1128218173980713,3.160853385925293,0.004113850183784962,0.004629370290786028,0.503751814365387,0.49961236119270325
1121,6.303666114807129,12.34005069732666,1.91949858340418e-05,3.1408419609069824,3.1495614051818848,3.141083240509033,0.0038409396074712276,0.004909883253276348,0.5094342231750488,0.509117841720581
1122,6.282148361206055,13.998291015625,1.912412643455473e-05,3.1472437381744385,3.100983142852783,3.133455514907837,0.004515587352216244,0.004327069502323866,0.4953593313694,0.4912894070148468
1123,6.128695964813232,17.372220993041992,1.9053413437977977e-05,3.0362894535064697,3.079373836517334,3.0712506771087646,0.004608152899891138,0.003939016722142696,0.4769144356250763,0.48114797472953796
1124,6.330235004425049,16.210359573364258,1.8982847154493344e-05,3.1427125930786133,3.166398286819458,3.1750998497009277,0.004579980857670307,0.0038068366702646017,0.490588903427124,0.49367833137512207
1125,6.188568115234375,18.88793182373047,1.8912427893639057e-05,3.0681824684143066,3.0628139972686768,3.1388466358184814,0.00496062682941556,0.004817361943423748,0.49764877557754517,0.5083576440811157
1126,6.379166603088379,17.206253051757812,1.8842155964308478e-05,3.1448020935058594,3.166187286376953,3.2715635299682617,0.003952302969992161,0.0037922756746411324,0.49359411001205444,0.5073044896125793
1127,6.301127910614014,15.732037544250488,1.8772031674748652e-05,3.137592077255249,3.119776725769043,3.173447370529175,0.004061114974319935,0.004400735720992088,0.48478493094444275,0.490886390209198
1128,6.463296890258789,13.3782320022583,1.8702055332559008e-05,3.1927437782287598,3.2291979789733887,3.267319440841675,0.0052834078669548035,0.005863923113793135,0.48201608657836914,0.4768909215927124
1129,6.3719401359558105,10.992826461791992,1.863222724469005e-05,3.154481887817383,3.1827821731567383,3.2121939659118652,0.004189128056168556,0.0057961647398769855,0.5106245279312134,0.5043253302574158
1130,6.364166259765625,8.813312530517578,1.8562547717441913e-05,3.1309657096862793,3.2389986515045166,3.1868088245391846,0.004243769217282534,0.005904772784560919,0.4963090419769287,0.504352331161499
1131,6.380434036254883,12.76334285736084,1.849301705646308e-05,3.173172950744629,3.1717936992645264,3.1978089809417725,0.004595526959747076,0.006634348537772894,0.5000511407852173,0.5063899755477905
1132,6.218960285186768,12.23328971862793,1.8423635566749088e-05,3.092540979385376,3.0885818004608154,3.135162591934204,0.003226633183658123,0.004047093912959099,0.507918119430542,0.5120201110839844
1133,6.252185344696045,14.03801441192627,1.8354403552641066e-05,3.1435484886169434,3.0777230262756348,3.103519916534424,0.0037905792705714703,0.0052170343697071075,0.5074231624603271,0.5091791152954102
1134,6.188021183013916,11.753096580505371,1.828532131782449e-05,3.039992094039917,3.119642496109009,3.144667863845825,0.0038001311477273703,0.004136731848120689,0.48983386158943176,0.49375221133232117
1135,6.187315940856934,12.439074516296387,1.8216389165327865e-05,3.0795278549194336,3.103167772293091,3.0755937099456787,0.004582835361361504,0.004620801657438278,0.5067734718322754,0.5187385082244873
1136,6.467954635620117,12.320052146911621,1.814760739752133e-05,3.2008702754974365,3.240743398666382,3.262704372406006,0.0034444534685462713,0.004235877189785242,0.4878917336463928,0.5007598996162415
1137,6.179002285003662,12.075965881347656,1.807897631611535e-05,3.0737733840942383,3.077944040298462,3.0962955951690674,0.004350743256509304,0.004704030696302652,0.500365138053894,0.5042858123779297
1138,6.291069030761719,10.623193740844727,1.8010496222159455e-05,3.124565601348877,3.1086392402648926,3.178053617477417,0.004544154275208712,0.007034021429717541,0.4849154055118561,0.48414868116378784
1139,6.242035865783691,18.539939880371094,1.7942167416040827e-05,3.1224987506866455,3.0740344524383545,3.1379780769348145,0.002914185170084238,0.0038512072060257196,0.5133947730064392,0.51161789894104
1140,6.185007572174072,12.28126335144043,1.787399019748302e-05,3.0851025581359863,3.0626111030578613,3.1038331985473633,0.003922607284039259,0.004418598487973213,0.49922674894332886,0.5029348134994507
1141,6.423266887664795,24.42037582397461,1.7805964865544703e-05,3.158642530441284,3.221226692199707,3.262493371963501,0.005469863768666983,0.005912546068429947,0.5206329822540283,0.5216588973999023
1142,6.241568565368652,12.179368019104004,1.7738091718618247e-05,3.0748097896575928,3.1007328033447266,3.195816993713379,0.00426899641752243,0.004973052069544792,0.48414039611816406,0.49264222383499146
1143,6.307051181793213,10.93940258026123,1.7670371054428467e-05,3.1208043098449707,3.130582332611084,3.206861734390259,0.0040147025138139725,0.004747777711600065,0.5020118951797485,0.5144938230514526
1144,6.307126045227051,23.469572067260742,1.7602803170031356e-05,3.121934413909912,3.146829128265381,3.19073224067688,0.003704022616147995,0.0045016766525805,0.4850698709487915,0.4976348876953125
1145,6.475488662719727,15.409862518310547,1.7535388361812697e-05,3.2695560455322266,3.1354262828826904,3.2430970668792725,0.0035978408996015787,0.004737722221761942,0.49626660346984863,0.5063051581382751
1146,6.2694292068481445,17.317392349243164,1.746812692548682e-05,3.141263246536255,3.1067020893096924,3.114973783493042,0.004891170188784599,0.0037728543393313885,0.510339081287384,0.5158711075782776
1147,6.3855109214782715,11.43028736114502,1.7401019156095284e-05,3.1483683586120605,3.1931755542755127,3.247865915298462,0.004107699263840914,0.004203392192721367,0.48920103907585144,0.505450963973999
1148,6.494897842407227,18.660444259643555,1.7334065348005616e-05,3.2234129905700684,3.2678041458129883,3.232228994369507,0.005073943175375462,0.0056601581163704395,0.492361456155777,0.4909164011478424
1149,6.253166675567627,16.342683792114258,1.7267265794909973e-05,3.087099075317383,3.126175880432129,3.167386531829834,0.005106661003082991,0.0045365579426288605,0.4953431487083435,0.500099241733551
1150,6.289907455444336,19.422155380249023,1.7200620789823865e-05,3.115386962890625,3.14813232421875,3.1672658920288086,0.004003071691840887,0.004407571628689766,0.48858046531677246,0.5006659030914307
1151,6.328080177307129,15.543001174926758,1.7134130625084878e-05,3.1375179290771484,3.1392173767089844,3.203031539916992,0.004806161392480135,0.004912654869258404,0.49863284826278687,0.4951936900615692
1152,6.279095649719238,13.25680160522461,1.7067795592351434e-05,3.1375935077667236,3.1096911430358887,3.136641502380371,0.004043791443109512,0.005124169401824474,0.5061527490615845,0.5175824761390686
1153,6.193007946014404,21.890226364135742,1.700161598260143e-05,3.0994038581848145,3.045164108276367,3.112807273864746,0.0035434255842119455,0.0037659388035535812,0.5093953013420105,0.5096292495727539
1154,6.334819793701172,20.37795066833496,1.6935592086130988e-05,3.143798351287842,3.1987593173980713,3.1515865325927734,0.003632250474765897,0.004291907884180546,0.49778568744659424,0.5097881555557251
1155,6.250706672668457,21.940839767456055,1.6869724192553253e-05,3.1010982990264893,3.114516019821167,3.1452407836914062,0.004774641245603561,0.00509054958820343,0.4976693391799927,0.512094259262085
1156,6.306519508361816,8.9539794921875,1.6804012590797024e-05,3.1348934173583984,3.113370418548584,3.1840994358062744,0.004932187031954527,0.006513359025120735,0.5106246471405029,0.5102585554122925
1157,6.218069076538086,13.13593864440918,1.6738457569105528e-05,3.0892622470855713,3.1073458194732666,3.1165852546691895,0.004254275932908058,0.004166198428720236,0.5061420798301697,0.5184454917907715
1158,6.341760158538818,28.78152084350586,1.6673059415035152e-05,3.138260841369629,3.183131456375122,3.182659864425659,0.005026769824326038,0.005274942610412836,0.4834991991519928,0.49077108502388
1159,6.263155460357666,14.91425609588623,1.660781841545422e-05,3.10729718208313,3.1065378189086914,3.1749892234802246,0.002864507492631674,0.004682636819779873,0.49259111285209656,0.5039656758308411
1160,6.2479777336120605,18.927406311035156,1.6542734856541664e-05,3.09572172164917,3.1164815425872803,3.1529183387756348,0.0044233063235878944,0.004354572854936123,0.48701030015945435,0.49012014269828796
1161,6.414769172668457,23.177799224853516,1.6477809023785808e-05,3.2209174633026123,3.131615161895752,3.22137451171875,0.004199821036309004,0.004478722345083952,0.489016592502594,0.4863414764404297
1162,6.292623996734619,14.948007583618164,1.6413041201983116e-05,3.1452109813690186,3.093017578125,3.166494846343994,0.004284727852791548,0.004543730523437262,0.4928058981895447,0.5080281496047974
1163,6.329324722290039,12.680557250976562,1.634843167523696e-05,3.1108975410461426,3.1845803260803223,3.21695613861084,0.0035910597071051598,0.005238295532763004,0.4762266278266907,0.47800540924072266
1164,6.419162750244141,21.189924240112305,1.6283980726956324e-05,3.1787900924682617,3.2329089641571045,3.2136645317077637,0.0040715462528169155,0.004471634514629841,0.48901718854904175,0.4999556541442871
1165,6.374720573425293,14.053056716918945,1.621968863985458e-05,3.1779732704162598,3.1406362056732178,3.21577525138855,0.004160014912486076,0.005110778845846653,0.49305152893066406,0.500999927520752
1166,6.185897350311279,14.048404693603516,1.6155555695948316e-05,3.072944164276123,3.061275005340576,3.1180028915405273,0.004920323844999075,0.00673696817830205,0.5000842809677124,0.5088287591934204
1167,6.204262733459473,17.125988006591797,1.6091582176555975e-05,3.0878260135650635,3.0844154357910156,3.1136419773101807,0.004355360753834248,0.004348659422248602,0.47902145981788635,0.48679953813552856
1168,6.409181594848633,11.401673316955566,1.6027768362296722e-05,3.205112934112549,3.15657639503479,3.2117533683776855,0.003916863352060318,0.0060351244173944,0.5210036635398865,0.5343541502952576
1169,6.386430263519287,12.92591381072998,1.5964114533089144e-05,3.174696445465088,3.1660213470458984,3.214458703994751,0.0048500532284379005,0.005896767135709524,0.5060333013534546,0.5136155486106873
1170,6.550670146942139,12.251324653625488,1.5900620968150107e-05,3.2536849975585938,3.267488956451416,3.2861883640289307,0.0041124252602458,0.005961047951132059,0.5032538175582886,0.5080972909927368
1171,6.143619060516357,12.853720664978027,1.583728794599344e-05,3.033750534057617,3.0672125816345215,3.1109068393707275,0.004476503469049931,0.005927885416895151,0.5014346837997437,0.5014300346374512
1172,6.413451671600342,15.04807186126709,1.5774115744428763e-05,3.183455228805542,3.2206509113311768,3.205023765563965,0.003952834289520979,0.004626768175512552,0.48507869243621826,0.4885542094707489
1173,6.086009979248047,10.223993301391602,1.571110464056024e-05,3.020801544189453,3.0410654544830322,3.0601890087127686,0.003933120984584093,0.0033574122935533524,0.5017731189727783,0.5043696761131287
1174,6.264129161834717,11.335183143615723,1.564825491078543e-05,3.118889331817627,3.1129469871520996,3.140475273132324,0.004340992774814367,0.004923530854284763,0.5115295648574829,0.51560378074646
1175,6.349227428436279,13.268919944763184,1.5585566830793983e-05,3.1647348403930664,3.163402557373047,3.164057493209839,0.004763714503496885,0.005617671646177769,0.4975931644439697,0.4964419901371002
1176,6.155267715454102,11.205645561218262,1.5523040675566482e-05,3.0625956058502197,3.066891670227051,3.083256959915161,0.0032217446714639664,0.0055770655162632465,0.4877566397190094,0.4900587797164917
1177,6.286157608032227,14.698027610778809,1.5460676719373248e-05,3.123814582824707,3.0855600833892822,3.199273109436035,0.004323525819927454,0.0056398240849375725,0.5081053972244263,0.5128986835479736
1178,6.287079334259033,15.223060607910156,1.5398475235773095e-05,3.1114695072174072,3.1385231018066406,3.1727988719940186,0.004755709785968065,0.005218693986535072,0.5076503753662109,0.511480987071991
1179,6.112873077392578,14.333792686462402,1.5336436497612154e-05,3.022488594055176,3.0477800369262695,3.096940279006958,0.004815228283405304,0.004196779802441597,0.492233544588089,0.4908478260040283
1180,6.32393217086792,17.735637664794922,1.52745607770227e-05,3.144231081008911,3.155949831008911,3.1671371459960938,0.004302976652979851,0.004775846842676401,0.48320552706718445,0.4886602759361267
1181,6.286607265472412,21.9442138671875,1.5212848345421912e-05,3.132045269012451,3.098721981048584,3.1703007221221924,0.004697632975876331,0.005327967461198568,0.47370320558547974,0.48189878463745117
1182,6.417755126953125,12.562994956970215,1.5151299473510688e-05,3.1787424087524414,3.1955015659332275,3.2415668964385986,0.0049132853746414185,0.005326016340404749,0.48491939902305603,0.49084073305130005
1183,6.3380327224731445,14.493363380432129,1.5089914431272525e-05,3.106196403503418,3.2171990871429443,3.2187247276306152,0.004039720632135868,0.0028971971478313208,0.5037115812301636,0.5051455497741699
1184,6.470461368560791,27.05236053466797,1.5028693487972227e-05,3.2150392532348633,3.1965866088867188,3.274095296859741,0.004359549377113581,0.005680975038558245,0.5057277679443359,0.5213103294372559
1185,6.183640480041504,14.012194633483887,1.4967636912154796e-05,3.053983449935913,3.0871121883392334,3.1309139728546143,0.004336537327617407,0.005985440220683813,0.504048228263855,0.5104470252990723
1186,6.365749359130859,13.3722562789917,1.4906744971644272e-05,3.1582674980163574,3.1835129261016846,3.1962482929229736,0.004505629185587168,0.004295043181627989,0.5091915130615234,0.513251543045044
1187,6.251821517944336,19.868684768676758,1.4846017933542478e-05,3.069239854812622,3.147174596786499,3.189060688018799,0.0030515913385897875,0.004180558957159519,0.5049417018890381,0.5183009505271912
1188,6.37062931060791,19.860498428344727,1.4785456064227909e-05,3.1956167221069336,3.144625425338745,3.175291061401367,0.0029020262882113457,0.0046249739825725555,0.49407410621643066,0.5102083086967468
1189,6.36144495010376,23.11532211303711,1.4725059629354574e-05,3.1719553470611572,3.154841184616089,3.1887834072113037,0.0036509307101368904,0.005187673959881067,0.48836129903793335,0.49033740162849426
1190,6.456386089324951,16.913545608520508,1.4664828893850768e-05,3.2207460403442383,3.1777923107147217,3.2635905742645264,0.0038600731641054153,0.003614103188738227,0.5051577091217041,0.5136895179748535
1191,6.1899895668029785,23.22323989868164,1.4604764121917963e-05,3.066791534423828,3.0737829208374023,3.1328818798065186,0.005069369915872812,0.004863489884883165,0.4970639646053314,0.5016852021217346
1192,6.216764450073242,12.25327205657959,1.4544865577029653e-05,3.089400053024292,3.1009840965270996,3.117713212966919,0.004583256784826517,0.004424610640853643,0.509293794631958,0.49415653944015503
1193,6.239384174346924,19.61354637145996,1.4485133521930147e-05,3.0980923175811768,3.1116437911987305,3.141197443008423,0.0033371152821928263,0.004098366480320692,0.5108351111412048,0.5192912817001343
1194,6.352575778961182,23.096792221069336,1.4425568218633463e-05,3.1531143188476562,3.174051523208618,3.201693296432495,0.002320893807336688,0.0034734231885522604,0.5053842067718506,0.5090159773826599
1195,6.402292728424072,21.421188354492188,1.4366169928422151e-05,3.1908257007598877,3.2026216983795166,3.1866567134857178,0.00366976042278111,0.0047440738417208195,0.47184428572654724,0.4771338701248169
1196,6.430439472198486,13.444579124450684,1.4306938911846198e-05,3.209057569503784,3.173661470413208,3.2325637340545654,0.004144385922700167,0.004990086890757084,0.4984424412250519,0.49775567650794983
1197,6.361454486846924,14.401995658874512,1.4247875428721804e-05,3.137146234512329,3.1711812019348145,3.240175485610962,0.003534724935889244,0.005780170205980539,0.48096567392349243,0.49032455682754517
1198,6.309377670288086,15.51632308959961,1.4188979738130296e-05,3.1506922245025635,3.1482226848602295,3.1442716121673584,0.002481022384017706,0.0037381805013865232,0.4728933870792389,0.48010215163230896
1199,6.07305383682251,17.2575626373291,1.413025209841701e-05,3.0184879302978516,3.022369623184204,3.052091360092163,0.0041729118674993515,0.004494914785027504,0.5210497379302979,0.5229174494743347
1200,6.1422953605651855,29.326492309570312,1.4071692767190095e-05,3.0378904342651367,3.0783936977386475,3.094097137451172,0.0046058944426476955,0.0044736857526004314,0.48194459080696106,0.4871513843536377
1201,6.235116481781006,15.93486499786377,1.4013302001319422e-05,3.127686023712158,3.0468904972076416,3.13346004486084,0.003563982667401433,0.005063692107796669,0.5139868259429932,0.5024932622909546
1202,6.216340065002441,14.21544075012207,1.395508005693545e-05,3.07330060005188,3.054381847381592,3.198793411254883,0.0033101795706897974,0.004915662109851837,0.4936700463294983,0.5052525401115417
1203,6.34248161315918,14.790642738342285,1.389702718942813e-05,3.1665568351745605,3.1591014862060547,3.155505657196045,0.004296279512345791,0.005014403723180294,0.50865638256073,0.5085427165031433
1204,6.342864513397217,26.236040115356445,1.3839143653445741e-05,3.1380410194396973,3.165588140487671,3.214139461517334,0.002883793320506811,0.004595886450260878,0.4942909777164459,0.5031828880310059
1205,6.245986461639404,12.642521858215332,1.3781429702893773e-05,3.0929927825927734,3.149508476257324,3.1127495765686035,0.004901834297925234,0.006030410528182983,0.48618772625923157,0.49677199125289917
1206,6.3280158042907715,14.544123649597168,1.3723885590933855e-05,3.136737823486328,3.176987409591675,3.163895845413208,0.005045743193477392,0.0053725033067166805,0.49444860219955444,0.49791863560676575
1207,6.264362812042236,18.911128997802734,1.3666511569982628e-05,3.101497173309326,3.1596851348876953,3.1345973014831543,0.003712550038471818,0.0041497740894556046,0.5046172142028809,0.5025656819343567
1208,6.1421732902526855,9.870243072509766,1.360930789171061e-05,3.050192356109619,3.038259506225586,3.118295669555664,0.003409668803215027,0.0034420937299728394,0.4870084524154663,0.4882936179637909
1209,6.408907890319824,11.937028884887695,1.3552274807041108e-05,3.192704677581787,3.178572416305542,3.2162063121795654,0.0039558387361466885,0.005451064091175795,0.5042921304702759,0.499316930770874
1210,6.231757640838623,10.589756965637207,1.3495412566149154e-05,3.0573930740356445,3.142068386077881,3.1751492023468018,0.004148435778915882,0.003729406278580427,0.5055680274963379,0.5069699287414551
1211,6.3349928855896,16.326997756958008,1.3438721418460352e-05,3.1401538848876953,3.1746909618377686,3.179391384124756,0.004215871449559927,0.0046829585917294025,0.4814221262931824,0.48261165618896484
1212,6.356386661529541,13.645207405090332,1.3382201612649801e-05,3.1455371379852295,3.1892664432525635,3.1937034130096436,0.004838850349187851,0.004843170754611492,0.5046364068984985,0.5083727836608887
1213,6.328394412994385,9.596692085266113,1.3325853396641018e-05,3.1289284229278564,3.1449923515319824,3.218050479888916,0.0038457736372947693,0.005126609932631254,0.4918747544288635,0.4877520203590393
1214,6.41141939163208,20.929956436157227,1.3269677017604865e-05,3.192310333251953,3.1925976276397705,3.2090938091278076,0.003988740965723991,0.005142828915268183,0.49078673124313354,0.48912081122398376
1215,6.072083473205566,12.946547508239746,1.3213672721958414e-05,3.0245161056518555,3.0062637329101562,3.04948091506958,0.00469550397247076,0.005152340047061443,0.5134813785552979,0.5104720592498779
1216,6.18104362487793,12.751516342163086,1.3157840755363908e-05,3.059006690979004,3.087928533554077,3.1209630966186523,0.004065748769789934,0.004729717504233122,0.5215263366699219,0.5251114368438721
1217,6.10190486907959,15.226020812988281,1.3102181362727656e-05,3.0305802822113037,3.057872772216797,3.0495991706848145,0.003900043200701475,0.004894206300377846,0.4986381530761719,0.5108166933059692
1218,6.271787166595459,13.797807693481445,1.3046694788199e-05,3.1388652324676514,3.0768465995788574,3.140178918838501,0.005378321278840303,0.006826438475400209,0.49913525581359863,0.5075239539146423
1219,6.279958724975586,14.625174522399902,1.29913812751692e-05,3.143968343734741,3.0964527130126953,3.134922742843628,0.004544795956462622,0.005606457591056824,0.5170037150382996,0.5216616988182068
1220,6.424368381500244,23.296382904052734,1.2936241066270376e-05,3.199995994567871,3.178652048110962,3.231735944747925,0.004347692709416151,0.005241368431597948,0.4874955117702484,0.49923229217529297
1221,6.509421348571777,16.283851623535156,1.2881274403374471e-05,3.2064380645751953,3.257930278778076,3.3030335903167725,0.00518389418721199,0.006066589150577784,0.49759575724601746,0.5060867071151733
1222,6.229210376739502,14.582695007324219,1.2826481527592165e-05,3.0774483680725098,3.1103742122650146,3.1595101356506348,0.004018696025013924,0.004390902351588011,0.4802907705307007,0.4837284982204437
1223,6.246945858001709,11.31077766418457,1.2771862679271799e-05,3.086076259613037,3.1048080921173096,3.1831765174865723,0.0036521952133625746,0.004786783829331398,0.5077800154685974,0.5093224048614502
1224,6.199126720428467,25.190963745117188,1.2717418097998372e-05,3.0885791778564453,3.054128885269165,3.1338353157043457,0.0035946820862591267,0.004688358400017023,0.5002422332763672,0.5044938325881958
1225,6.3145670890808105,11.33167839050293,1.2663148022592465e-05,3.152329921722412,3.11130428314209,3.1732373237609863,0.004817652516067028,0.00516562769189477,0.5017976760864258,0.5019627213478088
1226,6.218597412109375,12.922558784484863,1.2609052691109174e-05,3.091257333755493,3.063957452774048,3.149129629135132,0.005495910998433828,0.00490222591906786,0.5000831484794617,0.5082421898841858
1227,6.163977146148682,13.588175773620605,1.2555132340837071e-05,3.025595188140869,3.071789026260376,3.16582989692688,0.004757496062666178,0.005028965417295694,0.4914056062698364,0.4940638542175293
1228,6.3726582527160645,15.965699195861816,1.250138720829722e-05,3.141613483428955,3.194138288497925,3.2262020111083984,0.005154447630047798,0.0052829310297966,0.47943294048309326,0.47634410858154297
1229,6.209450721740723,22.321622848510742,1.2447817529242052e-05,3.09487247467041,3.0861942768096924,3.1085100173950195,0.00387446116656065,0.004738518502563238,0.49916037917137146,0.49523603916168213
1230,6.360201358795166,19.343914031982422,1.2394423538654383e-05,3.1422600746154785,3.166982412338257,3.2190043926239014,0.0057721431367099285,0.006701825186610222,0.477936714887619,0.47585123777389526
1231,6.263854503631592,11.140901565551758,1.2341205470746397e-05,3.101816177368164,3.1181321144104004,3.170558452606201,0.003481424180790782,0.0053651221096515656,0.49090874195098877,0.5006659626960754
1232,6.084691047668457,16.849994659423828,1.2288163558958557e-05,3.0187509059906006,3.0117526054382324,3.084800958633423,0.0035610301420092583,0.0052707865834236145,0.5043061375617981,0.5060100555419922
1233,6.382905960083008,19.26582908630371,1.2235298035958643e-05,3.1677803993225098,3.155225992202759,3.242417097091675,0.003927493933588266,0.004224538803100586,0.48973822593688965,0.4913370609283447
1234,6.254648208618164,18.521087646484375,1.2182609133640712e-05,3.1162376403808594,3.078791379928589,3.1614151000976562,0.004631100222468376,0.004522664938122034,0.48838526010513306,0.4985473155975342
1235,6.323244571685791,25.20362091064453,1.2130097083124066e-05,3.132500410079956,3.1534640789031982,3.192262649536133,0.004412628710269928,0.004527914337813854,0.48638665676116943,0.5022568702697754
1236,6.244631290435791,10.430533409118652,1.2077762114752226e-05,3.0870611667633057,3.101613759994507,3.1732585430145264,0.004031054209917784,0.006036124192178249,0.49939316511154175,0.4974767863750458
1237,6.3529839515686035,19.933521270751953,1.2025604458092008e-05,3.121490955352783,3.1688878536224365,3.2541260719299316,0.004808819852769375,0.0051840138621628284,0.501630425453186,0.5056222677230835
1238,6.344539165496826,20.08316993713379,1.1973624341932383e-05,3.164742946624756,3.1414437294006348,3.181802272796631,0.004201123025268316,0.004885280039161444,0.5016825795173645,0.5083783864974976
1239,6.06607723236084,15.904984474182129,1.1921821994283566e-05,2.999380588531494,3.0341970920562744,3.0673019886016846,0.003172908443957567,0.004800800234079361,0.504156231880188,0.5142903923988342
1240,6.255338191986084,21.612262725830078,1.1870197642376027e-05,3.1195499897003174,3.1066994667053223,3.1308112144470215,0.004066444002091885,0.004450158681720495,0.4984842538833618,0.5077056288719177
1241,6.423293113708496,13.06635570526123,1.1818751512659409e-05,3.2106072902679443,3.1641767024993896,3.2279415130615234,0.003614641260355711,0.004698823671787977,0.4939790368080139,0.5011433362960815
1242,6.26513147354126,24.555849075317383,1.1767483830801603e-05,3.1137266159057617,3.126248359680176,3.1476309299468994,0.0037095057778060436,0.003523122752085328,0.49406930804252625,0.5023491382598877
1243,6.318639755249023,10.118101119995117,1.171639482168776e-05,3.1425299644470215,3.17527174949646,3.148502826690674,0.003646198660135269,0.0034649779554456472,0.49584951996803284,0.5039322376251221
1244,5.937321662902832,10.752286911010742,1.1665484709419263e-05,2.958512306213379,2.9434330463409424,2.9823355674743652,0.0029260602314025164,0.005036644171923399,0.5129085183143616,0.5176304578781128
1245,6.225536823272705,20.034387588500977,1.1614753717312768e-05,3.095165729522705,3.1046361923217773,3.1224257946014404,0.004018998704850674,0.00440087728202343,0.5211614966392517,0.5219748020172119
1246,6.254263877868652,14.910155296325684,1.1564202067899215e-05,3.137941837310791,3.066200017929077,3.138333559036255,0.003280341625213623,0.0037472504191100597,0.4887963831424713,0.49084144830703735
1247,6.223047256469727,13.898320198059082,1.1513829982922898e-05,3.111665725708008,3.0810985565185547,3.107961654663086,0.0036394568160176277,0.004786225035786629,0.5095247626304626,0.5143764019012451
1248,6.252280235290527,15.289737701416016,1.146363768334041e-05,3.122333526611328,3.0767128467559814,3.149886131286621,0.0036634879652410746,0.0046602278016507626,0.49428337812423706,0.49901270866394043
1249,6.344181537628174,12.421372413635254,1.1413625389319721e-05,3.1322927474975586,3.205564498901367,3.1878485679626465,0.0037288996390998363,0.003862098092213273,0.5010124444961548,0.5079176425933838
1250,6.2549872398376465,14.640523910522461,1.1363793320239246e-05,3.110309600830078,3.0620241165161133,3.18099045753479,0.005057637579739094,0.006527569144964218,0.49070343375205994,0.494550496339798
1251,6.174542427062988,15.50309944152832,1.1314141694686807e-05,3.080528974533081,3.058061361312866,3.1008784770965576,0.003380129812285304,0.003891812637448311,0.49602359533309937,0.49388396739959717
1252,6.475958824157715,14.159969329833984,1.1264670730458725e-05,3.2404651641845703,3.2112984657287598,3.2268764972686768,0.004501591436564922,0.003701652167364955,0.4874803423881531,0.4974566698074341
1253,6.2112956047058105,14.185543060302734,1.1215380644558845e-05,3.1088738441467285,3.0799319744110107,3.0931382179260254,0.003379424102604389,0.004563945345580578,0.4905838966369629,0.49484318494796753
1254,6.471893787384033,20.59745216369629,1.1166271653197612e-05,3.221691370010376,3.236182689666748,3.228383779525757,0.004217104986310005,0.0047422852367162704,0.49951398372650146,0.4960251450538635
1255,6.220161437988281,13.653900146484375,1.1117343971791085e-05,3.112251043319702,3.0616390705108643,3.1160671710968018,0.005222267471253872,0.004306234419345856,0.4895020127296448,0.49289292097091675
1256,6.1435933113098145,16.471174240112305,1.1068597814960009e-05,3.0705862045288086,3.0542755126953125,3.0573012828826904,0.0037588910199701786,0.004850292578339577,0.48980236053466797,0.4944131672382355
1257,6.202237129211426,15.04180908203125,1.1020033396528872e-05,3.0885839462280273,3.0977745056152344,3.0973398685455322,0.003799161408096552,0.0042487806640565395,0.48477935791015625,0.49191659688949585
1258,6.158026218414307,11.486795425415039,1.0971650929524983e-05,3.0293281078338623,3.0506577491760254,3.164957284927368,0.004945070948451757,0.005500332452356815,0.503993034362793,0.5073157548904419
1259,6.15073299407959,10.9055814743042,1.092345062617751e-05,3.078342914581299,3.034583568572998,3.0632212162017822,0.00532015785574913,0.006423948332667351,0.4896150827407837,0.49886515736579895
1260,6.348565578460693,23.53241539001465,1.0875432697916556e-05,3.13289213180542,3.200970411300659,3.2067935466766357,0.002637462457641959,0.003258159151300788,0.5049320459365845,0.5179221034049988
1261,6.400776386260986,13.466072082519531,1.082759735537226e-05,3.156731128692627,3.214545726776123,3.2417595386505127,0.0038626387249678373,0.004083886276930571,0.494734525680542,0.497404545545578
1262,6.251791000366211,16.381105422973633,1.0779944808373834e-05,3.099902629852295,3.11122989654541,3.1573898792266846,0.004956894554197788,0.0038323879707604647,0.503329873085022,0.5122010707855225
1263,6.287598609924316,12.824613571166992,1.0732475265948661e-05,3.1039834022521973,3.165388584136963,3.167546033859253,0.0040931967087090015,0.004480627365410328,0.4943864345550537,0.49459534883499146
1264,6.277318477630615,10.299515724182129,1.0685188936321368e-05,3.0904998779296875,3.1164305210113525,3.218456983566284,0.004919286817312241,0.004768135957419872,0.4810713827610016,0.4949071407318115
1265,6.36954927444458,11.966167449951172,1.063808602691295e-05,3.179978609085083,3.133387327194214,3.208536148071289,0.004498443566262722,0.004806043580174446,0.48631978034973145,0.4917033314704895
1266,6.374815940856934,21.252498626708984,1.0591166744339802e-05,3.1813063621520996,3.154043674468994,3.201082944869995,0.003721230896189809,0.00425183167681098,0.5090689659118652,0.508049488067627
1267,6.111518859863281,16.805105209350586,1.0544431294412852e-05,3.05578351020813,3.0174355506896973,3.0643441677093506,0.0034127633552998304,0.004009870812296867,0.497977077960968,0.5110064744949341
1268,6.169632911682129,13.885818481445312,1.0497879882136641e-05,3.059626340866089,3.009624481201172,3.1702985763549805,0.004801769740879536,0.005220545455813408,0.48777320981025696,0.5033923983573914
1269,6.427725791931152,14.452430725097656,1.0451512711708456e-05,3.1628599166870117,3.1860780715942383,3.306723117828369,0.004208466503769159,0.0050239600241184235,0.49896353483200073,0.5078932642936707
1270,6.284262657165527,14.978752136230469,1.0405329986517386e-05,3.1019668579101562,3.136711359024048,3.191118001937866,0.003911226522177458,0.005279280245304108,0.5113050937652588,0.5147649049758911
1271,6.213543891906738,20.375892639160156,1.0359331909143436e-05,3.099820613861084,3.0654358863830566,3.1271755695343018,0.004604372661560774,0.0041043926030397415,0.5041112899780273,0.5136616826057434
1272,6.338412761688232,22.544607162475586,1.0313518681356713e-05,3.1457886695861816,3.1276628971099854,3.215691089630127,0.005390246864408255,0.005083437077701092,0.5022488236427307,0.4991631507873535
1273,5.905369758605957,10.824018478393555,1.0267890504116429e-05,2.921149253845215,2.9875431060791016,2.9494550228118896,0.0036688323598355055,0.004191813990473747,0.49927544593811035,0.5155817866325378
1274,6.168456077575684,24.14946937561035,1.022244757757009e-05,3.0790977478027344,3.0504701137542725,3.099578380584717,0.003703274065628648,0.0034634217154234648,0.503300666809082,0.5071768760681152
1275,6.427755355834961,18.6820011138916,1.0177190101052603e-05,3.21297287940979,3.197482109069824,3.194715738296509,0.004383376333862543,0.004958325996994972,0.5041557550430298,0.5058759450912476
1276,6.129528522491455,12.607577323913574,1.0132118273085413e-05,3.0601322650909424,3.029566526412964,3.073045253753662,0.0035768281668424606,0.0054684909991919994,0.5256959199905396,0.5324251055717468
1277,6.227952003479004,14.726896286010742,1.0087232291375603e-05,3.0722837448120117,3.0897607803344727,3.181989908218384,0.003978387452661991,0.005918136797845364,0.498913437128067,0.5111967325210571
1278,6.323192119598389,22.95041847229004,1.0042532352815042e-05,3.1541738510131836,3.1232733726501465,3.1735942363739014,0.005354756023734808,0.0049375020898878574,0.5051703453063965,0.5047134160995483
1279,6.326354503631592,13.616079330444336,9.998018653479543e-06,3.1288628578186035,3.1742899417877197,3.185807943344116,0.0037644472904503345,0.004956978373229504,0.5017900466918945,0.5145446062088013
1280,6.381737232208252,23.850894927978516,9.953691388627967e-06,3.161248207092285,3.1647071838378906,3.237088918685913,0.004340050742030144,0.00545546505600214,0.49268871545791626,0.5036836266517639
1281,6.367053031921387,12.106314659118652,9.909550752701365e-06,3.1806793212890625,3.1658668518066406,3.1697418689727783,0.004310187883675098,0.004974557552486658,0.5116372108459473,0.515125036239624
1282,6.311028957366943,11.194906234741211,9.865596939322186e-06,3.1400575637817383,3.180873394012451,3.1283624172210693,0.004498032853007317,0.0036786238197237253,0.4862455725669861,0.49415189027786255
1283,6.209549903869629,12.452934265136719,9.821830141293356e-06,3.071044445037842,3.112794876098633,3.1271324157714844,0.004512733314186335,0.0047581009566783905,0.49409210681915283,0.4968404769897461
1284,6.3679728507995605,13.939314842224121,9.77825055059744e-06,3.1872353553771973,3.162353992462158,3.1634302139282227,0.0040971082635223866,0.004825453273952007,0.4929584264755249,0.4984588325023651
1285,6.2062296867370605,12.960219383239746,9.734858358395875e-06,3.0816445350646973,3.1144590377807617,3.096280813217163,0.004698257893323898,0.004909249488264322,0.4813305139541626,0.4804683029651642
1286,6.048000335693359,10.883172035217285,9.69165375502803e-06,3.0317630767822266,2.950129508972168,3.0440709590911865,0.004606487229466438,0.004961953032761812,0.5012580156326294,0.5009740591049194
1287,6.1866455078125,12.191990852355957,9.64863693001043e-06,3.0764060020446777,3.0844855308532715,3.093812942504883,0.004644535947591066,0.0059007396921515465,0.49313318729400635,0.49854570627212524
1288,6.42744779586792,11.893136024475098,9.605808072035926e-06,3.154900074005127,3.197174549102783,3.3070669174194336,0.00562660489231348,0.0045867906883358955,0.5057592391967773,0.5023529529571533
1289,6.090869903564453,10.830467224121094,9.563167368972834e-06,3.0142481327056885,3.0171144008636475,3.106294631958008,0.0037661981768906116,0.0036922760773450136,0.4876108169555664,0.49727872014045715
1290,6.251476764678955,12.342438697814941,9.520715007864133e-06,3.0917656421661377,3.128425121307373,3.153714895248413,0.004606412723660469,0.0047139013186097145,0.4919108748435974,0.48937973380088806
1291,6.334968566894531,12.486919403076172,9.478451174926666e-06,3.149749517440796,3.203155279159546,3.1348371505737305,0.0035844866652041674,0.004527078941464424,0.498606413602829,0.49971070885658264
1292,6.0736985206604,15.688385009765625,9.436376055550272e-06,3.023850440979004,3.040771961212158,3.026200532913208,0.003952404949814081,0.004228564910590649,0.5006121397018433,0.49791887402534485
1293,6.3206610679626465,14.413558006286621,9.394489834297003e-06,3.1581473350524902,3.095489978790283,3.183438539505005,0.00495924474671483,0.006565402261912823,0.49668529629707336,0.49788257479667664
1294,6.280055522918701,25.2681827545166,9.352792694900332e-06,3.0967049598693848,3.1329188346862793,3.199998617172241,0.0037704145070165396,0.004675708711147308,0.5019457340240479,0.496259480714798
1295,6.138814926147461,14.01821231842041,9.311284820264304e-06,3.028330087661743,3.0667951107025146,3.114309072494507,0.0047423322685062885,0.005223897751420736,0.4939788579940796,0.5148407220840454
1296,6.2480788230896,11.783454895019531,9.269966392462763e-06,3.0981085300445557,3.1191463470458984,3.1492669582366943,0.0030972857493907213,0.004784663673490286,0.5028709173202515,0.5089964270591736
1297,6.328036308288574,16.022499084472656,9.22883759273855e-06,3.157561779022217,3.15609073638916,3.158369541168213,0.0027938857674598694,0.0038286380004137754,0.5000125169754028,0.5102184414863586
1298,6.300184726715088,14.442893981933594,9.187898601502706e-06,3.113980770111084,3.136709451675415,3.2047712802886963,0.0032654162496328354,0.004466429818421602,0.49399834871292114,0.49634692072868347
1299,6.128965377807617,12.37728500366211,9.147149598333676e-06,3.0442636013031006,3.0477426052093506,3.0868663787841797,0.004567114170640707,0.004131483379751444,0.4969293475151062,0.5003618001937866
1300,6.227685928344727,13.725711822509766,9.106590761976519e-06,3.075061559677124,3.0846502780914307,3.1778225898742676,0.004489616025239229,0.006204404402524233,0.5033567547798157,0.5099325180053711
1301,6.3093366622924805,24.381235122680664,9.066222270342125e-06,3.146655797958374,3.1331121921539307,3.156205654144287,0.004243522882461548,0.004767146427184343,0.493912935256958,0.5173577070236206
1302,6.184291362762451,13.500534057617188,9.026044300506471e-06,3.101531505584717,3.0396809577941895,3.0889554023742676,0.0037822145968675613,0.005438581574708223,0.500503420829773,0.5165713429450989
1303,6.167422771453857,15.595352172851562,8.98605702870978e-06,3.070769786834717,3.0306406021118164,3.1176962852478027,0.0051175449043512344,0.006124432198703289,0.49644145369529724,0.5031920671463013
1304,6.451240062713623,11.699073791503906,8.946260630355782e-06,3.2153077125549316,3.180656671524048,3.2572829723358154,0.003338299924507737,0.005143042653799057,0.4658164381980896,0.47504186630249023
1305,6.3372697830200195,12.336658477783203,8.906655280010948e-06,3.1529951095581055,3.1513683795928955,3.186791181564331,0.003522810060530901,0.004074454307556152,0.5069254040718079,0.5069286823272705
1306,6.331562042236328,12.615602493286133,8.867241151403732e-06,3.134376287460327,3.1567087173461914,3.2043962478637695,0.0031689696479588747,0.005147580988705158,0.4911889433860779,0.5024045705795288
1307,6.112648963928223,13.72976016998291,8.828018417423796e-06,3.0446066856384277,3.0370259284973145,3.0628883838653564,0.0040033976547420025,0.005039196461439133,0.48863816261291504,0.4947333335876465
1308,6.312127590179443,20.608489990234375,8.788987250121209e-06,3.1432394981384277,3.125654935836792,3.1785101890563965,0.0036209109239280224,0.004781780298799276,0.5094105005264282,0.5060569047927856
1309,6.442628383636475,11.637961387634277,8.750147820705804e-06,3.1999378204345703,3.203962564468384,3.2491836547851562,0.0030462818685919046,0.005012599751353264,0.5017095804214478,0.5132545232772827
1310,6.356387615203857,13.087379455566406,8.711500299546283e-06,3.1959640979766846,3.1042795181274414,3.188478708267212,0.0025735239032655954,0.004448567982763052,0.49766993522644043,0.5073113441467285
1311,6.123727798461914,13.950490951538086,8.673044856169594e-06,3.070972442626953,3.004763126373291,3.0618183612823486,0.004400469362735748,0.005331972148269415,0.5072734951972961,0.5055215358734131
1312,6.128529071807861,10.785377502441406,8.63478165926015e-06,3.050227642059326,3.03792405128479,3.0833897590637207,0.004029592499136925,0.0047926148399710655,0.4844051003456116,0.4887579679489136
1313,6.070971965789795,14.170249938964844,8.596710876659016e-06,3.0172605514526367,3.022491216659546,3.047726631164551,0.004722490906715393,0.004578608088195324,0.4928523600101471,0.49043357372283936
1314,6.204091548919678,10.629219055175781,8.558832675363287e-06,3.113584041595459,3.0267443656921387,3.1130597591400146,0.005405001807957888,0.0048978691920638084,0.4899521470069885,0.5009028315544128
1315,6.160645484924316,16.421646118164062,8.521147221525303e-06,3.0713212490081787,3.0858302116394043,3.0528128147125244,0.005082322750240564,0.004919057711958885,0.49082237482070923,0.500476062297821
1316,6.187138557434082,11.363686561584473,8.483654680451872e-06,3.120042085647583,2.996798038482666,3.103682041168213,0.0038647267501801252,0.0045633465051651,0.5020921230316162,0.5068684816360474
1317,6.316842079162598,25.59935760498047,8.44635521660363e-06,3.124345302581787,3.168858051300049,3.1841022968292236,0.003393921535462141,0.004614416975528002,0.485373854637146,0.4974755644798279
1318,6.4185380935668945,19.877880096435547,8.409248993594298e-06,3.151951551437378,3.259537696838379,3.229801654815674,0.004186317324638367,0.006772356573492289,0.5109949111938477,0.5238875150680542
1319,6.374545574188232,17.317874908447266,8.372336174189884e-06,3.170351266860962,3.1464805603027344,3.2251768112182617,0.003624806646257639,0.005557916592806578,0.5046453475952148,0.5030887126922607
1320,6.168956756591797,14.666900634765625,8.335616920308105e-06,3.0772857666015625,3.0283873081207275,3.1144559383392334,0.004732009023427963,0.005392842926084995,0.5171270966529846,0.5264161825180054
1321,6.220897197723389,11.800509452819824,8.29909139301756e-06,3.0910019874572754,3.099519729614258,3.1338937282562256,0.0038412034045904875,0.002753076609224081,0.5137721300125122,0.523658037185669
1322,6.143121719360352,14.221632957458496,8.262759752537079e-06,3.0575571060180664,3.0631988048553467,3.0733895301818848,0.00372780067846179,0.004907031077891588,0.4886871576309204,0.5002102851867676
1323,6.028902053833008,9.676044464111328,8.226622158235021e-06,2.989880084991455,3.0156984329223633,3.029099464416504,0.0043794382363557816,0.003931971732527018,0.49688681960105896,0.49917829036712646
1324,6.166906356811523,26.812055587768555,8.190678768628556e-06,3.0618538856506348,3.082815408706665,3.100327968597412,0.0034338587429374456,0.0033065935131162405,0.47634467482566833,0.47738224267959595
1325,6.337440490722656,14.414872169494629,8.154929741382958e-06,3.1654279232025146,3.118398427963257,3.191835403442383,0.003601579926908016,0.00484634330496192,0.4924357533454895,0.4934062957763672
1326,6.177831649780273,11.721904754638672,8.119375233310969e-06,3.088688373565674,3.035250663757324,3.11429762840271,0.002871427685022354,0.004312912002205849,0.4794843792915344,0.49507027864456177
1327,6.200563907623291,12.194273948669434,8.084015400372049e-06,3.0614264011383057,3.1124887466430664,3.1268057823181152,0.004661279730498791,0.005083521828055382,0.49063393473625183,0.4960101842880249
1328,6.039428234100342,15.65609359741211,8.048850397671725e-06,2.983802318572998,3.0318448543548584,3.0516529083251953,0.0031092811841517687,0.0038293502293527126,0.4882239103317261,0.4982582628726959
1329,5.951528549194336,12.883859634399414,8.013880379460906e-06,2.976588726043701,2.928673028945923,2.991323232650757,0.0034623579122126102,0.004008606541901827,0.5039981007575989,0.5054683685302734
1330,6.02386999130249,12.645559310913086,7.979105499135194e-06,2.9697465896606445,2.991048574447632,3.0645806789398193,0.0061447592452168465,0.007009513676166534,0.49193698167800903,0.4983123242855072
1331,6.243842601776123,27.554784774780273,7.944525909234236e-06,3.1017391681671143,3.1035423278808594,3.1507794857025146,0.0037152795121073723,0.0037560753989964724,0.5107934474945068,0.5172969102859497
1332,6.161509990692139,18.997604370117188,7.910141761441018e-06,3.052297830581665,3.0532565116882324,3.12692928314209,0.003690148238092661,0.005869404878467321,0.5042352676391602,0.5004864931106567
1333,6.1255717277526855,17.844079971313477,7.875953206581248e-06,3.0406227111816406,3.0311830043792725,3.098372459411621,0.004665184300392866,0.005420453380793333,0.5102096199989319,0.5062626600265503
1334,6.223573684692383,14.357973098754883,7.841960394622651e-06,3.078700542449951,3.101790189743042,3.156590700149536,0.0037825480103492737,0.00405874103307724,0.5124334096908569,0.5205997228622437
1335,6.238846302032471,18.164997100830078,7.808163474674326e-06,3.110605239868164,3.103128671646118,3.1107017993927,0.004088414367288351,0.00657455762848258,0.49143943190574646,0.4981987178325653
1336,6.119594097137451,15.204666137695312,7.774562594986104e-06,3.0178418159484863,3.0407087802886963,3.1148340702056885,0.005432691425085068,0.00655789952725172,0.49444544315338135,0.4840812087059021
1337,6.334872722625732,16.09064292907715,7.741157902947876e-06,3.1644458770751953,3.1281161308288574,3.175079345703125,0.004775734152644873,0.0046387361362576485,0.5060884952545166,0.5103223323822021
1338,6.176882266998291,20.29033660888672,7.707949545088968e-06,3.0792815685272217,3.060746431350708,3.09769606590271,0.0033336456399410963,0.005856000352650881,0.5077215433120728,0.5141777396202087
1339,6.110212802886963,15.046488761901855,7.674937667077492e-06,3.0354294776916504,2.999208688735962,3.1125316619873047,0.0041848705150187016,0.005271613132208586,0.49130553007125854,0.5089631676673889
1340,6.2142720222473145,16.229829788208008,7.642122413719683e-06,3.078538656234741,3.1171488761901855,3.1124141216278076,0.005076400004327297,0.005399571266025305,0.49828779697418213,0.5007374882698059
1341,6.351288795471191,11.298389434814453,7.609503928959297e-06,3.172055244445801,3.131772994995117,3.194455623626709,0.0038567977026104927,0.004202583804726601,0.5053640604019165,0.50439453125
1342,6.392811298370361,13.559602737426758,7.577082355876988e-06,3.1917624473571777,3.1533362865448,3.213080406188965,0.0039678774774074554,0.00495241628959775,0.4981417953968048,0.49568840861320496
1343,6.148980617523193,11.047857284545898,7.544857836689606e-06,3.061878204345703,3.0021326541900635,3.127150535583496,0.005272432696074247,0.005958168767392635,0.5094460248947144,0.5065035820007324
1344,6.316468238830566,14.084067344665527,7.5128305127496725e-06,3.148622751235962,3.106180191040039,3.1916708946228027,0.004454582929611206,0.0050054448656737804,0.4716605544090271,0.4849972426891327
1345,6.1143388748168945,12.829776763916016,7.481000524544714e-06,3.010305643081665,3.0452816486358643,3.117253541946411,0.005337873008102179,0.006044910289347172,0.4828076958656311,0.48393958806991577
1346,6.156958103179932,11.676108360290527,7.449368011696603e-06,3.057504177093506,3.0300087928771973,3.128727912902832,0.005375129636377096,0.004667579662054777,0.482185959815979,0.4921988844871521
1347,6.288201808929443,14.76183795928955,7.417933112961028e-06,3.1054470539093018,3.149940013885498,3.180936574935913,0.003654533065855503,0.005003718193620443,0.49324125051498413,0.4903164505958557
1348,6.256423473358154,12.771416664123535,7.386695966226855e-06,3.1220788955688477,3.107912540435791,3.119981527328491,0.004483648110181093,0.0057150823995471,0.4898129105567932,0.49073290824890137
1349,6.179614067077637,11.808494567871094,7.355656708515462e-06,3.0669214725494385,3.1005825996398926,3.0779166221618652,0.005868325009942055,0.0058532822877168655,0.5112593173980713,0.5056995153427124
1350,6.286837577819824,12.253313064575195,7.324815475980227e-06,3.1390271186828613,3.1045963764190674,3.1445364952087402,0.005536035168915987,0.006085868924856186,0.48823118209838867,0.5083754062652588
1351,6.312588691711426,9.997370719909668,7.2941724039059e-06,3.1189942359924316,3.1607608795166016,3.1896555423736572,0.004281766712665558,0.004911514930427074,0.4829859733581543,0.4875178635120392
1352,6.150306224822998,13.18459415435791,7.263727626707968e-06,3.043391704559326,3.0524849891662598,3.1187756061553955,0.004253019113093615,0.00638903584331274,0.5016598105430603,0.5034290552139282
1353,6.357992649078369,15.02197551727295,7.2334812779321395e-06,3.181840419769287,3.150301218032837,3.172055244445801,0.0030063134618103504,0.0044807856902480125,0.5063425898551941,0.5084220170974731
1354,6.403268337249756,11.227686882019043,7.203433490253667e-06,3.172497272491455,3.2036733627319336,3.230648994445801,0.0028469094540923834,0.003958084154874086,0.5035295486450195,0.510835587978363
1355,6.319539546966553,10.435928344726562,7.173584395476869e-06,3.144237995147705,3.1710760593414307,3.1442086696624756,0.0035973340272903442,0.0052323671989142895,0.5027588605880737,0.5083362460136414
1356,6.270723342895508,17.738975524902344,7.143934124534488e-06,3.1161093711853027,3.1275060176849365,3.140855312347412,0.00489916792139411,0.005317359697073698,0.46857720613479614,0.4774037301540375
1357,6.1483001708984375,10.035425186157227,7.114482807487096e-06,3.051234483718872,3.0631966590881348,3.098086357116699,0.0040166061371564865,0.004195484798401594,0.48897117376327515,0.48932868242263794
1358,6.089339256286621,21.75497817993164,7.085230573522585e-06,3.024557590484619,3.021625280380249,3.0695998668670654,0.004200130235403776,0.005384189076721668,0.506373405456543,0.509086012840271
1359,6.216067790985107,13.986825942993164,7.0561775509555815e-06,3.085336208343506,3.0931501388549805,3.128830671310425,0.005616403184831142,0.004254200961440802,0.4958159625530243,0.48775744438171387
1360,6.0594048500061035,12.561114311218262,7.027323867226827e-06,2.9812564849853516,3.0428688526153564,3.073601484298706,0.004856984131038189,0.005099467933177948,0.4943656921386719,0.49758076667785645
1361,6.142063617706299,11.492043495178223,6.998669648902711e-06,3.0522069931030273,3.0183022022247314,3.1303834915161133,0.003975385800004005,0.0037816360127180815,0.5073703527450562,0.5037090182304382
1362,6.225965976715088,15.894277572631836,6.970215021674668e-06,3.0851123332977295,3.1417291164398193,3.113590955734253,0.0031490253750234842,0.0034478395245969296,0.49368876218795776,0.501522958278656
1363,6.264209747314453,10.388405799865723,6.941960110358591e-06,3.0986006259918213,3.105484962463379,3.192122220993042,0.003765444504097104,0.004637141712009907,0.48010608553886414,0.48854100704193115
1364,6.2102131843566895,15.547820091247559,6.913905038894357e-06,3.0946197509765625,3.091494560241699,3.1055243015289307,0.004077879246324301,0.004464135505259037,0.5124232769012451,0.5122720003128052
1365,6.296133995056152,17.93347930908203,6.886049930345228e-06,3.125633716583252,3.1372196674346924,3.1737310886383057,0.003299079602584243,0.004213638138025999,0.5226404666900635,0.5276742577552795
1366,6.119279384613037,12.365202903747559,6.858394906897337e-06,3.022155284881592,3.0678012371063232,3.0935420989990234,0.003945870790630579,0.004280257970094681,0.4865726828575134,0.4986949861049652
1367,6.131823539733887,12.816956520080566,6.830940089859161e-06,3.0099570751190186,3.092278003692627,3.1096031665802,0.00409918325021863,0.006363837979733944,0.4981438219547272,0.5090504884719849
1368,6.289318561553955,12.39669132232666,6.80368559966094e-06,3.108234405517578,3.1768531799316406,3.154843330383301,0.003767158603295684,0.003850719192996621,0.5015285015106201,0.5051495432853699
1369,6.1926445960998535,10.245956420898438,6.776631555854213e-06,3.0834996700286865,3.046391010284424,3.1411185264587402,0.0033139868173748255,0.0043809679336845875,0.5054938793182373,0.5096586346626282
1370,6.222202301025391,13.574219703674316,6.749778077111261e-06,3.093130111694336,3.0927300453186035,3.130873918533325,0.004501433577388525,0.004134004469960928,0.500978946685791,0.5038896799087524
1371,6.433505058288574,16.947847366333008,6.723125281224554e-06,3.2094202041625977,3.193669319152832,3.210960865020752,0.004810479935258627,0.006074302829802036,0.48500922322273254,0.4897124767303467
1372,6.326267242431641,9.503247261047363,6.696673285106319e-06,3.1426963806152344,3.1381995677948,3.201019287109375,0.0037843731697648764,0.0031962806824594736,0.49046915769577026,0.4997410476207733
1373,6.271373748779297,13.963311195373535,6.670422204787945e-06,3.100365161895752,3.1062467098236084,3.19496750831604,0.005179938860237598,0.005020927172154188,0.5027413368225098,0.5068515539169312
1374,6.289810657501221,13.031061172485352,6.644372155419505e-06,3.1403799057006836,3.1074554920196533,3.1495797634124756,0.004370927810668945,0.006085640750825405,0.5090720057487488,0.5143735408782959
1375,6.08846378326416,12.035245895385742,6.618523251269274e-06,3.011643409729004,3.047922134399414,3.0729215145111084,0.0038139470852911472,0.004385343752801418,0.5063374042510986,0.5182095766067505
1376,6.094675064086914,12.615193367004395,6.592875605723183e-06,3.0285511016845703,3.0547804832458496,3.0439822673797607,0.003268501255661249,0.00510262418538332,0.5024716854095459,0.5161027908325195
1377,6.285950183868408,17.151653289794922,6.5674293312843504e-06,3.1258652210235596,3.118704080581665,3.1645610332489014,0.003777011763304472,0.005448955576866865,0.5113469362258911,0.5097957849502563
1378,6.010356903076172,12.05337905883789,6.542184539572592e-06,2.999335289001465,2.9709739685058594,3.01088547706604,0.005390132777392864,0.004655881784856319,0.49437958002090454,0.5074092745780945
1379,6.305663108825684,14.944591522216797,6.517141341323917e-06,3.102750539779663,3.158867835998535,3.1977858543395996,0.005108133889734745,0.007184662856161594,0.5117745399475098,0.5008596181869507
1380,6.186695575714111,19.525453567504883,6.492299846390036e-06,3.056694984436035,3.0671932697296143,3.153716802597046,0.004781682975590229,0.004991110879927874,0.48842036724090576,0.4831005930900574
1381,6.2198615074157715,14.358362197875977,6.467660163737905e-06,3.1110525131225586,3.0840654373168945,3.0973055362701416,0.004825488198548555,0.004236123058944941,0.49583446979522705,0.497578889131546
1382,6.153585910797119,9.599323272705078,6.443222401449229e-06,3.045761823654175,3.045262098312378,3.1260006427764893,0.0049435715191066265,0.006152752786874771,0.49315345287323,0.4816550612449646
1383,6.1252055168151855,9.71939754486084,6.418986666719986e-06,3.0501513481140137,3.032670736312866,3.0881621837615967,0.0037704177666455507,0.0035484149120748043,0.49289315938949585,0.4965316355228424
1384,6.040160179138184,12.883621215820312,6.3949530658599655e-06,2.976670026779175,3.032428026199341,3.066368818283081,0.0037742960266768932,0.0032714472617954016,0.49933189153671265,0.5131480097770691
1385,6.284796237945557,11.8629789352417,6.3711217042923024e-06,3.1429083347320557,3.111367702484131,3.132338762283325,0.004575252532958984,0.005442117806524038,0.4934297800064087,0.5016946196556091
1386,6.178333759307861,13.89400863647461,6.347492686553002e-06,3.1017651557922363,3.040933847427368,3.0771877765655518,0.004012159537523985,0.004741917364299297,0.4892560541629791,0.4991704821586609
1387,6.229898452758789,11.436174392700195,6.3240661162905e-06,3.072169303894043,3.1087398529052734,3.164241313934326,0.005441113840788603,0.005177983548492193,0.48501139879226685,0.4946795105934143
1388,6.240612030029297,11.147882461547852,6.300842096265193e-06,3.1222715377807617,3.0718576908111572,3.13348126411438,0.003452214179560542,0.004383244086056948,0.4697031080722809,0.47944414615631104
1389,6.25590181350708,14.095353126525879,6.2778207283490005e-06,3.1429834365844727,3.052561044692993,3.138784885406494,0.0035453273449093103,0.005077688489109278,0.5073367357254028,0.5151535272598267
1390,6.242425918579102,13.202731132507324,6.255002113524896e-06,3.0823521614074707,3.088094472885132,3.183488607406616,0.006310633383691311,0.005830368958413601,0.48784637451171875,0.4879407286643982
1391,6.119213104248047,14.177249908447266,6.232386351886496e-06,3.03010630607605,3.0454540252685547,3.091799259185791,0.005303815007209778,0.00493627367541194,0.4957553446292877,0.49423736333847046
1392,6.072316646575928,12.886811256408691,6.209973542637595e-06,3.017587661743164,3.030505418777466,3.047434091567993,0.0028642602264881134,0.005015317816287279,0.4992522597312927,0.5125725269317627
1393,6.217220306396484,14.317605018615723,6.187763784091732e-06,3.0966508388519287,3.0571279525756836,3.143899917602539,0.005218139383941889,0.004809868987649679,0.5064011812210083,0.5129510760307312
1394,6.1817498207092285,10.771747589111328,6.165757173671787e-06,3.034334182739258,3.101780891418457,3.154472827911377,0.004626155365258455,0.005018016789108515,0.4973878562450409,0.4972035884857178
1395,6.283958435058594,13.539055824279785,6.143953807909511e-06,3.106433391571045,3.140476942062378,3.187711238861084,0.003478852566331625,0.003236436517909169,0.49828827381134033,0.5019645094871521
1396,6.272085189819336,11.015759468078613,6.122353782445126e-06,3.1235008239746094,3.0966596603393555,3.1576521396636963,0.005510059650987387,0.005204083863645792,0.4944528341293335,0.49936479330062866
1397,6.021265983581543,12.515213966369629,6.100957192026934e-06,2.994791030883789,3.005918264389038,3.0189054012298584,0.003829444758594036,0.0032019673381000757,0.4971717298030853,0.507887065410614
1398,6.054630756378174,9.043180465698242,6.0797641305108175e-06,3.0056207180023193,3.0154998302459717,3.0512406826019287,0.003749482100829482,0.004070508759468794,0.49991071224212646,0.495357871055603
1399,6.180807113647461,15.428484916687012,6.058774690859936e-06,3.0428519248962402,3.0902528762817383,3.150836229324341,0.0036343501415103674,0.005070835817605257,0.4972468614578247,0.4995523691177368
1400,6.115781784057617,11.01115608215332,6.037988965144243e-06,3.014143228530884,3.0523204803466797,3.1136202812194824,0.004841555841267109,0.004492538515478373,0.5278224349021912,0.5215034484863281
1401,6.228774547576904,17.172195434570312,6.017407044540084e-06,3.1228227615356445,3.054048776626587,3.123291015625,0.004548687022179365,0.0040921480394899845,0.4960964024066925,0.5093945264816284
1402,6.144827842712402,12.949995040893555,5.997029019329837e-06,3.0116937160491943,3.100893974304199,3.1248507499694824,0.0041467007249593735,0.005984143819659948,0.48208579421043396,0.47918838262557983
1403,6.253849506378174,13.498143196105957,5.976854978901508e-06,3.0813748836517334,3.108701229095459,3.2041001319885254,0.004409749526530504,0.0036271107383072376,0.5172206163406372,0.5164138078689575
1404,6.309184551239014,13.301334381103516,5.956885011748281e-06,3.1254119873046875,3.1551222801208496,3.1743390560150146,0.005109953228384256,0.004410716239362955,0.5036695003509521,0.508083701133728
1405,6.284024715423584,25.36538314819336,5.937119205468218e-06,3.1423888206481934,3.0764613151550293,3.1743359565734863,0.00364637840539217,0.0044725146144628525,0.51285719871521,0.5104563236236572
1406,6.253963947296143,11.722211837768555,5.917557646763819e-06,3.080366611480713,3.129204750061035,3.1850457191467285,0.003709050128236413,0.004527184180915356,0.5084034204483032,0.510936975479126
1407,6.169552803039551,18.311429977416992,5.898200421441637e-06,3.096846103668213,3.0259807109832764,3.084883451461792,0.0039409371092915535,0.004696302115917206,0.4991326928138733,0.503880500793457
1408,5.938953399658203,15.320521354675293,5.879047614411949e-06,2.967430591583252,2.909472942352295,3.00083327293396,0.0037027897778898478,0.004482004325836897,0.4947977364063263,0.5004647970199585
1409,6.3455939292907715,11.919548034667969,5.860099309688323e-06,3.1583034992218018,3.141960620880127,3.1934361457824707,0.004669263027608395,0.005126631818711758,0.4967162609100342,0.492140531539917
1410,6.509896278381348,18.204225540161133,5.841355590387292e-06,3.2051193714141846,3.2706449031829834,3.303584337234497,0.0036880664993077517,0.005143205635249615,0.4944661557674408,0.49558180570602417
1411,5.9956769943237305,15.518207550048828,5.822816538727998e-06,2.985044479370117,2.998197078704834,2.9882724285125732,0.004813057370483875,0.003885777434334159,0.4894254803657532,0.49722820520401
1412,6.196547508239746,20.40309715270996,5.8044822360317735e-06,3.087948799133301,3.048572301864624,3.131033420562744,0.004894837271422148,0.004503264091908932,0.4828832149505615,0.48047271370887756
1413,6.086333751678467,19.773109436035156,5.786352762721845e-06,3.032797336578369,2.9935076236724854,3.074403762817383,0.003999908920377493,0.005790430121123791,0.5054057240486145,0.5124396085739136
1414,6.0798492431640625,16.754602432250977,5.768428198322964e-06,3.018406867980957,3.034407138824463,3.0563488006591797,0.004073805641382933,0.003958409186452627,0.4970892667770386,0.5045350790023804
1415,6.1269307136535645,13.08305835723877,5.750708621461017e-06,3.037343978881836,3.0336720943450928,3.102053642272949,0.0048465970903635025,0.006015375256538391,0.49320051074028015,0.4908902049064636
1416,6.222969055175781,18.608007431030273,5.733194109862747e-06,3.0972273349761963,3.0848143100738525,3.1284892559051514,0.00544948922470212,0.004095252603292465,0.49505922198295593,0.5018811225891113
1417,6.270977973937988,17.60297203063965,5.715884740355383e-06,3.1237330436706543,3.14839768409729,3.1179111003875732,0.0029844576492905617,0.004060794599354267,0.49435216188430786,0.5075770616531372
1418,6.117019176483154,10.988138198852539,5.698780588866276e-06,3.0370736122131348,3.020906686782837,3.106977939605713,0.004165580961853266,0.0038358918391168118,0.510413646697998,0.5225957632064819
1419,6.104647159576416,15.793181419372559,5.681881730422598e-06,3.0497348308563232,3.0175528526306152,3.0607354640960693,0.0038693652022629976,0.004014648962765932,0.4804474115371704,0.49620816111564636
1420,6.359493255615234,24.977529525756836,5.665188239151023e-06,3.150991678237915,3.187358856201172,3.1909894943237305,0.004528922960162163,0.00513471057638526,0.4888087213039398,0.5004818439483643
1421,6.156095027923584,16.441171646118164,5.648700188277361e-06,3.0601282119750977,3.061530828475952,3.1047463417053223,0.0030037839896976948,0.00341031257994473,0.5048675537109375,0.5127328038215637
1422,6.1345601081848145,11.019185066223145,5.632417650126273e-06,3.0478029251098633,3.060777425765991,3.0755724906921387,0.003669671481475234,0.005621291697025299,0.5097981095314026,0.5062847137451172
1423,6.070488452911377,12.576436996459961,5.616340696120938e-06,2.974384307861328,3.0330216884613037,3.1176326274871826,0.004368611611425877,0.006019893568009138,0.49413830041885376,0.5053834915161133
1424,6.216257095336914,11.929950714111328,5.600469396782735e-06,3.0830674171447754,3.1037049293518066,3.1232588291168213,0.005120134446769953,0.004733774811029434,0.4928620159626007,0.49299177527427673
1425,5.999768257141113,13.367918968200684,5.584803821730965e-06,2.9465291500091553,3.0145390033721924,3.0598456859588623,0.0039875260554254055,0.00403580954298377,0.5039232969284058,0.5096348524093628
1426,5.932140827178955,12.26708698272705,5.569344039682485e-06,2.9286859035491943,2.95542049407959,3.0149998664855957,0.0043266573920845985,0.004795962944626808,0.48994940519332886,0.4972010850906372
1427,6.315830707550049,15.91596508026123,5.554090118451471e-06,3.169513702392578,3.126944065093994,3.124814510345459,0.004862839821726084,0.005355995614081621,0.5013902187347412,0.5069749355316162
1428,6.147243499755859,15.218157768249512,5.539042124949092e-06,3.0757718086242676,3.0417630672454834,3.0583057403564453,0.005379033740609884,0.005339660216122866,0.4922736883163452,0.5025742053985596
1429,6.34329891204834,10.942906379699707,5.524200125183193e-06,3.154910087585449,3.134982109069824,3.2082462310791016,0.004255279432982206,0.004131966736167669,0.5017297267913818,0.5133014917373657
1430,6.190516948699951,12.349868774414062,5.509564184258058e-06,3.1024436950683594,3.014173984527588,3.1283459663391113,0.004184876102954149,0.00422181049361825,0.5111165046691895,0.5160895586013794
1431,6.317604064941406,15.899007797241211,5.495134366374085e-06,3.1358563899993896,3.1717140674591064,3.151732921600342,0.004039951600134373,0.005972182843834162,0.49268531799316406,0.5056624412536621
1432,6.231876373291016,18.967594146728516,5.480910734827506e-06,3.0898828506469727,3.0934150218963623,3.1460514068603516,0.005522951018065214,0.005607130005955696,0.48054301738739014,0.4858948886394501
1433,6.36137580871582,12.568241119384766,5.4668933520101396e-06,3.1612131595611572,3.146766424179077,3.209336757659912,0.005545299034565687,0.005510075017809868,0.5036859512329102,0.4950871467590332
1434,6.111082077026367,11.657526016235352,5.453082279409073e-06,3.054354429244995,3.0383763313293457,3.0346083641052246,0.0041448213160037994,0.005972528364509344,0.5126934051513672,0.5129591226577759
1435,5.967867851257324,12.098576545715332,5.439477577606434e-06,2.952287197113037,2.9733872413635254,3.021162748336792,0.0046339333057403564,0.004518650937825441,0.5058780908584595,0.5078532695770264
1436,6.248632431030273,12.727243423461914,5.4260793062791004e-06,3.0810670852661133,3.127986192703247,3.1688177585601807,0.004574903752654791,0.005006781313568354,0.5081255435943604,0.5057590007781982
1437,6.158044815063477,11.559804916381836,5.412887524198441e-06,3.0432329177856445,3.0749783515930176,3.122582197189331,0.003399874549359083,0.004615927580744028,0.4985979199409485,0.5023153424263
1438,6.048037052154541,13.113053321838379,5.399902289230072e-06,3.025857925415039,2.988670825958252,3.022409677505493,0.0038285900373011827,0.004491045605391264,0.4884971082210541,0.4903373718261719
1439,6.247497081756592,17.66377067565918,5.3871236583335875e-06,3.1019599437713623,3.078359365463257,3.167604446411133,0.0048869019374251366,0.006390893366187811,0.49128493666648865,0.5124977231025696
1440,6.228114128112793,12.025961875915527,5.374551687562304e-06,3.076843500137329,3.105121374130249,3.148505926132202,0.00557462265715003,0.0066536664962768555,0.49341511726379395,0.49205252528190613
1441,6.062180042266846,11.600811004638672,5.362186432063049e-06,3.0155606269836426,3.0156991481781006,3.0381646156311035,0.004843506962060928,0.005000083241611719,0.49182188510894775,0.5020892024040222
1442,6.214469909667969,14.880850791931152,5.350027946075875e-06,3.0784912109375,3.0799713134765625,3.1456856727600098,0.005436020437628031,0.00613924115896225,0.48334264755249023,0.48157984018325806
1443,6.14443826675415,13.583856582641602,5.338076282933852e-06,3.052300453186035,3.037482976913452,3.1034719944000244,0.0053240107372403145,0.005506117362529039,0.5234038829803467,0.535251259803772
1444,6.125542163848877,15.274005889892578,5.326331495062827e-06,3.060220956802368,3.019115686416626,3.0795061588287354,0.004111189860850573,0.0038938901852816343,0.4999576210975647,0.5050227046012878
1445,6.162125110626221,18.803762435913086,5.314793633981171e-06,3.0862693786621094,3.0386762619018555,3.0742504596710205,0.004374243784695864,0.005321988835930824,0.4947328567504883,0.5057752728462219
1446,6.505150318145752,14.358041763305664,5.303462750299604e-06,3.2166926860809326,3.268009901046753,3.2723312377929688,0.0050394972786307335,0.004104145802557468,0.48794886469841003,0.49203476309776306
1447,6.228943347930908,15.227140426635742,5.2923388937209145e-06,3.060523509979248,3.1561174392700195,3.1422674655914307,0.005137319676578045,0.004476660396903753,0.4968591630458832,0.5000560879707336
1448,6.158439636230469,12.900306701660156,5.281422113039783e-06,3.079185962677002,3.057257652282715,3.071934223175049,0.0031469371169805527,0.004182133823633194,0.5052483677864075,0.5154135227203369
1449,6.139461040496826,12.079300880432129,5.270712456142553e-06,3.044220447540283,3.037266492843628,3.10764741897583,0.004809312988072634,0.006582603789865971,0.48615503311157227,0.48583340644836426
1450,6.3728837966918945,13.671030044555664,5.260209970007021e-06,3.164017677307129,3.1543877124786377,3.232062816619873,0.004182526841759682,0.0036380821838974953,0.5008209347724915,0.513975977897644
1451,6.579733371734619,15.145045280456543,5.24991470070222e-06,3.280630588531494,3.2602787017822266,3.3025691509246826,0.0041742632165551186,0.0046650865115225315,0.5047316551208496,0.510891318321228
1452,6.145946979522705,17.076906204223633,5.239826693388244e-06,3.070030689239502,3.0649197101593018,3.0503437519073486,0.0045556495897471905,0.004586806520819664,0.4953039586544037,0.49865424633026123
1453,6.129539489746094,12.169841766357422,5.229945992316031e-06,3.0730226039886475,3.0378611087799072,3.040097951889038,0.004360195714980364,0.004408311098814011,0.493572473526001,0.5049455165863037
1454,6.327589988708496,10.347346305847168,5.220272640827167e-06,3.114339590072632,3.147357940673828,3.2289817333221436,0.006144308485090733,0.006395853590220213,0.49915099143981934,0.49659469723701477
1455,6.153861045837402,11.237174034118652,5.2108066813537025e-06,3.0255184173583984,3.0882320404052734,3.114500045776367,0.006831990089267492,0.006656486075371504,0.49222105741500854,0.5038244724273682
1456,6.154469966888428,11.261937141418457,5.201548155417971e-06,3.060863494873047,3.0230023860931396,3.1217269897460938,0.00491498364135623,0.0057059116661548615,0.48773497343063354,0.5020767450332642
1457,6.202268123626709,12.74636459350586,5.192497103632388e-06,3.0909066200256348,3.0821030139923096,3.0976665019989014,0.004935365170240402,0.005803104490041733,0.47431379556655884,0.47537487745285034
1458,6.260721683502197,10.198780059814453,5.183653565699313e-06,3.1061859130859375,3.117790460586548,3.1484739780426025,0.005068064667284489,0.005633894819766283,0.5154118537902832,0.5176296830177307
1459,6.074238300323486,11.589113235473633,5.175017580410812e-06,3.030181884765625,3.012000799179077,3.0469632148742676,0.0035049915313720703,0.0037821708247065544,0.49215269088745117,0.49910780787467957
1460,6.254626274108887,11.783522605895996,5.166589185648544e-06,3.1071131229400635,3.0685737133026123,3.173879861831665,0.006471357308328152,0.006671788636595011,0.502851128578186,0.5089727640151978
1461,6.290115833282471,15.777091026306152,5.158368418383583e-06,3.1366827487945557,3.1232128143310547,3.136923313140869,0.006292146164923906,0.0053906817920506,0.4922209084033966,0.4988388419151306
1462,6.117797374725342,14.760708808898926,5.150355314676227e-06,3.0422897338867188,3.063525438308716,3.0528461933135986,0.0037779693957418203,0.00488295080140233,0.4966356158256531,0.49815160036087036
1463,6.418785095214844,18.050559997558594,5.142549909675867e-06,3.1996827125549316,3.1954398155212402,3.205852746963501,0.004174032714217901,0.005054166074842215,0.4981130063533783,0.48663392663002014
1464,5.993898391723633,12.783809661865234,5.13495223762084e-06,2.9609975814819336,3.002756118774414,3.023801326751709,0.003774791257455945,0.006035969126969576,0.4884442687034607,0.48622429370880127
1465,6.081108093261719,18.1285343170166,5.127562331838242e-06,3.001601219177246,3.047882556915283,3.065019369125366,0.0060109891928732395,0.005517123267054558,0.48773640394210815,0.48953521251678467
1466,6.284106254577637,9.695123672485352,5.120380224743821e-06,3.107138156890869,3.1759097576141357,3.1432175636291504,0.004536168649792671,0.004166138358414173,0.48114195466041565,0.4909266531467438
1467,6.175417423248291,11.140058517456055,5.113405947841803e-06,3.0770726203918457,3.0423598289489746,3.114215612411499,0.0046560936607420444,0.005372463259845972,0.5067656636238098,0.5128960609436035
1468,6.382331371307373,13.357478141784668,5.106639531724788e-06,3.159341335296631,3.162440061569214,3.244994640350342,0.004966631531715393,0.0046694050543010235,0.492129921913147,0.49669086933135986
1469,6.154585838317871,19.397335052490234,5.100081006073591e-06,3.0648651123046875,3.068293809890747,3.0744192600250244,0.00419427827000618,0.004988022148609161,0.5016473531723022,0.5170012712478638
1470,6.11092472076416,13.764937400817871,5.093730399657102e-06,3.0207061767578125,3.063774824142456,3.079693555831909,0.005287892650812864,0.003954259678721428,0.493736207485199,0.5034734010696411
1471,6.235413074493408,11.11178970336914,5.087587740332197e-06,3.0837066173553467,3.1210176944732666,3.141789197921753,0.0034837096463888884,0.006667680107057095,0.48045748472213745,0.4890105724334717
1472,6.369481563568115,19.70737648010254,5.08165305504358e-06,3.1588077545166016,3.145796537399292,3.227551221847534,0.005437188316136599,0.006562639959156513,0.49633949995040894,0.49783220887184143
1473,6.279430866241455,13.627087593078613,5.075926369823686e-06,3.109255313873291,3.1279873847961426,3.168947696685791,0.005214521195739508,0.005639512091875076,0.491943895816803,0.4952387511730194
1474,6.30086088180542,10.259454727172852,5.0704077097925565e-06,3.0958895683288574,3.162991762161255,3.2171151638031006,0.004149808548390865,0.0033089430071413517,0.4958081841468811,0.4934444725513458
1475,6.32245397567749,19.596607208251953,5.065097099157743e-06,3.115572452545166,3.169956684112549,3.202432155609131,0.005211731418967247,0.005131571553647518,0.49708229303359985,0.5003035068511963
1476,6.328566551208496,10.60406494140625,5.0599945612141705e-06,3.150824546813965,3.1235060691833496,3.193415880203247,0.0041336133144795895,0.005506816320121288,0.5175774097442627,0.5125542879104614
1477,6.262130260467529,13.54954719543457,5.05510011834407e-06,3.0932013988494873,3.1083014011383057,3.1930785179138184,0.004289648961275816,0.004829557612538338,0.48618367314338684,0.5011724233627319
1478,6.312693119049072,12.10365104675293,5.050413792016865e-06,3.1403141021728516,3.1435766220092773,3.159252166748047,0.00522586377337575,0.005256375763565302,0.5120869874954224,0.5126753449440002
1479,6.243443489074707,11.363601684570312,5.045935602789077e-06,3.0723447799682617,3.122959613800049,3.1779563426971436,0.004369562957435846,0.0059510269202291965,0.496988981962204,0.48754459619522095
1480,6.16748046875,10.439835548400879,5.041665570304227e-06,3.0749456882476807,3.0414199829101562,3.115509271621704,0.0035569400060921907,0.0034782730508595705,0.5087219476699829,0.5184394121170044
1481,6.123517990112305,13.09815788269043,5.037603713292776e-06,3.032881021499634,3.061981439590454,3.0904014110565186,0.002965644933283329,0.004257064312696457,0.5200484991073608,0.529992401599884
1482,6.103267669677734,14.6111478805542,5.033750049572014e-06,3.0563695430755615,2.9980309009552,3.055748462677002,0.005129787605255842,0.0048743123188614845,0.5038068294525146,0.5081449747085571
1483,6.10194206237793,12.14583683013916,5.030104596045986e-06,3.0723400115966797,2.9931769371032715,3.029439926147461,0.002957940101623535,0.006188797298818827,0.5116801261901855,0.5197938680648804
1484,6.115266799926758,18.887954711914062,5.026667368705448e-06,3.0160765647888184,3.049105405807495,3.110959529876709,0.0040715583600103855,0.0055072796531021595,0.49851053953170776,0.5050446391105652
1485,6.23660945892334,15.866159439086914,5.023438382627749e-06,3.0729546546936035,3.121262788772583,3.1669723987579346,0.0048746513202786446,0.004894094076007605,0.4856424331665039,0.5066547989845276
1486,6.151058197021484,17.332124710083008,5.020417651976811e-06,3.0659451484680176,3.059138298034668,3.0690805912017822,0.00512938667088747,0.0053724427707493305,0.5011418461799622,0.5123114585876465
1487,6.222172737121582,13.947002410888672,5.017605190003036e-06,3.1207852363586426,3.080091953277588,3.0829544067382812,0.00414936663582921,0.005782566033303738,0.4986770451068878,0.5013139247894287
1488,6.1778035163879395,11.79159927368164,5.015001009043253e-06,3.0637736320495605,3.0548300743103027,3.136484384536743,0.003913645166903734,0.005272933281958103,0.48879474401474,0.503487229347229
1489,6.118017196655273,16.734418869018555,5.01260512052067e-06,3.033874273300171,3.045772075653076,3.077976703643799,0.005176665727049112,0.005957299377769232,0.49471041560173035,0.5096249580383301
1490,6.2742228507995605,9.835724830627441,5.010417534944839e-06,3.120319366455078,3.0920186042785645,3.1779260635375977,0.004234521184116602,0.005231057293713093,0.49449631571769714,0.49370938539505005
1491,6.111373424530029,19.897396087646484,5.008438261911574e-06,3.0303146839141846,3.0681610107421875,3.0639333724975586,0.0033012584317475557,0.0042048427276313305,0.49742183089256287,0.5142258405685425
1492,6.115436553955078,20.598478317260742,5.006667310102932e-06,3.0335898399353027,3.0490124225616455,3.0813090801239014,0.0025705655571073294,0.0057722413912415504,0.5020488500595093,0.508941650390625
1493,6.177076816558838,20.198266983032227,5.0051046872871724e-06,3.073789596557617,3.09444260597229,3.0684592723846436,0.004460010211914778,0.006457952316850424,0.49672794342041016,0.5155825018882751
1494,6.207581996917725,13.389034271240234,5.003750400318735e-06,3.0941402912139893,3.0719478130340576,3.1084115505218506,0.0040303850546479225,0.007600564043968916,0.49516403675079346,0.49814438819885254
1495,6.010955810546875,15.665069580078125,5.002604455138174e-06,2.9994893074035645,2.987496852874756,2.9972872734069824,0.004782333504408598,0.004754846915602684,0.5106238126754761,0.51535964012146
1496,6.074051380157471,17.453407287597656,5.001666856772171e-06,2.9941821098327637,3.0151526927948,3.1069438457489014,0.00455131009221077,0.004859068896621466,0.49314218759536743,0.5035426616668701
1497,6.165005683898926,11.283806800842285,5.000937609333487e-06,3.07185959815979,3.0354790687561035,3.1030898094177246,0.006153952330350876,0.005776972509920597,0.49062657356262207,0.49961423873901367
1498,6.198132514953613,13.12785816192627,5.000416716020963e-06,3.039498805999756,3.1245646476745605,3.1565568447113037,0.0044616819359362125,0.0045746671967208385,0.4990311861038208,0.5021087527275085
1499,6.24580192565918,19.18878936767578,5.000104179119483e-06,3.1051032543182373,3.1059834957122803,3.133859872817993,0.004533838946372271,0.005854929331690073,0.47916269302368164,0.4904524087905884
1500,6.057814121246338,15.389832496643066,5e-06,3.0186831951141357,2.992110252380371,3.0414187908172607,0.004761457443237305,0.0064217508770525455,0.4741464853286743,0.485270619392395
