step,train/attempt,train/lr,train/grad_norm,train/nonfinite_grad_skips,loss_preference,candidate_score_a_min,candidate_score_b_min,winner_score_min,loser_score_min,pair_score_margin,evaluator_unanimous_fraction,winner_is_b_fraction,candidate_video_distance,candidate_action_distance,current_logratio,reference_logratio,dpo_logit,current_winner_joint_mse,current_loser_joint_mse,reference_winner_joint_mse,reference_loser_joint_mse,loser_gradient_scale,loser_gradient_scale_active,winner_loser_output_gradient_cosine,current_video_mse,current_action_mse,reference_video_mse,reference_action_mse,preference_logit_grad_finite,candidate_batch
1,1,1e-08,1.8016880750656128,0,0.1732867956161499,-0.04996620491147041,-0.0471513606607914,-0.02329513430595398,-0.02904501184821129,0.005590641405433416,0.25,0.25,0.14227460324764252,0.0007402850314974785,0.024298682808876038,0.024298682808876038,0.0,0.23831769824028015,0.2626163959503174,0.23831769824028015,0.2626163959503174,0.09816212207078934,1.0,0.9610340595245361,0.3174988031387329,0.5958693027496338,0.3174988031387329,0.5958693027496338,1.0,4.0
2,2,2e-08,4.281274795532227,0,0.6931471824645996,-0.02423754706978798,-0.02559117041528225,-0.02390521951019764,-0.03306015953421593,0.009540822356939316,0.5,0.25,0.08449184894561768,0.0014769044937565923,-0.017223797738552094,-0.017223797738552094,0.0,0.5616486668586731,0.5444248914718628,0.5616486668586731,0.5444248914718628,0.15604963898658752,1.0,0.6788345575332642,0.3947412967681885,0.17232230305671692,0.3947412967681885,0.17232230305671692,1.0,4.0
3,3,3e-08,0.6328600645065308,0,0.519868016242981,-0.02330702170729637,-0.02632838301360607,0.006663831882178783,-0.006192424334585667,0.016530971974134445,0.625,0.375,0.08098989725112915,0.00038567755836993456,-0.0034319423139095306,-0.0034167245030403137,-1.5217810869216919e-05,0.3733369708061218,0.3699050545692444,0.3737562596797943,0.3703395426273346,0.11774466931819916,1.0,0.862149178981781,0.399046391248703,0.048346590250730515,0.3992876410484314,0.04837295040488243,1.0,4.0
4,4,4e-08,1.3400793075561523,0,0.5198389291763306,0.0030600703321397305,-0.008150582201778889,0.009857084602117538,-0.004123525228351355,0.01569102518260479,0.625,0.125,0.053385473787784576,5.474996942211874e-05,0.0026048943400382996,0.0025619156658649445,4.29786741733551e-05,0.3323008418083191,0.334905743598938,0.3320121765136719,0.3345740735530853,0.12030783295631409,1.0,0.8010568022727966,0.388594388961792,0.016618916764855385,0.3884388208389282,0.016609318554401398,1.0,4.0
5,5,5e-08,1.9438575506210327,0,0.3466015160083771,-0.0017713289707899094,-0.030746832489967346,0.0041147256270051,-0.015016529709100723,0.0258532352745533,0.25,0.25,0.0776328593492508,0.00027840962866321206,0.010886915028095245,0.010942704975605011,-5.5789947509765625e-05,0.37220659852027893,0.3830935060977936,0.3716764450073242,0.38261914253234863,0.11016028374433517,1.0,0.8738790154457092,0.34132134914398193,0.11267999559640884,0.3413369655609131,0.11303539574146271,1.0,4.0
6,6,6e-08,0.22046828269958496,0,0.17327028512954712,-0.029181409627199173,-0.024334225803613663,-0.007816511206328869,-0.008498331531882286,0.0021238236222416162,0.25,0.25,0.08447286486625671,0.0009361954871565104,-0.002245970070362091,-0.0022790031507611275,3.303308039903641e-05,0.056565042585134506,0.054319072514772415,0.056633830070495605,0.054354824125766754,0.1295507401227951,1.0,0.7431055307388306,0.38032278418540955,0.04214651510119438,0.38033029437065125,0.04219527170062065,1.0,4.0
7,7,7e-08,0.8939100503921509,0,0.17331276834011078,-0.013312590308487415,0.0006255698390305042,0.015076451003551483,-0.014841701835393906,0.03423657268285751,0.125,0.25,0.07848495244979858,0.00022807660570833832,0.009404249489307404,0.009456202387809753,-5.1952898502349854e-05,0.12315947562456131,0.1325637251138687,0.1234465092420578,0.13290271162986755,0.1510448455810547,1.0,0.6196072101593018,0.45783552527427673,0.01482454501092434,0.45781415700912476,0.0148259736597538,1.0,4.0
8,8,8e-08,0.8824199438095093,0,0.5198351144790649,-0.06279407441616058,-0.062351495027542114,-0.04972304403781891,-0.06148764491081238,0.011656847782433033,0.5,0.375,0.08648815006017685,0.0003026633057743311,0.0050855837762355804,0.00503496453166008,5.061924457550049e-05,0.3536168932914734,0.35870248079299927,0.35339316725730896,0.35842812061309814,0.13687379658222198,1.0,0.761924147605896,0.41163337230682373,0.008614147081971169,0.41158539056777954,0.008599053137004375,1.0,4.0
9,9,9e-08,1.4789856672286987,0,0.34669530391693115,-0.02050548791885376,-0.021407712250947952,-0.02786620706319809,-0.03272420912981033,0.008479652926325798,0.25,0.25,0.042582347989082336,7.431603444274515e-05,0.0034142136573791504,0.0036575868725776672,-0.00024337321519851685,0.22830061614513397,0.23171482980251312,0.22789394855499268,0.23155154287815094,0.1183582991361618,1.0,0.9097368121147156,0.362735390663147,0.03111552633345127,0.36264610290527344,0.031159020960330963,1.0,4.0
10,10,1e-07,0.5901871919631958,0,0.34652358293533325,-0.007444391027092934,-0.02400706335902214,4.4150277972221375e-05,-0.0062514012679457664,0.004823366645723581,0.375,0.0,0.10654739290475845,0.00036581518361344934,0.005996044725179672,0.005896005779504776,0.00010003894567489624,0.15881530940532684,0.16481135785579681,0.15870679914951324,0.16460280120372772,0.0966300517320633,1.0,0.8694084882736206,0.3646166920661926,0.041653431951999664,0.3648509979248047,0.04164900630712509,1.0,4.0
11,11,1.0999999999999999e-07,1.8724558353424072,0,0.5199552774429321,-0.02430758997797966,-0.02600642666220665,-0.014849841594696045,-0.03653019666671753,0.021967140957713127,0.375,0.25,0.10056474804878235,0.0015025530010461807,0.030606284737586975,0.030795931816101074,-0.00018964707851409912,0.42586374282836914,0.4564700722694397,0.4254603087902069,0.456256240606308,0.09796225279569626,1.0,0.6973848938941956,0.41166767477989197,0.0660097524523735,0.4114404022693634,0.06594864279031754,1.0,4.0
12,12,1.2e-07,0.946567952632904,0,0.17330379784107208,-0.022857414558529854,-0.032423630356788635,-0.022165929898619652,-0.029850833117961884,0.00972718931734562,0.125,0.0,0.09365901350975037,0.00026982458075508475,-0.0015174075961112976,-0.0014833956956863403,-3.4011900424957275e-05,0.08878836035728455,0.08727095276117325,0.08862164616584778,0.08713825047016144,0.1092919334769249,1.0,0.9225975871086121,0.33465418219566345,0.019138790667057037,0.33475106954574585,0.01915179006755352,1.0,4.0
13,13,1.3e-07,0.698598325252533,0,0.6932293176651001,-0.026195596903562546,-0.0218502264469862,-0.030929986387491226,-0.048341840505599976,0.011507121846079826,0.625,0.5,0.12084642052650452,0.003570712637156248,-0.0054281726479530334,-0.005263984203338623,-0.0001641884446144104,0.2867169976234436,0.28128886222839355,0.2863383889198303,0.2810744047164917,0.144056037068367,1.0,0.5896923542022705,0.29131707549095154,0.016417793929576874,0.29137855768203735,0.01635754108428955,1.0,4.0
14,14,1.4e-07,1.621710181236267,0,0.17330877482891083,-0.010203693993389606,-0.013435494154691696,-0.01162568386644125,-0.01304258406162262,0.007309000939130783,0.125,0.0,0.12252169102430344,0.0003713402256835252,-0.02059820294380188,-0.02055424451828003,-4.3958425521850586e-05,0.2813216745853424,0.2607234716415405,0.2813793420791626,0.26082509756088257,0.10594088584184647,1.0,0.953868567943573,0.4032205045223236,0.425129234790802,0.4033941626548767,0.4259103536605835,1.0,4.0
15,15,1.5e-07,7.658135414123535,0,0.6889495849609375,-0.0198882557451725,-0.030387569218873978,-0.003739994950592518,-0.030106253921985626,0.02662600763142109,0.625,0.25,0.09842550754547119,0.002362646395340562,0.05085855349898338,0.042399562895298004,0.008458990603685379,1.290056586265564,1.3409152030944824,1.2941453456878662,1.3365449905395508,0.6413012146949768,1.0,0.15099678933620453,0.40430572628974915,0.6983413696289062,0.40433645248413086,0.6986927390098572,1.0,4.0
16,16,1.6e-07,0.95721036195755,0,0.5200226306915283,-0.02884463220834732,-0.026693493127822876,-0.012011692859232426,-0.023887844756245613,0.010028090327978134,0.5,0.5,0.08036865293979645,0.0036565486807376146,-0.00704444944858551,-0.006720004603266716,-0.00032444484531879425,0.20098236203193665,0.19393791258335114,0.20089760422706604,0.19417759776115417,0.13612402975559235,1.0,0.7479918599128723,0.3228036165237427,0.01217244379222393,0.322936475276947,0.012193823233246803,1.0,4.0
17,17,1.7000000000000001e-07,1.2673918008804321,0,0.6931873559951782,-0.01935909315943718,-0.024685919284820557,-0.02558756433427334,-0.03179095685482025,0.018731946125626564,0.5,0.75,0.1146833673119545,0.0014792870497331023,0.02091830223798752,0.020998574793338776,-8.027255535125732e-05,0.6471673846244812,0.6680856943130493,0.647619903087616,0.6686185598373413,0.11147505789995193,1.0,0.8869282603263855,0.6033052802085876,0.025569120422005653,0.6036851406097412,0.02559320628643036,1.0,4.0
18,18,1.8e-07,1.4710789918899536,0,0.5197821855545044,-0.032496437430381775,-0.03256296366453171,-0.01989595778286457,-0.034398846328258514,0.01721125654876232,0.5,0.625,0.1255781054496765,0.0003418794076424092,-0.013398386538028717,-0.01355493813753128,0.00015655159950256348,0.4296993017196655,0.4163009524345398,0.4291222393512726,0.4155672788619995,0.10514341294765472,1.0,0.9413371682167053,0.5568318963050842,0.09411488473415375,0.5567083954811096,0.09392349421977997,1.0,4.0
19,19,1.8999999999999998e-07,0.4199613630771637,0,0.3466731309890747,-0.03681816905736923,-0.036604322493076324,-0.018487820401787758,-0.02217528410255909,0.004042496904730797,0.25,0.25,0.10702962428331375,0.001589932944625616,-0.00743088498711586,-0.007231852039694786,-0.00019903294742107391,0.13870961964130402,0.13127872347831726,0.13850188255310059,0.13127002120018005,0.1391521841287613,1.0,0.7452316284179688,0.37997937202453613,0.144069105386734,0.38008782267570496,0.14419682323932648,1.0,4.0
20,20,2e-07,0.4816194176673889,0,0.5199084877967834,-0.0009583525825291872,-0.002853348385542631,0.009967464953660965,0.00467345304787159,0.0075582885183393955,0.5,0.0,0.08757141977548599,0.0022867191582918167,-0.03892426937818527,-0.03882811963558197,-9.615346789360046e-05,0.496526837348938,0.4576025903224945,0.4965551495552063,0.4577270448207855,0.5334648489952087,1.0,0.27618202567100525,0.4573489725589752,0.0289780143648386,0.45747584104537964,0.02896953374147415,1.0,4.0
21,21,2.0999999999999997e-07,1.384276270866394,0,0.6930361986160278,-0.014546158723533154,-0.0223728995770216,-0.01035854872316122,-0.043734267354011536,0.03467266261577606,0.5,0.25,0.10047610104084015,0.00028320029377937317,-0.0020016133785247803,-0.0022237226366996765,0.00022210925817489624,0.5120654106140137,0.5100637674331665,0.5131555795669556,0.5109318494796753,0.12473039329051971,1.0,0.870283842086792,0.47440963983535767,0.061852242797613144,0.47473564743995667,0.061986181885004044,1.0,4.0
22,22,2.1999999999999998e-07,1.8269047737121582,0,0.5197504758834839,-0.017675817012786865,-0.019446134567260742,-0.013396806083619595,-0.016273081302642822,0.010636445134878159,0.5,0.375,0.09301570057868958,0.0017816561739891768,0.004100106656551361,0.0038801729679107666,0.00021993368864059448,0.3676697909832001,0.37176990509033203,0.36827391386032104,0.3721540570259094,0.13854563236236572,1.0,0.6487456560134888,0.40015071630477905,0.04908263310790062,0.4011085033416748,0.04934060946106911,1.0,4.0
23,23,2.3e-07,0.0,0,0.0,-0.04635818675160408,-0.043673619627952576,0.0,0.0,0.0,0.0,0.0,0.05998466908931732,0.00013269858027342707,0.0,0.0,0.0,0.0,0.0,0.0,0.0,1.0,0.0,0.0,0.3170619010925293,0.10825184732675552,0.317889541387558,0.10842093080282211,1.0,4.0
24,24,2.4e-07,0.5323362350463867,0,0.17322278022766113,-0.008145790547132492,-0.0068341814912855625,0.012372034601867199,0.008137394674122334,0.0028332630172371864,0.125,0.0,0.09513615816831589,0.0002731990534812212,-0.0014034360647201538,-0.0015314891934394836,0.00012805312871932983,0.03950629010796547,0.038102854043245316,0.039941150695085526,0.03840966150164604,0.15508273243904114,1.0,0.6290609240531921,0.3671734929084778,0.01106773316860199,0.3680295944213867,0.011101750656962395,1.0,4.0
25,25,2.5e-07,1.04030442237854,0,0.519727349281311,-0.03134654462337494,-0.039425432682037354,0.0018059266731142998,-0.006700320169329643,0.013411886058747768,0.5,0.25,0.10556022077798843,0.0017867118585854769,0.008233213797211647,0.007967133074998856,0.00026608072221279144,0.2815629839897156,0.28979623317718506,0.28313082456588745,0.2910979688167572,0.1079595685005188,1.0,0.9443838596343994,0.2674735188484192,0.06165970116853714,0.2678035497665405,0.06209735944867134,1.0,4.0
26,26,2.6e-07,0.4319094717502594,0,0.3467300534248352,-0.01288516540080309,-0.00859920121729374,-0.0036972761154174805,-0.015237279236316681,0.015348893590271473,0.25,0.5,0.07455675303936005,0.0001752059906721115,0.00412355363368988,0.0044363923370838165,-0.00031283870339393616,0.13792277872562408,0.14204633235931396,0.13859480619430542,0.14303119480609894,0.1410476565361023,1.0,0.7000989317893982,0.28439363837242126,0.005259323865175247,0.2851253151893616,0.005271226167678833,1.0,4.0
27,27,2.7e-07,0.3881596028804779,0,0.17329511046409607,-0.023437077179551125,-0.02122618816792965,0.00816515926271677,0.007932235486805439,0.0019881250336766243,0.125,0.0,0.1265150010585785,0.0008030274184420705,0.0010971426963806152,0.0011137574911117554,-1.6614794731140137e-05,0.07928250730037689,0.08037964999675751,0.07954415678977966,0.08065791428089142,0.1287146955728531,1.0,0.7532347440719604,0.3482729494571686,0.1687062680721283,0.3492829203605652,0.16794896125793457,1.0,4.0
28,28,2.8e-07,0.46011099219322205,0,0.34660136699676514,-0.02088785730302334,-0.02018050290644169,0.0055715059861540794,0.005535365082323551,0.002440148266032338,0.25,0.0,0.07530470937490463,0.0011576958931982517,-0.001743800938129425,-0.0016882941126823425,-5.550682544708252e-05,0.16894176602363586,0.16719797253608704,0.1695825755596161,0.16789428889751434,0.13047580420970917,1.0,0.7761023044586182,0.40304821729660034,0.035014525055885315,0.4038147032260895,0.035171590745449066,1.0,4.0
29,29,2.9e-07,1.3449947834014893,0,0.6931252479553223,-0.054038096219301224,-0.04897020384669304,-0.027345942333340645,-0.03288537263870239,0.012026220560073853,0.625,1.0,0.10272417962551117,0.0006140699842944741,-0.01584514044225216,-0.015889206901192665,4.406645894050598e-05,0.5737674236297607,0.5579222440719604,0.5771137475967407,0.5612245798110962,0.12603139877319336,1.0,0.8082152009010315,0.5020075440406799,0.04023056477308273,0.5038349032402039,0.04058418050408363,1.0,4.0
30,30,3e-07,0.6834173202514648,0,0.34686729311943054,-0.04432927072048187,-0.04512608051300049,-0.021790223196148872,-0.03645166754722595,0.020601531490683556,0.25,0.5,0.13315317034721375,0.0005716982996091247,-0.0022060945630073547,-0.0016191750764846802,-0.0005869194865226746,0.22253233194351196,0.220326229929924,0.22375968098640442,0.22214050590991974,0.13755913078784943,1.0,0.7695054411888123,0.41195425391197205,0.04530295729637146,0.4141514301300049,0.0456034392118454,1.0,4.0
31,31,3.1e-07,3.3533992767333984,0,0.3464040756225586,-0.04375167191028595,-0.04844357445836067,-0.01896173506975174,-0.022838786244392395,0.004404575563967228,0.375,0.375,0.09972093254327774,0.0006172512075863779,-0.09881050139665604,-0.09915147721767426,0.00034097209572792053,0.4111592769622803,0.31234878301620483,0.4143218994140625,0.31517043709754944,0.17188432812690735,1.0,0.6497721672058105,0.2763184905052185,0.25857484340667725,0.27797362208366394,0.2605985701084137,1.0,4.0
32,32,3.2e-07,0.8651440143585205,0,0.6930993795394897,-0.04111894592642784,-0.02617676928639412,0.00338850449770689,-0.01589428260922432,0.01803615316748619,0.5,0.5,0.07867763936519623,0.0022833598777651787,0.001541823148727417,0.001446310430765152,9.551271796226501e-05,0.16631756722927094,0.16785939037799835,0.16555029153823853,0.16699659824371338,0.15900234878063202,1.0,0.6876734495162964,0.22717732191085815,0.007474226877093315,0.2285001575946808,0.007503779139369726,1.0,4.0
33,33,3.3e-07,1.5739383697509766,0,0.5196532011032104,-0.039934832602739334,-0.04583749547600746,-0.07490471005439758,-0.07612964510917664,0.0032997047528624535,0.375,0.25,0.06649086624383926,0.000125506121548824,-0.006014056503772736,-0.0064284540712833405,0.00041439756751060486,0.29009589552879333,0.2840818464756012,0.28939682245254517,0.28296834230422974,0.1071317046880722,1.0,0.9125679731369019,0.2934931218624115,0.1250220239162445,0.29678261280059814,0.12540006637573242,1.0,4.0
34,34,3.4000000000000003e-07,0.0,0,0.0,-0.05999608337879181,-0.05832012742757797,0.0,0.0,0.0,0.0,0.0,0.10875550657510757,0.0003526477375999093,0.0,0.0,0.0,0.0,0.0,0.0,0.0,1.0,0.0,0.0,0.48900917172431946,0.005622165277600288,0.49145132303237915,0.0056692082434892654,1.0,4.0
35,35,3.5e-07,0.45735451579093933,0,0.5200155973434448,-0.02868673764169216,-0.02903822436928749,-0.03429616987705231,-0.040187954902648926,0.01482279784977436,0.5,0.5,0.1054525375366211,0.0005235592252574861,-0.02593880146741867,-0.02562875673174858,-0.0003100447356700897,0.2551896870136261,0.22925090789794922,0.2568259835243225,0.23119720816612244,0.16950808465480804,1.0,0.6553444862365723,0.30106568336486816,0.017684444785118103,0.3035225570201874,0.017802409827709198,1.0,4.0
36,36,3.6e-07,0.47662681341171265,0,0.34657561779022217,-0.04429475963115692,-0.047158099710941315,0.0003245505504310131,-0.006500084884464741,0.006113417912274599,0.25,0.25,0.11366226524114609,0.0009153709979727864,-0.004855193197727203,-0.004851117730140686,-4.075467586517334e-06,0.17481231689453125,0.16995713114738464,0.1761370599269867,0.171285942196846,0.13417655229568481,1.0,0.6770188808441162,0.35754474997520447,0.03894822299480438,0.36122676730155945,0.039379995316267014,1.0,4.0
37,37,3.7e-07,0.7881921529769897,0,0.34665995836257935,-0.03861689567565918,-0.01991382986307144,-0.03804022818803787,-0.07139064371585846,0.05245645344257355,0.25,0.5,0.103980153799057,0.0012550285318866372,0.010575197637081146,0.010747954249382019,-0.0001727566123008728,0.2158571183681488,0.22643232345581055,0.2169729620218277,0.22772091627120972,1.0,0.0,-0.04258936643600464,0.42125505208969116,0.02752101607620716,0.4267103672027588,0.027950366958975792,1.0,4.0
38,38,3.7999999999999996e-07,1.249856948852539,0,0.6928752064704895,-0.03957195580005646,-0.028075912967324257,-0.04025815799832344,-0.06532694399356842,0.015692956745624542,0.5,0.75,0.0932467132806778,0.0006372052594088018,-0.0003221780061721802,-0.0008668005466461182,0.000544622540473938,0.41548269987106323,0.41516053676605225,0.4219280481338501,0.4210612177848816,0.15200181305408478,1.0,0.6640600562095642,0.30242177844047546,0.04441959783434868,0.30693334341049194,0.04554295912384987,1.0,4.0
39,39,3.8999999999999997e-07,0.48814836144447327,0,0.5199636220932007,-0.008717373944818974,-0.010646792128682137,0.005250626243650913,0.0025325296446681023,0.003012262284755707,0.375,0.25,0.0808369368314743,0.0006397683173418045,-0.006843391805887222,-0.006636936217546463,-0.00020645558834075928,0.17788727581501007,0.17104387283325195,0.17972832918167114,0.17309139668941498,0.12080438435077667,1.0,0.8052644729614258,0.2448229044675827,0.012116394005715847,0.24739772081375122,0.012193511240184307,1.0,4.0
40,40,4e-07,1.4660568237304688,0,0.34601446986198425,-0.018234899267554283,-0.011928326450288296,0.005657600704580545,0.004916270729154348,0.005430405959486961,0.25,0.5,0.11468859016895294,0.000820882385596633,0.005386769771575928,0.004267901182174683,0.0011188685894012451,0.17604446411132812,0.18143123388290405,0.17646315693855286,0.18073105812072754,0.1443699151277542,1.0,0.6898233890533447,0.38266152143478394,0.2982700765132904,0.38933122158050537,0.2990291118621826,1.0,4.0
41,41,4.0999999999999994e-07,0.8858627676963806,0,0.34633371233940125,-0.020612666383385658,-0.024497102946043015,0.0012349551543593407,-0.0033792275935411453,0.009034904651343822,0.375,0.25,0.09468866884708405,0.002271914854645729,0.02028816193342209,0.019807450473308563,0.0004807123914361,0.21103519201278687,0.23132336139678955,0.2160625457763672,0.23587000370025635,0.14986787736415863,1.0,0.4010082185268402,0.3812122941017151,0.06984859704971313,0.3878265619277954,0.07078877091407776,1.0,4.0
42,42,4.1999999999999995e-07,5.70266056060791,0,0.6945462226867676,-0.025692172348499298,-0.021936582401394844,-0.02395481988787651,-0.03775250166654587,0.02040962502360344,0.625,0.75,0.07940224558115005,0.0011505037546157837,0.6090356707572937,0.6118296384811401,-0.0027939900755882263,0.9733409881591797,1.5823767185211182,0.9793009757995605,1.5911306142807007,0.3962940573692322,1.0,0.18193958699703217,0.30576449632644653,0.6807950735092163,0.31216686964035034,0.6894747018814087,1.0,4.0
43,43,4.2999999999999996e-07,2.0176937580108643,0,0.5185413360595703,-0.05213088542222977,-0.047642678022384644,-0.017055131494998932,-0.03484872728586197,0.016453001648187637,0.5,0.125,0.11628317832946777,0.0004072172159794718,-0.025633975863456726,-0.02828206866979599,0.002648092806339264,0.5476125478744507,0.5219786167144775,0.5590423345565796,0.5307602882385254,1.0,0.0,0.07578969746828079,0.328144371509552,0.30645525455474854,0.33422917127609253,0.3130340278148651,1.0,4.0
44,44,4.3999999999999997e-07,1.354367971420288,0,0.5202515125274658,-0.05580410361289978,-0.05217065289616585,-0.036961060017347336,-0.04346398636698723,0.005186049267649651,0.375,0.75,0.09268571436405182,0.0001529283617855981,0.012479640543460846,0.013260051608085632,-0.0007804110646247864,0.22208726406097412,0.23456689715385437,0.22730672359466553,0.24056676030158997,0.15110498666763306,1.0,0.6465847492218018,0.5189324617385864,0.008561798371374607,0.5238283276557922,0.008650536648929119,1.0,4.0
45,45,4.5e-07,0.9911336302757263,0,0.3459573984146118,-0.04085154831409454,-0.036436740309000015,-0.0021475632674992085,-0.0028119003400206566,0.005764899775385857,0.375,0.0,0.08836444467306137,0.0006767800077795982,0.008797183632850647,0.007561571896076202,0.0012356117367744446,0.2258356213569641,0.23463279008865356,0.22868838906288147,0.23624995350837708,0.10559820383787155,1.0,0.911370575428009,0.3315519690513611,0.10233622044324875,0.3392866849899292,0.10205377638339996,1.0,4.0
46,46,4.6e-07,1.4776644706726074,0,0.6941244602203369,0.006447133608162403,0.007584315724670887,0.009314628317952156,0.0052872831001877785,0.004674836527556181,0.5,0.25,0.0553632527589798,0.0002842509711626917,-0.023592662066221237,-0.02164241299033165,-0.0019502490758895874,0.3920515477657318,0.3684588372707367,0.3952708840370178,0.3736284673213959,0.16257673501968384,1.0,0.6389174461364746,0.3179779350757599,0.08022812008857727,0.32690900564193726,0.08202825486660004,1.0,4.0
47,47,4.6999999999999995e-07,0.9188000559806824,0,0.5192832946777344,-0.025408396497368813,-0.01845097541809082,-0.003456198377534747,-0.01602623052895069,0.024386871606111526,0.375,0.5,0.11170630156993866,0.0011745898518711329,0.010873779654502869,0.009718991816043854,0.001154787838459015,0.2651829123497009,0.276056706905365,0.2743338644504547,0.28405284881591797,0.18203221261501312,1.0,0.5824490189552307,0.31282711029052734,0.020318608731031418,0.3222551643848419,0.020655985921621323,1.0,4.0
48,48,4.8e-07,1.1697794198989868,0,0.34682393074035645,-0.04432466998696327,-0.04919685050845146,-0.02484559267759323,-0.028291821479797363,0.00850490853190422,0.25,0.0,0.09261511266231537,0.00020070155733264983,-0.005191083997488022,-0.004690483212471008,-0.0005006007850170135,0.13712413609027863,0.1319330632686615,0.1369633972644806,0.13227292895317078,0.13422134518623352,1.0,0.7695994973182678,0.3784099221229553,0.022434839978814125,0.38959401845932007,0.02270492911338806,1.0,4.0
49,49,4.9e-07,1.4408385753631592,0,0.5209431648254395,-0.047966260462999344,-0.047686003148555756,-0.057836052030324936,-0.06332772225141525,0.018917931243777275,0.5,0.375,0.15228907763957977,0.0007422312628477812,0.023434512317180634,0.025595400482416153,-0.0021608881652355194,0.37212032079696655,0.3955548405647278,0.3829053044319153,0.4085007309913635,0.10956000536680222,1.0,0.9350327253341675,0.3509088158607483,0.04694729670882225,0.35947585105895996,0.05057163164019585,1.0,4.0
50,50,5e-07,0.0,0,0.0,-0.02133679762482643,-0.01392853818833828,0.0,0.0,0.0,0.0,0.0,0.0840892642736435,0.00020226792548783123,0.0,0.0,0.0,0.0,0.0,0.0,0.0,1.0,0.0,0.0,0.3523084223270416,0.023065660148859024,0.3592028319835663,0.02366982027888298,1.0,4.0
51,51,5.1e-07,0.7996217012405396,0,0.34590813517570496,-0.018910113722085953,-0.03111027181148529,-0.008023600094020367,-0.034195106476545334,0.016916699707508087,0.25,0.0,0.12986886501312256,0.0026679611764848232,-0.04288851469755173,-0.044220633804798126,0.001332119107246399,0.23650527000427246,0.19361674785614014,0.24637168645858765,0.20215106010437012,0.1585533171892166,1.0,0.7060298323631287,0.3943997323513031,0.009956194087862968,0.4103243947029114,0.010142974555492401,1.0,4.0
52,52,5.2e-07,1.8888015747070312,0,0.5190221667289734,-0.04950325936079025,-0.05265191197395325,-0.05593549460172653,-0.0668427050113678,0.016445619985461235,0.375,0.75,0.08147609233856201,0.00014930822362657636,-0.010611578822135925,-0.012289471924304962,0.0016778931021690369,0.2733269929885864,0.2627153992652893,0.28097182512283325,0.2686823606491089,0.1094595342874527,1.0,0.93992680311203,0.2863876521587372,0.09264765679836273,0.2974975109100342,0.09607630223035812,1.0,4.0
53,53,5.3e-07,0.6792905926704407,0,0.6929413080215454,-0.028080716729164124,-0.024858510121703148,-0.03051520138978958,-0.045004043728113174,0.010388567112386227,0.625,0.625,0.06529249250888824,8.798495400696993e-05,-0.01070812065154314,-0.011120052076876163,0.00041193142533302307,0.2509053647518158,0.24019724130630493,0.2600703537464142,0.2489502727985382,0.13908670842647552,1.0,0.7531301379203796,0.24582520127296448,0.010868152603507042,0.25543487071990967,0.011282998137176037,1.0,4.0
54,54,5.4e-07,0.6875231266021729,0,0.6922231316566467,-0.05385449156165123,-0.05726148560643196,-0.04072102531790733,-0.06576797366142273,0.02712116576731205,0.625,0.75,0.13209585845470428,0.0007491083233617246,0.03959276154637337,0.03774290904402733,0.0018498525023460388,0.3100230395793915,0.34961581230163574,0.32072365283966064,0.35846656560897827,0.17431381344795227,1.0,0.6261398792266846,0.3183656930923462,0.010965711437165737,0.3283153176307678,0.011266322806477547,1.0,4.0
55,55,5.5e-07,0.7454818487167358,0,0.5199547410011292,0.0005679205060005188,0.0007243873551487923,0.018056130036711693,0.010108926333487034,0.017772918567061424,0.375,0.25,0.08520426601171494,0.00033987205824814737,-0.007761117070913315,-0.0075724758207798,-0.0001886412501335144,0.2449624389410019,0.23720131814479828,0.256974995136261,0.24940252304077148,0.14799652993679047,1.0,0.6567413210868835,0.33053648471832275,0.007082654163241386,0.3440571427345276,0.0073649026453495026,1.0,4.0
56,56,5.6e-07,1.8586434125900269,0,0.5202726125717163,-0.022901739925146103,-0.025075703859329224,-0.0235297791659832,-0.03791505843400955,0.008169892244040966,0.375,0.5,0.09410993754863739,0.0015195159940049052,-0.0010688304901123047,-0.00024565309286117554,-0.0008231773972511292,0.35759902000427246,0.35653018951416016,0.387434720993042,0.3871890902519226,0.15129946172237396,1.0,0.7282763719558716,0.31701377034187317,0.029576407745480537,0.3396274447441101,0.030359087511897087,1.0,4.0
57,57,5.699999999999999e-07,0.643491804599762,0,0.5193110108375549,-0.039939455687999725,-0.035428911447525024,-0.018085947260260582,-0.028026960790157318,0.005445149261504412,0.5,0.5,0.07007631659507751,0.00012120803876314312,-0.019147135317325592,-0.02024667337536812,0.0010995380580425262,0.237944096326828,0.218796968460083,0.25233811140060425,0.23209144175052643,0.15590399503707886,1.0,0.7108961343765259,0.27769050002098083,0.013660073280334473,0.2955990135669708,0.014044875279068947,1.0,4.0
58,58,5.8e-07,0.6333194971084595,0,0.17258323729038239,-0.029426150023937225,-0.03331374004483223,-0.01273640152066946,-0.018480835482478142,0.003317218041047454,0.125,0.0,0.12904466688632965,0.0009137421729974449,-0.0027773529291152954,-0.004186451435089111,0.001409098505973816,0.1329106092453003,0.130133256316185,0.1437414586544037,0.13955500721931458,0.10732892155647278,1.0,0.8689324855804443,0.3154017925262451,0.02100461535155773,0.3328443765640259,0.021596603095531464,1.0,4.0
59,59,5.9e-07,0.47382569313049316,0,0.3471089005470276,-0.02767229452729225,-0.027753988280892372,-0.01291524525731802,-0.021302586421370506,0.008323407731950283,0.375,0.125,0.06667879223823547,0.0002287056704517454,-0.010726198554039001,-0.00965709239244461,-0.0010691061615943909,0.2772112786769867,0.2664850950241089,0.28802794218063354,0.27837082743644714,0.16947317123413086,1.0,0.6504427194595337,0.45939236879348755,0.015687692910432816,0.4780201315879822,0.01618274860084057,1.0,4.0
60,60,6e-07,1.4793493747711182,0,0.5208131670951843,-0.013297198340296745,-0.012390179559588432,-0.017014993354678154,-0.03432942554354668,0.0175421554595232,0.375,0.25,0.09140373021364212,0.0008222174947150052,0.04843082278966904,0.05033252388238907,-0.0019017010927200317,0.32629311084747314,0.37472397089004517,0.34322071075439453,0.393553227186203,0.0959940105676651,1.0,0.8339211940765381,0.24662725627422333,0.1541002094745636,0.26054325699806213,0.16188707947731018,1.0,4.0
61,61,6.1e-07,1.6033810377120972,0,0.5196253657341003,-0.031126903370022774,-0.030184997245669365,6.578117609024048e-05,-0.004870508797466755,0.012237301096320152,0.375,0.25,0.09078848361968994,0.0001429690746590495,-0.003381401300430298,-0.0038520023226737976,0.00047060102224349976,0.3919720947742462,0.3885906934738159,0.43408024311065674,0.43022820353507996,0.14876370131969452,1.0,0.753864049911499,0.3688836097717285,0.09046620875597,0.3989381194114685,0.09603090584278107,1.0,4.0
62,62,6.2e-07,0.4057401716709137,0,0.34595987200737,-0.011583922430872917,-0.004313494078814983,-0.0035692648962140083,-0.011015741154551506,0.006967741996049881,0.5,0.375,0.07665775716304779,0.0007060040370561182,-0.0035086246207356453,-0.0047385357320308685,0.0012299111112952232,0.17776155471801758,0.1742529273033142,0.19465802609920502,0.18991948664188385,0.13487856090068817,1.0,0.6475650072097778,0.29460886120796204,0.007080287206918001,0.3189438581466675,0.007445885334163904,1.0,4.0
63,63,6.3e-07,1.7268778085708618,0,0.5193958282470703,-0.031718987971544266,-0.02780625969171524,-0.018246235325932503,-0.024497825652360916,0.0076966676861047745,0.375,0.25,0.10481023788452148,0.0006349876639433205,0.019838988780975342,0.018907658755779266,0.0009313300251960754,0.26512235403060913,0.2849613428115845,0.27263522148132324,0.2915428876876831,0.11501427739858627,1.0,0.7694641351699829,0.33169299364089966,0.05245622247457504,0.3578142821788788,0.055468328297138214,1.0,4.0
64,64,6.4e-07,3.1186294555664062,0,0.5214725732803345,-0.0006306453142315149,-0.0045647574588656425,-0.012818174436688423,-0.019259920343756676,0.00887078233063221,0.375,0.0,0.06566654145717621,0.0006764341960661113,0.00419018417596817,0.0073837898671627045,-0.0031936056911945343,0.405309796333313,0.40950000286102295,0.4479547441005707,0.4553385376930237,0.10939250886440277,1.0,0.8593788146972656,0.22624334692955017,0.2949000895023346,0.25041788816452026,0.3246902525424957,1.0,4.0
65,65,6.5e-07,0.6360025405883789,0,0.34730908274650574,-0.003993332851678133,-0.007216466125100851,0.005708485376089811,-0.005887900944799185,0.011670737527310848,0.25,0.0,0.08181940019130707,0.0002620760933496058,-0.008343331515789032,-0.0068740323185920715,-0.0014692991971969604,0.13197937607765198,0.12363604456186295,0.1448226124048233,0.13794858753681183,0.2008735090494156,1.0,0.43595272302627563,0.28029656410217285,0.012531641870737076,0.3042023479938507,0.013111008331179619,1.0,4.0
66,66,6.6e-07,0.692965567111969,0,0.34714505076408386,-0.024065373465418816,-0.03763546422123909,-0.006269716192036867,-0.03718788921833038,0.03266559913754463,0.375,0.125,0.10640609264373779,0.0008072768687270582,0.009970184415578842,0.011109312996268272,-0.0011391285806894302,0.13006487488746643,0.14003506302833557,0.13611054420471191,0.14721986651420593,0.156515434384346,1.0,0.6609358787536621,0.26992908120155334,0.01612045243382454,0.3024587035179138,0.01699485071003437,1.0,4.0
67,67,6.7e-07,0.7237780094146729,0,0.17202973365783691,-0.025974638760089874,-0.033645614981651306,-0.008207274600863457,-0.013664787635207176,0.006631514988839626,0.125,0.0,0.10138498246669769,0.0015088620129972696,0.005649074912071228,0.0031286105513572693,0.0025204643607139587,0.08608067035675049,0.09172974526882172,0.10541799664497375,0.10854660719633102,0.18578512966632843,1.0,0.5668471455574036,0.29720401763916016,0.4172810912132263,0.333185076713562,0.45036500692367554,1.0,4.0
68,68,6.800000000000001e-07,0.4076373279094696,0,0.3460931181907654,-0.02395906299352646,-0.022046102210879326,-0.010125607252120972,-0.010564724914729595,0.004278127569705248,0.375,0.5,0.07288013398647308,0.00011207441275473684,0.0009682625532150269,6.185844540596008e-06,0.0009620767086744308,0.11067494750022888,0.11164321005344391,0.11638826131820679,0.11639444530010223,0.12493520230054855,1.0,0.8371842503547668,0.2777145504951477,0.019361089915037155,0.3116505742073059,0.02097492292523384,1.0,4.0
69,69,6.9e-07,0.0,0,0.0,-0.0063221026211977005,-0.003290069755166769,0.0,0.0,0.0,0.0,0.0,0.1030813530087471,0.0016275984235107899,0.0,0.0,0.0,0.0,0.0,0.0,0.0,1.0,0.0,0.0,0.2789308726787567,0.3368924856185913,0.3131028413772583,0.36233675479888916,1.0,4.0
70,70,7e-07,0.289446622133255,0,0.17278999090194702,-0.04190753400325775,-0.037502869963645935,-0.013175570406019688,-0.01805941015481949,0.0032188990153372288,0.125,0.25,0.08844635635614395,0.0004934144672006369,-0.0024534687399864197,-0.003448076546192169,0.0009946078062057495,0.06827977299690247,0.06582630425691605,0.08818405121564865,0.08473597466945648,0.1712699979543686,1.0,0.5667440295219421,0.27832934260368347,0.005228611174970865,0.31320029497146606,0.005653852596879005,1.0,4.0
71,71,7.1e-07,0.9268539547920227,0,0.5190511345863342,-0.01582828350365162,-0.01794413849711418,-0.013638807460665703,-0.01767694018781185,0.007683493662625551,0.5,0.375,0.06971363723278046,0.00013635378854814917,-0.0013897586613893509,-0.003012247383594513,0.001622488722205162,0.2699032425880432,0.2685134708881378,0.31567129492759705,0.31265905499458313,0.12549294531345367,1.0,0.8203206062316895,0.3140202760696411,0.0058148386888206005,0.3654158115386963,0.006207722704857588,1.0,4.0
72,72,7.2e-07,0.3212672770023346,0,0.3480270802974701,-0.008220785297453403,-0.006356960162520409,0.00553953368216753,0.00329786678776145,0.0020169299095869064,0.25,0.25,0.0974920392036438,0.0007441570051014423,0.006591932848095894,0.009491592645645142,-0.0028996597975492477,0.07872063666582108,0.08531257510185242,0.0875038206577301,0.09699541330337524,0.2450459897518158,1.0,0.41751450300216675,0.28074756264686584,0.022620823234319687,0.3181416392326355,0.023992197588086128,1.0,4.0
73,73,7.3e-07,0.8953590393066406,0,0.5200660824775696,-0.040453970432281494,-0.043070074170827866,-0.049726299941539764,-0.06038845330476761,0.01818203181028366,0.375,0.5,0.10343165695667267,0.0003335754154250026,0.008589345961809158,0.008992847055196762,-0.00040350109338760376,0.2412487268447876,0.24983808398246765,0.2700625956058502,0.2790554463863373,0.14177927374839783,1.0,0.668239951133728,0.30817481875419617,0.011207755655050278,0.35376471281051636,0.011911909095942974,1.0,4.0
74,74,7.4e-07,0.4217575490474701,0,0.5190924406051636,-0.01868312805891037,-0.01788819022476673,-0.0006219074130058289,-0.011945463716983795,0.014071453362703323,0.625,0.5,0.07251840829849243,0.00014982136781327426,-0.011052032932639122,-0.012606613337993622,0.0015545804053544998,0.23215720057487488,0.2211051881313324,0.2752953767776489,0.2626887559890747,0.15826645493507385,1.0,0.7054824233055115,0.2855011224746704,0.015824783593416214,0.33061474561691284,0.01718238927423954,1.0,4.0
75,75,7.5e-07,1.556748867034912,0,0.3451107144355774,-0.0026504872366786003,-0.002937754848971963,0.005855711176991463,0.0024694264866411686,0.002163821831345558,0.375,0.125,0.07794484496116638,0.0005258101737126708,0.005496351048350334,0.00256296806037426,0.0029333829879760742,0.11542582511901855,0.12092217803001404,0.12808656692504883,0.13064953684806824,0.16218386590480804,1.0,0.6061338782310486,0.28182947635650635,0.01509672962129116,0.3412632346153259,0.015674978494644165,1.0,4.0
76,76,7.599999999999999e-07,3.2610743045806885,0,0.17319971323013306,-0.02151079662144184,-0.02487245388329029,-0.008146231062710285,-0.011153788305819035,0.002783470554277301,0.125,0.0,0.08089880645275116,0.00020637652778532356,-0.030265778303146362,-0.03043997287750244,0.0001741945743560791,0.3270091116428375,0.29674333333969116,0.3665853440761566,0.3361453711986542,0.11555033922195435,1.0,0.9172496199607849,0.36591216921806335,0.1963377147912979,0.4221924841403961,0.21789366006851196,1.0,4.0
77,77,7.699999999999999e-07,0.7537751793861389,0,0.5186761021614075,-0.01680155284702778,-0.02125440537929535,-0.00917843822389841,-0.015069498680531979,0.00627095066010952,0.625,0.0,0.08347582817077637,0.00025565066607668996,0.005956960842013359,0.0035847388207912445,0.0023722220212221146,0.21425765752792358,0.2202146053314209,0.2617853283882141,0.26537007093429565,0.15831010043621063,1.0,0.627897322177887,0.3329591751098633,0.005938775837421417,0.37263914942741394,0.006493926979601383,1.0,4.0
78,78,7.799999999999999e-07,0.8383261561393738,0,0.3465348482131958,-0.03175868093967438,-0.028504855930805206,-0.0077309561893343925,-0.011086389422416687,0.006256977096199989,0.25,0.0,0.11964048445224762,0.0004340550513006747,-0.018652446568012238,-0.018732130527496338,7.968395948410034e-05,0.2283400297164917,0.20968757569789886,0.2755732536315918,0.25684112310409546,0.18552710115909576,1.0,0.6025930047035217,0.4132708013057709,0.011330216191709042,0.46457144618034363,0.012510307133197784,1.0,4.0
79,79,7.9e-07,0.6372325420379639,0,0.3468198776245117,-0.03553343936800957,-0.0384550467133522,-0.024840934202075005,-0.027477726340293884,0.005923477001488209,0.25,0.0,0.10259842872619629,0.0019243147689849138,-0.013736933469772339,-0.013244569301605225,-0.0004923641681671143,0.18597646057605743,0.1722395271062851,0.21501457691192627,0.20177000761032104,0.1366659551858902,1.0,0.7694751620292664,0.28277263045310974,0.007424851413816214,0.3322095274925232,0.007857587188482285,1.0,4.0
80,80,8e-07,1.3153947591781616,0,0.6882257461547852,-0.022216318175196648,-0.03142338618636131,-0.0092012919485569,-0.045698098838329315,0.031002044677734375,0.625,0.75,0.10577642172574997,0.0008719528559595346,-0.033361200243234634,-0.0432896688580513,0.009928468614816666,0.3783956468105316,0.3450344204902649,0.4439697861671448,0.4006801247596741,0.10755893588066101,1.0,0.9434573650360107,0.30829718708992004,0.061346568167209625,0.37633270025253296,0.06937706470489502,1.0,4.0
81,81,8.1e-07,1.5350607633590698,0,0.5217794179916382,-0.02990078739821911,-0.04335466027259827,-0.03067125752568245,-0.04768920689821243,0.013194738887250423,0.5,0.0,0.10479654371738434,0.00033415178768336773,0.03410907834768295,0.037937626242637634,-0.0038285478949546814,0.3052012622356415,0.33931031823158264,0.3270342946052551,0.36497193574905396,0.09923286736011505,1.0,0.8885119557380676,0.29514414072036743,0.08309617638587952,0.3424410820007324,0.08986172080039978,1.0,4.0
82,82,8.199999999999999e-07,1.2837882041931152,0,0.34645360708236694,-0.018265606835484505,-0.01718863844871521,-0.006406954489648342,-0.010262817144393921,0.003048570128157735,0.25,0.0,0.08855801820755005,0.00022509926930069923,0.01544303447008133,0.015202313661575317,0.00024072080850601196,0.21307653188705444,0.22851955890655518,0.2889489233493805,0.3041512370109558,0.09529216587543488,1.0,0.9006431698799133,0.37767207622528076,0.07229538261890411,0.42785391211509705,0.08105424791574478,1.0,4.0
83,83,8.299999999999999e-07,0.9458509683609009,0,0.5186572074890137,-0.038471922278404236,-0.024812469258904457,-0.03387846052646637,-0.05264700576663017,0.021066326647996902,0.375,0.75,0.08260487020015717,0.00037002842873334885,0.004919305443763733,0.002504296600818634,0.002415008842945099,0.2656475901603699,0.2705669105052948,0.3155021369457245,0.3180064558982849,0.149942085146904,1.0,0.6516209244728088,0.31000474095344543,0.02341640368103981,0.3857493996620178,0.027600634843111038,1.0,4.0
84,84,8.399999999999999e-07,0.19461193680763245,0,0.17381735146045685,-0.04938439652323723,-0.056273557245731354,-0.019415341317653656,-0.021153170615434647,0.006581857800483704,0.25,0.25,0.07801089435815811,0.0010045778471976519,0.005416203290224075,0.006476014852523804,-0.0010598115622997284,0.07077114284038544,0.07618734240531921,0.09752368927001953,0.10399970412254333,0.1472466140985489,1.0,0.7218858599662781,0.26466667652130127,0.02925983816385269,0.32998424768447876,0.031997665762901306,1.0,4.0
85,85,8.499999999999999e-07,0.714574933052063,0,0.5205680131912231,-0.02646682970225811,-0.027455396950244904,-0.028385162353515625,-0.030942771583795547,0.007485085166990757,0.625,0.375,0.1025102362036705,0.0007319995202124119,0.021186470985412598,0.02259410172700882,-0.001407630741596222,0.39626917243003845,0.41745561361312866,0.45489954948425293,0.47749364376068115,0.15174101293087006,1.0,0.5967720746994019,0.408294141292572,0.09267693758010864,0.47695714235305786,0.10478977113962173,1.0,4.0
86,86,8.599999999999999e-07,0.7143236994743347,0,0.5169903039932251,-0.02558330073952675,-0.024278108030557632,-0.017494477331638336,-0.024966971948742867,0.005262698046863079,0.5,0.5,0.08473025262355804,0.00044929864816367626,-0.002259001135826111,-0.008012939244508743,0.0057539381086826324,0.18242961168289185,0.18017061054706573,0.2745959758758545,0.26658305525779724,0.161917582154274,1.0,0.5736897587776184,0.25443899631500244,0.006769693456590176,0.3117939233779907,0.0074572754092514515,1.0,4.0
87,87,8.699999999999999e-07,2.914745807647705,0,0.6929932236671448,-0.02441234514117241,-0.017648492008447647,-0.02454352006316185,-0.030780509114265442,0.012720305472612381,0.625,0.125,0.10267877578735352,0.0008065974107012153,-0.02039838209748268,-0.020726408809423447,0.0003280267119407654,0.5429973602294922,0.5225989818572998,0.6722286939620972,0.651502251625061,0.13357780873775482,1.0,0.785240113735199,0.248119056224823,0.18475574254989624,0.2943304181098938,0.23947547376155853,1.0,4.0
88,88,8.799999999999999e-07,0.7858248949050903,0,0.5169026851654053,-0.06030099838972092,-0.0562279149889946,-0.04683499410748482,-0.06596767902374268,0.029817605391144753,0.375,0.5,0.09286799281835556,0.00021718649077229202,0.01099151186645031,0.005032125860452652,0.005959386005997658,0.2760416865348816,0.28703320026397705,0.3348385691642761,0.3398706912994385,0.10517766326665878,1.0,0.9259886145591736,0.2724379003047943,0.060983892530202866,0.33750230073928833,0.06634370982646942,1.0,4.0
89,89,8.9e-07,1.906165599822998,0,0.355396032333374,-0.045111123472452164,-0.03820464387536049,-0.02896793559193611,-0.041838638484478,0.00871635414659977,0.375,0.5,0.14214548468589783,0.0022379904985427856,-0.009497754275798798,0.007666967809200287,-0.017164722084999084,0.3958781361579895,0.3863803744316101,0.42746463418006897,0.43513160943984985,0.2764887511730194,1.0,0.3843998908996582,0.2616068720817566,0.209139883518219,0.2988492250442505,0.2492256611585617,1.0,4.0
90,90,9e-07,0.9248703122138977,0,0.6929100751876831,-0.03762437030673027,-0.04706447944045067,-0.04024965688586235,-0.06595969200134277,0.021765079349279404,0.5,0.75,0.09288312494754791,0.0008186569903045893,0.0045847222208976746,0.004084613174200058,0.0005001090466976166,0.3437264561653137,0.3483111262321472,0.38570141792297363,0.3897860050201416,0.11940179020166397,1.0,0.7869284152984619,0.3034380078315735,0.028420763090252876,0.37184327840805054,0.03219909220933914,1.0,4.0
91,91,9.1e-07,0.3315301239490509,0,0.5188126564025879,-0.010608216747641563,-0.018274176865816116,-0.009905965067446232,-0.02258870005607605,0.010315382853150368,0.375,0.0,0.08001592755317688,0.0017761716153472662,0.008959844708442688,0.006861262023448944,0.002098582684993744,0.18632294237613678,0.19528278708457947,0.22872918844223022,0.23559045791625977,0.1728498488664627,1.0,0.511573314666748,0.26233139634132385,0.010201250202953815,0.3290823698043823,0.011321242898702621,1.0,4.0
92,92,9.2e-07,0.4330907166004181,0,0.3459046483039856,-0.028325382620096207,-0.02788182534277439,-0.0176885686814785,-0.0283128060400486,0.00940458569675684,0.25,0.5,0.11047282069921494,0.00151464540977031,0.007352471351623535,0.006013549864292145,0.0013389214873313904,0.1801520735025406,0.18750454485416412,0.20624476671218872,0.21225830912590027,0.1366833597421646,1.0,0.6700329184532166,0.3885500431060791,0.020601190626621246,0.44175171852111816,0.02311526983976364,1.0,4.0
93,93,9.3e-07,1.4194610118865967,0,0.5243625640869141,-0.03489533066749573,-0.03336546942591667,-0.0232083760201931,-0.02776147797703743,0.005936881527304649,0.5,0.375,0.09903042018413544,0.0007149848388507962,-0.016416702419519424,-0.007474076002836227,-0.008942626416683197,0.28052517771720886,0.26410847902297974,0.4780726730823517,0.47059857845306396,0.18173523247241974,1.0,0.6899201273918152,0.32531842589378357,0.02213432639837265,0.42940711975097656,0.02385452203452587,1.0,4.0
94,94,9.399999999999999e-07,0.6007362008094788,0,0.6880104541778564,-0.013864226639270782,-0.02020142413675785,-0.00833904929459095,-0.0234147347509861,0.013369658030569553,0.625,0.25,0.11488543450832367,0.0034647572319954634,-0.0010896939784288406,-0.01144995354115963,0.01036025956273079,0.3472960293292999,0.34620630741119385,0.43982619047164917,0.4283762574195862,0.15352098643779755,1.0,0.6538302302360535,0.3242662250995636,0.010705219581723213,0.383276104927063,0.012101393193006516,1.0,4.0
95,95,9.499999999999999e-07,0.5251044631004333,0,0.3454964756965637,-0.02651919238269329,-0.027828488498926163,-0.01655956171452999,-0.025908390060067177,0.010900541208684444,0.25,0.0,0.0795159637928009,0.002567400922998786,0.009426072239875793,0.0072639212012290955,0.002162151038646698,0.12015655636787415,0.12958262860774994,0.17774507403373718,0.18500900268554688,0.14334332942962646,1.0,0.6806104183197021,0.38240107893943787,0.03766651451587677,0.4743625521659851,0.041466157883405685,1.0,4.0
96,96,9.6e-07,0.23782411217689514,0,0.34662139415740967,-0.043632861226797104,-0.04456281289458275,-0.013767516240477562,-0.019377190619707108,0.006139109842479229,0.375,0.25,0.1177578791975975,0.0006897320854477584,0.007984651252627373,0.00807531550526619,-9.066425263881683e-05,0.3094172179698944,0.31740185618400574,0.34965580701828003,0.3577311336994171,0.2318464070558548,1.0,0.4332915246486664,0.4427729845046997,0.051682520657777786,0.5215970277786255,0.06078497692942619,1.0,4.0
97,97,9.7e-07,0.27609238028526306,0,0.17678435146808624,0.0004908381961286068,0.005543149542063475,0.0013683171709999442,0.00045882805716246367,0.0056275296956300735,0.125,0.0,0.09289941191673279,0.000704197445884347,-0.0037466809153556824,0.0032001882791519165,-0.006946869194507599,0.07320557534694672,0.06945889443159103,0.12760481238365173,0.13080500066280365,0.3494476079940796,1.0,0.4341106712818146,0.3209663927555084,0.3593326807022095,0.4091976284980774,0.4831041395664215,1.0,4.0
98,98,9.8e-07,1.0187273025512695,0,0.6950364708900452,-0.027684658765792847,-0.03633921965956688,-0.025092532858252525,-0.050330836325883865,0.014610495418310165,0.625,0.0,0.0956290140748024,0.0003148843243252486,-0.008983099833130836,-0.0052553582936525345,-0.003727741539478302,0.3174898326396942,0.30850672721862793,0.4403969645500183,0.4351416230201721,0.14964841306209564,1.0,0.6724860668182373,0.2533677816390991,0.053714901208877563,0.3434517979621887,0.06665298342704773,1.0,4.0
99,99,9.9e-07,0.8383828997612,0,0.5212070345878601,-0.02847071923315525,-0.026441475376486778,-0.03943949192762375,-0.04706358164548874,0.015825312584638596,0.375,0.5,0.07902646064758301,0.000392511545214802,0.03158257156610489,0.034272946417331696,-0.0026903748512268066,0.3271542489528656,0.3587368130683899,0.4285779595375061,0.4628509283065796,0.09392978996038437,1.0,0.8801072835922241,0.3930147588253021,0.06385119259357452,0.45443594455718994,0.08685044944286346,1.0,4.0
100,100,1e-06,1.0183002948760986,0,0.5202244520187378,-0.03367672860622406,-0.060383643954992294,0.00028687529265880585,-0.05859565734863281,0.028579577803611755,0.5,0.0,0.09671849012374878,0.00032870250288397074,0.016267376020550728,0.016994871199131012,-0.0007274951785802841,0.2173793613910675,0.23364673554897308,0.22694003582000732,0.24393489956855774,0.16322781145572662,1.0,0.6089434027671814,0.22415325045585632,0.008918540552258492,0.2654716670513153,0.010709753260016441,1.0,4.0
101,101,9.999969538288952e-07,0.31358885765075684,0,0.35052186250686646,-0.01972491480410099,-0.021359723061323166,-0.007498408667743206,-0.013674931600689888,0.010443310253322124,0.375,0.25,0.12332361936569214,0.004107419401407242,-0.013837050646543503,-0.006033319979906082,-0.007803730666637421,0.13833923637866974,0.12450218200683594,0.23023369908332825,0.22420038282871246,0.25977736711502075,1.0,0.44390445947647095,0.2842167615890503,0.01716613955795765,0.3834531903266907,0.020091762766242027,1.0,4.0
102,102,9.999878153526972e-07,0.3499925434589386,0,0.3447205424308777,-0.00398376164957881,-0.006728112697601318,0.00018697837367653847,-0.0019276340026408434,0.006245491560548544,0.25,0.25,0.10139528661966324,0.00029637059196829796,0.003852013498544693,0.00013900548219680786,0.003713008016347885,0.11804582923650742,0.12189784646034241,0.1518297642469406,0.15196877717971802,0.23374444246292114,1.0,0.43918898701667786,0.25764188170433044,0.019451163709163666,0.3266550302505493,0.025702442973852158,1.0,4.0
103,103,9.99972584682756e-07,0.20166277885437012,0,0.17253398895263672,-0.015342412516474724,-0.01452384702861309,-0.001433600322343409,-0.0027449624612927437,0.0029086596332490444,0.25,0.125,0.08782413601875305,0.0005773514858447015,-0.0006032735109329224,-0.0021115709096193314,0.001508297398686409,0.034826990216970444,0.03422371670603752,0.04620504379272461,0.04409347102046013,0.3150367736816406,1.0,0.3255664110183716,0.21760094165802002,0.009629866108298302,0.284887433052063,0.011657887138426304,1.0,4.0
104,104,9.99951262004652e-07,0.1526222676038742,0,0.3477732539176941,-0.022480055689811707,-0.02648313157260418,-0.013303552754223347,-0.023379027843475342,0.011328053660690784,0.375,0.0,0.1030544564127922,0.0005085639422759414,0.01742469146847725,0.019820891320705414,-0.0023961998522281647,0.3030542731285095,0.32047897577285767,0.32033804059028625,0.3401589095592499,0.24805252254009247,1.0,0.4108784794807434,0.42782047390937805,0.007683590054512024,0.5070830583572388,0.008690927177667618,1.0,4.0
105,105,9.999238475781957e-07,0.23868252336978912,0,0.34574490785598755,-0.024802282452583313,-0.020812809467315674,-0.002487140242010355,-0.011118946596980095,0.007036522030830383,0.5,0.375,0.08739040046930313,0.00029115594225004315,-0.003667796030640602,-0.005350543186068535,0.0016827471554279327,0.12969765067100525,0.1260298639535904,0.17379122972488403,0.16844069957733154,0.18679970502853394,1.0,0.6335425972938538,0.2460763156414032,0.05006452277302742,0.3460874855518341,0.0670437216758728,1.0,4.0
106,106,9.998903417374226e-07,0.2719052731990814,0,0.17318005859851837,-0.004662490915507078,-0.011152960360050201,-0.0025795677211135626,-0.002669570967555046,0.0048466892912983894,0.125,0.0,0.07945504784584045,0.000870258139912039,-0.0018454864621162415,-0.0020590052008628845,0.00021351873874664307,0.03969438001513481,0.03784889355301857,0.10247693210840225,0.10041792690753937,0.1353524774312973,1.0,0.7694717645645142,0.19804103672504425,0.04093926399946213,0.2561913728713989,0.0565047413110733,1.0,4.0
107,107,9.998507448905916e-07,0.17535217106342316,0,0.3463019132614136,-0.021119656041264534,-0.024361420422792435,-0.010467084124684334,-0.013848727568984032,0.0037997092586010695,0.5,0.125,0.10255905985832214,0.0016627780860289931,0.00028925761580467224,-0.0002669934183359146,0.0005562510341405869,0.1315530389547348,0.13184230029582977,0.17260730266571045,0.17234031856060028,0.15398497879505157,1.0,0.6203294396400452,0.24878260493278503,0.039504408836364746,0.32554322481155396,0.05997757986187935,1.0,4.0
108,108,9.99805057520177e-07,1.0288946628570557,0,0.5179271101951599,-0.01226529199630022,-0.01685284450650215,-0.003434923244640231,-0.00601725559681654,0.005643573589622974,0.75,0.375,0.06923311203718185,0.000133380206534639,-0.005452914163470268,-0.009419217705726624,0.003966303542256355,0.33626025915145874,0.33080732822418213,0.48967811465263367,0.48025888204574585,0.12205010652542114,1.0,0.846235454082489,0.24792250990867615,0.14544452726840973,0.32191988825798035,0.24281221628189087,1.0,4.0
109,109,9.997532801828658e-07,0.22631502151489258,0,0.34792885184288025,-0.02463524229824543,-0.02564159780740738,-0.033297788351774216,-0.040976788848638535,0.012094149366021156,0.375,0.5,0.1047600507736206,0.0006042657769285142,0.0064670629799366,0.009152822196483612,-0.0026857592165470123,0.30363062024116516,0.31009769439697266,0.35689008235931396,0.3660429120063782,0.14152464270591736,1.0,0.6768580675125122,0.40794193744659424,0.03844837471842766,0.5230637192726135,0.05002845078706741,1.0,4.0
110,110,9.996954135095478e-07,0.08287292718887329,0,0.17368493974208832,-0.018560165539383888,-0.019242003560066223,0.002870401833206415,0.002780723385512829,0.0014112354256212711,0.25,0.125,0.09555792808532715,0.00029500614618882537,0.0041710808873176575,0.0049627721309661865,-0.000791691243648529,0.0493929460644722,0.053564026951789856,0.07390369474887848,0.07886646687984467,0.16881057620048523,1.0,0.578486442565918,0.19352631270885468,0.009845990687608719,0.252074271440506,0.012669947929680347,1.0,4.0
111,111,9.996314582053105e-07,0.2510877251625061,0,0.3481787145137787,-0.012329942546784878,-0.006536680739372969,0.010732006281614304,2.098013646900654e-05,0.007971366867423058,0.25,0.5,0.10152393579483032,0.00029814994195476174,-0.005669470876455307,-0.0024997107684612274,-0.0031697601079940796,0.11096275597810745,0.10529328882694244,0.15724234282970428,0.15474262833595276,0.22107331454753876,1.0,0.4177940785884857,0.21018363535404205,0.011268571019172668,0.31893590092658997,0.01245544571429491,1.0,4.0
112,112,9.99561415049429e-07,0.5304425358772278,0,0.3469681739807129,-0.02769572287797928,-0.031155887991189957,-0.010283413343131542,-0.03586578369140625,0.02439768612384796,0.25,0.25,0.11012079566717148,0.00039432867197319865,0.006019033491611481,0.00680672749876976,-0.0007876940071582794,0.16033251583576202,0.1663515567779541,0.16587471961975098,0.17268143594264984,0.20695103704929352,1.0,0.47225019335746765,0.3205704092979431,0.0065877800807356834,0.43593162298202515,0.007902967743575573,1.0,4.0
113,113,9.994852848953573e-07,0.6015328764915466,0,0.34689414501190186,-0.0197192020714283,-0.022635897621512413,-0.022077487781643867,-0.02946949005126953,0.005161473527550697,0.375,0.0,0.08165791630744934,0.0003703386173583567,0.007668145000934601,0.008276071399450302,-0.0006079263985157013,0.15419816970825195,0.16186630725860596,0.19523882865905762,0.20351490378379822,0.13752548396587372,1.0,0.7513517141342163,0.21930913627147675,0.018200097605586052,0.3107842803001404,0.023665860295295715,1.0,4.0
114,114,9.99403068670717e-07,0.5398207306861877,0,0.35635489225387573,-0.03140198439359665,-0.03439588099718094,0.00605072733014822,-0.005996319465339184,0.016802117228507996,0.375,0.125,0.12433721125125885,0.0006678829668089747,-0.012474067509174347,0.006891671568155289,-0.019365739077329636,0.13838469982147217,0.12591063976287842,0.21615812182426453,0.22304978966712952,0.16800899803638458,1.0,0.5707913637161255,0.2844870686531067,0.07665536552667618,0.43050241470336914,0.09656789153814316,1.0,4.0
115,115,9.99314767377287e-07,0.31466910243034363,0,0.34706398844718933,-0.025963762775063515,-0.03144168481230736,-0.01933920569717884,-0.03333417698740959,0.033864766359329224,0.25,0.25,0.10416493564844131,0.0004625565488822758,-0.001653037965297699,-0.0006734952330589294,-0.0009795427322387695,0.12515467405319214,0.12350162863731384,0.1521087884902954,0.15143528580665588,0.2252863049507141,1.0,0.46464160084724426,0.2348875254392624,0.03640354424715042,0.31876224279403687,0.04991826042532921,1.0,4.0
116,116,9.992203820909905e-07,0.7868557572364807,0,0.5180750489234924,-0.02518901228904724,-0.010112415999174118,-0.026937780901789665,-0.032800208777189255,0.004742071032524109,0.375,0.75,0.08988222479820251,0.0002542255388107151,0.0066850557923316956,0.003030546009540558,0.0036545097827911377,0.19383054971694946,0.20051562786102295,0.3533838987350464,0.35641443729400635,0.1563263088464737,1.0,0.6228865385055542,0.2705616354942322,0.007495231926441193,0.40203264355659485,0.011460433714091778,1.0,4.0
117,117,9.991199139618826e-07,0.2365417629480362,0,0.34429049491882324,-0.0030922996811568737,-0.003140061628073454,-0.0031281360425055027,-0.0054633645340800285,0.005586033221334219,0.25,0.5,0.0933859646320343,0.0004998712101951241,0.007233425974845886,0.002641230821609497,0.004592195153236389,0.2898485064506531,0.29708194732666016,0.3139227330684662,0.3165639638900757,0.7235867977142334,1.0,0.14576147496700287,0.37250417470932007,0.004607702139765024,0.47460880875587463,0.005718797445297241,1.0,4.0
118,118,9.990133642141357e-07,1.8527103662490845,0,0.3471168875694275,-0.0118947122246027,-0.006025041453540325,0.006011142395436764,0.0017852620221674442,0.003729088231921196,0.375,0.0,0.06689579784870148,0.00018108548829331994,-0.0005845483392477036,0.00037676095962524414,-0.0009613092988729477,0.1492817997932434,0.14869725704193115,0.16183346509933472,0.16221022605895996,0.1261182725429535,1.0,0.7714344263076782,0.28957074880599976,0.006481556687504053,0.3868962228298187,0.007707926444709301,1.0,4.0
119,119,9.989007341460249e-07,0.48820680379867554,0,0.3463650941848755,-0.0010368030052632093,-0.0014470177702605724,0.0011920693796128035,0.0007525156252086163,0.006151525303721428,0.375,0.125,0.09734028577804565,0.0007080633658915758,-0.012744154781103134,-0.013215456157922745,0.0004713013768196106,0.1155218854546547,0.10277773439884186,0.18512557446956635,0.1719101071357727,0.24612802267074585,1.0,0.40078407526016235,0.2280033975839615,0.009876525960862637,0.325194776058197,0.014349709264934063,1.0,4.0
120,120,9.98782025129912e-07,1.3826507329940796,0,0.5098058581352234,-0.02975369431078434,-0.03943222016096115,-0.01566101610660553,-0.02889537252485752,0.016649335622787476,0.625,0.25,0.09929957985877991,0.0006066046771593392,-0.03595805540680885,-0.05743537098169327,0.021477315574884415,0.4173475503921509,0.3813894987106323,0.6671942472457886,0.6097588539123535,0.2662636935710907,1.0,0.40702077746391296,0.29275986552238464,0.17448057234287262,0.3766304552555084,0.3423420786857605,1.0,4.0
121,121,9.98657238612229e-07,0.4749167263507843,0,0.5330773591995239,-0.008808106184005737,-0.00023599329870194197,0.0062723117880523205,-0.015913506969809532,0.02546912617981434,0.5,0.375,0.11794339120388031,0.0008973376825451851,-0.013677980750799179,0.012303836643695831,-0.02598181739449501,0.2023630440235138,0.18868505954742432,0.2651483714580536,0.2774522304534912,0.19501224160194397,1.0,0.5243514776229858,0.21447190642356873,0.00723162479698658,0.2956731915473938,0.011154292151331902,1.0,4.0
122,122,9.9852637611346e-07,0.0,0,0.0,-0.016062725335359573,-0.015114272013306618,0.0,0.0,0.0,0.0,0.0,0.06994681805372238,0.00031019755988381803,0.0,0.0,0.0,0.0,0.0,0.0,0.0,1.0,0.0,0.0,0.19600069522857666,0.022860512137413025,0.33786022663116455,0.031118588522076607,1.0,4.0
123,123,9.983894392281235e-07,0.5677252411842346,0,0.5234739780426025,-0.020726274698972702,-0.008344009518623352,0.0075498297810554504,-0.00766691705211997,0.01105403434485197,0.375,0.5,0.13544702529907227,0.0037214206531643867,0.006731212139129639,0.013915807008743286,-0.0071845948696136475,0.3042225241661072,0.3109537363052368,0.3654366135597229,0.3793524205684662,0.1941874921321869,1.0,0.48414602875709534,0.3797701597213745,0.013857614248991013,0.49942049384117126,0.015888221561908722,1.0,4.0
124,124,9.982464296247522e-07,0.49962058663368225,0,0.5249554514884949,-0.04459202662110329,-0.04610995948314667,-0.048604488372802734,-0.055851295590400696,0.017665449529886246,0.5,0.375,0.11300212144851685,0.0015179364709183574,0.02065323293209076,0.030753370374441147,-0.010100137442350388,0.16773343086242676,0.18838664889335632,0.24022817611694336,0.2709815502166748,0.2079012095928192,1.0,0.45707371830940247,0.20289120078086853,0.011703316122293472,0.30285847187042236,0.016505030915141106,1.0,4.0
125,125,9.980973490458728e-07,0.3653796315193176,0,0.17171776294708252,-0.0453963540494442,-0.03956723213195801,-0.0025452293921262026,-0.006014986429363489,0.00433050561696291,0.125,0.25,0.11181510984897614,0.0006997197051532567,-0.0001417025923728943,-0.0032896772027015686,0.0031479746103286743,0.03973628580570221,0.039594583213329315,0.0951911062002182,0.09190142899751663,0.291422575712204,1.0,0.36438003182411194,0.25056660175323486,0.01787918247282505,0.33501166105270386,0.021528208628296852,1.0,4.0
126,126,9.97942199307985e-07,0.7417659759521484,0,0.17293642461299896,-0.02958933636546135,-0.02313361130654812,0.0027343635447323322,0.0026976708322763443,8.527841418981552e-05,0.125,0.0,0.07045546919107437,0.0002169757499359548,0.008700817823410034,0.007999584078788757,0.0007012337446212769,0.06330797076225281,0.07200878858566284,0.08643816411495209,0.09443774819374084,0.24344299733638763,1.0,0.32986360788345337,0.39260780811309814,0.0036639508325606585,0.499709814786911,0.0049101910553872585,1.0,4.0
127,127,9.9778098230154e-07,0.19123485684394836,0,0.17349985241889954,-0.04655459523200989,-0.04465490207076073,-0.006921015679836273,-0.007383582182228565,0.0014964089496061206,0.25,0.125,0.1098056510090828,0.0011023563565686345,-0.0026770904660224915,-0.0022572111338377,-0.00041987933218479156,0.06959351152181625,0.06691642105579376,0.0969427078962326,0.09468549489974976,0.14671435952186584,1.0,0.5948627591133118,0.24409334361553192,0.0057509103789925575,0.3320213258266449,0.007403027266263962,1.0,4.0
128,128,9.976136999909155e-07,0.2883239686489105,0,0.5217223167419434,-0.0265334602445364,-0.027951879426836967,-0.02024037577211857,-0.029686396941542625,0.008331065066158772,0.625,0.375,0.11158197373151779,0.0020180800929665565,-0.012761061079800129,-0.009045913815498352,-0.003715147264301777,0.15208305418491364,0.13932199776172638,0.26985999941825867,0.2608141005039215,0.6605873107910156,1.0,0.2433444857597351,0.2183631956577301,0.01036835741251707,0.40567702054977417,0.012562738731503487,1.0,4.0
129,129,9.974403544143942e-07,0.20166966319084167,0,0.17213842272758484,-0.028266889974474907,-0.02168496698141098,-0.00796586461365223,-0.008202198892831802,0.0006505916826426983,0.125,0.0,0.13007669150829315,0.0018908609636127949,-0.003675553947687149,-0.00597759336233139,0.0023020394146442413,0.056432563811540604,0.052757009863853455,0.07824143767356873,0.07226384431123734,0.35563376545906067,1.0,0.302668035030365,0.2580207586288452,0.0059419781900942326,0.38303524255752563,0.007412215694785118,1.0,4.0
130,130,9.972609476841365e-07,0.7476850152015686,0,0.6974702477455139,-0.016775287687778473,-0.006723112426698208,0.015382211655378342,-0.009711969643831253,0.022493112832307816,0.625,0.625,0.13172373175621033,0.0022603459656238556,0.0023139212280511856,0.010624730959534645,-0.00831080973148346,0.27959316968917847,0.2819070816040039,0.4432888329029083,0.45391353964805603,0.37100374698638916,1.0,0.31008243560791016,0.24159055948257446,0.03579710051417351,0.35371994972229004,0.0540599524974823,1.0,4.0
131,131,9.970754819861577e-07,0.6580278873443604,0,0.6966748237609863,-0.014021888375282288,-0.024151982739567757,0.0024776384234428406,-0.028025716543197632,0.029644586145877838,0.5,0.75,0.11518638581037521,0.000964976439718157,0.0017178729176521301,0.008559755980968475,-0.006841883063316345,0.2581620216369629,0.2598799169063568,0.31341353058815,0.3219732642173767,0.4212445020675659,1.0,0.2767904996871948,0.28053340315818787,0.011959739960730076,0.39897334575653076,0.014842016622424126,1.0,4.0
132,132,9.968839595802981e-07,0.5490981340408325,0,0.5214231610298157,0.0030548281501978636,0.001798352226614952,0.003331407206133008,-0.0025741083081811666,0.008790306746959686,0.625,0.25,0.0608489029109478,0.00025315076345577836,0.0024934522807598114,0.005600994452834129,-0.003107542172074318,0.2652442455291748,0.2677376866340637,0.33383482694625854,0.3394358456134796,0.15141087770462036,1.0,0.6648218631744385,0.31742116808891296,0.057052478194236755,0.4239438772201538,0.0989626869559288,1.0,4.0
133,133,9.96686382800198e-07,0.0,0,0.0,-0.011509506031870842,-0.007958309724926949,0.0,0.0,0.0,0.0,0.0,0.07954224944114685,0.00028835839475505054,0.0,0.0,0.0,0.0,0.0,0.0,0.0,1.0,0.0,0.0,0.20565879344940186,0.013126609846949577,0.35402336716651917,0.01903734728693962,1.0,4.0
134,134,9.964827540532684e-07,0.28387612104415894,0,0.34121787548065186,-0.008616190403699875,-0.014097552746534348,-0.004046025685966015,-0.010645093396306038,0.007090200204402208,0.5,0.25,0.07772000133991241,0.0005887171719223261,-0.00845894031226635,-0.01935068517923355,0.010891744866967201,0.1539173126220703,0.1454583704471588,0.22692300379276276,0.2075723111629486,0.5005918145179749,1.0,0.27118077874183655,0.258600115776062,0.013010714203119278,0.40239229798316956,0.01964709907770157,1.0,4.0
135,135,9.96273075820661e-07,0.5374564528465271,0,0.3466706871986389,-0.009867597371339798,-0.018154338002204895,-0.00030651246197521687,-0.0053876121528446674,0.005621337331831455,0.25,0.25,0.11423055827617645,0.0015560368774458766,0.0003911703824996948,0.0005819164216518402,-0.00019074603915214539,0.09768866002559662,0.09807983040809631,0.1127663254737854,0.11334823817014694,0.20134487748146057,1.0,0.5595850348472595,0.22227412462234497,0.015021754428744316,0.3443266451358795,0.02139737829566002,1.0,4.0
136,136,9.960573506572389e-07,0.3274446725845337,0,0.3480623960494995,-0.010109195485711098,-0.008103546686470509,0.003337422851473093,-0.0037035923451185226,0.008727064356207848,0.25,0.5,0.12340133637189865,0.00198795716278255,-0.004936572164297104,-0.00200517475605011,-0.002931397408246994,0.09093122184276581,0.0859946459531784,0.14560438692569733,0.14359921216964722,0.2719469666481018,1.0,0.4597040116786957,0.1970842331647873,0.011717268265783787,0.31471651792526245,0.014430603012442589,1.0,4.0
137,137,9.958355811915451e-07,1.6375726461410522,0,0.37263086438179016,-0.008841201663017273,-0.01677420176565647,0.0014671313110738993,-0.01481948234140873,0.02180524729192257,0.375,0.0,0.11099494993686676,0.0015308769652619958,0.09253261238336563,0.14240451157093048,-0.04987190663814545,0.14206255972385406,0.2345951795578003,0.24310463666915894,0.3855091333389282,1.0,0.0,-0.3740401864051819,0.2518666982650757,0.05568934231996536,0.374051958322525,0.08753678947687149,1.0,4.0
138,138,9.956077701257707e-07,0.28089675307273865,0,0.3422539234161377,-0.036866020411252975,-0.04588354378938675,-0.040602948516607285,-0.06319667398929596,0.01735985092818737,0.25,0.0,0.09673001617193222,0.00043432568782009184,-0.0019299909472465515,-0.010665886104106903,0.008735895156860352,0.12927144765853882,0.12734146416187286,0.19121401011943817,0.18054813146591187,0.6230486035346985,1.0,0.21855875849723816,0.20078545808792114,0.013222241774201393,0.29124659299850464,0.02048453688621521,1.0,4.0
139,139,9.953739202357217e-07,0.43347644805908203,0,0.17935167253017426,-0.009023970924317837,-0.011747797951102257,-0.0027854968793690205,-0.002803214592859149,0.003855167655274272,0.125,0.0,0.12284243851900101,0.0024318350479006767,0.0018955469131469727,0.013881642371416092,-0.01198609545826912,0.06094673275947571,0.06284227967262268,0.053401339799165726,0.06728298217058182,0.3975571393966675,1.0,0.33235105872154236,0.2052735984325409,0.013062492944300175,0.32802334427833557,0.01786245033144951,1.0,4.0
140,140,9.95134034370785e-07,0.4396786689758301,0,0.5246198773384094,-0.016239993274211884,-0.015884291380643845,0.0027555120177567005,0.0019314815290272236,0.0042637065052986145,0.5,0.0,0.057072918862104416,0.00041158508975058794,-0.0026242248713970184,0.006825495511293411,-0.00944972038269043,0.15665918588638306,0.15403495728969574,0.2590486705303192,0.2658741772174835,0.17873212695121765,1.0,0.6277685165405273,0.21598458290100098,0.015400364995002747,0.37701642513275146,0.01965416967868805,1.0,4.0
141,141,9.948881154538944e-07,0.26455366611480713,0,0.17268839478492737,-0.018437178805470467,-0.015418593771755695,-0.009768563322722912,-0.01332409679889679,0.006601240485906601,0.25,0.25,0.08826553821563721,0.0003709758457262069,0.0007569342851638794,-0.000441892072558403,0.0011988263577222824,0.07273437082767487,0.07349130511283875,0.08765636384487152,0.08721446990966797,0.14259053766727448,1.0,0.7124463319778442,0.2738630175590515,0.006899819243699312,0.40459930896759033,0.011120992712676525,1.0,4.0
142,142,9.946361664814943e-07,1.5375901460647583,0,0.5132631659507751,-0.0132612194865942,-0.008337898179888725,-0.0049992576241493225,-0.019568685442209244,0.00898035243153572,0.375,0.25,0.09252408146858215,0.0006544117932207882,0.033832669258117676,0.020066119730472565,0.013766549527645111,0.3363361656665802,0.37016886472702026,0.632164716720581,0.6522307991981506,0.19884134829044342,1.0,0.4650242328643799,0.21249699592590332,0.2757350504398346,0.3263019025325775,0.7538629174232483,1.0,4.0
143,143,9.943781905235028e-07,0.7105303406715393,0,0.6970646381378174,-0.01008581928908825,-0.01100971456617117,0.004320042673498392,-0.015935787931084633,0.016676945611834526,0.5,0.5,0.08871903270483017,0.0021108610089868307,-0.013138914480805397,-0.0053721144795417786,-0.0077668000012636185,0.21550646424293518,0.20236754417419434,0.29116541147232056,0.285793274641037,0.19924256205558777,1.0,0.5328915119171143,0.20432151854038239,0.006426149979233742,0.31276974081993103,0.007499002851545811,1.0,4.0
144,144,9.941141907232763e-07,0.4886939227581024,0,0.6942528486251831,-0.028400342911481857,-0.019222470000386238,-0.012083812616765499,-0.060538340359926224,0.04507346451282501,0.625,0.625,0.12013887614011765,0.0007772077806293964,0.008200611919164658,0.010341499000787735,-0.0021408870816230774,0.3138918876647949,0.3220925033092499,0.4504644274711609,0.4608059227466583,0.2636609375476837,1.0,0.4073871076107025,0.32154181599617004,0.015562641434371471,0.44002237915992737,0.020665351301431656,1.0,4.0
145,145,9.938441702975689e-07,0.5840036869049072,0,0.34855079650878906,-0.018330173566937447,-0.0240478478372097,-0.016650987789034843,-0.02700214460492134,0.0073369890451431274,0.25,0.25,0.1085478812456131,0.0006757156224921346,0.013564527034759521,0.017499811947345734,-0.003935284912586212,0.11238160729408264,0.12594613432884216,0.1773539036512375,0.19485372304916382,0.12873926758766174,1.0,0.7619213461875916,0.23005324602127075,0.010596157982945442,0.3302614688873291,0.015146552585065365,1.0,4.0
146,146,9.93568132536494e-07,0.3878439962863922,0,0.528500497341156,-0.028473464772105217,-0.02263140119612217,-0.0057362280786037445,-0.025073949247598648,0.016344266012310982,0.5,0.5,0.11749085783958435,0.000908894173335284,0.019049067050218582,0.03616686165332794,-0.01711779646575451,0.1533273458480835,0.17237640917301178,0.29303479194641113,0.32920166850090027,0.17967991530895233,1.0,0.5324908494949341,0.21025030314922333,0.0038474525790661573,0.3468337655067444,0.005266628693789244,1.0,4.0
147,147,9.932860808034846e-07,0.5066596269607544,0,0.5260405540466309,-0.015101038850843906,-0.025413354858756065,-0.002994794398546219,-0.024303244426846504,0.021013960242271423,0.5,0.5,0.11113397777080536,0.0005229988018982112,0.00023844465613365173,0.012364082038402557,-0.012125637382268906,0.10657773911952972,0.10681618005037308,0.1482374668121338,0.16060154139995575,0.16186487674713135,1.0,0.55113685131073,0.179006427526474,0.02287454344332218,0.26730668544769287,0.03197981417179108,1.0,4.0
148,148,9.929980185352525e-07,0.37511274218559265,0,0.5186718106269836,-0.016870003193616867,-0.016504591330885887,-0.006971851922571659,-0.014631103724241257,0.008142020553350449,0.5,0.5,0.07793449610471725,0.00041521532693877816,0.00921634677797556,0.006833596155047417,0.0023827506229281425,0.1395241618156433,0.1487405002117157,0.2479042112827301,0.2547377943992615,0.14404161274433136,1.0,0.6656809449195862,0.19043190777301788,0.010941597633063793,0.32177454233169556,0.01779402419924736,1.0,4.0
149,149,9.92703949241745e-07,0.4614633321762085,0,0.5213623642921448,-0.04455302283167839,-0.034439817070961,-0.034071944653987885,-0.043979983776807785,0.021419135853648186,0.625,0.625,0.09473735839128494,0.00033092868397943676,-0.004118217155337334,-0.0011393595486879349,-0.002978857606649399,0.17997770011425018,0.1758594810962677,0.22299017012119293,0.22185081243515015,0.15776163339614868,1.0,0.5434902906417847,0.2688807249069214,0.006738685071468353,0.39245468378067017,0.009428475052118301,1.0,4.0
150,150,9.92403876506104e-07,0.324455589056015,0,0.5240347385406494,-0.00705003971233964,-0.02546585351228714,0.004416282754391432,-0.011253655888140202,0.01339792087674141,0.625,0.125,0.10128046572208405,0.0007597358198836446,0.01181250810623169,0.019775578752160072,-0.007963070645928383,0.15088005363941193,0.16269256174564362,0.29909175634384155,0.3188673257827759,0.22609645128250122,1.0,0.35215073823928833,0.1973223090171814,0.02961033396422863,0.3650510311126709,0.0502927228808403,1.0,4.0
151,151,9.92097803984621e-07,0.18541499972343445,0,0.34444504976272583,-0.014214280992746353,-0.010061586275696754,-0.0096051674336195,-0.011213093996047974,0.003868670901283622,0.25,0.25,0.09774243831634521,0.0009491394157521427,-0.018321458250284195,-0.02258843183517456,0.004266973584890366,0.14408661425113678,0.12576515972614288,0.22050368785858154,0.19791525602340698,0.3742288649082184,1.0,0.29812219738960266,0.2384471297264099,0.009771308861672878,0.3862973153591156,0.013580504804849625,1.0,4.0
152,152,9.91785735406693e-07,0.1656789779663086,0,0.1715281903743744,-0.02392854355275631,-0.004074824973940849,-1.0239542461931705e-05,-0.002772656502202153,0.0029952602926641703,0.25,0.0,0.09840288013219833,0.0014425369445234537,0.012096866965293884,0.008534513413906097,0.003562353551387787,0.05013563483953476,0.062232501804828644,0.07727876305580139,0.08581328392028809,0.18010984361171722,1.0,0.486706405878067,0.2546466588973999,0.005178782157599926,0.38078242540359497,0.007753006182610989,1.0,4.0
153,153,9.91467674574777e-07,0.6429650187492371,0,0.5196040868759155,-0.03324471414089203,-0.03322041407227516,0.002350621623918414,-0.00919951032847166,0.010442905128002167,0.375,0.25,0.10660892724990845,0.0006571232806891203,0.0015888512134552002,0.0010526888072490692,0.000536162406206131,0.1443261206150055,0.1459149569272995,0.1991017907857895,0.20015445351600647,0.15476250648498535,1.0,0.619688093662262,0.21364055573940277,0.004367060028016567,0.344321072101593,0.0061525823548436165,1.0,4.0
154,154,9.911436253643443e-07,2.073129177093506,0,0.6746201515197754,-0.025499382987618446,-0.019270414486527443,-0.029308153316378593,-0.04965169355273247,0.022141680121421814,0.625,0.25,0.09825709462165833,0.0015588277019560337,-0.015351831912994385,-0.05308638513088226,0.03773455321788788,0.30353182554244995,0.28817999362945557,0.49383771419525146,0.440751314163208,1.0,0.0,-0.4642828702926636,0.2259451150894165,0.06331456452608109,0.3365555703639984,0.12413536012172699,1.0,4.0
155,155,9.90813591723832e-07,0.5489950776100159,0,0.679233729839325,-0.02417845092713833,-0.01492911484092474,0.011595837771892548,-0.011093481443822384,0.030797209590673447,0.5,0.5,0.12465058267116547,0.00043915858259424567,0.02412131056189537,-0.004007719457149506,0.028129030019044876,0.23226097226142883,0.2563822865486145,0.4087238311767578,0.4047161340713501,0.15664902329444885,1.0,0.6154911518096924,0.1981692612171173,0.013992296531796455,0.3291746973991394,0.019351240247488022,1.0,4.0
156,156,9.904775776745956e-07,1.1391850709915161,0,0.5080950856208801,-0.018206322565674782,-0.01886066608130932,-0.007262270897626877,-0.011805325746536255,0.007989216595888138,0.375,0.0,0.10795346647500992,0.003511311486363411,-0.05666995793581009,-0.0807495191693306,0.024079561233520508,0.20816679298877716,0.15149682760238647,0.36362043023109436,0.28287091851234436,1.0,0.0,-0.03323323652148247,0.2316870391368866,0.04271700233221054,0.36908096075057983,0.05283818021416664,1.0,4.0
157,157,9.90135587310861e-07,0.48626330494880676,0,0.3512223958969116,-0.029134465381503105,-0.03217572346329689,-0.004562641493976116,-0.012286979705095291,0.004302029963582754,0.25,0.0,0.11810524016618729,0.0006681777886115015,0.009688176214694977,0.018920674920082092,-0.009232498705387115,0.1256096363067627,0.13529781997203827,0.17489491403102875,0.19381558895111084,0.21830253303050995,1.0,0.5728543400764465,0.2546533942222595,0.006847517564892769,0.37262412905693054,0.010151155292987823,1.0,4.0
158,158,9.89787624799672e-07,0.37279757857322693,0,0.5272588133811951,-0.017060330137610435,-0.029202865436673164,-0.01550363190472126,-0.031087633222341537,0.023930232971906662,0.5,0.0,0.08816080540418625,0.0011397269554436207,-0.01194632425904274,0.002754833549261093,-0.014701157808303833,0.3102110028266907,0.29826468229293823,0.41945406794548035,0.42220890522003174,1.0,0.0,0.08982186019420624,0.3336208462715149,0.005432772450149059,0.4763467013835907,0.007606223225593567,1.0,4.0
159,159,9.894336943808424e-07,0.1410861313343048,0,0.1757674217224121,-0.011003264226019382,-0.01935235783457756,-0.0059651946648955345,-0.00760094728320837,0.003436015686020255,0.25,0.125,0.059005510061979294,0.0004631540214177221,0.0077779777348041534,0.012652110308408737,-0.004874132573604584,0.047308776527643204,0.05508675426244736,0.08427094668149948,0.09692305326461792,0.28541260957717896,1.0,0.2632002830505371,0.14048828184604645,0.012897800654172897,0.25356680154800415,0.020718945190310478,1.0,4.0
160,160,9.890738003669027e-07,0.4181932508945465,0,0.3434183895587921,-0.02571438066661358,-0.022064082324504852,0.005570822395384312,0.002756497822701931,0.0028870468959212303,0.375,0.25,0.08344414830207825,0.00034119444899261,0.006940770894289017,0.000560348853468895,0.006380422040820122,0.12572425603866577,0.1326650232076645,0.16011767089366913,0.16067802906036377,0.27679771184921265,1.0,0.3226878345012665,0.26315799355506897,0.03872198238968849,0.3763359487056732,0.06547117978334427,1.0,4.0
161,161,9.887079471430479e-07,0.3081452548503876,0,0.34302228689193726,-0.02176968939602375,-0.015857502818107605,-0.000611916184425354,-0.014665769413113594,0.007372804917395115,0.5,0.25,0.10881572961807251,0.0008280372130684555,0.011271297931671143,0.004102207720279694,0.007169090211391449,0.18197768926620483,0.19324897229671478,0.29816797375679016,0.30227017402648926,0.5679728388786316,1.0,0.1838863044977188,0.27253785729408264,0.01678139716386795,0.4377545118331909,0.03736396133899689,1.0,4.0
162,162,9.883361391670839e-07,0.19294682145118713,0,0.17233271896839142,-0.023316096514463425,-0.01834605261683464,0.0026955187786370516,-0.00258315890096128,0.0024669331032782793,0.125,0.25,0.11676592379808426,0.0022189305163919926,0.005406409502029419,0.003494624048471451,0.0019117854535579681,0.03320230543613434,0.03860871493816376,0.06087665632367134,0.06437128037214279,0.1714026927947998,1.0,0.5574440360069275,0.20494073629379272,0.060828372836112976,0.3156295418739319,0.09454986453056335,1.0,4.0
163,163,9.879583809693736e-07,0.5981170535087585,0,0.35730719566345215,0.005159337073564529,0.004857190884649754,-0.0005870766472071409,-0.000997993745841086,0.007975094020366669,0.375,0.5,0.09776784479618073,0.0009731331956572831,0.012511759996414185,0.03368421271443367,-0.021172452718019485,0.17759469151496887,0.19010645151138306,0.35910046100616455,0.3927846848964691,0.13614735007286072,1.0,0.6658880114555359,0.20257475972175598,0.08147495985031128,0.3985070288181305,0.14567680656909943,1.0,4.0
164,164,9.875746771527815e-07,0.857937753200531,0,0.5266345739364624,-0.014154840260744095,-0.01687324047088623,-0.007417460437864065,-0.027181312441825867,0.019260486587882042,0.5,0.375,0.11572778224945068,0.001268494874238968,-0.009565424174070358,0.003787890076637268,-0.013353314250707626,0.2140684425830841,0.20450302958488464,0.3252493739128113,0.32903724908828735,0.362753301858902,1.0,0.3840729296207428,0.24821004271507263,0.017826244235038757,0.3830367922782898,0.02112509123980999,1.0,4.0
165,165,9.871850323926177e-07,1.345706820487976,0,0.35341477394104004,-0.013349075801670551,-0.020626600831747055,-0.016310665756464005,-0.02659330889582634,0.008610207587480545,0.25,0.0,0.1166348084807396,0.003640720620751381,-0.01519908756017685,-0.0016243234276771545,-0.013574764132499695,0.16125784814357758,0.14605876803398132,0.2062295377254486,0.20460522174835205,1.0,0.0,0.07897410541772842,0.23323926329612732,0.03289680927991867,0.3133546710014343,0.03448229283094406,1.0,4.0
166,166,9.8678945143658e-07,0.3543945848941803,0,0.349288672208786,-0.02603880688548088,-0.03218734636902809,-0.01420312374830246,-0.02273661643266678,0.009505209513008595,0.25,0.25,0.12325633317232132,0.0021398987155407667,-0.007943280041217804,-0.0025346502661705017,-0.005408629775047302,0.13454899191856384,0.12660571932792664,0.18881365656852722,0.18627899885177612,0.34462788701057434,1.0,0.29604336619377136,0.24405580759048462,0.0065910411067306995,0.38425570726394653,0.008854988031089306,1.0,4.0
167,167,9.863879391046983e-07,0.2480989545583725,0,0.3435593843460083,-0.029371801763772964,-0.03463556990027428,-0.010915696620941162,-0.035728536546230316,0.01655806414783001,0.25,0.0,0.12077467888593674,0.001175866462290287,0.0022558197379112244,-0.0037976130843162537,0.006053432822227478,0.1866602748632431,0.18891608715057373,0.2529628276824951,0.24916520714759827,0.15989123284816742,1.0,0.6194785833358765,0.44945549964904785,0.006204777397215366,0.5798251628875732,0.00814115721732378,1.0,4.0
168,168,9.859805002892731e-07,0.3919345736503601,0,0.35256296396255493,-0.015383442863821983,-0.002851656172424555,0.011360174044966698,-0.009967374615371227,0.020287632942199707,0.25,0.5,0.09554862976074219,0.00183208123780787,0.02045336365699768,0.032298874109983444,-0.011845510452985764,0.09265229851007462,0.1131056621670723,0.16022738814353943,0.19252626597881317,0.12507613003253937,1.0,0.7349069118499756,0.19976964592933655,0.07098942995071411,0.3531349301338196,0.10243725031614304,1.0,4.0
169,169,9.85567139954818e-07,0.33498111367225647,0,0.17487655580043793,-0.01612056791782379,-0.01407182589173317,0.002967479405924678,0.0029110987670719624,0.0005090741906315088,0.125,0.0,0.08286058902740479,0.0009291154565289617,-0.0031515955924987793,1.7873942852020264e-05,-0.0031694695353507996,0.0372280478477478,0.03407645225524902,0.04019191116094589,0.04020978510379791,0.19519145786762238,1.0,0.5091217756271362,0.19646304845809937,0.016923371702432632,0.31456124782562256,0.023417560383677483,1.0,4.0
170,170,9.851478631379982e-07,0.2736550271511078,0,0.3546167016029358,-0.026870649307966232,-0.022871006280183792,-0.005967495497316122,-0.01725737378001213,0.012406032532453537,0.5,0.375,0.1349446177482605,0.01285038236528635,0.049088992178440094,0.06459438800811768,-0.015505390241742134,0.11550097167491913,0.16458997130393982,0.14604508876800537,0.21063947677612305,0.1865392029285431,1.0,0.2631470561027527,0.23303872346878052,0.037288568913936615,0.32900139689445496,0.046279583126306534,1.0,4.0
171,171,9.847226749475694e-07,0.36179694533348083,0,0.5204833745956421,-0.008190390653908253,-0.01769384741783142,-0.0031454735435545444,-0.022769171744585037,0.019456621259450912,0.625,0.375,0.11564420908689499,0.0013467527460306883,0.004994675517082214,0.006179690361022949,-0.0011850148439407349,0.13394558429718018,0.13894027471542358,0.25062915682792664,0.2568088173866272,0.12385159730911255,1.0,0.7395705580711365,0.18235567212104797,0.02386379800736904,0.3005077838897705,0.028741901740431786,1.0,4.0
172,172,9.842915805643156e-07,0.7379902005195618,0,0.5287102460861206,-0.014153392985463142,-0.015104880556464195,-0.0076828887686133385,-0.010814392939209938,0.005482245236635208,0.5,0.0,0.08078086376190186,0.0007714697858318686,0.025745809078216553,0.04268711805343628,-0.016941308975219727,0.517443835735321,0.5431896448135376,0.772027850151062,0.8147149682044983,0.2005792111158371,1.0,0.48191338777542114,0.5293803811073303,0.061467453837394714,0.6779544353485107,0.19638590514659882,1.0,4.0
173,173,9.838545852409857e-07,0.328142374753952,0,0.35198530554771423,-0.021250789985060692,-0.027519194409251213,-0.007091314997524023,-0.010823942720890045,0.0047270082868635654,0.25,0.25,0.10260407626628876,0.001402685884386301,0.02215186506509781,0.032875753939151764,-0.010723888874053955,0.27677828073501587,0.2989301383495331,0.36850476264953613,0.4013805091381073,0.3243963420391083,1.0,0.221477210521698,0.37364116311073303,0.038197144865989685,0.4851599335670471,0.0430271178483963,1.0,4.0
174,174,9.834116943022297e-07,0.43507468700408936,0,0.5231260061264038,-0.022788384929299355,-0.0211495291441679,-0.013858355581760406,-0.027786195278167725,0.014209900982677937,0.625,0.5,0.10668697953224182,0.0010929980780929327,-0.010742876678705215,-0.004638794809579849,-0.006104081869125366,0.18409189581871033,0.1733490228652954,0.3016945719718933,0.29705575108528137,0.15055884420871735,1.0,0.7103531360626221,0.20891673862934113,0.03175404295325279,0.32593679428100586,0.0552646666765213,1.0,4.0
175,175,9.82962913144534e-07,1.3221601247787476,0,0.34410470724105835,-0.025665732100605965,-0.02597528137266636,-0.0011231759563088417,-0.004934546537697315,0.003814347553998232,0.25,0.5,0.11018072813749313,0.0013325996696949005,-0.0007856115698814392,-0.005990758538246155,0.005205146968364716,0.17487330734729767,0.17408770322799683,0.41109955310821533,0.405108779668808,0.14041635394096375,1.0,0.6896638870239258,0.19362622499465942,0.09200607985258102,0.3650852143764496,0.20331807434558868,1.0,4.0
176,176,9.825082472361556e-07,1.0993455648422241,0,0.34069693088531494,-0.023672085255384445,-0.014875620603561401,-0.005029890686273575,-0.01803230494260788,0.006419860292226076,0.25,0.25,0.094296395778656,0.0011377863120287657,0.009962998330593109,-0.0019556358456611633,0.011918634176254272,0.12322334945201874,0.13318635523319244,0.20671242475509644,0.20475679636001587,0.2775253355503082,1.0,0.3424231708049774,0.2518342137336731,0.021616213023662567,0.3817627727985382,0.0311441533267498,1.0,4.0
177,177,9.82047702117055e-07,1.547423243522644,0,0.5175716876983643,-0.027533603832125664,-0.029098188504576683,-0.02280062809586525,-0.03188888728618622,0.00566744152456522,0.375,0.0,0.11268182098865509,0.0017116197850555182,-0.0002739652991294861,-0.004871048033237457,0.004597082734107971,0.23913875222206116,0.23886479437351227,0.23712588846683502,0.23225484788417816,0.14769941568374634,1.0,0.597629964351654,0.2655723989009857,0.017973197624087334,0.351478636264801,0.02277575060725212,1.0,4.0
178,178,9.81581283398829e-07,0.2441140115261078,0,0.17111122608184814,0.005653306841850281,0.006869107484817505,-0.00275817746296525,-0.003584044985473156,0.0022268553730100393,0.125,0.25,0.06844625622034073,0.00047390596591867507,0.0051370300352573395,0.0007667914032936096,0.00437023863196373,0.0489957220852375,0.05413275212049484,0.06468209624290466,0.06544888764619827,0.19104166328907013,1.0,0.4967706501483917,0.12554067373275757,0.0023916263598948717,0.18057364225387573,0.0040444014593958855,1.0,4.0
179,179,9.811089967646427e-07,0.7366315126419067,0,0.516178548336029,-0.00791979767382145,-0.01641928404569626,-0.008532734587788582,-0.01928594708442688,0.0117078498005867,0.5,0.125,0.12476406991481781,0.0024630825500935316,0.005618501454591751,-0.0018414482474327087,0.00745994970202446,0.20650728046894073,0.2121257781982422,0.2841324210166931,0.2822909951210022,0.3165232837200165,1.0,0.33126968145370483,0.2927286624908447,0.005662776064127684,0.3907412588596344,0.006850380916148424,1.0,4.0
180,180,9.806308479691594e-07,0.12435795366764069,0,0.1731562316417694,-0.005212245974689722,-0.005172333680093288,-0.0066206487827003,-0.008200803771615028,0.0037730007898062468,0.25,0.25,0.08642546087503433,0.0003979533212259412,0.000739547424018383,0.00047825276851654053,0.0002612946555018425,0.04974658042192459,0.05048612877726555,0.06836825609207153,0.06884650886058807,0.14333003759384155,1.0,0.6942678689956665,0.16281555593013763,0.04892810434103012,0.2906888425350189,0.1193651482462883,1.0,4.0
181,181,9.801468428384716e-07,0.3109937310218811,0,0.6973395347595215,-0.02793929912149906,-0.02506091818213463,-0.006921341642737389,-0.012591121718287468,0.008745716884732246,0.5,0.0,0.10248669981956482,0.0006675106124021113,-0.012722035869956017,-0.00440279021859169,-0.008319245651364326,0.17274291813373566,0.1600208878517151,0.30786630511283875,0.30346354842185974,0.4360155463218689,1.0,0.20945554971694946,0.1715160459280014,0.006683548912405968,0.33839961886405945,0.01414654590189457,1.0,4.0
182,182,9.796569872700287e-07,0.3619195520877838,0,0.34745892882347107,-0.010405518114566803,0.0021410160697996616,0.004284689202904701,-0.010885503143072128,0.014335962012410164,0.25,0.5,0.07226867228746414,0.0002141110016964376,-0.011602306738495827,-0.009839758276939392,-0.0017625484615564346,0.1084359735250473,0.09683366119861603,0.24039903283119202,0.23055928945541382,0.2826623320579529,1.0,0.35246315598487854,0.1944536566734314,0.002072697039693594,0.3254363238811493,0.0034202351234853268,1.0,4.0
183,183,9.791612872325666e-07,0.5274884700775146,0,0.5277197957038879,-0.02087433449923992,-0.010605926625430584,-0.027357852086424828,-0.04656936600804329,0.02057366818189621,0.375,0.5,0.13850736618041992,0.0031132297590374947,0.03593660518527031,0.051312461495399475,-0.015375856310129166,0.2146633416414261,0.2505999207496643,0.3567057251930237,0.40801817178726196,0.45367732644081116,1.0,0.2637355327606201,0.20865389704704285,0.007324986159801483,0.3572462201118469,0.00982910580933094,1.0,4.0
184,184,9.786597487660335e-07,0.764663815498352,0,0.3374873399734497,-0.010576406493782997,-0.010592393577098846,0.0054181539453566074,0.0005499471444636583,0.0025244983844459057,0.25,0.25,0.07524196803569794,0.00017205963376909494,-0.013757215812802315,-0.03229726105928421,0.018540045246481895,0.11728238314390182,0.10352516919374466,0.22375041246414185,0.19145315885543823,0.1614263504743576,1.0,0.685631275177002,0.16581103205680847,0.034148141741752625,0.32243725657463074,0.09268341958522797,1.0,4.0
185,185,9.781523779815178e-07,0.450643390417099,0,0.6906434893608093,-0.027879714965820312,-0.013623105362057686,-0.015779975801706314,-0.05237647145986557,0.04103350639343262,0.625,0.625,0.13316689431667328,0.001015847665257752,0.05093797668814659,0.04559323191642761,0.00534474290907383,0.20941290259361267,0.26035088300704956,0.42024731636047363,0.46584051847457886,0.16927778720855713,1.0,0.4295223355293274,0.20706216990947723,0.01552390493452549,0.3921915590763092,0.018772128969430923,1.0,4.0
186,186,9.776391810611718e-07,0.14906488358974457,0,0.17421260476112366,-0.027031758800148964,-0.034818850457668304,0.0027904619928449392,0.0027417349629104137,0.0013313316740095615,0.125,0.0,0.10854725539684296,0.0010512443259358406,-2.9534101486206055e-05,0.0018186569213867188,-0.0018481910228729248,0.04118110612034798,0.04115157201886177,0.0863313153386116,0.08814997225999832,0.16642220318317413,1.0,0.711462676525116,0.18748459219932556,0.02959693782031536,0.3450016975402832,0.04781041294336319,1.0,4.0
187,187,9.771201642581384e-07,0.39236557483673096,0,0.34460753202438354,-0.0021137669682502747,-0.01967468298971653,-0.005586005747318268,-0.014773325994610786,0.009297034703195095,0.25,0.25,0.11932724714279175,0.003158167004585266,-0.0033107176423072815,-0.00731867179274559,0.004007954150438309,0.09184953570365906,0.08853882551193237,0.17214253544807434,0.16482385993003845,1.0,0.0,-0.3273259699344635,0.3134862780570984,0.005792270880192518,0.507314920425415,0.00813344307243824,1.0,4.0
188,188,9.765953338964734e-07,1.2786486148834229,0,0.17407730221748352,-0.035840779542922974,-0.043397895991802216,-0.006086297333240509,-0.007585529703646898,0.0009630477870814502,0.125,0.0,0.10846119374036789,0.0005287967505864799,-0.0009575411677360535,0.0006209760904312134,-0.0015785172581672668,0.08147070556879044,0.08051316440105438,0.0705973207950592,0.07121829688549042,0.20795869827270508,1.0,0.5230366587638855,0.23029018938541412,0.02220906689763069,0.3502975106239319,0.035526830703020096,1.0,4.0
189,189,9.760646963710692e-07,0.9675309062004089,0,0.3102400302886963,-0.007551113143563271,-0.004361152183264494,-0.0019352068193256855,-0.016384756192564964,0.010387632995843887,0.25,0.25,0.14262236654758453,0.0013331234222278,0.008356563746929169,-0.07168139517307281,0.08003795892000198,0.3860098719596863,0.39436644315719604,0.7243107557296753,0.6526293754577637,0.5891022086143494,1.0,0.17037728428840637,0.3868689239025116,0.10725898295640945,0.5568109154701233,0.2589775323867798,1.0,4.0
190,190,9.755282581475767e-07,0.6360116600990295,0,0.5186203122138977,-0.03241756930947304,-0.016158167272806168,-0.021640993654727936,-0.051543429493904114,0.0254780612885952,0.375,0.75,0.10958553850650787,0.0006296057254076004,0.030128829181194305,0.027558468282222748,0.0025703608989715576,0.16809692978858948,0.19822575151920319,0.2783145606517792,0.3058730363845825,0.16156882047653198,1.0,0.49398842453956604,0.2012174427509308,0.02720106579363346,0.35273998975753784,0.02952839806675911,1.0,4.0
191,191,9.74986025762326e-07,1.205088496208191,0,0.5052748918533325,-0.015976635739207268,-0.01313228253275156,0.0013438393361866474,-0.01564459688961506,0.02141953632235527,0.5,0.625,0.09068821370601654,0.0005677432636730373,-0.012255605310201645,-0.045401401817798615,0.03314579650759697,0.27343255281448364,0.2611769437789917,0.7259711027145386,0.6805696487426758,0.4032905697822571,1.0,0.2582665681838989,0.20889230072498322,0.12805703282356262,0.32804492115974426,0.47573232650756836,1.0,4.0
192,192,9.744380058222482e-07,2.7174394130706787,0,0.3597921133041382,-0.009636970236897469,-0.0069665247574448586,0.0026499521918594837,-0.0056371381506323814,0.00797087512910366,0.375,0.5,0.10851944237947464,0.0004200666444376111,-0.06844942271709442,-0.0426054522395134,-0.025843970477581024,0.4996492266654968,0.4311997890472412,0.8476483821868896,0.8050429224967957,1.0,0.0,-0.11062101274728775,0.20239469408988953,0.3449942469596863,0.3318674564361572,0.5807349681854248,1.0,4.0
193,193,9.738842050047928e-07,0.4829985201358795,0,0.34378939867019653,-0.010918870568275452,-0.016406765207648277,-0.011135772801935673,-0.017005862668156624,0.004035229794681072,0.25,0.25,0.09497391432523727,0.0007142961258068681,0.011831622570753098,0.006180673837661743,0.005650948733091354,0.11493687331676483,0.12676849961280823,0.25705695152282715,0.2632376253604889,0.16641567647457123,1.0,0.5908932685852051,0.1740376055240631,0.03736734390258789,0.2746046781539917,0.06282202899456024,1.0,4.0
194,194,9.733246300578482e-07,0.7627885937690735,0,0.6877267360687256,-0.015094074420630932,-0.007622444536536932,-0.0022163954563438892,-0.010109255090355873,0.013668508268892765,0.5,0.75,0.09361255168914795,0.00045763427624478936,0.02485046535730362,0.013861890882253647,0.010988574475049973,0.23986124992370605,0.2647117078304291,0.28400927782058716,0.2978711426258087,0.14689992368221283,1.0,0.5838185548782349,0.2203896939754486,0.01696925237774849,0.2922247052192688,0.019123146310448647,1.0,4.0
195,195,9.727592877996584e-07,0.5976388454437256,0,0.3470655083656311,-0.02146361768245697,-0.009286738932132721,-0.021624168381094933,-0.028674699366092682,0.008250685408711433,0.375,0.375,0.11728182435035706,0.0009357528761029243,-0.005160072818398476,-0.004236277192831039,-0.0009237956255674362,0.14361213147640228,0.13845205307006836,0.2672927975654602,0.26305651664733887,0.38470694422721863,1.0,0.3828495442867279,0.25235506892204285,0.02296462655067444,0.4765359163284302,0.02910749241709709,1.0,4.0
196,196,9.721881851187405e-07,0.2337573915719986,0,0.3518945574760437,-0.008716577664017677,-0.02221921645104885,-0.005999189801514149,-0.013719979673624039,0.007454491686075926,0.5,0.25,0.13910526037216187,0.002443951554596424,0.012778041884303093,0.023304155096411705,-0.010526113212108612,0.10099538415670395,0.1137734204530716,0.18172192573547363,0.2050260752439499,0.1913093626499176,1.0,0.5298978090286255,0.2158730924129486,0.10557415336370468,0.3755978047847748,0.17522619664669037,1.0,4.0
197,197,9.716113289738005e-07,1.11423659324646,0,0.5105670690536499,-0.022454779595136642,-0.030552338808774948,-0.03149982541799545,-0.06271995604038239,0.027894938364624977,0.5,0.5,0.11196433752775192,0.0008401689701713622,-0.08190607279539108,-0.10087734460830688,0.018971269950270653,0.2915111482143402,0.20960508286952972,0.5008093118667603,0.39993199706077576,0.43739548325538635,1.0,0.4362052083015442,0.2742818593978882,0.03701986372470856,0.42165493965148926,0.05104365944862366,1.0,4.0
198,198,9.710287263936483e-07,0.18532735109329224,0,0.1747327297925949,-0.007293805480003357,-0.010684456676244736,0.0027346042916178703,0.0027343821711838245,0.001232606009580195,0.125,0.25,0.09639772772789001,0.00047310267109423876,-0.006447397172451019,-0.0035638511180877686,-0.0028835460543632507,0.09610170125961304,0.08965430408716202,0.164299875497818,0.16073602437973022,0.5750420689582825,1.0,0.19939051568508148,0.213412806391716,0.007896695286035538,0.393069326877594,0.011268185451626778,1.0,4.0
199,199,9.704403844771127e-07,0.8745697736740112,0,0.6847141981124878,-0.029970090836286545,-0.03569507226347923,-0.03122805990278721,-0.04311112314462662,0.010403080843389034,0.5,0.5,0.10286761075258255,0.0004280097200535238,0.006046418100595474,-0.01102428138256073,0.017070699483156204,0.24011369049549103,0.2461601197719574,0.43905436992645264,0.4280301034450531,0.14254969358444214,1.0,0.7132658362388611,0.24041453003883362,0.011937608011066914,0.4021005928516388,0.013758561573922634,1.0,4.0
200,200,9.698463103929541e-07,1.1385613679885864,0,0.5199968814849854,-0.0299381036311388,-0.032409872859716415,-0.024030182510614395,-0.05334392189979553,0.030019987374544144,0.375,0.5,0.11892933398485184,0.0018541575409471989,0.06673034280538559,0.06687703728675842,-0.0001466907560825348,0.1436995565891266,0.21042990684509277,0.25352388620376587,0.3204008936882019,1.0,0.0,-0.25052446126937866,0.20731323957443237,0.024709800258278847,0.3180926442146301,0.031959131360054016,1.0,4.0
201,201,9.692465113797778e-07,2.76969051361084,0,0.3568834066390991,-0.02073749341070652,-0.02051709219813347,-0.0041739800944924355,-0.013554303906857967,0.005998657085001469,0.25,0.0,0.1006714254617691,0.00125465530436486,-0.014526758342981339,0.005789611488580704,-0.020316369831562042,0.10872609913349152,0.09419934451580048,0.18276701867580414,0.18855662643909454,0.41510629653930664,1.0,0.3472583591938019,0.18318124115467072,0.052603282034397125,0.31281355023384094,0.08429955691099167,1.0,4.0
202,202,9.686409947459457e-07,0.37076759338378906,0,0.5206674337387085,-0.008118811063468456,-0.004264930263161659,0.0026817077305167913,-0.007449495606124401,0.009422635659575462,0.5,0.625,0.087392158806324,0.0005848088767379522,-0.0005122385919094086,0.0010238252580165863,-0.0015360638499259949,0.3260115385055542,0.3254992961883545,0.4582033157348633,0.45922714471817017,0.30111101269721985,1.0,0.34265589714050293,0.3659486174583435,0.00652888510376215,0.5229427814483643,0.009239716455340385,1.0,4.0
203,203,9.680297678694867e-07,0.2279483675956726,0,0.1723630726337433,-0.009968768805265427,-0.01672881469130516,-0.0043853456154465675,-0.010132997296750546,0.0039056583773344755,0.125,0.0,0.10954496264457703,0.0009392269421368837,0.004626784473657608,0.002775914967060089,0.001850869506597519,0.04218386113643646,0.04681064561009407,0.08145799487829208,0.08423390984535217,0.17396225035190582,1.0,0.5824021100997925,0.2103116810321808,0.03493744134902954,0.32882779836654663,0.04960636794567108,1.0,4.0
204,204,9.674128381980071e-07,0.6557496190071106,0,0.5214166045188904,-0.00420074537396431,0.003942211624234915,0.006729579530656338,-0.008261711336672306,0.014765692874789238,0.375,0.5,0.10449688136577606,0.0006873150705359876,0.0018096286803483963,0.004910126328468323,-0.0031004976481199265,0.14625847339630127,0.14806810021400452,0.22032156586647034,0.22523169219493866,0.37448233366012573,1.0,0.287076860666275,0.19401028752326965,0.005801625549793243,0.3636413812637329,0.007922552525997162,1.0,4.0
205,205,9.667902132486008e-07,0.8716095089912415,0,0.37311941385269165,-0.009548063389956951,-0.0013152454048395157,-0.012301551178097725,-0.022113338112831116,0.008541308343410492,0.25,0.25,0.10609498620033264,0.0016603090334683657,0.0036700740456581116,0.05446285009384155,-0.05079277604818344,0.1303255558013916,0.13399562239646912,0.3168194591999054,0.37128230929374695,1.0,0.0,-0.34607845544815063,0.19104593992233276,0.06500411778688431,0.3117818832397461,0.06711979955434799,1.0,4.0
206,206,9.661619006077561e-07,0.4826076328754425,0,0.5248186588287354,-0.028920777142047882,-0.03614630177617073,-0.02962111122906208,-0.044951535761356354,0.015606235712766647,0.5,0.0,0.1032625138759613,0.00113730039447546,0.021686015650629997,0.031223192811012268,-0.00953717716038227,0.12471185624599457,0.14639787375926971,0.24343536794185638,0.27465856075286865,0.12487955391407013,1.0,0.6063969731330872,0.15575769543647766,0.029890257865190506,0.32130733132362366,0.04151143133640289,1.0,4.0
207,207,9.655279079312643e-07,1.3864504098892212,0,0.4947749376296997,-0.016556162387132645,-0.013396618887782097,0.002055998658761382,-0.0006126558873802423,0.003509778995066881,0.375,0.75,0.11080765724182129,0.0005028272280469537,0.013764247298240662,-0.04032963141798973,0.05409387871623039,0.343028724193573,0.35679298639297485,0.5913500189781189,0.5510203838348389,0.17917673289775848,1.0,0.48383206129074097,0.24539834260940552,0.16022510826587677,0.36936405301094055,0.3532874286174774,1.0,4.0
208,208,9.648882429441256e-07,0.2748282849788666,0,0.3510347008705139,-0.014392915181815624,-0.020891444757580757,0.005312117747962475,-0.0043107494711875916,0.011890341527760029,0.375,0.125,0.13228750228881836,0.0009219939820468426,0.0054082609713077545,0.014288656413555145,-0.00888039544224739,0.12294086813926697,0.12834912538528442,0.2059171199798584,0.22020578384399414,0.22160135209560394,1.0,0.46232718229293823,0.21810537576675415,0.005363226402550936,0.35492101311683655,0.007219965104013681,1.0,4.0
209,209,9.642429134404566e-07,0.5305987000465393,0,0.34696829319000244,-0.010010430589318275,-0.006227537523955107,0.005559801589697599,-0.002032956574112177,0.006444279104471207,0.25,0.25,0.08376555144786835,0.00047943106619641185,0.008611738681793213,0.009400691837072372,-0.0007889531552791595,0.106013223528862,0.11462496221065521,0.1856888383626938,0.19508951902389526,0.13550005853176117,1.0,0.6658855080604553,0.2398885190486908,0.00485112564638257,0.37230390310287476,0.006083047017455101,1.0,4.0
210,210,9.635919272833937e-07,0.6797598004341125,0,0.5239497423171997,-0.013899575918912888,-0.018757294863462448,-0.0055885715410113335,-0.027669062837958336,0.01723824255168438,0.5,0.375,0.11608166992664337,0.0005418781656771898,-0.00784306786954403,0.0002879425883293152,-0.008131010457873344,0.1321667730808258,0.12432371079921722,0.2902381420135498,0.2905260920524597,0.14061030745506287,1.0,0.6750022768974304,0.20155173540115356,0.01291285827755928,0.3795134723186493,0.01496700756251812,1.0,4.0
211,211,9.629352924049974e-07,0.353738397359848,0,0.1747010201215744,-0.024332432076334953,-0.03344929963350296,-0.008094188757240772,-0.020201826468110085,0.01249888725578785,0.125,0.0,0.12298417836427689,0.0007125221309252083,-0.002237550914287567,0.0005829557776451111,-0.0028205066919326782,0.06558296084403992,0.06334540992975235,0.07878994941711426,0.07937290519475937,0.18664151430130005,1.0,0.46080565452575684,0.19903075695037842,0.11613494902849197,0.36845266819000244,0.23507334291934967,1.0,4.0
212,212,9.622730168061567e-07,0.37643370032310486,0,0.34747135639190674,-0.004215618595480919,-0.002081792801618576,0.010926207527518272,0.005466748960316181,0.00404673395678401,0.25,0.25,0.10355942696332932,0.0006308028823696077,-0.016684748232364655,-0.014914177358150482,-0.0017705708742141724,0.09288180619478226,0.0761970579624176,0.18001452088356018,0.1651003360748291,0.1541684865951538,1.0,0.6625227332115173,0.1753568947315216,0.010231454856693745,0.2691059410572052,0.014483477920293808,1.0,4.0
213,213,9.616051085564904e-07,0.22213509678840637,0,0.17623184621334076,-0.008441581390798092,-0.0017417006893083453,-0.007781104184687138,-0.008470515720546246,0.0036053031217306852,0.125,0.25,0.07969651371240616,0.0019100403878837824,0.0032828226685523987,0.009138647466897964,-0.005855824798345566,0.03523639962077141,0.03851922228932381,0.05210239812731743,0.06124104559421539,1.0,0.0,-0.11516346037387848,0.19701017439365387,0.05362216383218765,0.33260026574134827,0.15015104413032532,1.0,4.0
214,214,9.609315757942502e-07,0.8552496433258057,0,0.5412780046463013,-0.012036694213747978,-0.03258999437093735,-0.008791930973529816,-0.047492772340774536,0.03524614870548248,0.5,0.125,0.09828437119722366,0.0005738215986639261,0.06002739071846008,0.10138093680143356,-0.04135353863239288,0.2060333639383316,0.2660607695579529,0.319309264421463,0.4206902086734772,0.6793254613876343,1.0,0.12284266948699951,0.21772445738315582,0.060863859951496124,0.38514265418052673,0.13560397922992706,1.0,4.0
215,215,9.602524267262202e-07,0.10136713087558746,0,0.3490692973136902,-0.009854422882199287,-0.00790947675704956,-0.008997971192002296,-0.016485992819070816,0.005950569175183773,0.25,0.25,0.08728249371051788,0.0016511630965396762,0.008929144591093063,0.013872846961021423,-0.00494370236992836,0.11454374343156815,0.12347288429737091,0.24247297644615173,0.25634580850601196,0.8169801831245422,1.0,0.08708697557449341,0.23215237259864807,0.0044693490490317345,0.4434124827384949,0.00676425127312541,1.0,4.0
216,216,9.595676696276171e-07,0.25061723589897156,0,0.5185084939002991,-0.013535020872950554,-0.016147783026099205,0.00032089767046272755,-0.005853609181940556,0.004463722463697195,0.5,0.125,0.11104749143123627,0.0021919342689216137,0.009571490809321404,0.006848486140370369,0.0027230046689510345,0.09794144332408905,0.1075129359960556,0.1597263067960739,0.16657480597496033,0.29314324259757996,1.0,0.32978081703186035,0.19853341579437256,0.007347087375819683,0.3205871284008026,0.00970396213233471,1.0,4.0
217,217,9.588773128419905e-07,0.22987930476665497,0,0.3437711298465729,-0.01671871729195118,-0.01623835787177086,-0.003114341991022229,-0.008176655508577824,0.008070748299360275,0.25,0.0,0.09445010870695114,0.0006557978922501206,-0.018723484128713608,-0.024531245231628418,0.00580776110291481,0.17091113328933716,0.15218764543533325,0.26214098930358887,0.23760975897312164,1.0,0.0,0.14142915606498718,0.22498221695423126,0.024716241285204887,0.3870593011379242,0.03201809525489807,1.0,4.0
218,218,9.581813647811197e-07,0.5553021430969238,0,0.5117477178573608,-0.015167947858572006,-0.011035135015845299,-0.0015855208039283752,-0.009783104062080383,0.013781405054032803,0.375,0.5,0.09625483304262161,0.00039578197174705565,0.014087464660406113,-0.0023241862654685974,0.01641165092587471,0.15347637236118317,0.16756384074687958,0.2737908363342285,0.2714666426181793,0.24597378075122833,1.0,0.37871673703193665,0.20907391607761383,0.002840209286659956,0.32269713282585144,0.0041223326697945595,1.0,4.0
219,219,9.574798339249123e-07,0.5003390312194824,0,0.3434498906135559,-0.018564525991678238,-0.02169540524482727,0.003661189693957567,0.0015205801464617252,0.0024469303898513317,0.25,0.0,0.09403211623430252,0.00034209791920147836,0.014228980988264084,0.00795341283082962,0.0062755681574344635,0.1063183918595314,0.12054736912250519,0.2110058218240738,0.218959242105484,0.23370300233364105,1.0,0.43016865849494934,0.24753764271736145,0.014628935605287552,0.36072206497192383,0.018398746848106384,1.0,4.0
220,220,9.567727288213004e-07,1.377860188484192,0,0.45456650853157043,-0.010880835354328156,-0.02036208100616932,-0.007157117128372192,-0.018183281645178795,0.007065036334097385,0.375,0.0,0.09481622278690338,0.003754503559321165,-0.0019786767661571503,-0.15235891938209534,0.1503802388906479,0.22939279675483704,0.22741413116455078,0.7217155694961548,0.5693566799163818,1.0,0.0,-0.21197333931922913,0.18260475993156433,0.0931611955165863,0.34706953167915344,0.28175485134124756,1.0,4.0
221,221,9.560600580861365e-07,0.283250093460083,0,0.17913606762886047,-0.02545216865837574,-0.025318456813693047,-0.0031919353641569614,-0.010771414265036583,0.007159897591918707,0.25,0.125,0.1163475438952446,0.0021698763594031334,0.016027316451072693,0.027571633458137512,-0.01154431700706482,0.08379045873880386,0.09981777518987656,0.1540757715702057,0.1816474050283432,0.2712789475917816,1.0,0.3456253111362457,0.20444855093955994,0.061453841626644135,0.380266010761261,0.13458536565303802,1.0,4.0
222,222,9.553418304030885e-07,0.4598730802536011,0,0.5143569707870483,-0.01582537777721882,-0.010919957421720028,-0.005127382930368185,-0.011757751926779747,0.004763280041515827,0.5,0.625,0.08944337069988251,0.0001785988570190966,0.019282348453998566,0.008101807907223701,0.011180540546774864,0.16245214641094208,0.18173450231552124,0.23722144961357117,0.24532325565814972,0.159439817070961,1.0,0.6504576206207275,0.2202223837375641,0.010138393379747868,0.36658620834350586,0.014265624806284904,1.0,4.0
223,223,9.546180545235343e-07,0.15785056352615356,0,0.5201862454414368,-0.0014640602748841047,-0.014977991580963135,0.0007731393561698496,-0.025775542482733727,0.020913884043693542,0.375,0.25,0.08889532089233398,0.0008494565263390541,0.010836616158485413,0.011484600603580475,-0.0006479844450950623,0.32188647985458374,0.33272308111190796,0.42136096954345703,0.4328455924987793,1.0,0.0,0.05536831542849541,0.3732677698135376,0.004948274232447147,0.5212066173553467,0.006355120334774256,1.0,4.0
224,224,9.538887392664543e-07,2.5612683296203613,0,0.3876948356628418,-0.02904871106147766,-0.029361329972743988,-0.005875391885638237,-0.015726285055279732,0.007585013285279274,0.375,0.25,0.10594592243432999,0.0003891820088028908,0.029379382729530334,0.10614462941884995,-0.07676524668931961,0.3566436469554901,0.38602304458618164,0.6463175415992737,0.7524621486663818,0.70015549659729,1.0,0.13581311702728271,0.2541056275367737,0.27698755264282227,0.38643425703048706,0.5437073111534119,1.0,4.0
225,225,9.531538935183249e-07,0.5490710139274597,0,0.3394806385040283,-0.016970401629805565,-0.01838977076113224,0.000318718608468771,-0.0007579822558909655,0.014271614141762257,0.25,0.0,0.09870894253253937,0.0005254679708741605,-0.009159829467535019,-0.02347605675458908,0.014316227287054062,0.10167182236909866,0.09251199662685394,0.17599448561668396,0.15251842141151428,0.12333142012357712,1.0,0.7792577147483826,0.16207383573055267,0.027616890147328377,0.29259440302848816,0.057308729737997055,1.0,4.0
226,226,9.524135262330098e-07,0.6176347732543945,0,0.19623199105262756,-0.020521048456430435,-0.024267084896564484,-0.007664905861020088,-0.014235669746994972,0.008212042972445488,0.125,0.25,0.058689601719379425,0.0005963149014860392,-0.008827827870845795,0.03513254225254059,-0.04396037012338638,0.06327413022518158,0.054446302354335785,0.23153869807720184,0.26667124032974243,0.38325420022010803,1.0,0.28456833958625793,0.18094506859779358,0.0324041023850441,0.3174442946910858,0.14648368954658508,1.0,4.0
227,227,9.516676464316504e-07,1.6166374683380127,0,0.4935784339904785,-0.002115911804139614,-0.0011399309150874615,0.0026686759665608406,-0.007939353585243225,0.007509663701057434,0.375,0.5,0.06424827128648758,0.0002987807965837419,0.005553998053073883,-0.04817634075880051,0.05373033881187439,0.4102669060230255,0.4158208966255188,0.6576392650604248,0.6094629764556885,0.2829742431640625,1.0,0.3694276511669159,0.3480263948440552,0.057978153228759766,0.4644116163253784,0.17126014828681946,1.0,4.0
228,228,9.509162632025569e-07,0.15853919088840485,0,0.34552204608917236,-0.02723649889230728,-0.016291968524456024,-0.014100180938839912,-0.023794403299689293,0.008683346211910248,0.25,0.5,0.11790383607149124,0.0008487208979204297,0.003788929432630539,0.0016824491322040558,0.002106480300426483,0.1598362922668457,0.16362521052360535,0.22426269948482513,0.2259451448917389,0.40009579062461853,1.0,0.22746875882148743,0.25312986969947815,0.0035174789372831583,0.4327259659767151,0.00478059146553278,1.0,4.0
229,229,9.501593857010968e-07,1.8408801555633545,0,0.27165478467941284,-0.0014814850874245167,-0.0007350270170718431,-0.00022943108342587948,-0.006290888879448175,0.002893325872719288,0.25,0.25,0.06634947657585144,0.00020971687627024949,-0.1272210329771042,-0.30811357498168945,0.18089254200458527,0.34437936544418335,0.21715834736824036,0.7116348743438721,0.4035212993621826,1.0,0.0,-0.08945833146572113,0.1385619193315506,0.15673531591892242,0.26266786456108093,0.39868292212486267,1.0,4.0
230,230,9.493970231495834e-07,0.47604072093963623,0,0.3500896692276001,-0.015446523204445839,-0.014846629463136196,-0.018463606014847755,-0.020564798265695572,0.0030252474825829268,0.25,0.5,0.06757897138595581,0.0007340686279349029,-0.007905766367912292,-0.0009220317006111145,-0.006983734667301178,0.08520658314228058,0.07730081677436829,0.21024343371391296,0.20932140946388245,0.231319859623909,1.0,0.468729168176651,0.22179707884788513,0.002325783483684063,0.36098146438598633,0.004732716828584671,1.0,4.0
231,231,9.486291848371642e-07,0.34352731704711914,0,0.3443950414657593,-0.02595098316669464,-0.0278683640062809,-0.01761777326464653,-0.022212369367480278,0.005774001590907574,0.375,0.125,0.1270371675491333,0.013860203325748444,0.0045819710940122604,0.00014166906476020813,0.004440302029252052,0.09122161567211151,0.09580358862876892,0.17852351069450378,0.1786651611328125,1.0,0.0,-0.40408089756965637,0.1840917021036148,0.01945611461997032,0.343362033367157,0.026379216462373734,1.0,4.0
232,232,9.478558801197064e-07,0.253153920173645,0,0.5201367139816284,-0.026184160262346268,-0.02025175653398037,-0.015287096612155437,-0.028139451518654823,0.018580283969640732,0.375,0.5,0.09081151336431503,0.00032037682831287384,0.0023540612310171127,0.002740226686000824,-0.00038616545498371124,0.10649554431438446,0.10884960740804672,0.18369174003601074,0.18643195927143097,0.2369130700826645,1.0,0.4222423732280731,0.14559674263000488,0.006722807884216309,0.2768675982952118,0.010325370356440544,1.0,4.0
233,233,9.47077118419684e-07,0.37677934765815735,0,0.35160908102989197,-0.025519298389554024,-0.03240681067109108,-0.01139461062848568,-0.014642355032265186,0.002249640878289938,0.25,0.25,0.11784563958644867,0.0007154589402489364,-0.0022295229136943817,0.00778406485915184,-0.010013587772846222,0.06971684843301773,0.06748732924461365,0.11285774409770966,0.1206418052315712,0.1753484010696411,1.0,0.6110801696777344,0.17256641387939453,0.00514775887131691,0.3097470700740814,0.00864012073725462,1.0,4.0
234,234,9.462929092260628e-07,0.5058123469352722,0,0.5238310694694519,-0.020273232832551003,-0.020334629341959953,-0.016440853476524353,-0.036002084612846375,0.013095542788505554,0.5,0.25,0.10199038684368134,0.0006414419622160494,-0.0012316089123487473,0.006607454270124435,-0.007839063182473183,0.1390869915485382,0.1378553956747055,0.2563682198524475,0.26297566294670105,0.2702094614505768,1.0,0.4739576578140259,0.1629330813884735,0.020271746441721916,0.3027539849281311,0.03179396688938141,1.0,4.0
235,235,9.455032620941839e-07,0.20094585418701172,0,0.17460091412067413,-0.015588110312819481,-0.02155652642250061,-0.01373200211673975,-0.021456856280565262,0.007361808326095343,0.25,0.0,0.10253161191940308,0.001471448689699173,0.0003876686096191406,0.003002803772687912,-0.0026151351630687714,0.07606221735477448,0.07644988596439362,0.10837562382221222,0.11137842386960983,0.1754460632801056,1.0,0.7166016697883606,0.20501187443733215,0.008495323359966278,0.3808709979057312,0.010653872974216938,1.0,4.0
236,236,9.447081866456487e-07,0.8757290840148926,0,0.5408799648284912,-0.022262027487158775,-0.024580281227827072,-0.010467120446264744,-0.02472841367125511,0.019016090780496597,0.375,0.25,0.13884200155735016,0.0009262347593903542,0.012377556413412094,0.05332889035344124,-0.040951333940029144,0.18742558360099792,0.19980314373970032,0.26393014192581177,0.3172590136528015,1.0,0.0,0.005684719420969486,0.22979383170604706,0.041323766112327576,0.35614854097366333,0.07361657172441483,1.0,4.0
237,237,9.439076925682005e-07,0.23949533700942993,0,0.3438255190849304,-0.028091754764318466,-0.018224190920591354,-0.0036386128049343824,-0.0225790124386549,0.013878069818019867,0.25,0.5,0.08943235874176025,0.0003829773049801588,0.004895821213722229,-0.0006476566195487976,0.005543477833271027,0.06877239793539047,0.0736682191491127,0.18871913850307465,0.18807148933410645,0.2091251164674759,1.0,0.49519413709640503,0.15853507816791534,0.002491934457793832,0.3892676830291748,0.004563989583402872,1.0,4.0
238,238,9.431017896156073e-07,0.2672821879386902,0,0.5082610845565796,-0.0037062987685203552,-0.009050358086824417,-0.00700326357036829,-0.017372820526361465,0.009918526746332645,0.625,0.125,0.12928210198879242,0.0019208714365959167,0.023773562163114548,0.00019720196723937988,0.023576360195875168,0.1583629548549652,0.18213650584220886,0.326119989156723,0.3263171911239624,0.4723378121852875,1.0,0.22313439846038818,0.16835463047027588,0.016642851755023003,0.31750890612602234,0.02319175750017166,1.0,4.0
239,239,9.42290487607542e-07,0.6117338538169861,0,0.5255864262580872,-0.011651728302240372,-0.00878351740539074,-0.0021337303332984447,-0.021992966532707214,0.02130867913365364,0.375,0.25,0.10000881552696228,0.004531403537839651,-0.009958047419786453,0.001096569001674652,-0.011054616421461105,0.18952032923698425,0.1795622706413269,0.3951854705810547,0.39628201723098755,0.18079659342765808,1.0,0.5830366015434265,0.17265672981739044,0.1026022881269455,0.38018763065338135,0.1532125174999237,1.0,4.0
240,240,9.414737964294634e-07,0.8266717791557312,0,0.5247266888618469,-0.011343173682689667,-0.015261096879839897,-0.017619995400309563,-0.022971605882048607,0.005785986315459013,0.375,0.0,0.11429434269666672,0.0008716690354049206,-0.02391468733549118,-0.01437293365597725,-0.009541753679513931,0.21876902878284454,0.19485434889793396,0.2733475863933563,0.2589746415615082,0.1587405800819397,1.0,0.5036380290985107,0.21489731967449188,0.009536156430840492,0.34964048862457275,0.014286760240793228,1.0,4.0
241,241,9.40651726032496e-07,1.0872737169265747,0,0.3267155587673187,-0.019448863342404366,-0.002174440771341324,-0.002697281539440155,-0.03576382249593735,0.03914298489689827,0.25,0.5,0.10477451980113983,0.00723838247358799,-0.06462021917104721,-0.10598304122686386,0.04136282205581665,0.21533367037773132,0.1507134586572647,0.3544502854347229,0.24846723675727844,1.0,0.0,0.002756501315161586,0.2600916922092438,0.03065536543726921,0.4081234037876129,0.0408184677362442,1.0,4.0
242,242,9.398242864333083e-07,0.5977712869644165,0,0.682158887386322,-0.022254860028624535,-0.024123596027493477,-0.003488011658191681,-0.013644261285662651,0.013494398444890976,0.625,0.5,0.10032802820205688,0.0005922561977058649,-0.001618834212422371,-0.024129768833518028,0.022510934621095657,0.1927841752767563,0.19116535782814026,0.33787795901298523,0.31374821066856384,0.25857728719711304,1.0,0.478793203830719,0.19810354709625244,0.02595539763569832,0.34526053071022034,0.045100171118974686,1.0,4.0
243,243,9.389914877139902e-07,0.768939733505249,0,0.34739840030670166,-0.02216142602264881,-0.016431165859103203,-0.0054089901968836784,-0.005565491504967213,0.0004320016596466303,0.25,0.25,0.10739700496196747,0.002057709963992238,0.011478710919618607,0.013088639825582504,-0.0016099289059638977,0.0917256772518158,0.1032043918967247,0.1407894492149353,0.1538780778646469,0.12085834890604019,1.0,0.6957740187644958,0.25510767102241516,0.03943640738725662,0.4337964951992035,0.05792020261287689,1.0,4.0
244,244,9.381533400219317e-07,0.6045832633972168,0,0.33755749464035034,-0.01871894672513008,-0.022425340488553047,-0.015259962528944016,-0.025234149768948555,0.01296213362365961,0.25,0.25,0.14228259027004242,0.0023635004181414843,0.028946172446012497,0.010745629668235779,0.018200542777776718,0.11120188236236572,0.14014804363250732,0.18463513255119324,0.19538074731826782,1.0,0.0,-0.39414530992507935,0.21303266286849976,0.018436407670378685,0.3602222204208374,0.03034769743680954,1.0,4.0
245,245,9.373098535696978e-07,2.1115143299102783,0,0.5277973413467407,-0.01928018219769001,-0.01576477847993374,-0.009680132381618023,-0.014333505183458328,0.00607291329652071,0.625,0.125,0.08123757690191269,0.0005601230077445507,0.08086591958999634,0.09642388671636581,-0.015557970851659775,0.22818036377429962,0.30904629826545715,0.5842339396476746,0.6806578636169434,1.0,0.0,0.026316994801163673,0.21355265378952026,0.14197765290737152,0.4121512770652771,0.29288649559020996,1.0,4.0
246,246,9.364610386349047e-07,0.5423029661178589,0,0.5027141571044922,-0.017591893672943115,-0.009258156642317772,-0.006749351974576712,-0.016091588884592056,0.009623754769563675,0.75,0.5,0.12105207145214081,0.000978696160018444,-0.01374071091413498,-0.05182189494371414,0.03808119148015976,0.17665234208106995,0.16291162371635437,0.4264064133167267,0.37458449602127075,0.5443809032440186,1.0,0.2467258870601654,0.21247714757919312,0.04020170122385025,0.3695383071899414,0.12614832818508148,1.0,4.0
247,247,9.356069055600947e-07,0.03731853887438774,0,0.17449110746383667,-0.009141170419752598,-0.010568819008767605,0.005570551380515099,0.002798310248181224,0.0029532411135733128,0.25,0.0,0.05083206295967102,0.00014588271733373404,-0.0019665630534291267,0.00043386127799749374,-0.0024004243314266205,0.02066899836063385,0.018702436238527298,0.03235669434070587,0.03279055655002594,0.24302977323532104,1.0,0.43663468956947327,0.1248222291469574,0.0036503728479146957,0.3057360053062439,0.006699989549815655,1.0,4.0
248,248,9.347474647526095e-07,0.45862385630607605,0,0.3237893879413605,-0.006285151932388544,-0.018007658421993256,-0.01672798953950405,-0.034484561532735825,0.01458258368074894,0.25,0.0,0.07587358355522156,0.00044074130710214376,0.034022897481918335,-0.013134732842445374,0.04715763032436371,0.12475040555000305,0.1587733030319214,0.2842484712600708,0.2711137533187866,0.11210397630929947,1.0,0.5545403957366943,0.1854093372821808,0.00872226245701313,0.3836938738822937,0.010966560803353786,1.0,4.0
249,249,9.338827266844642e-07,0.14267878234386444,0,0.17024804651737213,-0.008735956624150276,-0.008086985908448696,0.0008950100746005774,-0.002639868063852191,0.004711388610303402,0.125,0.25,0.10357803106307983,0.0030228374525904655,-0.004085026681423187,-0.01019991934299469,0.006114892661571503,0.0408223494887352,0.03673732280731201,0.10325551778078079,0.0930555984377861,0.13181789219379425,1.0,0.8206560611724854,0.1741906702518463,0.00783445779234171,0.3256433308124542,0.010020122863352299,1.0,4.0
250,250,9.330127018922193e-07,0.34834495186805725,0,0.34619855880737305,-0.006583142559975386,-0.004758084192872047,-0.004043980967253447,-0.011788416653871536,0.0027520381845533848,0.375,0.375,0.07518038153648376,0.0004952530143782496,0.0032095033675432205,0.0020995326340198517,0.0011099707335233688,0.11150659620761871,0.11471609771251678,0.21869908273220062,0.22079862654209137,0.16420289874076843,1.0,0.4921591579914093,0.14942526817321777,0.018252072855830193,0.3596078157424927,0.032675210386514664,1.0,4.0
251,251,9.321374009768524e-07,0.21204844117164612,0,0.17158710956573486,-0.008782817050814629,-0.005738853942602873,-0.0026439528446644545,-0.002700792159885168,9.190966375172138e-05,0.125,0.0,0.07618457078933716,0.0003316693182568997,0.0042849332094192505,0.0008739195764064789,0.0034110136330127716,0.03279232233762741,0.03707725554704666,0.05323302000761032,0.0541069395840168,0.3859628438949585,1.0,0.24773234128952026,0.22996249794960022,0.00668932544067502,0.39628276228904724,0.026049096137285233,1.0,4.0
252,252,9.312568346036287e-07,0.5158485770225525,0,0.5130621194839478,-0.01470190193504095,-0.013479509390890598,-0.00818614475429058,-0.013253414072096348,0.006833184976130724,0.375,0.75,0.10401709377765656,0.00040503236232325435,0.017488937824964523,0.0037934407591819763,0.013695497065782547,0.14137622714042664,0.15886515378952026,0.23940780758857727,0.24320124089717865,0.17081163823604584,1.0,0.553482711315155,0.22996027767658234,0.012728536501526833,0.3508879244327545,0.022339805960655212,1.0,4.0
253,253,9.303710135019717e-07,0.23051881790161133,0,0.6976770162582397,-0.048945795744657516,-0.020995423197746277,-0.014766005799174309,-0.05858492851257324,0.04089152440428734,0.75,1.0,0.12489426136016846,0.0012773884227499366,0.049979306757450104,0.05856619402766228,-0.008586887270212173,0.3303925693035126,0.3803718686103821,0.57558673620224,0.6341529488563538,0.26466208696365356,1.0,0.3331450819969177,0.33696791529655457,0.011748448014259338,0.5963081121444702,0.016724281013011932,1.0,4.0
254,254,9.294799484653322e-07,0.4477950632572174,0,0.5131304264068604,-0.009011919610202312,-0.011265764944255352,-0.013367503881454468,-0.02662363275885582,0.020403627306222916,0.375,0.25,0.10203029215335846,0.0009730126475915313,0.03622610867023468,0.022657372057437897,0.013568734750151634,0.1255027800798416,0.1617288887500763,0.278241366147995,0.3008987307548523,0.16038665175437927,1.0,0.4592736065387726,0.17568263411521912,0.008502447046339512,0.31068748235702515,0.011838676407933235,1.0,4.0
255,255,9.285836503510562e-07,0.14217624068260193,0,0.5167523622512817,-0.007387042045593262,-0.010842922143638134,0.008160199970006943,0.008066914975643158,0.005458258092403412,0.375,0.25,0.10913614183664322,0.0008319654152728617,0.005457941442728043,-0.0007809773087501526,0.006238918751478195,0.08055313676595688,0.08601107448339462,0.2344737946987152,0.23369282484054565,0.15804480016231537,1.0,0.6227140426635742,0.1525564193725586,0.05385252460837364,0.39798349142074585,0.10082472115755081,1.0,4.0
256,256,9.276821300802533e-07,0.39033228158950806,0,0.3443760871887207,-0.012814706191420555,-0.007530959788709879,-0.00020629004575312138,-0.01526457630097866,0.008858748711645603,0.25,0.5,0.06326979398727417,0.00047725203330628574,0.025652287527918816,0.0212178323417902,0.004434455186128616,0.06603588163852692,0.09168817102909088,0.12214493006467819,0.14336276054382324,0.27719026803970337,1.0,0.3058675229549408,0.2001236528158188,0.021952753886580467,0.3224756419658661,0.033873118460178375,1.0,4.0
257,257,9.267753986376636e-07,0.09483201056718826,0,0.1736864447593689,-0.008714057505130768,-0.011980087496340275,-0.003496801480650902,-0.007900961674749851,0.002153149340301752,0.125,0.0,0.05965114384889603,0.0006016812985762954,0.001889960840344429,0.0026886165142059326,-0.0007986556738615036,0.023191912099719048,0.025081872940063477,0.09076203405857086,0.0934506505727768,0.13394130766391754,1.0,0.6682628393173218,0.14286544919013977,0.002694619819521904,0.3524094820022583,0.004744351841509342,1.0,4.0
258,258,9.258634670715237e-07,0.7752677202224731,0,0.5080403089523315,-0.004804461263120174,-0.0013443774078041315,0.0089094378054142,0.00768706202507019,0.004656682722270489,0.375,0.25,0.08768157660961151,0.0011829554568976164,0.02109147235751152,-0.0030899271368980408,0.02418139949440956,0.15238212049007416,0.17347359657287598,0.322546124458313,0.31945618987083435,0.10538236796855927,1.0,0.7776552438735962,0.16324631869792938,0.07725540548563004,0.40623605251312256,0.18507999181747437,1.0,4.0
259,259,9.24946346493432e-07,0.5889648795127869,0,0.5051642060279846,-0.003979846835136414,-0.0001234002411365509,-0.0008821939118206501,-0.003044728422537446,0.00935638602823019,0.375,0.25,0.06830248236656189,0.0017340672202408314,0.019776521250605583,-0.0099310502409935,0.029707571491599083,0.1580328494310379,0.17780937254428864,0.3637911379337311,0.353860080242157,0.11237949132919312,1.0,0.6470724940299988,0.14617934823036194,0.03823366016149521,0.3724898099899292,0.05390165001153946,1.0,4.0
260,260,9.240240480782129e-07,0.435672789812088,0,0.3435424864292145,-0.011010300368070602,-0.011543950997292995,-0.009596200659871101,-0.011499130167067051,0.005543651524931192,0.25,0.25,0.08248087018728256,0.00025801267474889755,0.0209346991032362,0.014834526926279068,0.00610017217695713,0.06840437650680542,0.08933907747268677,0.14218729734420776,0.15702182054519653,1.0,0.0,0.04420161619782448,0.15829667448997498,0.006908545270562172,0.34038472175598145,0.011301213875412941,1.0,4.0
261,261,9.23096583063782e-07,0.7466942667961121,0,0.34117603302001953,-0.017487211152911186,-0.017040738835930824,-0.010566365905106068,-0.011656997725367546,0.004368317313492298,0.375,0.125,0.09626403450965881,0.0002555459795985371,0.006413385272026062,-0.00459638237953186,0.011009767651557922,0.12078868597745895,0.1272020787000656,0.2235235571861267,0.21892717480659485,0.3085172772407532,1.0,0.3240286409854889,0.22854548692703247,0.007040355820208788,0.3806053400039673,0.017842300236225128,1.0,4.0
262,262,9.221639627510075e-07,0.4492749869823456,0,0.5142004489898682,-0.005820539314299822,-0.0033891526982188225,0.002058750484138727,-0.004269846715033054,0.0067218998447060585,0.625,0.5,0.08851036429405212,0.0004557404317893088,-0.00041738245636224747,-0.011892877519130707,0.01147549506276846,0.1285693496465683,0.12815196812152863,0.21698999404907227,0.20509712398052216,0.3499372899532318,1.0,0.4533527195453644,0.18423333764076233,0.010562580078840256,0.2941029667854309,0.019550321623682976,1.0,4.0
263,263,9.212261985035737e-07,0.40669354796409607,0,0.5243361592292786,-0.013182790018618107,-0.014333347789943218,-0.009096023626625538,-0.017726898193359375,0.0070317573845386505,0.375,0.5,0.08913937211036682,0.0006247306009754539,0.00016370601952075958,0.00902918353676796,-0.0088654775172472,0.10167325288057327,0.10183695703744888,0.22691190242767334,0.235941082239151,0.30620622634887695,1.0,0.30713698267936707,0.15883217751979828,0.004271837882697582,0.38440507650375366,0.0067960843443870544,1.0,4.0
264,264,9.202833017478421e-07,0.7032411098480225,0,0.35265427827835083,-0.015642942860722542,-0.013572031632065773,-0.010886076837778091,-0.013388300314545631,0.0033005059231072664,0.375,0.125,0.10242883116006851,0.0005305061349645257,-0.013222083449363708,-0.001184016466140747,-0.012038066983222961,0.14000587165355682,0.12678378820419312,0.23548869788646698,0.23430468142032623,0.2968059778213501,1.0,0.3216606676578522,0.2031247913837433,0.0028345249593257904,0.3722153902053833,0.005151503253728151,1.0,4.0
265,265,9.19335283972712e-07,0.45703884959220886,0,0.16945500671863556,-0.0209683608263731,-0.012038554064929485,-0.00872508343309164,-0.009097940288484097,0.0013915917370468378,0.125,0.0,0.12149308621883392,0.0014417644124478102,-0.003547724336385727,-0.011270932853221893,0.007723208516836166,0.06112193316221237,0.057574208825826645,0.13557952642440796,0.12430859357118607,1.0,0.0,-0.507947564125061,0.18446014821529388,0.007595456670969725,0.31567350029945374,0.011174586601555347,1.0,4.0
266,266,9.183821567294808e-07,0.14745907485485077,0,0.33936432003974915,-0.006224391050636768,-0.0011081858538091183,0.004870826844125986,-0.001992618665099144,0.0057505713775753975,0.375,0.25,0.14244043827056885,0.0009529709932394326,-0.017841314896941185,-0.03251923993229866,0.014677925035357475,0.09840543568134308,0.08056411892175674,0.25708121061325073,0.22456195950508118,1.0,0.0,0.023650385439395905,0.18873810768127441,0.0056602926924824715,0.4240989685058594,0.008365386165678501,1.0,4.0
267,267,9.174239316317032e-07,0.31519457697868347,0,0.5271322727203369,-0.005054587963968515,-0.00451715849339962,0.008481686934828758,0.003667718730866909,0.006274254061281681,0.375,0.0,0.08510145545005798,0.00035295402631163597,-7.657893002033234e-05,0.014048635959625244,-0.014125214889645576,0.17279335856437683,0.17271678149700165,0.3184551000595093,0.3325037360191345,0.3811419606208801,1.0,0.272621214389801,0.20626094937324524,0.003475929144769907,0.45146092772483826,0.006312020123004913,1.0,4.0
268,268,9.164606203550497e-07,0.1023143008351326,0,0.1766413003206253,-0.005975891835987568,-0.009314893744885921,-0.002717914991080761,-0.007842456921935081,0.0034741717390716076,0.125,0.0,0.08986112475395203,0.0005012149340473115,0.005561396479606628,0.012226000428199768,-0.00666460394859314,0.07098980247974396,0.07655119895935059,0.15311311185359955,0.16533911228179932,0.13707536458969116,1.0,0.7136969566345215,0.13857612013816833,0.05058128759264946,0.34180647134780884,0.1340523213148117,1.0,4.0
269,269,9.154922346371641e-07,0.687633216381073,0,0.6921988129615784,-0.022403113543987274,-0.01929253526031971,-0.02539711818099022,-0.03817547857761383,0.016756374388933182,0.5,0.25,0.09946278482675552,0.0008155485847964883,0.019847799092531204,0.017864368855953217,0.0019834302365779877,0.22062407433986664,0.24047185480594635,0.3843475580215454,0.4022119343280792,0.19665324687957764,1.0,0.5522043704986572,0.22140370309352875,0.007045333739370108,0.3859047293663025,0.013688365928828716,1.0,4.0
270,270,9.145187862775208e-07,0.39988625049591064,0,0.3454199433326721,-0.0059687308967113495,0.0008781589567661285,0.005702906288206577,2.445327118039131e-05,0.005335059016942978,0.25,0.5,0.09057669341564178,0.00025562613154761493,0.0028539877384901047,0.0005429275333881378,0.002311060205101967,0.05562198907136917,0.058475978672504425,0.14496932923793793,0.14551225304603577,0.1800042986869812,1.0,0.5750859975814819,0.16238561272621155,0.00867653638124466,0.30436477065086365,0.012917459942400455,1.0,4.0
271,271,9.135402871372808e-07,0.4743117392063141,0,0.5167937278747559,-0.0016975183971226215,-0.0024497092235833406,-0.008938057348132133,-0.010291671380400658,0.0041242847219109535,0.5,0.25,0.052094876766204834,0.00013550248695537448,-0.001820235513150692,-0.008252264931797981,0.006432029418647289,0.1914200782775879,0.18959984183311462,0.401094913482666,0.3928426504135132,0.27791205048561096,1.0,0.3857762813568115,0.22321730852127075,0.00700737489387393,0.4915120601654053,0.017071090638637543,1.0,4.0
272,272,9.125567491391475e-07,0.2431916743516922,0,0.6886690855026245,-0.007148032542318106,-0.005395857151597738,-0.00482175312936306,-0.017709067091345787,0.015231428667902946,0.625,0.75,0.11571286618709564,0.0012541224714368582,0.032150886952877045,0.02315441146492958,0.008996475487947464,0.18339039385318756,0.215541273355484,0.3689650893211365,0.39211952686309814,0.37393617630004883,1.0,0.15764577686786652,0.1809343695640564,0.007925893180072308,0.3479951322078705,0.011970208026468754,1.0,4.0
273,273,9.11568184267221e-07,0.4034935534000397,0,0.3413046896457672,-0.00944201648235321,-0.004854101687669754,-0.0031041433103382587,-0.012000206857919693,0.007174849510192871,0.375,0.375,0.08825942873954773,0.0007915945025160909,0.020894184708595276,0.010150149464607239,0.010744035243988037,0.078781858086586,0.09967604279518127,0.2005520910024643,0.21070224046707153,0.5464568138122559,1.0,0.18765541911125183,0.22563335299491882,0.005819735117256641,0.4057614803314209,0.010127387940883636,1.0,4.0
274,274,9.10574604566852e-07,0.12432366609573364,0,0.17084184288978577,-0.02047238126397133,-0.010426048189401627,-0.002628164831548929,-0.009058496914803982,0.0059806532226502895,0.125,0.25,0.13836580514907837,0.0010616867803037167,-0.0057850182056427,-0.010699078440666199,0.0049140602350234985,0.1529364138841629,0.1471513956785202,0.23941902816295624,0.22871994972229004,1.0,0.0,-0.001058270107023418,0.31342339515686035,0.01218742411583662,0.4976133406162262,0.016820482909679413,1.0,4.0
275,275,9.095760221444959e-07,0.3926180899143219,0,0.3530176877975464,-0.03229951113462448,-0.03442076966166496,-0.008461467921733856,-0.015908950939774513,0.007569142617285252,0.25,0.25,0.09375113248825073,0.0032446542754769325,0.05598028749227524,0.06878066807985306,-0.01280038058757782,0.09509339928627014,0.15107369422912598,0.18683771789073944,0.2556183934211731,0.08930543810129166,1.0,0.40550655126571655,0.2777259945869446,0.02033812738955021,0.4920813739299774,0.03298928588628769,1.0,4.0
276,276,9.085724491675642e-07,0.5099963545799255,0,0.35007143020629883,-0.011060756631195545,-0.01568862423300743,-0.0048344018869102,-0.005458849482238293,0.006256097462028265,0.25,0.25,0.10888758301734924,0.0011887912405654788,0.011260736733675003,0.017908796668052673,-0.00664805993437767,0.16594338417053223,0.17720413208007812,0.18046976625919342,0.1983785629272461,1.0,0.0,0.06772040575742722,0.25921693444252014,0.004218814894556999,0.37255269289016724,0.006297411397099495,1.0,4.0
277,277,9.07563897864277e-07,0.32414764165878296,0,0.3407827913761139,-0.01795814000070095,-0.00855846144258976,-0.009276611730456352,-0.01630333811044693,0.008067799732089043,0.25,0.5,0.15428656339645386,0.002217259956523776,0.021412890404462814,0.00974641740322113,0.011666473001241684,0.08846405148506165,0.10987694561481476,0.18455913662910461,0.19430553913116455,1.0,0.0,-0.2644677460193634,0.22260983288288116,0.05168109014630318,0.4161493182182312,0.10035961866378784,1.0,4.0
278,278,9.065503805235137e-07,0.3547123372554779,0,0.5268473625183105,-0.013778398744761944,-0.016673773527145386,-0.007572499569505453,-0.01840471662580967,0.006947850808501244,0.5,0.25,0.06974470615386963,0.00041531631723046303,-0.0009332736954092979,0.012879548594355583,-0.013812822289764881,0.1459994614124298,0.14506618678569794,0.27808845043182373,0.29096800088882446,0.28676652908325195,1.0,0.33987531065940857,0.1574242115020752,0.0019208869198337197,0.33216553926467896,0.0040354616940021515,1.0,4.0
279,279,9.055319094946633e-07,0.2827483117580414,0,0.5313043594360352,-0.014177115634083748,-0.014130013063549995,-0.013241869397461414,-0.016222447156906128,0.005924851633608341,0.375,0.25,0.12004318833351135,0.0008560586138628423,0.03558942675590515,0.05824316293001175,-0.02265373431146145,0.08455529063940048,0.12014472484588623,0.3605324625968933,0.41877561807632446,0.5053246021270752,1.0,0.1764776110649109,0.14457693696022034,0.00302804633975029,0.37177082896232605,0.005406314041465521,1.0,4.0
280,280,9.045084971874737e-07,0.6557530164718628,0,0.3528929650783539,-0.018498539924621582,-0.007712970487773418,0.002954808995127678,0.00033928966149687767,0.0029359690379351377,0.375,0.375,0.07073432207107544,0.000429434614488855,-0.0020321374759078026,0.010495372116565704,-0.012527509592473507,0.08327307552099228,0.0812409371137619,0.15101654827594757,0.16151192784309387,0.14742004871368408,1.0,0.6465287804603577,0.14090338349342346,0.010694226250052452,0.2962322235107422,0.05150888115167618,1.0,4.0
281,281,9.034801560719009e-07,1.143564224243164,0,0.5078520178794861,-0.021437441930174828,-0.025083137676119804,-0.011853382922708988,-0.024203922599554062,0.014397239312529564,0.5,0.25,0.11565094441175461,0.009376345202326775,-0.07839397341012955,-0.10327321290969849,0.02487924136221409,0.25228551030158997,0.17389154434204102,0.49439480900764465,0.39112162590026855,1.0,0.0,-0.19646529853343964,0.2267095148563385,0.1395946890115738,0.438928484916687,0.42870306968688965,1.0,4.0
282,282,9.02446898677957e-07,0.44911593198776245,0,0.3424641489982605,-0.00949168298393488,-0.0010066560935229063,0.0009524913039058447,-0.009428595192730427,0.010984839871525764,0.25,0.5,0.11382769793272018,0.0005212370888330042,0.030060410499572754,0.0218045637011528,0.008255846798419952,0.08862870931625366,0.11868911981582642,0.15245065093040466,0.17425522208213806,0.26955971121788025,1.0,0.32997187972068787,0.16278845071792603,0.0037513121496886015,0.30438336730003357,0.006735058501362801,1.0,4.0
283,283,9.014087375955572e-07,0.6039419174194336,0,0.34734654426574707,-0.017000941559672356,-0.011199051514267921,0.002775767585262656,-0.0009164214134216309,0.0030982126481831074,0.375,0.125,0.08766616880893707,0.0011383744422346354,-0.01018795557320118,-0.008726861327886581,-0.001461094245314598,0.14666728675365448,0.13647933304309845,0.14904941618442535,0.14032256603240967,0.44968995451927185,1.0,0.3045361340045929,0.2769065797328949,0.009044160135090351,0.45208287239074707,0.014869937673211098,1.0,4.0
284,284,9.003656854743666e-07,0.6085911393165588,0,0.5279132127761841,0.01101723313331604,0.006972492206841707,0.021674226969480515,0.002880641957744956,0.019802477210760117,0.5,0.375,0.08084627240896225,0.0002673013659659773,-0.016655053943395615,-0.0012033544480800629,-0.015451699495315552,0.22147493064403534,0.20481987297534943,0.3165697157382965,0.31536635756492615,0.23055501282215118,1.0,0.4076765179634094,0.23771370947360992,0.008828223682940006,0.36673280596733093,0.018843065947294235,1.0,4.0
285,285,8.993177550236463e-07,0.18609488010406494,0,0.5177175402641296,-0.010354717262089252,-0.013966062106192112,-0.0058260271325707436,-0.013241002336144447,0.006993621587753296,0.5,0.125,0.10536804050207138,0.0006905646296218038,-0.0019552260637283325,-0.0064741745591163635,0.004518948495388031,0.22874978184700012,0.22679457068443298,0.4500514268875122,0.44357725977897644,1.0,0.0,0.03181394934654236,0.2735944986343384,0.012946715578436852,0.5140417814254761,0.026914173737168312,1.0,4.0
286,286,8.982649590120981e-07,0.5185478329658508,0,0.345639169216156,-0.0174344964325428,-0.014087855815887451,-0.0011889953166246414,-0.0017619577702134848,0.0037111835554242134,0.375,0.125,0.08083917945623398,0.0008289273246191442,0.003912800922989845,0.0018727891147136688,0.0020400118082761765,0.10539804399013519,0.10931083559989929,0.11472703516483307,0.11659982800483704,0.19849523901939392,1.0,0.41091352701187134,0.17993870377540588,0.004585622809827328,0.33630630373954773,0.007795865647494793,1.0,4.0
287,287,8.97207310267709e-07,0.5923049449920654,0,0.3341194689273834,-0.006741574499756098,-0.003527014749124646,-0.010222654789686203,-0.020428620278835297,0.018000157549977303,0.25,0.25,0.06834244728088379,0.00026607009931467474,-0.01571771502494812,-0.04094524681568146,0.025227531790733337,0.12139014899730682,0.1056724339723587,0.2803727090358734,0.23942746222019196,0.28972071409225464,1.0,0.4920400083065033,0.13031962513923645,0.03541460633277893,0.25748923420906067,0.09274556487798691,1.0,4.0
288,288,8.961448216775953e-07,0.271952360868454,0,0.530867338180542,-0.015455629676580429,-0.014215542934834957,-0.021597933024168015,-0.033018916845321655,0.01039734948426485,0.375,0.5,0.09927273541688919,0.00025866448413580656,-0.007180405780673027,0.01466822624206543,-0.021848632022738457,0.11267406493425369,0.10549366474151611,0.34876686334609985,0.3634350895881653,0.5976902842521667,1.0,0.1969386339187622,0.17989268898963928,0.0024121105670928955,0.37563633918762207,0.0059990487061440945,1.0,4.0
289,289,8.950775061878452e-07,0.06303936243057251,0,0.17332075536251068,-0.011760346591472626,-0.012443923391401768,-0.00300033250823617,-0.005609008017927408,0.003478891681879759,0.25,0.125,0.13041433691978455,0.00039313494926318526,-0.0012326985597610474,-0.001171201467514038,-6.149709224700928e-05,0.037934087216854095,0.03670138865709305,0.10705117136240005,0.10587996989488602,0.7092779278755188,1.0,0.15573251247406006,0.16946391761302948,0.009539574384689331,0.38646429777145386,0.027806472033262253,1.0,4.0
290,290,8.940053768033608e-07,0.1558329313993454,0,0.3485208749771118,-0.005913633853197098,-0.005028503946959972,-0.004188288003206253,-0.00764378160238266,0.0035207937471568584,0.375,0.25,0.05633818730711937,0.0011189151555299759,0.00951562263071537,0.013365395367145538,-0.003849772736430168,0.0628662258386612,0.07238184660673141,0.17719276249408722,0.19055816531181335,0.31662580370903015,1.0,0.2689957320690155,0.13594555854797363,0.007709094323217869,0.3163548707962036,0.01519670058041811,1.0,4.0
291,291,8.929284465877009e-07,0.789970874786377,0,0.5251970887184143,-0.015116751194000244,-0.010401350446045399,-0.007278060540556908,-0.013721613213419914,0.0046836454421281815,0.625,0.5,0.0896863266825676,0.0003160065971314907,-0.002473069354891777,0.007922127842903137,-0.010395197197794914,0.20774298906326294,0.205269917845726,0.28332147002220154,0.2912435829639435,1.0,0.0,-0.24815377593040466,0.24422340095043182,0.10252454876899719,0.4018319547176361,0.3963898718357086,1.0,4.0
292,292,8.918467286629198e-07,0.923440158367157,0,0.3644850552082062,-0.004069439135491848,-0.006022660061717033,-0.00013115443289279938,-0.005550583824515343,0.0032251267693936825,0.25,0.25,0.101748988032341,0.001260856632143259,-0.04581090435385704,-0.01062813401222229,-0.03518277034163475,0.1706743836402893,0.12486347556114197,0.25089994072914124,0.24027180671691895,0.37138715386390686,1.0,0.37200090289115906,0.26883137226104736,0.006091841496527195,0.46883320808410645,0.010486731305718422,1.0,4.0
293,293,8.907602362094093e-07,0.6091910600662231,0,0.3545907139778137,-0.023534663021564484,-0.026340078562498093,-0.006634480785578489,-0.012429976835846901,0.005320764146745205,0.375,0.125,0.09854313731193542,0.0005503621650859714,0.0016349377110600471,0.017446983605623245,-0.015812046825885773,0.11896804720163345,0.12060298025608063,0.15468165278434753,0.17212864756584167,0.24388574063777924,1.0,0.3414898216724396,0.1679912805557251,0.006093582138419151,0.3672848343849182,0.009752790443599224,1.0,4.0
294,294,8.896689824657371e-07,0.14533162117004395,0,0.340187132358551,-0.011797754094004631,-0.008680373430252075,0.00011590542271733284,3.900798037648201e-05,0.0003359206020832062,0.25,0.25,0.0817946195602417,0.0001669019547989592,0.021007809787988663,0.008150719106197357,0.012857090681791306,0.07335323840379715,0.09436105191707611,0.21493330597877502,0.22308403253555298,0.5588957071304321,1.0,0.16471029818058014,0.190489262342453,0.0020911269821226597,0.4299769699573517,0.0070992219261825085,1.0,4.0
295,295,8.885729807284854e-07,0.11940638720989227,0,0.17469348013401031,-0.005006111226975918,-0.008001485839486122,0.0014851961750537157,-0.0004339034203439951,0.0018226247048005462,0.125,0.0,0.06451132148504257,0.0038661211729049683,-0.0009232275187969208,0.0018822774291038513,-0.002805504947900772,0.026464268565177917,0.025541041046380997,0.10376887023448944,0.10565114766359329,1.0,0.0,-0.17479074001312256,0.15308961272239685,0.014612715691328049,0.30357056856155396,0.05697186291217804,1.0,4.0
296,296,8.874722443520898e-07,0.0,0,0.0,-0.009541144594550133,-0.009362821467220783,0.0,0.0,0.0,0.0,0.0,0.0761883556842804,0.0007659166003577411,0.0,0.0,0.0,0.0,0.0,0.0,0.0,1.0,0.0,0.0,0.1999640166759491,0.014134889468550682,0.370343953371048,0.02495785430073738,1.0,4.0
297,297,8.863667867486755e-07,0.3939031958580017,0,0.69069504737854,-0.018476024270057678,-0.017720960080623627,-0.005475429818034172,-0.019541341811418533,0.016358228400349617,0.5,0.5,0.11576999723911285,0.001015984918922186,0.006184851750731468,0.0012142565101385117,0.0049705952405929565,0.17100605368614197,0.177190899848938,0.3189733624458313,0.32018762826919556,0.24051111936569214,1.0,0.37686219811439514,0.18099229037761688,0.0031411577947437763,0.3306930959224701,0.005572948604822159,1.0,4.0
298,298,8.852566213878946e-07,0.3002702593803406,0,0.6981937289237976,-0.021440694108605385,-0.013884716667234898,-0.006527072750031948,-0.015778498724102974,0.007917815819382668,0.75,0.625,0.11916089057922363,0.0006670954171568155,0.03522760793566704,0.04504358023405075,-0.009815972298383713,0.11906369775533676,0.1542913168668747,0.2564910054206848,0.3015345633029938,0.46798762679100037,1.0,0.20592477917671204,0.15646469593048096,0.0034350550267845392,0.38188666105270386,0.006047277711331844,1.0,4.0
299,299,8.841417617967617e-07,0.2555091679096222,0,0.34745192527770996,-0.010721297934651375,-0.005443572998046875,0.004242926370352507,-0.0014675457496196032,0.007008126005530357,0.25,0.25,0.09990497678518295,0.0005065909936092794,0.0019536707550287247,0.0037087053060531616,-0.001755034551024437,0.05399756133556366,0.055951233953237534,0.1838405430316925,0.18754926323890686,1.0,0.0,0.022154860198497772,0.1266855001449585,0.08629513531923294,0.3369077444076538,0.28352415561676025,1.0,4.0
300,300,8.83022221559489e-07,0.49419987201690674,0,0.5134934782981873,-0.022671442478895187,-0.006678128615021706,-0.009723637253046036,-0.04148734360933304,0.02641279622912407,0.375,0.5,0.08269371837377548,0.00025571996229700744,0.0001655369997024536,-0.012730725109577179,0.012896262109279633,0.15679877996444702,0.15696431696414948,0.2090977281332016,0.19636699557304382,0.23182211816310883,1.0,0.3739234209060669,0.19463549554347992,0.0025415150448679924,0.28814539313316345,0.0057620941661298275,1.0,4.0
301,301,8.818980143173212e-07,0.596494197845459,0,0.7039361596107483,-0.00963571760803461,-0.010111691430211067,-0.005419542547315359,-0.01027584820985794,0.012733750976622105,0.5,1.0,0.12402751296758652,0.0005694786086678505,-0.013658605515956879,0.0073649585247039795,-0.021023564040660858,0.3003292381763458,0.28667062520980835,0.5386980175971985,0.5460629463195801,0.18186646699905396,1.0,0.4721459150314331,0.2674923539161682,0.008437280543148518,0.4784047603607178,0.016151176765561104,1.0,4.0
302,302,8.807691537683684e-07,0.22670598328113556,0,0.3505423069000244,-0.003257256932556629,-0.013850146904587746,0.002184842713177204,-0.0037691579200327396,0.010092352516949177,0.5,0.0,0.1025799810886383,0.0005950033664703369,-0.009825726971030235,-0.0020062271505594254,-0.00781949982047081,0.11052940785884857,0.10070367902517319,0.15714305639266968,0.1551368236541748,0.22241418063640594,1.0,0.4465167820453644,0.18481317162513733,0.007367867510765791,0.31610336899757385,0.013738218694925308,1.0,4.0
303,303,8.796356536674403e-07,0.5698996782302856,0,0.507620096206665,-0.018603593111038208,-0.02658497355878353,-0.021084070205688477,-0.03435071185231209,0.013528499752283096,0.375,0.0,0.10472424328327179,0.0008973919902928174,0.021936729550361633,-0.0027547702193260193,0.024691499769687653,0.1859501749277115,0.20788690447807312,0.2918001413345337,0.2890453636646271,0.16263730823993683,1.0,0.5211995244026184,0.2016131579875946,0.030614066869020462,0.3698657155036926,0.05521228164434433,1.0,4.0
304,304,8.784975278258782e-07,0.21323472261428833,0,0.5224431753158569,-0.012934001162648201,-0.01862431690096855,-0.010053123347461224,-0.01847032830119133,0.009851222857832909,0.5,0.5,0.12531939148902893,0.00030411293846555054,0.010034851729869843,0.015160221606492996,-0.005125369876623154,0.1275729387998581,0.13760778307914734,0.19394801557064056,0.20910824835300446,0.30883005261421204,1.0,0.31084346771240234,0.17537826299667358,0.0016558582428842783,0.3247179090976715,0.003735358826816082,1.0,4.0
305,305,8.773547901113861e-07,0.16701658070087433,0,0.33023306727409363,-0.01893775537610054,-0.01785580813884735,-0.0027172318659722805,-0.010860398411750793,0.013311993330717087,0.375,0.375,0.1552659273147583,0.0007185361464507878,-0.020818177610635757,-0.05427294969558716,0.0334547720849514,0.1323886513710022,0.11157047748565674,0.30364203453063965,0.2493690848350525,0.4419292211532593,1.0,0.19214335083961487,0.38601720333099365,0.003956235945224762,0.6308300495147705,0.007270513102412224,1.0,4.0
306,306,8.762074544478621e-07,0.3236275017261505,0,0.5099543333053589,-0.019641032442450523,-0.022807981818914413,-0.009807897731661797,-0.019154956564307213,0.01014383789151907,0.5,0.25,0.13101264834403992,0.0014038743684068322,0.008877983316779137,-0.011078223586082458,0.019956206902861595,0.13406260311603546,0.14294058084487915,0.2643556594848633,0.25327742099761963,0.5951262712478638,1.0,0.14672258496284485,0.18821172416210175,0.004471763968467712,0.3746988773345947,0.008170505985617638,1.0,4.0
307,307,8.750555348152298e-07,0.5108128190040588,0,0.6879774332046509,0.00621764175593853,0.010528786107897758,0.010006004013121128,0.002446846105158329,0.010402528569102287,0.5,0.75,0.044632941484451294,6.386270251823589e-05,-0.0003456156700849533,-0.010764800012111664,0.01041918434202671,0.3325497508049011,0.3322041630744934,0.5573282241821289,0.5465633869171143,0.47941654920578003,1.0,0.2057759016752243,0.34327390789985657,0.0016984364483505487,0.5354095697402954,0.00503938551992178,1.0,4.0
308,308,8.73899045249266e-07,0.17207613587379456,0,0.3416873812675476,0.005438821390271187,-0.01683635078370571,0.008635634556412697,-0.006947348825633526,0.01196364127099514,0.375,0.125,0.0957714319229126,0.0026417209301143885,0.010478689335286617,0.0006068218499422073,0.00987186748534441,0.06513101607561111,0.0756097063422203,0.10494324564933777,0.10555006563663483,0.14215399324893951,1.0,0.5219281315803528,0.17742681503295898,0.00691214669495821,0.27499672770500183,0.024193568155169487,1.0,4.0
309,309,8.72737999841431e-07,0.10716401040554047,0,0.1726568043231964,-0.008365675806999207,-0.014472566545009613,-0.002732915338128805,-0.002734213834628463,0.0002515489177312702,0.125,0.25,0.1033824011683464,0.0025895817670971155,0.0008149649947881699,-0.0004465952515602112,0.001261560246348381,0.02360961213707924,0.02442457713186741,0.034578580409288406,0.034131985157728195,0.28078505396842957,1.0,0.3773253858089447,0.16397340595722198,0.037885647267103195,0.28867149353027344,0.09760302305221558,1.0,4.0
310,310,8.71572412738697e-07,0.9368832111358643,0,0.5213747024536133,-0.026066768914461136,-0.02185092307627201,-0.010096448473632336,-0.03000520169734955,0.01887601800262928,0.5,0.625,0.10748069733381271,0.0010902234353125095,-0.009151073172688484,-0.006270542740821838,-0.002880530431866646,0.20473086833953857,0.19557979702949524,0.23457127809524536,0.22830075025558472,0.24297453463077545,1.0,0.4721038341522217,0.22348274290561676,0.00934468675404787,0.339145690202713,0.01669449731707573,1.0,4.0
311,311,8.70402298143375e-07,0.04936104640364647,0,0.1736184060573578,-0.02938758209347725,-0.02896157279610634,-0.0025890651158988476,-0.005444987677037716,0.0023885159753262997,0.25,0.125,0.10940757393836975,0.0004157407383900136,-0.002344442531466484,-0.0017070136964321136,-0.0006374288350343704,0.03817203640937805,0.03582759574055672,0.04530136659741402,0.0435943529009819,0.48155784606933594,1.0,0.20386089384555817,0.16516153514385223,0.2384704053401947,0.3655785322189331,0.561292290687561,1.0,4.0
312,312,8.69227670312942e-07,0.12139786034822464,0,0.34001368284225464,-0.026400329545140266,-0.022886663675308228,-0.007211728952825069,-0.014563286677002907,0.005188588052988052,0.25,0.0,0.12333711981773376,0.0002971888752654195,0.005251944065093994,-0.008109644055366516,0.01336158812046051,0.10127585381269455,0.10652779787778854,0.2570670545101166,0.24895739555358887,1.0,0.0,0.01765923760831356,0.2548788785934448,0.010667740367352962,0.4905358850955963,0.021709207445383072,1.0,4.0
313,313,8.680485435598672e-07,0.3049493432044983,0,0.5206838846206665,-0.007893433794379234,-0.011155720800161362,0.003135440405458212,-0.007085724733769894,0.012510490603744984,0.5,0.375,0.1194731593132019,0.0006914418190717697,0.014761918224394321,0.01618664711713791,-0.0014247288927435875,0.07978679984807968,0.09454871714115143,0.2036449909210205,0.219831645488739,0.34483176469802856,1.0,0.24727268517017365,0.168198361992836,0.0513056181371212,0.36284562945365906,0.1457730084657669,1.0,4.0
314,314,8.668649322514381e-07,0.5270065665245056,0,0.6932523846626282,-0.025296751409769058,-0.01380110438913107,-0.02616288512945175,-0.04356010630726814,0.01249311026185751,0.5,0.5,0.1437176614999771,0.0018485316541045904,0.005019187927246094,0.005029045045375824,-9.857118129730225e-06,0.24932822585105896,0.25434741377830505,0.43485647439956665,0.43988552689552307,0.2272152155637741,1.0,0.34419116377830505,0.2517552375793457,0.013140488415956497,0.39239388704299927,0.019271742552518845,1.0,4.0
315,315,8.656768508095852e-07,0.07846522331237793,0,0.17168118059635162,-0.007706889882683754,-0.010794790461659431,-0.003432315541431308,-0.008183267898857594,0.0038403922226279974,0.125,0.0,0.07841876149177551,0.00018366085714660585,-0.0031800083816051483,-0.006401628255844116,0.003221619874238968,0.04569327458739281,0.04251326620578766,0.14640368521213531,0.1400020569562912,0.5472657084465027,1.0,0.19754138588905334,0.15866506099700928,0.0023172919172793627,0.36114996671676636,0.0051519861444830894,1.0,4.0
316,316,8.644843137107057e-07,0.9565495848655701,0,0.34366849064826965,-0.008456237614154816,-0.018712038174271584,0.0007435155566781759,-0.00011276779696345329,0.0034535673912614584,0.25,0.0,0.0875629186630249,0.001492783660069108,0.010286584496498108,0.004450008273124695,0.005836576223373413,0.14298605918884277,0.15327264368534088,0.23381632566452026,0.23826634883880615,0.17028053104877472,1.0,0.49699997901916504,0.2639079988002777,0.08358288556337357,0.4548623263835907,0.26693999767303467,1.0,4.0
317,317,8.632873354854879e-07,0.3889826536178589,0,0.5133759379386902,-0.013404304161667824,-0.005858807358890772,-0.005340784788131714,-0.017354167997837067,0.012732435949146748,0.625,0.625,0.07959923148155212,0.00025794378598220646,0.0179548691958189,0.004723291844129562,0.013231577351689339,0.12126898765563965,0.1392238587141037,0.22895699739456177,0.23368029296398163,0.14851117134094238,1.0,0.6440556645393372,0.15680471062660217,0.011242317035794258,0.29961472749710083,0.017200740054249763,1.0,4.0
318,318,8.620859307187338e-07,0.8236324787139893,0,0.35723865032196045,-0.012639992870390415,-0.011037411168217659,-0.0009411305654793978,-0.016367757692933083,0.010806470178067684,0.25,0.25,0.10261079668998718,0.0006685190601274371,-0.025406554341316223,-0.004305928945541382,-0.02110062539577484,0.1851089894771576,0.15970245003700256,0.2805370092391968,0.276231050491333,0.27545467019081116,1.0,0.43633368611335754,0.5005046725273132,0.012233125977218151,0.6276756525039673,0.02026553638279438,1.0,4.0
319,319,8.60880114049181e-07,0.24330179393291473,0,0.17458371818065643,-0.022542184218764305,-0.018196793273091316,-0.0046311854384839535,-0.014570643194019794,0.009596290066838264,0.125,0.25,0.12299039959907532,0.0029143549036234617,0.00710243359208107,0.009689584374427795,-0.0025871507823467255,0.04829775542020798,0.05540018901228905,0.06696245819330215,0.07665204256772995,1.0,0.0,-0.07812681049108505,0.19830235838890076,0.005139324348419905,0.3431113660335541,0.00722515257075429,1.0,4.0
320,320,8.596699001693255e-07,0.29666951298713684,0,0.17564089596271515,-0.009750108234584332,-0.009708600118756294,-0.006036275066435337,-0.008444558829069138,0.004395204596221447,0.125,0.25,0.1354515105485916,0.0008888008305802941,-0.0216226726770401,-0.016936451196670532,-0.004686221480369568,0.11910112202167511,0.09747844934463501,0.17396697402000427,0.15703052282333374,0.7593430876731873,1.0,0.2796719968318939,0.26446661353111267,0.011032912880182266,0.44006311893463135,0.015324542298913002,1.0,4.0
321,321,8.584553038252413e-07,0.2488841712474823,0,0.6988922953605652,-0.022160718217492104,-0.014520015567541122,-0.008319671265780926,-0.015395554713904858,0.005869427230209112,0.625,0.375,0.13958454132080078,0.000986201805062592,0.0023394757881760597,0.013783477246761322,-0.011444001458585262,0.1532054841518402,0.1555449664592743,0.2850005030632019,0.29878395795822144,0.3028504550457001,1.0,0.3046082556247711,0.17283372581005096,0.007605791091918945,0.36454319953918457,0.018731525167822838,1.0,4.0
322,322,8.572363398164016e-07,0.35102570056915283,0,0.5035654306411743,-0.01306571252644062,-0.017740601673722267,-0.016828862950205803,-0.024311352521181107,0.011150076985359192,0.5,0.0,0.1254296600818634,0.001074982457794249,0.03108721226453781,-0.0021460577845573425,0.033233270049095154,0.19659195840358734,0.22767919301986694,0.4799492359161377,0.47780317068099976,0.31276899576187134,1.0,0.313438355922699,0.2584622800350189,0.015009969472885132,0.5242090821266174,0.03566621616482735,1.0,4.0
323,323,8.560130229954983e-07,3.1964821815490723,0,0.28040871024131775,-0.021400919184088707,-0.043046221137046814,-0.0032000583596527576,-0.01784956082701683,0.009950700215995312,0.25,0.0,0.13511136174201965,0.0005348543636500835,-0.050469771027565,-0.2054896503686905,0.1550198793411255,0.44381678104400635,0.39334702491760254,0.9345159530639648,0.7290263175964355,1.0,0.0,-0.0900699719786644,0.2731689512729645,0.20014923810958862,0.5259233117103577,0.4454384446144104,1.0,4.0
324,324,8.547853682682604e-07,0.11953555047512054,0,0.5137908458709717,-0.015413637273013592,-0.010727793909609318,-0.01688215881586075,-0.02362733706831932,0.006884942762553692,0.5,0.75,0.10038672387599945,0.0003966112853959203,-0.0005822554230690002,-0.012815652415156364,0.012233396992087364,0.2554970383644104,0.254914790391922,0.5064566135406494,0.4936409890651703,0.9822551608085632,1.0,0.10634710639715195,0.2735024094581604,0.004477907437831163,0.5498144030570984,0.010565295815467834,1.0,4.0
325,325,8.535533905932737e-07,0.5628202557563782,0,0.5371095538139343,-0.011710617691278458,-0.0005199905717745423,-0.003089391626417637,-0.015124347992241383,0.025140611454844475,0.375,0.5,0.13918641209602356,0.0010728788329288363,0.0036088861525058746,0.03724841773509979,-0.03363953158259392,0.19904941320419312,0.2026582956314087,0.41569703817367554,0.4529454708099365,1.0,0.0,-0.08066430687904358,0.20875462889671326,0.01386145781725645,0.42874306440353394,0.023780986666679382,1.0,4.0
326,326,8.523171049817973e-07,0.19423101842403412,0,0.5243386626243591,-0.013586582615971565,-0.020097017288208008,-0.014322228729724884,-0.02162272110581398,0.009969176724553108,0.625,0.25,0.12229720503091812,0.0004296190745662898,-0.007670046761631966,0.0011692605912685394,-0.008839307352900505,0.14013874530792236,0.13246870040893555,0.29769790172576904,0.2988671660423279,0.5326005220413208,1.0,0.16614744067192078,0.16600218415260315,0.0024013749789446592,0.3711737096309662,0.005227798596024513,1.0,4.0
327,327,8.510765264975812e-07,0.36823248863220215,0,0.33913761377334595,-0.025132272392511368,-0.015666764229536057,-0.01838897354900837,-0.03376634418964386,0.010960878804326057,0.375,0.5,0.1306738704442978,0.0020258892327547073,0.048282600939273834,0.03294850140810013,0.015334101393818855,0.10409970581531525,0.15238231420516968,0.29674386978149414,0.32969236373901367,1.0,0.0,0.05708102881908417,0.17111319303512573,0.017227068543434143,0.3808639645576477,0.02397981658577919,1.0,4.0
328,328,8.498316702566826e-07,0.2824179530143738,0,0.17225950956344604,0.005521816201508045,0.003816756885498762,0.002725387690588832,-0.0006260731024667621,0.0020312154665589333,0.125,0.0,0.09793851524591446,0.0004633146745618433,0.0028339624404907227,0.0007751546800136566,0.002058807760477066,0.02839616872370243,0.031230131164193153,0.05470098927617073,0.05547614395618439,0.16716447472572327,1.0,0.5481420755386353,0.20025455951690674,0.03858686611056328,0.3668612837791443,0.0888960063457489,1.0,4.0
329,329,8.485825514272823e-07,0.16693173348903656,0,0.17328885197639465,-0.02933364547789097,-0.01751706190407276,0.0027162712067365646,-0.008285608142614365,0.006205203011631966,0.125,0.25,0.1674182265996933,0.0009774297941476107,0.010350629687309265,0.010354749858379364,-4.120171070098877e-06,0.04023352637887001,0.050584156066179276,0.10745923966169357,0.11781398952007294,0.9414645433425903,1.0,0.15125039219856262,0.24193474650382996,0.01767968386411667,0.39765939116477966,0.024411702528595924,1.0,4.0
330,330,8.473291852294986e-07,0.1467282474040985,0,0.17338444292545319,-0.0053790537640452385,-0.006120174657553434,0.012605804018676281,0.008277754299342632,0.0022254600189626217,0.125,0.0,0.1297227144241333,0.00033639490720815957,-0.009946215897798538,-0.009750977158546448,-0.00019523873925209045,0.04431340843439102,0.034367192536592484,0.09199793636798859,0.08224695920944214,0.23642724752426147,1.0,0.48423781991004944,0.21717824041843414,0.0031507383100688457,0.38908401131629944,0.006053681951016188,1.0,4.0
331,331,8.460715869352035e-07,0.24010537564754486,0,0.35139015316963196,-0.018660487607121468,-0.0138380853459239,-0.006494410801678896,-0.015497429296374321,0.006215071305632591,0.25,0.5,0.11658824980258942,0.0012132669799029827,0.0008094683289527893,0.01032721996307373,-0.009517751634120941,0.09146316349506378,0.09227262437343597,0.1583682894706726,0.16869550943374634,0.15040600299835205,1.0,0.7148574590682983,0.14654064178466797,0.004318724386394024,0.3112396001815796,0.008324509486556053,1.0,4.0
332,332,8.448097718678348e-07,0.4250730574131012,0,0.5258321762084961,-0.02661682665348053,-0.023496706038713455,-0.005856841336935759,-0.020658671855926514,0.01474816631525755,0.5,0.5,0.15912403166294098,0.0016874836292117834,-0.005502412095665932,0.006319314241409302,-0.011821726337075233,0.20024941861629486,0.19474701583385468,0.27294594049453735,0.27926528453826904,0.21010157465934753,1.0,0.35311466455459595,0.27949708700180054,0.006767731625586748,0.4047229290008545,0.010652209632098675,1.0,4.0
333,333,8.435437554022114e-07,0.12755049765110016,0,0.16540628671646118,-0.013030669651925564,-0.008501283824443817,0.002743789227679372,0.002715917769819498,0.0017556949751451612,0.25,0.0,0.1294209361076355,0.000793490675278008,0.014858664944767952,-0.0011932700872421265,0.01605193503201008,0.030461033806204796,0.04531969875097275,0.06267479062080383,0.06148151680827141,1.0,0.0,-0.1583000123500824,0.18904265761375427,0.005502193234860897,0.39135846495628357,0.008444979786872864,1.0,4.0
334,334,8.422735529643443e-07,0.0,0,0.0,-0.0033389441668987274,-0.0029158429242670536,0.0,0.0,0.0,0.0,0.0,0.0762023851275444,0.0011367697734385729,0.0,0.0,0.0,0.0,0.0,0.0,0.0,1.0,0.0,0.0,0.2052948772907257,0.00868996325880289,0.3268314599990845,0.011678614653646946,1.0,4.0
335,335,8.409991800312492e-07,0.8155585527420044,0,0.5490344762802124,-0.018310347571969032,-0.017136426642537117,-0.018157033249735832,-0.022784791886806488,0.007247886620461941,0.375,0.75,0.12666171789169312,0.0008038772502914071,-0.007943075150251389,0.047571614384651184,-0.05551468953490257,0.20521298050880432,0.19726991653442383,0.5223851203918457,0.5699567198753357,0.7730861902236938,1.0,0.13376130163669586,0.17914050817489624,0.05044924467802048,0.4159218370914459,0.23195666074752808,1.0,4.0
336,336,8.397206521307583e-07,0.41945841908454895,0,0.3541949391365051,-0.016596810892224312,-0.021282505244016647,-0.016318533569574356,-0.02935728058218956,0.008839196525514126,0.25,0.25,0.11936557292938232,0.001021481235511601,-0.018205977976322174,-0.0033710524439811707,-0.014834925532341003,0.12922513484954834,0.11101916432380676,0.1867939531803131,0.18342289328575134,1.0,0.0,-0.0030928084161132574,0.2146504670381546,0.03192584961652756,0.3439498543739319,0.0398748405277729,1.0,4.0
337,337,8.384379848413303e-07,0.27921760082244873,0,0.33539390563964844,-0.011520257219672203,-0.004573993384838104,-0.0029279845766723156,-0.0061730267480015755,0.0029574104119092226,0.375,0.375,0.08529388904571533,0.00019112281734123826,0.021937476471066475,-0.000977449119091034,0.02291492559015751,0.07007113099098206,0.09200860559940338,0.163652241230011,0.16267478466033936,1.0,0.0,-0.09407295286655426,0.13210450112819672,0.05638692528009415,0.26301491260528564,0.303514689207077,1.0,4.0
338,338,8.371511937918617e-07,0.30711066722869873,0,0.5210047960281372,-0.020199308171868324,-0.014624645002186298,-0.00786153506487608,-0.017023183405399323,0.008911805227398872,0.5,0.5,0.15183225274085999,0.0023203673772513866,0.02848789282143116,0.03075612708926201,-0.0022682342678308487,0.16039888560771942,0.18888676166534424,0.26130932569503784,0.29206544160842896,0.13012365996837616,1.0,0.6653133630752563,0.20353704690933228,0.014365230686962605,0.3673248887062073,0.015421692281961441,1.0,4.0
339,339,8.358602946614951e-07,0.22081059217453003,0,0.34428703784942627,0.008311202749609947,-0.0017953836359083652,0.006414599716663361,-0.005739964544773102,0.012675554491579533,0.25,0.25,0.11876562982797623,0.0013247944880276918,-0.03333374857902527,-0.038048550486564636,0.0047148000448942184,0.10037504881620407,0.0670413002371788,0.24518975615501404,0.2071412205696106,0.5426415801048279,1.0,0.23725883662700653,0.20324525237083435,0.0025487192906439304,0.3871120810508728,0.005442007444798946,1.0,4.0
340,340,8.34565303179429e-07,0.15857377648353577,0,0.514668345451355,-0.008215057663619518,-0.007267357781529427,-0.01731475442647934,-0.0239576306194067,0.017341509461402893,0.375,0.25,0.11721009016036987,0.0005202448228374124,0.01415310800075531,0.003711394965648651,0.010441713035106659,0.0839090496301651,0.09806215763092041,0.2407512068748474,0.24446259438991547,0.16633892059326172,1.0,0.43928563594818115,0.16917766630649567,0.005331812426447868,0.3679759204387665,0.008508950471878052,1.0,4.0
341,341,8.332662351247262e-07,0.27433380484580994,0,0.3437001705169678,-0.024093639105558395,-0.02626022696495056,-0.010286316275596619,-0.015597517602145672,0.003786784829571843,0.375,0.375,0.16722799837589264,0.000594944111071527,0.006706874817609787,0.000939415767788887,0.0057674590498209,0.1372571885585785,0.14396405220031738,0.2651026248931885,0.266042023897171,0.14333726465702057,1.0,0.5863142013549805,0.3088993430137634,0.08114992827177048,0.4464891850948334,0.16720449924468994,1.0,4.0
342,342,8.319631063261207e-07,0.6124727129936218,0,0.3455929756164551,0.0007925943937152624,0.0005141245201230049,0.004918732680380344,0.0012184809893369675,0.003979152999818325,0.25,0.0,0.10472460091114044,0.0017854874022305012,0.014709707349538803,0.012596994638442993,0.00211271271109581,0.08300994336605072,0.09771964699029922,0.1841300129890442,0.19672700762748718,0.14782162010669708,1.0,0.5486570000648499,0.16196830570697784,0.010442151688039303,0.37047576904296875,0.011340984143316746,1.0,4.0
343,343,8.306559326618259e-07,0.17690004408359528,0,0.34998923540115356,-0.02886856347322464,-0.02933150716125965,-0.005607514642179012,-0.010704301297664642,0.0075278570875525475,0.375,0.125,0.1008015125989914,0.0011611211812123656,-0.005914505571126938,0.0008892528712749481,-0.006803758442401886,0.12913405895233154,0.1232195496559143,0.27963706851005554,0.2805263102054596,0.21102064847946167,1.0,0.49057283997535706,0.22966855764389038,0.004188810009509325,0.481448769569397,0.007884479127824306,1.0,4.0
344,344,8.293447300593402e-07,0.6631169319152832,0,0.3488709330558777,-0.02135559543967247,-0.02957846410572529,-0.003964898642152548,-0.014155317097902298,0.008072503842413425,0.25,0.0,0.11732979118824005,0.0007251534843817353,0.004396595060825348,0.008975520730018616,-0.004578925669193268,0.1454242765903473,0.14982086420059204,0.215159073472023,0.22413459420204163,0.23845906555652618,1.0,0.348825603723526,0.20390889048576355,0.012400450184941292,0.3910332918167114,0.01897582784295082,1.0,4.0
345,345,8.280295144952536e-07,1.025126576423645,0,0.35015439987182617,-0.011059844866394997,-0.029575221240520477,0.0012965567875653505,-0.014924908056855202,0.0170273557305336,0.375,0.0,0.1443062573671341,0.0006292540347203612,-0.0193006731569767,-0.01798941195011139,-0.0013112612068653107,0.1871601641178131,0.1678594946861267,0.3202298879623413,0.3022404909133911,1.0,0.0,-0.030105946585536003,0.16624918580055237,0.07544375956058502,0.4261287748813629,0.13479922711849213,1.0,4.0
346,346,8.267103019950528e-07,0.2252514362335205,0,0.3357522487640381,-0.01298185158520937,-0.017796864733099937,0.005459412932395935,-0.0027186351362615824,0.005715976003557444,0.25,0.25,0.16477441787719727,0.0012332252226769924,0.019807465374469757,-0.002491764724254608,0.022299230098724365,0.24060827493667603,0.2604157328605652,0.36204108595848083,0.35954931378364563,1.0,0.0,-0.059549253433942795,0.3653722405433655,0.00439855083823204,0.5482099056243896,0.006380366627126932,1.0,4.0
347,347,8.253871086329254e-07,0.10019935667514801,0,0.17138542234897614,-0.012702204287052155,-0.018527500331401825,0.005463089793920517,0.0033747239504009485,0.0024380506947636604,0.125,0.0,0.0897110253572464,0.00020612927619367838,0.003931550309062004,0.00011422485113143921,0.003817325457930565,0.01879768632352352,0.022729236632585526,0.022968439385294914,0.023082664236426353,0.19031940400600433,1.0,0.4856072664260864,0.22718830406665802,0.0025766687467694283,0.3962225317955017,0.005163302179425955,1.0,4.0
348,348,8.240599505315654e-07,0.3286444842815399,0,0.34891632199287415,-0.017167601734399796,-0.0234878771007061,0.005420485977083445,-0.0052559757605195045,0.010981167666614056,0.25,0.0,0.14428958296775818,0.0014036711072549224,0.0031165480613708496,0.007754169404506683,-0.004637621343135834,0.07564879953861237,0.07876534759998322,0.19523288309574127,0.20298704504966736,0.25932392477989197,1.0,0.3389264643192291,0.1600947380065918,0.02483445219695568,0.4079863429069519,0.052684225142002106,1.0,4.0
349,349,8.227288438619752e-07,0.7772365212440491,0,0.36210525035858154,-0.006297131069004536,-0.03044523485004902,-0.000535277184098959,-0.010876007378101349,0.005534294992685318,0.25,0.0,0.14878436923027039,0.0011244171764701605,-0.0011776946485042572,0.029369011521339417,-0.030546706169843674,0.12099751830101013,0.11981982737779617,0.2885693311691284,0.31793832778930664,0.9284411668777466,1.0,0.18467643857002258,0.18531283736228943,0.03492913022637367,0.4629775285720825,0.12794075906276703,1.0,4.0
350,350,8.213938048432696e-07,0.1892683207988739,0,0.35659027099609375,-0.003988917917013168,0.0017813036683946848,0.00985832791775465,0.0075897229835391045,0.006197201553732157,0.25,0.25,0.0596589669585228,8.192899258574471e-05,-0.002821926027536392,0.016879424452781677,-0.01970135048031807,0.05960419774055481,0.05678226798772812,0.12385576963424683,0.1407351940870285,0.40889471769332886,1.0,0.253156453371048,0.10768409073352814,0.0014719164464622736,0.255785197019577,0.003847637912258506,1.0,4.0
351,351,8.200548497424777e-07,0.0,0,0.0,-0.012893358245491982,-0.016268793493509293,0.0,0.0,0.0,0.0,0.0,0.20111660659313202,0.0022979038767516613,0.0,0.0,0.0,0.0,0.0,0.0,0.0,1.0,0.0,0.0,0.21075496077537537,0.03100908361375332,0.41238901019096375,0.1170697808265686,1.0,4.0
352,352,8.187119948743449e-07,0.2787672281265259,0,0.17148315906524658,-0.02515381947159767,-0.013954885303974152,-0.0030890407506376505,-0.00981422234326601,0.005137256812304258,0.125,0.25,0.11446578055620193,0.0003902034368366003,0.004209950566291809,0.0005895644426345825,0.0036203861236572266,0.057203106582164764,0.061413057148456573,0.06721536070108414,0.06780492514371872,0.20597870647907257,1.0,0.48976144194602966,0.20720888674259186,0.014927058480679989,0.48749232292175293,0.01890968345105648,1.0,4.0
353,353,8.173652566011337e-07,0.21680153906345367,0,0.6881945729255676,-0.0035598622635006905,-0.0019145878031849861,0.012291616760194302,-0.01373489759862423,0.02172880992293358,0.625,0.375,0.10388419032096863,0.000605379173066467,0.03513775393366814,0.025092020630836487,0.01004573330283165,0.11241432279348373,0.14755207300186157,0.27345800399780273,0.298550009727478,0.39432963728904724,1.0,0.254301518201828,0.1257314234972,0.00508729787543416,0.3173615336418152,0.007816118188202381,1.0,4.0
354,354,8.160146513324254e-07,0.0,0,0.0,-0.012560737319290638,-0.00910566933453083,0.0,0.0,0.0,0.0,0.0,0.11216260492801666,0.0007425639196299016,0.0,0.0,0.0,0.0,0.0,0.0,0.0,1.0,0.0,0.0,0.21661171317100525,0.00775744067505002,0.3700140118598938,0.011440197005867958,1.0,4.0
355,355,8.146601955249187e-07,0.4225415587425232,0,0.16581812500953674,-0.02124481089413166,-0.026192285120487213,0.00620936369523406,0.005586175713688135,0.0009153912542387843,0.125,0.0,0.18044787645339966,0.002467067912220955,0.01550983265042305,0.00034248456358909607,0.015167348086833954,0.05219713971018791,0.06770697236061096,0.04591800644993782,0.046260491013526917,0.15798038244247437,1.0,0.590801477432251,0.2792207598686218,0.018004437908530235,0.4051801562309265,0.026247605681419373,1.0,4.0
356,356,8.133019056822302e-07,0.8467037081718445,0,0.3091736137866974,-0.01844407245516777,-0.016397491097450256,-0.007313501089811325,-0.012963575311005116,0.0036011766642332077,0.375,0.125,0.14301684498786926,0.0016650744946673512,0.024861276149749756,-0.054821815341711044,0.0796830952167511,0.1840306520462036,0.20889192819595337,0.3988683819770813,0.34404656291007996,1.0,0.0,-0.03042089194059372,0.24802617728710175,0.05563224107027054,0.41473883390426636,0.14256665110588074,1.0,4.0
357,357,8.119397983546931e-07,0.5178658962249756,0,0.5262010097503662,-0.012896338477730751,-0.00860657636076212,-0.00021673273295164108,-0.006645876914262772,0.009411761537194252,0.375,0.25,0.13411061465740204,0.00047326533240266144,-0.072890505194664,-0.06033455953001976,-0.012555941939353943,0.24978552758693695,0.17689502239227295,0.42190244793891907,0.361567884683609,0.5842607617378235,1.0,0.2942204475402832,0.20738571882247925,0.003994642291218042,0.4284527003765106,0.007233310956507921,1.0,4.0
358,358,8.105738901391551e-07,0.26998892426490784,0,0.5166719555854797,-0.009136326611042023,-0.011996445246040821,-0.002888512797653675,-0.008290119469165802,0.008123872801661491,0.5,0.25,0.0939733237028122,0.0006215379107743502,0.016659323126077652,0.01022421382367611,0.006435108371078968,0.10608746856451035,0.1227467954158783,0.16366863250732422,0.17389284074306488,0.18195681273937225,1.0,0.5074845552444458,0.1696012020111084,0.002608618699014187,0.3580121695995331,0.004232308827340603,1.0,4.0
359,359,8.09204197678777e-07,0.9172040224075317,0,0.5229942798614502,-0.014082396402955055,-0.010327264666557312,0.0020588096231222153,-0.001414845697581768,0.00462301867082715,0.375,0.5,0.11003272235393524,0.001549403415992856,0.03191041201353073,0.03799637407064438,-0.006085963919758797,0.1680392622947693,0.19994968175888062,0.4059778153896332,0.44397419691085815,0.17268578708171844,1.0,0.5944290161132812,0.2053617238998413,0.05437485873699188,0.3431435823440552,0.15197032690048218,1.0,4.0
360,360,8.07830737662829e-07,0.21064725518226624,0,0.34469467401504517,-0.034045781940221786,-0.015613493509590626,-0.0012480983277782798,-0.01374643575400114,0.014680318534374237,0.375,0.375,0.13867245614528656,0.0010118929203599691,0.014179069548845291,0.010353194549679756,0.003825874999165535,0.08478754758834839,0.09896662086248398,0.12457412481307983,0.13492731750011444,0.2329089343547821,1.0,0.28885433077812195,0.1856941133737564,0.0028788582421839237,0.35515427589416504,0.005538212135434151,1.0,4.0
361,361,8.064535268264883e-07,0.6890167593955994,0,0.5197662115097046,-0.01602155901491642,-0.003788527799770236,-0.002600750420242548,-0.01927228830754757,0.016231542453169823,0.375,0.5,0.16181695461273193,0.0007712707738392055,0.010771386325359344,0.010321728885173798,0.0004496574401855469,0.17195291817188263,0.18272429704666138,0.31037580966949463,0.320697546005249,0.24010373651981354,1.0,0.365054726600647,0.23200254142284393,0.003856583498418331,0.5198448896408081,0.006579983048141003,1.0,4.0
362,362,8.050725819506339e-07,0.3796803951263428,0,0.5226130485534668,-0.022197987884283066,-0.018768684938549995,-0.013473983854055405,-0.02327108383178711,0.013288380578160286,0.625,0.375,0.1063317209482193,0.0002847354335244745,0.008769464679062366,0.013827411457896233,-0.005057946778833866,0.11160121858119965,0.12037068605422974,0.23617732524871826,0.25000470876693726,0.286933571100235,1.0,0.32996997237205505,0.14986556768417358,0.001985259121283889,0.2840626835823059,0.004750931169837713,1.0,4.0
363,363,8.036879198616434e-07,0.09635700285434723,0,0.34424763917922974,-0.007843823172152042,-0.010882782749831676,-0.001135130412876606,-0.015749499201774597,0.010730392299592495,0.375,0.375,0.14769648015499115,0.0009996185544878244,0.006048901006579399,0.001352144405245781,0.004696756601333618,0.0548567995429039,0.06090569868683815,0.21620213985443115,0.2175542712211609,0.8893675804138184,1.0,0.1176183745265007,0.1621014028787613,0.003749045543372631,0.4091949164867401,0.00522277969866991,1.0,4.0
364,364,8.022995574311875e-07,0.8162890672683716,0,0.3236181437969208,-0.02849484793841839,-0.03546951338648796,-0.0007011087145656347,-0.01660497859120369,0.008260940201580524,0.25,0.0,0.15957659482955933,0.002953088376671076,0.06060241535305977,0.012966200709342957,0.04763621464371681,0.0807715356349945,0.14137394726276398,0.2749273478984833,0.28789353370666504,1.0,0.0,-0.09928480535745621,0.16714081168174744,0.03280804678797722,0.4251064658164978,0.07775487005710602,1.0,4.0
365,365,8.009075115760242e-07,0.39541926980018616,0,0.6716759204864502,-0.013556129299104214,-0.01787264458835125,-0.013070283457636833,-0.05308859795331955,0.036612335592508316,0.625,0.5,0.12678684294223785,0.0016419636085629463,0.04247504472732544,-0.00114508718252182,0.04362013190984726,0.21662747859954834,0.2591025233268738,0.42535948753356934,0.4242144227027893,0.2164859026670456,1.0,0.3733794689178467,0.22010748088359833,0.004260847810655832,0.41502824425697327,0.004232684150338173,1.0,4.0
366,366,7.995117992577928e-07,0.44592908024787903,0,0.3337862193584442,-0.00954886619001627,-0.015650887042284012,0.0011001289822161198,0.00024299509823322296,0.0038540135137736797,0.25,0.25,0.09634909778833389,0.00037463963963091373,0.002225073054432869,-0.02409827709197998,0.02632335014641285,0.07056208699941635,0.07278715819120407,0.24618449807167053,0.22208622097969055,0.7295079231262207,1.0,0.16842806339263916,0.2025507092475891,0.021450115367770195,0.38123974204063416,0.06069191172719002,1.0,4.0
367,367,7.981124374828079e-07,0.19666339457035065,0,0.3441718816757202,-0.010012571699917316,-0.008877474814653397,-0.007834328338503838,-0.011022118851542473,0.004119118209928274,0.25,0.0,0.12036512792110443,0.0011444543488323689,-0.003929661586880684,-0.008802086114883423,0.004872424528002739,0.0740160197019577,0.07008635997772217,0.21512140333652496,0.20631931722164154,0.316520631313324,1.0,0.38000693917274475,0.16881467401981354,0.017898762598633766,0.39060860872268677,0.026699544861912727,1.0,4.0
368,368,7.967094433018508e-07,0.4397086203098297,0,0.3465687036514282,-0.024478193372488022,-0.02730737254023552,0.00013192812912166119,1.9638333469629288e-05,0.002793750958517194,0.25,0.0,0.12137939780950546,0.001673044404014945,0.0009854286909103394,0.0009526386857032776,3.279000520706177e-05,0.06403355300426483,0.06501898169517517,0.16691389679908752,0.1678665280342102,0.150162011384964,1.0,0.5992698669433594,0.14171981811523438,0.019711360335350037,0.3769744038581848,0.02427675388753414,1.0,4.0
369,369,7.953028338099627e-07,1.104403018951416,0,0.6787770390510559,-0.008271976374089718,-0.00968643557280302,-0.01648462936282158,-0.018514804542064667,0.010516480542719364,0.625,0.625,0.08800888806581497,0.00023807812249287963,0.054741162806749344,0.025721978396177292,0.029019184410572052,0.19892621040344238,0.25366735458374023,0.3634740114212036,0.3891960382461548,0.1462339162826538,1.0,0.4603998064994812,0.19803903996944427,0.003158940700814128,0.32412534952163696,0.007576971314847469,1.0,4.0
370,370,7.938926261462365e-07,0.5605491995811462,0,0.1664498746395111,-0.032676659524440765,-0.02648387849330902,-5.428260192275047e-05,-0.0074875811114907265,0.004469144158065319,0.125,0.0,0.17300382256507874,0.0005957554676569998,0.019742749631404877,0.005876660346984863,0.013866089284420013,0.07815989851951599,0.09790264815092087,0.07885698974132538,0.08473365008831024,1.0,0.0,0.0016617904184386134,0.2248809039592743,0.004770492669194937,0.3713587820529938,0.006578348111361265,1.0,4.0
371,371,7.924788374936077e-07,0.2500050663948059,0,0.34596168994903564,-0.022390194237232208,-0.020471442490816116,-0.008397202007472515,-0.013224807567894459,0.0073616113513708115,0.5,0.375,0.13842308521270752,0.0008824331453070045,-0.021693551912903786,-0.02301236242055893,0.0013188114389777184,0.13535615801811218,0.11366260796785355,0.2249067723751068,0.20189441740512848,1.0,0.0,0.18813306093215942,0.1943087875843048,0.03417877480387688,0.39514774084091187,0.10356394946575165,1.0,4.0
372,372,7.910614850786447e-07,0.0,0,0.0,-0.0321943536400795,-0.024802960455417633,0.0,0.0,0.0,0.0,0.0,0.11875772476196289,0.0010633309138938785,0.0,0.0,0.0,0.0,0.0,0.0,0.0,1.0,0.0,0.0,0.26720571517944336,0.003758956678211689,0.3836166262626648,0.006897814571857452,1.0,4.0
373,373,7.896405861713393e-07,0.27572959661483765,0,0.3417786955833435,-0.024298453703522682,-0.014994696713984013,-0.0057633984833955765,-0.016558367758989334,0.007030857726931572,0.25,0.25,0.08259850740432739,0.00017312259296886623,0.01885092258453369,0.009209822863340378,0.009641099721193314,0.06760753691196442,0.08645845949649811,0.11190249025821686,0.12111231684684753,0.253314346075058,1.0,0.3471609652042389,0.2091047316789627,0.1560973823070526,0.33752137422561646,0.40473711490631104,1.0,4.0
374,374,7.882161580848966e-07,0.2379005402326584,0,0.3386881649494171,-0.02295766770839691,-0.02603602409362793,-0.00643776822835207,-0.0083712013438344,0.0008092860225588083,0.25,0.0,0.09959284961223602,0.00017556165403220803,0.013554450124502182,-0.0024497956037521362,0.016004245728254318,0.25377148389816284,0.2673259377479553,0.37285012006759644,0.3704003095626831,1.0,0.0,0.09722929447889328,0.32683032751083374,0.005824107676744461,0.5565578937530518,0.021379495039582253,1.0,4.0
375,375,7.86788218175523e-07,0.3917030096054077,0,0.714620053768158,-0.009297724813222885,-0.013897139579057693,-0.005683477967977524,-0.01766236312687397,0.019261009991168976,0.5,0.25,0.11444680392742157,0.0006568728713318706,-0.028332287445664406,0.01350599154829979,-0.041838280856609344,0.18289048969745636,0.1545582115650177,0.3724052309989929,0.385911226272583,1.0,0.0,0.00873586256057024,0.17153888940811157,0.0028645163401961327,0.3764320909976959,0.00507022999227047,1.0,4.0
376,376,7.853567838422159e-07,0.2790587842464447,0,0.5209492444992065,-0.002512410283088684,-0.0006540068425238132,-0.0003786291927099228,-0.010686890222132206,0.012718956917524338,0.5,0.5,0.08039404451847076,0.0003042839525733143,-0.004891801625490189,-0.0027260184288024902,-0.0021657831966876984,0.09129036962985992,0.08639857172966003,0.16057881712913513,0.15785279870033264,0.30925509333610535,1.0,0.36136144399642944,0.14493636786937714,0.003146751318126917,0.2910899221897125,0.00919386837631464,1.0,4.0
377,377,7.839218725265506e-07,0.9930000305175781,0,0.7096798419952393,-0.015789592638611794,-0.01703767478466034,-0.008093912154436111,-0.019689900800585747,0.012317715212702751,0.5,0.75,0.10952406376600266,0.0007934964960440993,-0.06685958057641983,-0.035057902336120605,-0.03180168196558952,0.3923634886741638,0.3255038559436798,0.5364805459976196,0.5014227032661438,1.0,0.0,-0.015016798861324787,0.30753079056739807,0.020659442991018295,0.44164422154426575,0.025184744969010353,1.0,4.0
378,378,7.82483501712469e-07,0.2889925241470337,0,0.34195494651794434,-0.011300036683678627,-0.015248289331793785,-0.01059179101139307,-0.015031673014163971,0.006229483522474766,0.25,0.0,0.15481248497962952,0.0031698965467512608,0.003243580460548401,-0.00665852427482605,0.00990210473537445,0.12551677227020264,0.12876035273075104,0.17311909794807434,0.1664605736732483,0.2953336834907532,1.0,0.33604395389556885,0.2010483294725418,0.025712963193655014,0.38893795013427734,0.09221525490283966,1.0,4.0
379,379,7.810416889260653e-07,0.5472598671913147,0,0.18042144179344177,-0.014897521585226059,-0.02113594487309456,-0.0021963745821267366,-0.0027321118395775557,0.0024328408762812614,0.125,0.0,0.12713608145713806,0.0010048761032521725,-0.01599092409014702,-0.001919582486152649,-0.01407134160399437,0.07220889627933502,0.056217972189188004,0.13178828358650208,0.12986870110034943,0.36468130350112915,1.0,0.32550323009490967,0.19152289628982544,0.027361901476979256,0.32156598567962646,0.054243046790361404,1.0,4.0
380,380,7.795964517353733e-07,0.2688228487968445,0,0.34786391258239746,-0.0051729027181863785,-0.01139977015554905,-0.003919580485671759,-0.005257030017673969,0.001333257183432579,0.375,0.0,0.08761569112539291,0.0005511229392141104,0.002512449398636818,0.004976741969585419,-0.0024642925709486008,0.05661504715681076,0.05912749469280243,0.1393873691558838,0.1443641185760498,0.19184887409210205,1.0,0.5368998646736145,0.13308072090148926,0.005719855427742004,0.3373892903327942,0.017423231154680252,1.0,4.0
381,381,7.781478077501524e-07,0.2533840537071228,0,0.34707412123680115,-0.017179125919938087,-0.00821011047810316,-0.007401841692626476,-0.015139158815145493,0.01213921420276165,0.375,0.375,0.07790498435497284,0.0004099810612387955,0.001301230862736702,0.0022120680660009384,-0.0009108372032642365,0.07875210046768188,0.08005332946777344,0.18611158430576324,0.18832364678382874,0.11941809207201004,1.0,0.7203383445739746,0.12348318099975586,0.0055698673240840435,0.3308136761188507,0.014551263302564621,1.0,4.0
382,382,7.76695774621672e-07,0.7572273015975952,0,0.5216494798660278,-0.006232823710888624,-0.008876967243850231,0.00029412214644253254,-0.0017989608459174633,0.00526704965159297,0.375,0.5,0.06088985130190849,0.00035498832585290074,-0.006434313952922821,-0.0028755851089954376,-0.0035587288439273834,0.14222010970115662,0.1357857882976532,0.2366127371788025,0.23373715579509735,0.20110976696014404,1.0,0.49572286009788513,0.2411016821861267,0.004799591843038797,0.3614649772644043,0.008551942184567451,1.0,4.0
383,383,7.752403700424978e-07,4.136789321899414,0,0.566303551197052,-0.02909937873482704,-0.03377620130777359,-0.007220094092190266,-0.01619807258248329,0.015630831941962242,0.375,0.0,0.1327655017375946,0.0004110769950784743,-0.042758725583553314,0.044093504548072815,-0.08685223013162613,0.527777910232544,0.4850192070007324,1.1036829948425293,1.147776484489441,1.0,0.0,-0.24978959560394287,0.19381585717201233,0.3330712616443634,0.35629552602767944,0.742040753364563,1.0,4.0
384,384,7.737816117462751e-07,0.8158769607543945,0,0.704401433467865,-0.016618071123957634,-0.022638313472270966,-0.019222211092710495,-0.026200735941529274,0.017335623502731323,0.625,0.75,0.13018186390399933,0.00015287725545931607,-0.007754180580377579,0.014202076941728592,-0.02195625752210617,0.2548907399177551,0.24713656306266785,0.4392475187778473,0.4534496068954468,0.2576012909412384,1.0,0.4656316339969635,0.23626038432121277,0.007961233146488667,0.45530781149864197,0.01784299872815609,1.0,4.0
385,385,7.723195175075135e-07,0.28038954734802246,0,0.709595799446106,-0.024265341460704803,-0.018365710973739624,-0.016148876398801804,-0.023397529497742653,0.005685672163963318,0.5,0.5,0.1477552354335785,0.0004676492535509169,0.017011214047670364,0.048902347683906555,-0.03189113363623619,0.13255080580711365,0.1495620161294937,0.4057825207710266,0.454684853553772,0.30125892162323,1.0,0.30819106101989746,0.1304987370967865,0.004008867312222719,0.36028629541397095,0.007834376767277718,1.0,4.0
386,386,7.7085410514137e-07,0.8205468058586121,0,0.6819209456443787,-0.013026355765759945,-0.016074664890766144,-0.0342772901058197,-0.046172499656677246,0.020640214905142784,0.5,0.5,0.07627596706151962,0.00014905910938978195,0.03184179961681366,0.008991353213787079,0.02285044640302658,0.22167539596557617,0.25351718068122864,0.47267699241638184,0.4816683828830719,0.3728426694869995,1.0,0.2144806683063507,0.20274734497070312,0.004025401081889868,0.40418577194213867,0.008285943418741226,1.0,4.0
387,387,7.693853925034314e-07,0.2606675922870636,0,0.5253483057022095,-0.021562013775110245,-0.013930782675743103,-0.002728872699663043,-0.01156578678637743,0.010324508883059025,0.375,0.5,0.11171501874923706,0.00024940987350419164,0.05014391988515854,0.06093844026327133,-0.010794518515467644,0.1021898090839386,0.15233373641967773,0.30029186606407166,0.3612303137779236,0.14568749070167542,1.0,0.45886147022247314,0.13181477785110474,0.024573780596256256,0.36736541986465454,0.06286453455686569,1.0,4.0
388,388,7.679133974894982e-07,0.3852401077747345,0,0.6930880546569824,-0.013317860662937164,-0.017593879252672195,-0.015776921063661575,-0.0336659774184227,0.017486978322267532,0.625,0.375,0.13258004188537598,0.00039634440327063203,0.035580504685640335,0.03521232306957245,0.0003681778907775879,0.16724200546741486,0.2028225064277649,0.38321608304977417,0.4184284210205078,0.33958321809768677,1.0,0.2415114939212799,0.1672629863023758,0.003958520945161581,0.3570064604282379,0.010069925338029861,1.0,4.0
389,389,7.664381380353649e-07,0.0,0,0.0,-0.00561475520953536,-0.012944602407515049,0.0,0.0,0.0,0.0,0.0,0.11096236109733582,0.00018824180006049573,0.0,0.0,0.0,0.0,0.0,0.0,0.0,1.0,0.0,0.0,0.1627124547958374,0.002886686008423567,0.36160606145858765,0.007323626894503832,1.0,4.0
390,390,7.649596321166024e-07,0.6247698068618774,0,0.5139772891998291,-0.02685343287885189,-0.01808394491672516,-0.018552321940660477,-0.032562851905822754,0.013369482010602951,0.5,0.5,0.11281994730234146,0.00026096595684066415,0.005634889006614685,-0.006226669996976852,0.011861559003591537,0.14439530670642853,0.1500301957130432,0.3174501061439514,0.31122341752052307,0.3910496234893799,1.0,0.2518616020679474,0.2237452268600464,0.0023532151244580746,0.4436596632003784,0.00685130013152957,1.0,4.0
391,391,7.634778977483388e-07,0.07412514835596085,0,0.17871876060962677,-0.02279098704457283,-0.01992734521627426,-0.005273039452731609,-0.00955783948302269,0.004639273509383202,0.25,0.125,0.11296714097261429,0.0003859417629428208,0.01034954097121954,0.021045349538326263,-0.010695808567106724,0.0348956361413002,0.045245178043842316,0.11451209336519241,0.13555744290351868,0.2476494014263153,1.0,0.26466280221939087,0.3450576066970825,0.009413525462150574,0.5887298583984375,0.01704433187842369,1.0,4.0
392,392,7.619929529850396e-07,0.7701626420021057,0,0.5171864628791809,-0.022718161344528198,-0.03236060589551926,0.002312685362994671,-0.022625643759965897,0.025909340009093285,0.375,0.25,0.16496112942695618,0.0006280237575992942,0.012287767603993416,0.006877977401018143,0.005409790202975273,0.13562142848968506,0.14790919423103333,0.3370453715324402,0.3439233601093292,0.5233747363090515,1.0,0.10446146130561829,0.1961446851491928,0.010875336825847626,0.42873653769493103,0.019539684057235718,1.0,4.0
393,393,7.605048159202882e-07,0.2571885585784912,0,0.3449432849884033,-0.012603698298335075,-0.016780853271484375,-0.0008203472243621945,-0.005818997975438833,0.005400660913437605,0.25,0.5,0.12131280452013016,0.0004155424248892814,0.015452791005373001,0.01201813668012619,0.003434654325246811,0.09811220318078995,0.11356499791145325,0.21784991025924683,0.22986803948879242,0.436514288187027,1.0,0.18146716058254242,0.20996341109275818,0.0031379987485706806,0.3864101767539978,0.010913376696407795,1.0,4.0
394,394,7.590135046865651e-07,0.3013167083263397,0,0.5091530084609985,-0.022342950105667114,-0.02001124992966652,-0.009230716153979301,-0.0202074833214283,0.014562008902430534,0.625,0.5,0.12124650180339813,0.00032792470301501453,-0.005916309542953968,-0.02761627547442913,0.021699966862797737,0.11204318702220917,0.10612687468528748,0.2733692228794098,0.2457529604434967,0.3073016107082367,1.0,0.41914278268814087,0.14486579596996307,0.01797366701066494,0.37178540229797363,0.043211109936237335,1.0,4.0
395,395,7.575190374550271e-07,0.33556240797042847,0,0.3372480869293213,0.0015256244223564863,-0.0008501817937940359,-0.005407247692346573,-0.005514398217201233,0.0023003469686955214,0.25,0.0,0.0950513482093811,0.0008963833679445088,0.02536722458899021,0.00598970428109169,0.01937752030789852,0.08097302168607712,0.10634024441242218,0.16430599987506866,0.17029570043087006,1.0,0.0,-0.3072933554649353,0.13383828103542328,0.005218197591602802,0.3164558708667755,0.009843186475336552,1.0,4.0
396,396,7.560214324352858e-07,0.26881322264671326,0,0.3461529016494751,4.494155291467905e-05,-0.003239195793867111,-0.003631102154031396,-0.005312228109687567,0.004448833409696817,0.25,0.25,0.08145599067211151,0.0004617833183147013,0.004821861162781715,0.003972262144088745,0.0008495990186929703,0.08325564861297607,0.08807751536369324,0.16838939487934113,0.17236165702342987,0.21710635721683502,1.0,0.456449031829834,0.123914435505867,0.002141087083145976,0.3245905041694641,0.0075646573677659035,1.0,4.0
397,397,7.545207078751857e-07,0.4137672781944275,0,0.5234112739562988,-0.006492560729384422,-0.012640933506190777,0.004681953229010105,-0.0054485984146595,0.008338738232851028,0.5,0.5,0.13607358932495117,0.000600580358877778,-0.00830884464085102,-0.002485498785972595,-0.005823345854878426,0.17428265511989594,0.16597379744052887,0.2902066707611084,0.287721186876297,0.5335278511047363,1.0,0.23394405841827393,0.23023554682731628,0.017328469082713127,0.37624356150627136,0.024670414626598358,1.0,4.0
398,398,7.530168820605818e-07,0.7090896368026733,0,0.5084836483001709,0.0014519719406962395,0.0011907569132745266,-0.0003394003724679351,-0.00516911968588829,0.008872290141880512,0.375,0.5,0.10643406957387924,0.00029332403209991753,-0.027509819716215134,-0.050479382276535034,0.02296956442296505,0.15276353061199188,0.12525372207164764,0.28750646114349365,0.23702707886695862,1.0,0.0,0.039183761924505234,0.15981805324554443,0.014227928593754768,0.31647855043411255,0.03156236559152603,1.0,4.0
399,399,7.515099733151175e-07,1.1018730401992798,0,0.5167204141616821,-0.009758342057466507,-0.004280236549675465,0.0027359521482139826,-0.0025694649666547775,0.00770457461476326,0.375,0.5,0.1306150257587433,0.0005403861287049949,0.02113172598183155,0.014816060662269592,0.006315665319561958,0.15824589133262634,0.17937763035297394,0.35653072595596313,0.37134677171707153,0.14703033864498138,1.0,0.7181349396705627,0.23025959730148315,0.009760303422808647,0.403670072555542,0.014067616313695908,1.0,4.0
400,400,7.5e-07,0.38968437910079956,0,0.3374234437942505,-0.002611458068713546,-0.0007616683142259717,0.0053458851762115955,-0.0016033954452723265,0.005401183385401964,0.25,0.0,0.09063459932804108,0.0007586408173665404,0.010649731382727623,-0.007850103080272675,0.018499834463000298,0.0804130807518959,0.09106281399726868,0.1498108059167862,0.14196071028709412,0.23797248303890228,1.0,0.38896533846855164,0.1970226913690567,0.00498506473377347,0.4170128405094147,0.012593751773238182,1.0,4.0
401,401,7.484869805137777e-07,0.13639093935489655,0,0.5319902896881104,-0.03401216119527817,-0.01882786490023136,-0.010997072793543339,-0.04080342501401901,0.03182132542133331,0.5,0.625,0.14065511524677277,0.000519489636644721,0.004145738668739796,0.027941085398197174,-0.023795345798134804,0.06457215547561646,0.06871789693832397,0.23983730375766754,0.2677783966064453,0.6475185751914978,1.0,0.15883372724056244,0.13632546365261078,0.0015617294702678919,0.3858030140399933,0.0036678779870271683,1.0,4.0
402,402,7.469709332921154e-07,0.5943511128425598,0,0.3395669758319855,-0.018965022638440132,-0.018454313278198242,-0.0010425709187984467,-0.0026797582395374775,0.004755217581987381,0.375,0.25,0.09162314236164093,0.0006015156395733356,0.01600445806980133,-0.0024973638355731964,0.018501821905374527,0.0780341774225235,0.09403863549232483,0.2308066338300705,0.2283092588186264,1.0,0.0,-0.08075038343667984,0.22690507769584656,0.04656841978430748,0.4634077250957489,0.11315589398145676,1.0,4.0
403,403,7.454518768075703e-07,0.5983731746673584,0,0.38935619592666626,-0.00013482151553034782,-0.005007338710129261,-0.0005066483281552792,-0.010265614837408066,0.007447283715009689,0.375,0.0,0.12334901839494705,0.0012889011995866895,0.05691882595419884,0.13251058757305145,-0.07559175789356232,0.11162088811397552,0.16853971779346466,0.26312255859375,0.39563316106796265,0.2618270218372345,1.0,0.11969687044620514,0.25679823756217957,0.026757456362247467,0.4410131573677063,0.07070716470479965,1.0,4.0
404,404,7.439298295693663e-07,0.6489747166633606,0,0.36287635564804077,-0.009948104619979858,-0.011240499094128609,0.005545508116483688,-5.4372940212488174e-06,0.007442024070769548,0.25,0.5,0.1867212951183319,0.0015936694107949734,-0.05072684586048126,-0.019038040190935135,-0.03168880566954613,0.13620324432849884,0.08547639846801758,0.20310057699680328,0.18406254053115845,1.0,0.0,0.12050183117389679,0.22149266302585602,0.012449011206626892,0.41090288758277893,0.023848064243793488,1.0,4.0
405,405,7.424048101231686e-07,0.0787385031580925,0,0.3421230912208557,0.0046040695160627365,0.0007361080497503281,0.004929812625050545,0.0014972700737416744,0.0040901657193899155,0.375,0.25,0.15723271667957306,0.0006365167209878564,0.0006155632436275482,-0.008326075971126556,0.008941639214754105,0.056411854922771454,0.057027414441108704,0.21012482047080994,0.20179873704910278,1.0,0.0,0.07660364359617233,0.16262584924697876,0.0020630445796996355,0.4613093137741089,0.005518519785255194,1.0,4.0
406,406,7.408768370508576e-07,0.5740509033203125,0,0.6799471378326416,-0.00973136443644762,-0.017245862632989883,0.0024865842424333096,-0.014512068592011929,0.01691858284175396,0.5,0.5,0.14001359045505524,0.0012936705024912953,0.046270228922367096,0.01955321431159973,0.026717016473412514,0.1530582457780838,0.1993284821510315,0.3305535316467285,0.35010674595832825,0.3169516324996948,1.0,0.2742839455604553,0.1690582036972046,0.002401620615273714,0.34782862663269043,0.007721392437815666,1.0,4.0
407,407,7.393459289703035e-07,0.09897692501544952,0,0.1788720041513443,-0.01112862303853035,-0.01700304076075554,-0.011451441794633865,-0.027455640956759453,0.015182264149188995,0.125,0.0,0.12293349951505661,0.0005743749788962305,0.010687042027711868,0.021735385060310364,-0.011048343032598495,0.03137362003326416,0.04206066206097603,0.0666852816939354,0.08842066675424576,0.7465634942054749,1.0,0.11702647805213928,0.17248669266700745,0.01944258064031601,0.3206547200679779,0.0536244697868824,1.0,4.0
408,408,7.378121045351377e-07,0.3453191816806793,0,0.5190622806549072,-0.01585070975124836,-0.011664144694805145,-0.011165780946612358,-0.02952823042869568,0.02055158093571663,0.625,0.25,0.12834136188030243,0.0006903982721269131,-0.01643448695540428,-0.018488019704818726,0.002053532749414444,0.39985883235931396,0.3834243416786194,0.6140114665031433,0.595523476600647,1.0,0.0,0.018711969256401062,0.40441763401031494,0.00174231908749789,0.593938946723938,0.004636828787624836,1.0,4.0
409,409,7.362753824345271e-07,0.3251490592956543,0,0.352060467004776,-0.008977845311164856,-0.015405731275677681,0.005413666367530823,-0.0080643892288208,0.011097487062215805,0.25,0.0,0.09676909446716309,0.00020551698980852962,-0.002819216810166836,0.008021589368581772,-0.010840806178748608,0.09091637283563614,0.08809715509414673,0.1277310699224472,0.13575266301631927,0.27068057656288147,1.0,0.3691478371620178,0.22982542216777802,0.001429223921149969,0.3454623818397522,0.0038720802403986454,1.0,4.0
410,410,7.347357813929454e-07,1.6725612878799438,0,0.5697228908538818,-0.014359250664710999,0.0031919307075440884,0.017862822860479355,-0.010401601903140545,0.02949877455830574,0.5,0.625,0.11555986106395721,0.0002664195199031383,0.03826618939638138,0.12617984414100647,-0.0879136472940445,0.24089694023132324,0.279163122177124,0.5842650532722473,0.7104448676109314,0.7054114937782288,1.0,0.12397494912147522,0.17956238985061646,0.13362248241901398,0.36712920665740967,0.39705559611320496,1.0,4.0
411,411,7.331933201699457e-07,0.7672484517097473,0,0.535469651222229,-0.026648247614502907,-0.02983146905899048,-0.010125206783413887,-0.02907690405845642,0.011926946230232716,0.375,0.25,0.15847627818584442,0.0007917864131741226,-0.0023031607270240784,0.02855765074491501,-0.030860811471939087,0.18457435071468353,0.18227118253707886,0.3286714553833008,0.3572291135787964,0.2370004653930664,1.0,0.3977431356906891,0.23585274815559387,0.0021528303623199463,0.4057285785675049,0.004999986849725246,1.0,4.0
412,412,7.316480175599308e-07,0.29416292905807495,0,0.686863899230957,-0.01633930206298828,-0.011213337071239948,-0.012605633586645126,-0.028318354859948158,0.01531653106212616,0.625,0.625,0.14322629570960999,0.0006543784402310848,0.031768765300512314,0.019115813076496124,0.012652951292693615,0.4235888719558716,0.4553576409816742,0.7123756408691406,0.7314914464950562,0.1254056692123413,1.0,0.5246389508247375,0.4117327332496643,0.017661752179265022,0.7145749926567078,0.03012036718428135,1.0,4.0
413,413,7.300998923919258e-07,0.09058107435703278,0,0.1621890515089035,-0.008591419085860252,-0.011774176731705666,-0.003098835004493594,-0.00509237963706255,0.006121845915913582,0.125,0.25,0.11246125400066376,0.0006044893525540829,-0.012345189228653908,-0.03505632281303406,0.02271113358438015,0.028787966817617416,0.01644277758896351,0.117830790579319,0.08277446776628494,1.0,0.0,0.0686756819486618,0.11819174885749817,0.010438988916575909,0.35490500926971436,0.018891405314207077,1.0,4.0
414,414,7.285489635293471e-07,0.2311296910047531,0,0.18054449558258057,-0.019910115748643875,-0.016735393553972244,-0.004602085333317518,-0.0091857286170125,0.004853591788560152,0.125,0.25,0.10177846997976303,0.00014875503256917,-0.003913704305887222,0.01039692759513855,-0.014310631901025772,0.058364059776067734,0.05445035547018051,0.09624752402305603,0.10664445161819458,0.34711316227912903,1.0,0.2820233106613159,0.1764512062072754,0.007727527990937233,0.2959594130516052,0.01362560223788023,1.0,4.0
415,415,7.269952498697734e-07,0.13845796883106232,0,0.17494679987430573,-0.01822037808597088,-0.028868485242128372,-0.0022909457329660654,-0.0028682691045105457,0.0017426495905965567,0.25,0.0,0.11381040513515472,0.0008954745135270059,-0.01569119095802307,-0.012385863810777664,-0.0033053262159228325,0.04601536691188812,0.03032417595386505,0.09802338480949402,0.08563752472400665,0.5268094539642334,1.0,0.22918389737606049,0.18338866531848907,0.004083647858351469,0.44877737760543823,0.009930403903126717,1.0,4.0
416,416,7.254387703447153e-07,0.5081455707550049,0,0.14288154244422913,-0.005949558690190315,-0.005892944056540728,-0.003975225612521172,-0.0049387128092348576,0.0008522574789822102,0.125,0.25,0.09536047279834747,0.0005773524753749371,-0.036094099283218384,-0.10112126171588898,0.0650271624326706,0.08294538408517838,0.04685128480195999,0.2434902936220169,0.14236903190612793,1.0,0.0,0.06795075535774231,0.11949734389781952,0.02433965727686882,0.3947281241416931,0.05147600919008255,1.0,4.0
417,417,7.238795439193848e-07,0.5363054275512695,0,0.6921427249908447,-0.033012308180332184,-0.03690563142299652,-0.04770936071872711,-0.059699125587940216,0.017827194184064865,0.625,0.375,0.13853272795677185,0.00028541235951706767,0.03757467120885849,0.03554358705878258,0.0020310822874307632,0.22296279668807983,0.2605374753475189,0.4519195556640625,0.487463116645813,0.19171088933944702,1.0,0.43873360753059387,0.23955023288726807,0.012610278092324734,0.4239756762981415,0.022091258317232132,1.0,4.0
418,418,7.223175895924637e-07,0.5303722023963928,0,0.17226232588291168,-0.008222619071602821,-0.018178485333919525,0.002734392648562789,0.0022763810120522976,0.0018243750091642141,0.125,0.0,0.1226963996887207,0.00040751256165094674,0.006032481789588928,0.003979332745075226,0.0020531490445137024,0.05571421608328819,0.06174669787287712,0.08746203780174255,0.09144137054681778,0.1518455296754837,1.0,0.5632274150848389,0.22963941097259521,0.02641495317220688,0.3875500559806824,0.05666955187916756,1.0,4.0
419,419,7.207529263958726e-07,0.7966363430023193,0,0.5310570597648621,-0.010393946431577206,0.0033101511653512716,0.00045145582407712936,-0.01896459236741066,0.014246191829442978,0.5,0.75,0.1481616497039795,0.0005456205690279603,-0.05242421478033066,-0.030766330659389496,-0.021657884120941162,0.233851358294487,0.18142715096473694,0.5165679454803467,0.485801637172699,0.7652372121810913,1.0,0.1943465918302536,0.28423982858657837,0.06444704532623291,0.5981525182723999,0.1697424352169037,1.0,4.0
420,420,7.191855733945386e-07,0.05336664617061615,0,0.17547503113746643,0.0023425216786563396,0.0069145094603300095,0.0027517136186361313,0.0027363081462681293,0.004049255046993494,0.125,0.25,0.08780092000961304,0.0010651226621121168,-0.005567430518567562,-0.0012099333107471466,-0.0043574972078204155,0.02087600901722908,0.015308578498661518,0.025167126208543777,0.02395719289779663,0.40295663475990295,1.0,0.2814043164253235,0.20452409982681274,0.006384727079421282,0.4241258502006531,0.010003745555877686,1.0,4.0
421,421,7.176155496861638e-07,0.3706872761249542,0,0.5080912113189697,-0.02355983667075634,-0.016282422468066216,-0.0017763320356607437,-0.013616838492453098,0.0160613264888525,0.375,0.25,0.14552004635334015,0.0014791738940402865,0.025189124047756195,0.001400388777256012,0.023788735270500183,0.13007313013076782,0.15526226162910461,0.22986364364624023,0.23126403987407684,0.2365213930606842,1.0,0.5144122242927551,0.20227456092834473,0.011506392620503902,0.3686467111110687,0.017344243824481964,1.0,4.0
422,422,7.160428744009912e-07,0.47131508588790894,0,0.3468744456768036,-0.02209688350558281,-0.03106287680566311,-0.01069092657417059,-0.010915430262684822,0.0023114357609301805,0.25,0.25,0.12917223572731018,0.0005689528770744801,0.03486005589365959,0.03517979383468628,-0.0003197379410266876,0.13448657095432281,0.1693466305732727,0.2291482388973236,0.2643280327320099,0.28567633032798767,1.0,0.3354420065879822,0.17286933958530426,0.00664696516469121,0.3951547145843506,0.012272452004253864,1.0,4.0
423,423,7.144675667015729e-07,0.17256931960582733,0,0.3397911787033081,-0.026162052527070045,-0.021158013492822647,0.0006685308180749416,-0.0027076504193246365,0.0063774921000003815,0.25,0.5,0.13076871633529663,0.0002978496777359396,0.011551689356565475,-0.0021082088351249695,0.013659898191690445,0.07043182104825974,0.08198350667953491,0.20917558670043945,0.2070673704147339,0.3910999298095703,1.0,0.17647458612918854,0.1735188066959381,0.04131308197975159,0.43838828802108765,0.29601308703422546,1.0,4.0
424,424,7.128896457825363e-07,0.10197090357542038,0,0.166858971118927,-0.003614946501329541,-0.010333631187677383,-0.003038243856281042,-0.0047839367762207985,0.001705304835923016,0.25,0.25,0.12515109777450562,0.00027484112069942057,0.015050385147333145,0.0020230989903211594,0.013027286157011986,0.03696497529745102,0.052015356719493866,0.04812882840633392,0.05015192925930023,0.28100836277008057,1.0,0.31626999378204346,0.19994431734085083,0.0012221684446558356,0.3452547490596771,0.004091804847121239,1.0,4.0
425,425,7.113091308703497e-07,0.6092079877853394,0,0.5140779614448547,-0.022611266002058983,-0.018792729824781418,-0.0028188005089759827,-0.011458493769168854,0.008692648261785507,0.5,0.125,0.12028998881578445,0.0010882840724661946,0.02358556166291237,0.011654810979962349,0.01193075068295002,0.1434733122587204,0.16705887019634247,0.2626391351222992,0.2742939293384552,0.3808000683784485,1.0,0.15974386036396027,0.2108299881219864,0.002929616253823042,0.34797394275665283,0.006058280356228352,1.0,4.0
426,426,7.097260412230885e-07,0.2859559655189514,0,0.36387360095977783,-0.015087651088833809,0.00014347140677273273,0.006147491745650768,-0.01554145384579897,0.027449127286672592,0.25,0.5,0.1533709168434143,0.0009634064044803381,-0.004427064210176468,0.0295867919921875,-0.03401385620236397,0.12213045358657837,0.1177033931016922,0.23530495166778564,0.26489174365997314,0.5676920413970947,1.0,0.17139694094657898,0.18546316027641296,0.004942908883094788,0.361964613199234,0.009516103193163872,1.0,4.0
427,427,7.081403961302006e-07,0.5298260450363159,0,0.3438516855239868,-0.01586291193962097,-0.0067970165982842445,-0.0029310197569429874,-0.014219492673873901,0.013725532218813896,0.375,0.5,0.12576250731945038,0.0004750693333335221,0.012863706797361374,0.007113013416528702,0.005750693380832672,0.10827507078647614,0.12113878130912781,0.17963656783103943,0.18674957752227783,0.2682221233844757,1.0,0.24081023037433624,0.19616422057151794,0.0037430874072015285,0.37635040283203125,0.010575701482594013,1.0,4.0
428,428,7.065522149122709e-07,0.708588182926178,0,0.694686770439148,-0.015576784498989582,-0.02093616873025894,-0.022026969119906425,-0.038487158715724945,0.012443345040082932,0.5,0.5,0.12369176000356674,0.0011399254435673356,-0.02427559904754162,-0.021362081170082092,-0.002913517877459526,0.23007434606552124,0.20579874515533447,0.3702327013015747,0.3488706350326538,1.0,0.0,0.011066250503063202,0.22523534297943115,0.01376071386039257,0.3490368723869324,0.01882411353290081,1.0,4.0
429,429,7.049615169207863e-07,0.6155279278755188,0,0.3366798162460327,-0.02118648961186409,-0.02075488306581974,-0.007482148241251707,-0.015815308317542076,0.01324054691940546,0.25,0.25,0.14839254319667816,0.00021005106100346893,0.0015066489577293396,-0.01851663738489151,0.02002328634262085,0.28682419657707214,0.2883308529853821,0.4791150391101837,0.4605984091758728,0.16500961780548096,1.0,0.5981468558311462,0.34510159492492676,0.04437773674726486,0.5943644046783447,0.11007373780012131,1.0,4.0
430,430,7.033683215379002e-07,0.13711793720722198,0,0.35445383191108704,-0.007969914004206657,-0.009588231332600117,-0.015051983296871185,-0.01633405312895775,0.0030066799372434616,0.25,0.25,0.09043039381504059,0.0003612414875533432,0.0070185307413339615,0.02248038351535797,-0.01546185277402401,0.0452941432595253,0.05231267213821411,0.18034355342388153,0.2028239369392395,0.33126628398895264,1.0,0.23791316151618958,0.14639723300933838,0.0014417734928429127,0.3742503523826599,0.004053374752402306,1.0,4.0
431,431,7.017726481761951e-07,0.6117578744888306,0,0.5337636470794678,-0.02230050042271614,-0.027633577585220337,-0.006794204004108906,-0.01834767684340477,0.008786771446466446,0.5,0.0,0.12812751531600952,0.0002813180326484144,0.008854040876030922,0.03587201237678528,-0.027017971500754356,0.15327540040016174,0.16212943196296692,0.47578948736190796,0.5116614699363708,0.29614904522895813,1.0,0.33773165941238403,0.16884703934192657,0.07663242518901825,0.3902216851711273,0.3721718490123749,1.0,4.0
432,432,7.001745162784475e-07,0.4920642673969269,0,0.17428065836429596,-0.01616375707089901,-0.018200373277068138,0.0027362790424376726,0.0027343982364982367,0.00039732790901325643,0.125,0.0,0.1349138468503952,0.00028946000384166837,-0.0009146854281425476,0.0010691136121749878,-0.0019837990403175354,0.05040786787867546,0.04949318245053291,0.06627816706895828,0.06734728068113327,0.22918115556240082,1.0,0.4467640221118927,0.2152693122625351,0.003073696279898286,0.42766255140304565,0.007503119297325611,1.0,4.0
433,433,6.985739453173902e-07,0.25295791029930115,0,0.5150901079177856,-0.017230281606316566,-0.018439773470163345,-0.005685525014996529,-0.01933315023779869,0.013767567463219166,0.5,0.375,0.1387556791305542,0.00025483977515250444,0.015852976590394974,0.00620659813284874,0.009646378457546234,0.10856889188289642,0.1244218647480011,0.30126190185546875,0.3074685037136078,0.5544291734695435,1.0,0.1259964108467102,0.30694711208343506,0.005226946901530027,0.5574690103530884,0.014506736770272255,1.0,4.0
434,434,6.969709547954755e-07,0.23065415024757385,0,0.35856926441192627,-0.020771317183971405,-0.0075124637223780155,0.0009691569721326232,-0.016449136659502983,0.011445756070315838,0.375,0.5,0.1470280885696411,0.0004176124348305166,0.022386929020285606,0.04604794457554817,-0.023661015555262566,0.08129551261663437,0.10368244349956512,0.21513739228248596,0.26118534803390503,0.46529459953308105,1.0,0.19499194622039795,0.2123812437057495,0.001972744008526206,0.515900731086731,0.00413768645375967,1.0,4.0
435,435,6.953655642446367e-07,0.2879995107650757,0,0.512364387512207,-0.005037927068769932,-0.008489738218486309,6.740516982972622e-05,-0.006986069492995739,0.007921198382973671,0.5,0.25,0.11741852760314941,0.0003216129553038627,0.010116045363247395,-0.0050613973289728165,0.015177442692220211,0.15951789915561676,0.16963393986225128,0.2409001886844635,0.23583880066871643,0.3624041974544525,1.0,0.31215900182724,0.15180951356887817,0.0017604995518922806,0.28519880771636963,0.006223841570317745,1.0,4.0
436,436,6.937577932260514e-07,0.2812349200248718,0,0.3477397561073303,-0.02897108718752861,-0.03133770450949669,-0.00986024085432291,-0.010872745886445045,0.0010849515674635768,0.25,0.5,0.14112478494644165,0.0006924946792423725,-0.0072362227365374565,-0.004909448325634003,-0.002326774410903454,0.08553540706634521,0.07829917967319489,0.14419209957122803,0.13928264379501343,0.38099080324172974,1.0,0.28372371196746826,0.25927621126174927,0.006127659697085619,0.4252679944038391,0.015565389767289162,1.0,4.0
437,437,6.921476613299018e-07,0.3286287784576416,0,0.3434825539588928,-0.02291684038937092,-0.02014879882335663,-0.01625577174127102,-0.03212369233369827,0.019894637167453766,0.25,0.0,0.10568061470985413,0.00018935155821964145,-0.0166730098426342,-0.02293388545513153,0.00626087561249733,0.11714476346969604,0.10047174990177155,0.2355513870716095,0.21261751651763916,1.0,0.0,0.16277459263801575,0.19340728223323822,0.0065422868356108665,0.3808082938194275,0.012154733762145042,1.0,4.0
438,438,6.905351881751371e-07,0.20197412371635437,0,0.5201837420463562,-0.01944933459162712,-0.005815363954752684,0.0011278851889073849,-0.014130687341094017,0.01662212237715721,0.625,0.375,0.13745054602622986,0.0009189815609715879,0.013717935420572758,0.014242593199014664,-0.000524657778441906,0.13597571849822998,0.14969363808631897,0.301676869392395,0.3159194588661194,0.4646426737308502,1.0,0.2634764015674591,0.2186424434185028,0.002356823068112135,0.4972403049468994,0.005394649691879749,1.0,4.0
439,439,6.889203934092335e-07,0.26974910497665405,0,0.17768284678459167,-0.009786209091544151,-0.0017569893971085548,-0.0025603994727134705,-0.00463417824357748,0.0016887818928807974,0.125,0.0,0.10037499666213989,0.0005962799186818302,-0.00516117736697197,0.003554966300725937,-0.008716143667697906,0.05781985819339752,0.05265868082642555,0.05767421796917915,0.06122918426990509,0.19829359650611877,1.0,0.5349572896957397,0.18230369687080383,0.014440792612731457,0.3028908967971802,0.02871272712945938,1.0,4.0
440,440,6.87303296707956e-07,0.17779995501041412,0,0.169049933552742,-0.013366506434977055,-0.008410129696130753,0.0002041516127064824,-0.009326845407485962,0.005346482619643211,0.125,0.25,0.10030251741409302,0.00045655688154511154,0.005884032696485519,-0.00266275554895401,0.00854678824543953,0.025035426020622253,0.030919458717107773,0.09498637914657593,0.09232362359762192,0.5272632837295532,1.0,0.17724429070949554,0.14585497975349426,0.00181722198612988,0.4423292279243469,0.004424457438290119,1.0,4.0
441,441,6.856839177751175e-07,0.16494448482990265,0,0.5386090278625488,-0.012549563311040401,-0.02018163353204727,-0.01300669927150011,-0.03034364990890026,0.01666538417339325,0.375,0.0,0.08861620724201202,0.00016890864935703576,0.010451268404722214,0.04711756482720375,-0.03666629642248154,0.07054698467254639,0.0809982568025589,0.25333482027053833,0.3004523813724518,1.0,0.0,0.07502970844507217,0.1169845461845398,0.0013790851226076484,0.3952535390853882,0.005063206423074007,1.0,4.0
442,442,6.840622763423391e-07,0.40960755944252014,0,0.34667879343032837,-0.008970089256763458,-0.007859010249376297,-0.011623203754425049,-0.012672191485762596,0.0025578972417861223,0.25,0.5,0.07927902042865753,0.0001773202238837257,-0.009934328496456146,-0.009850434958934784,-8.38935375213623e-05,0.09577780961990356,0.08584347367286682,0.25287187099456787,0.2430214285850525,0.5727787613868713,1.0,0.19311834871768951,0.14077331125736237,0.01373296044766903,0.3239455223083496,0.06888890266418457,1.0,4.0
443,443,6.824383921688097e-07,0.10847201943397522,0,0.5168057084083557,-0.006772452034056187,-0.00034054252319037914,-0.00649300217628479,-0.012551837600767612,0.006742432713508606,0.5,0.375,0.04730620235204697,5.731846613343805e-05,0.004153500311076641,-0.002119697630405426,0.006273197941482067,0.15100327134132385,0.15515677630901337,0.4515528976917267,0.44943320751190186,1.0,0.0,-0.052261125296354294,0.167061910033226,0.001387567725032568,0.43900245428085327,0.005573900882154703,1.0,4.0
444,444,6.80812285041046e-07,0.45698004961013794,0,0.5149592757225037,-0.004496760666370392,-0.0058231414295732975,-0.0004855683073401451,-0.003128072712570429,0.004997707903385162,0.375,0.5,0.08506816625595093,0.00035530864261090755,-0.013573355972766876,-0.023495925590395927,0.009922569617629051,0.13386766612529755,0.12029430270195007,0.24943162500858307,0.225935697555542,0.2343914955854416,1.0,0.5431175827980042,0.16623519361019135,0.011313216760754585,0.31860247254371643,0.02758827432990074,1.0,4.0
445,445,6.7918397477265e-07,0.2051113247871399,0,0.3432733416557312,-0.001012551598250866,0.00014695827849209309,0.0032263160683214664,-0.001786152133718133,0.006853198632597923,0.25,0.25,0.09066382050514221,0.0002604074834380299,-0.0064604319632053375,-0.013157092034816742,0.006696660071611404,0.1802493780851364,0.17378894984722137,0.33558911085128784,0.3224320113658905,1.0,0.0,0.07111922651529312,0.2899617552757263,0.0013166943099349737,0.6134790778160095,0.0038183461874723434,1.0,4.0
446,446,6.775534812040686e-07,0.7215884327888489,0,0.16869208216667175,-0.0007469509728252888,-0.004105955362319946,-0.0029560611583292484,-0.0036482345312833786,0.0023898682557046413,0.125,0.0,0.10226908326148987,0.0002820987137965858,-0.007947228848934174,-0.017222687602043152,0.009275458753108978,0.11690693348646164,0.10895970463752747,0.18278935551643372,0.16556666791439056,0.14496128261089325,1.0,0.5741793513298035,0.15720771253108978,0.0034104082733392715,0.35115018486976624,0.01490830723196268,1.0,4.0
447,447,6.759208242023509e-07,0.39112427830696106,0,0.5167407989501953,-0.012158157303929329,-0.003234742907807231,-0.01430443488061428,-0.01887793466448784,0.003038459224626422,0.375,0.5,0.11042375862598419,0.00037799551500938833,0.007664239965379238,0.001365065574645996,0.006299174390733242,0.09511259943246841,0.10277684032917023,0.24523460865020752,0.24659967422485352,0.2144336998462677,1.0,0.4545595049858093,0.16822761297225952,0.001271807705052197,0.3574139475822449,0.004208839498460293,1.0,4.0
448,448,6.742860236609076e-07,0.7986432909965515,0,0.3414143919944763,-0.006298203486949205,-0.008220451883971691,-0.0054350052960217,-0.005443902686238289,0.0014503223355859518,0.25,0.25,0.056941572576761246,4.314104444347322e-05,0.005291186273097992,-0.0050815194845199585,0.01037270575761795,0.07422509789466858,0.07951627671718597,0.18499711155891418,0.17991557717323303,1.0,0.0,-0.14736486971378326,0.19268357753753662,0.022557538002729416,0.29894590377807617,0.11349491029977798,1.0,4.0
449,449,6.726490994992673e-07,0.1650715172290802,0,0.35517430305480957,-0.015134272165596485,-0.014728296548128128,0.00524554681032896,0.001529733999632299,0.002344632986932993,0.25,0.25,0.10812249034643173,8.618328138254583e-05,0.00722065195441246,0.02411496266722679,-0.01689431071281433,0.05775187164545059,0.06497251987457275,0.1379740834236145,0.1620890498161316,0.5080347061157227,1.0,0.1866639107465744,0.18572288751602173,0.0028324765153229237,0.3530419170856476,0.006651758216321468,1.0,4.0
450,450,6.710100716628344e-07,0.12636849284172058,0,0.3447420597076416,-0.0032359135802835226,-0.005512651056051254,-0.006985352840274572,-0.014034558087587357,0.00703055877238512,0.25,0.5,0.1041387990117073,0.00031365675386041403,-0.007663846015930176,-0.011359050869941711,0.0036952048540115356,0.19162467122077942,0.18396082520484924,0.44168543815612793,0.4303264021873474,1.0,0.0,-0.10511934757232666,0.24198897182941437,0.001683396752923727,0.5884956121444702,0.004529276862740517,1.0,4.0
451,451,6.693689601226458e-07,0.38080576062202454,0,0.5202922224998474,-0.01840335689485073,-0.013353150337934494,-0.014157245866954327,-0.028410496190190315,0.018173009157180786,0.375,0.5,0.106840580701828,0.000904170039575547,-0.0014132726937532425,-0.0006681494414806366,-0.0007451232522726059,0.12773069739341736,0.12631742656230927,0.33457449078559875,0.333906352519989,0.3877609968185425,1.0,0.29488155245780945,0.20552745461463928,0.0029096687212586403,0.3377605974674225,0.00620659813284874,1.0,4.0
452,452,6.677257848751276e-07,0.47490254044532776,0,0.5231367349624634,-0.03652150183916092,-0.030408835038542747,-0.023718373849987984,-0.0485924556851387,0.028160732239484787,0.375,0.5,0.15428750216960907,0.00030332928872667253,0.026575198397040367,0.03293604403734207,-0.006360845640301704,0.12134987115859985,0.14792506396770477,0.2867680788040161,0.3197041153907776,0.16024309396743774,1.0,0.5667245388031006,0.19071748852729797,0.0033005906734615564,0.4121060371398926,0.005440064240247011,1.0,4.0
453,453,6.660805659418516e-07,0.0,0,0.0,-0.013792693614959717,-0.0010365162743255496,0.0,0.0,0.0,0.0,0.0,0.07947978377342224,0.00022603511752095073,0.0,0.0,0.0,0.0,0.0,0.0,0.0,1.0,0.0,0.0,0.1952473372220993,0.0031196947675198317,0.4144447147846222,0.017146801576018333,1.0,4.0
454,454,6.644333233692916e-07,0.45484188199043274,0,0.693398654460907,-0.013600204139947891,-0.014713137410581112,-0.007280854508280754,-0.028230590745806694,0.02109742909669876,0.5,0.5,0.15479911863803864,0.0012524276971817017,-0.020242732018232346,-0.019883722066879272,-0.0003590099513530731,0.2584769129753113,0.23823417723178864,0.455623984336853,0.43574026226997375,1.0,0.0,-0.19122456014156342,0.23934133350849152,0.005171938333660364,0.40452516078948975,0.009730587713420391,1.0,4.0
455,455,6.627840772285783e-07,0.45612242817878723,0,0.17988121509552002,-0.014388998970389366,-0.007722239941358566,-0.0031585583928972483,-0.00387794291600585,0.0009230684372596443,0.125,0.25,0.11190299689769745,0.0008336242171935737,-0.014866404235363007,-0.0018470436334609985,-0.013019360601902008,0.08566312491893768,0.07079672068357468,0.09234455227851868,0.09049750864505768,0.18169809877872467,1.0,0.5892301201820374,0.19980329275131226,0.0021695634350180626,0.3494940400123596,0.004592726472765207,1.0,4.0
456,456,6.611328476152556e-07,0.36886560916900635,0,0.34235090017318726,-0.012327137403190136,-0.014948997646570206,-0.0004701097495853901,-0.010836383327841759,0.005732014775276184,0.25,0.25,0.11926044523715973,0.0004791354003828019,-0.016276389360427856,-0.024761930108070374,0.008485540747642517,0.11371951550245285,0.097443126142025,0.2349315583705902,0.21016961336135864,1.0,0.0,-0.11745965480804443,0.1570902168750763,0.002265490824356675,0.421903133392334,0.006140351295471191,1.0,4.0
457,457,6.59479654649035e-07,0.38428622484207153,0,0.5212895274162292,-0.0073973676189780235,-0.0057086097076535225,-0.008676267229020596,-0.018318332731723785,0.008586190640926361,0.5,0.5,0.11370474845170975,0.00037413270911201835,0.06297488510608673,0.06573719531297684,-0.0027623120695352554,0.15083718299865723,0.21381206810474396,0.2584502100944519,0.32418739795684814,0.14413538575172424,1.0,0.45501908659935,0.22629281878471375,0.007185735739767551,0.3504939675331116,0.01306382566690445,1.0,4.0
458,458,6.578245184735512e-07,0.14761720597743988,0,0.5193060636520386,-0.006056244485080242,-0.0023810523562133312,0.00653805211186409,-0.002384345280006528,0.010350305587053299,0.5,0.5,0.10845312476158142,0.00025962371728383005,-0.01409083791077137,-0.01549917459487915,0.0014083366841077805,0.16085860133171082,0.1467677652835846,0.40108364820480347,0.3855844736099243,1.0,0.0,-0.14754514396190643,0.15728536248207092,0.00376632041297853,0.4439498782157898,0.007367489393800497,1.0,4.0
459,459,6.561674592561163e-07,0.2961166799068451,0,0.5172936916351318,-0.013709304854273796,-0.014186556451022625,-0.010580038651823997,-0.013944877311587334,0.006684481631964445,0.375,0.25,0.07862971723079681,0.00012890849029645324,0.005337731912732124,0.00016234442591667175,0.005175387486815453,0.11644000560045242,0.1217777356505394,0.20449846982955933,0.2046608030796051,1.0,0.0,0.06708116829395294,0.15509524941444397,0.0015598202589899302,0.29267293214797974,0.004573519341647625,1.0,4.0
460,460,6.545084971874736e-07,0.365799218416214,0,0.5080616474151611,-0.0246881190687418,-0.018251612782478333,-0.01953461393713951,-0.037262920290231705,0.016883540898561478,0.375,0.5,0.18759652972221375,0.000550458615180105,0.02882496640086174,0.004993978887796402,0.023830987513065338,0.15871457755565643,0.18753954768180847,0.22785431146621704,0.23284827172756195,0.35728690028190613,1.0,0.2538715898990631,0.2639304995536804,0.003593695815652609,0.3665894865989685,0.007738196291029453,1.0,4.0
461,461,6.528476524815528e-07,0.3600926697254181,0,0.3472290337085724,-0.014851976186037064,-0.007616139482706785,0.006221624091267586,0.005376560613512993,0.003917979076504707,0.25,0.25,0.12862196564674377,0.0006655388278886676,0.00017710402607917786,0.001290988177061081,-0.001113884150981903,0.09172987192869186,0.09190697968006134,0.18826645612716675,0.18955744802951813,1.0,0.0,-0.10413677990436554,0.19129109382629395,0.008975161239504814,0.44960129261016846,0.014152000658214092,1.0,4.0
462,462,6.511849453752223e-07,0.43759360909461975,0,0.680637776851654,-0.021523799747228622,-0.025401519611477852,-0.006989369168877602,-0.0373225063085556,0.02941601723432541,0.5,0.25,0.1285262107849121,0.0008172577363438904,0.03746050223708153,0.012193646281957626,0.0252668559551239,0.14712736010551453,0.18458786606788635,0.3938445746898651,0.40603822469711304,1.0,0.0,-0.2005220204591751,0.14836017787456512,0.004210945684462786,0.3376532196998596,0.00931660644710064,1.0,4.0
463,463,6.495203961280433e-07,0.22097894549369812,0,0.5254476070404053,-0.017999643459916115,-0.0214920025318861,-0.00751914456486702,-0.01356154028326273,0.010265309363603592,0.375,0.5,0.1344100534915924,0.000490035570692271,0.0336906835436821,0.04356251657009125,-0.009871831163764,0.12521596252918243,0.15890665352344513,0.32522106170654297,0.3687835931777954,0.6401650309562683,1.0,0.13855253159999847,0.16274932026863098,0.0016242617275565863,0.44656455516815186,0.003917492926120758,1.0,4.0
464,464,6.478540250220233e-07,0.33059945702552795,0,0.5226956605911255,-0.008571977727115154,-0.013294711709022522,0.00014473125338554382,-0.014883729629218578,0.01249995082616806,0.5,0.25,0.11008640378713608,0.0014057331718504429,0.00014510657638311386,0.005761474370956421,-0.005616367794573307,0.13156768679618835,0.13171279430389404,0.2631738781929016,0.2689353823661804,0.6031255125999451,1.0,0.22319597005844116,0.17234840989112854,0.0027376054786145687,0.32568299770355225,0.005187928676605225,1.0,4.0
465,465,6.461858523613684e-07,0.18736378848552704,0,0.34778404235839844,-0.012364865280687809,-0.013001608662307262,-0.003654593601822853,-0.010629880242049694,0.004812145140022039,0.375,0.5,0.09574046730995178,0.0010923960944637656,0.004767870530486107,0.00715101882815361,-0.0023831482976675034,0.0968034565448761,0.10157132148742676,0.1394418478012085,0.1465928554534912,0.2504715621471405,1.0,0.4183086156845093,0.2003035843372345,0.0028372411616146564,0.2669764757156372,0.0071404241025447845,1.0,4.0
466,466,6.445158984722358e-07,0.5038870573043823,0,0.5173842906951904,-0.008953118696808815,-0.010293364524841309,-0.003117879619821906,-0.004169173073023558,0.0053757368586957455,0.375,0.25,0.10692036151885986,0.0004744255857076496,0.03612075001001358,0.03114837408065796,0.004972377792000771,0.1894652545452118,0.22558599710464478,0.24232342839241028,0.27347180247306824,0.1394607424736023,1.0,0.6140291690826416,0.2648460268974304,0.002243619877845049,0.3845757842063904,0.0041967215947806835,1.0,4.0
467,467,6.428441837024868e-07,0.15237200260162354,0,0.34641164541244507,0.0006679584039375186,-0.0016963460948318243,0.004439434036612511,0.003524249419569969,0.0037118755280971527,0.375,0.375,0.05193250998854637,4.125194391235709e-05,0.004626233130693436,0.004293415695428848,0.0003328174352645874,0.07855674624443054,0.08318297564983368,0.1950783133506775,0.19937172532081604,0.32146838307380676,1.0,0.31536394357681274,0.12268825620412827,0.002227042568847537,0.32521194219589233,0.008995825424790382,1.0,4.0
468,468,6.411707284214383e-07,0.14214739203453064,0,0.35373955965042114,-0.0215986967086792,-0.023740116506814957,-0.0015242532826960087,-0.012462517246603966,0.00959903933107853,0.25,0.25,0.10234738886356354,0.0002813914616126567,0.02240729331970215,0.036572009325027466,-0.014164716005325317,0.06284303963184357,0.08525033295154572,0.2647227942943573,0.30129480361938477,1.0,0.0,-0.03213862329721451,0.1337832510471344,0.00680280989035964,0.33417749404907227,0.01229734718799591,1.0,4.0
469,469,6.394955530196147e-07,0.5222984552383423,0,0.6916172504425049,-0.012215624563395977,-0.021218813955783844,-0.0107280183583498,-0.026266541332006454,0.00929136574268341,0.75,0.125,0.07295511662960052,0.00010849179670913145,0.0024040918797254562,-0.0007316656410694122,0.0031357575207948685,0.2000579833984375,0.2024620920419693,0.35514676570892334,0.3544151186943054,0.25359511375427246,1.0,0.4427879750728607,0.19084860384464264,0.009695034474134445,0.32108446955680847,0.03775692731142044,1.0,4.0
470,470,6.378186779084995e-07,0.6551039814949036,0,0.5233349800109863,0.005005586892366409,0.0031362255103886127,0.013720298185944557,0.013408035039901733,0.001360456575639546,0.375,0.25,0.059140197932720184,5.708911339752376e-05,-0.012008731253445148,-0.0052121784538030624,-0.006796552799642086,0.10523875057697296,0.09323001652956009,0.15342263877391815,0.14821046590805054,0.22252719104290009,1.0,0.48121586441993713,0.12111209332942963,0.0031646841671317816,0.27750295400619507,0.01307551097124815,1.0,4.0
471,471,6.361401235202871e-07,0.7963368892669678,0,0.6965292096138,-0.010246573016047478,-0.008014079183340073,-0.015264419838786125,-0.027016621083021164,0.01587548665702343,0.625,0.625,0.09174124896526337,0.00014661418390460312,0.004510003142058849,0.01104438491165638,-0.00653438176959753,0.18788108229637146,0.19239109754562378,0.38351884484291077,0.394563227891922,0.20220473408699036,1.0,0.48441219329833984,0.18554703891277313,0.002246229676529765,0.35345542430877686,0.00711352564394474,1.0,4.0
472,472,6.344599103076328e-07,0.336963027715683,0,0.7025383114814758,-0.007409339305013418,-0.003122457303106785,-0.00024166610091924667,-0.009977307170629501,0.007651538122445345,0.5,0.25,0.10458506643772125,0.00020768764079548419,0.009856007993221283,0.02847149781882763,-0.018615489825606346,0.16267679631710052,0.1725327968597412,0.2686988115310669,0.2971703112125397,0.3694523870944977,1.0,0.27665969729423523,0.1659475564956665,0.0013385971542447805,0.30671262741088867,0.0034946633968502283,1.0,4.0
473,473,6.327780587434044e-07,0.1789463758468628,0,0.3389914035797119,-0.013445750810205936,-0.02068347856402397,-0.010438114404678345,-0.014255786314606667,0.0044757649302482605,0.25,0.0,0.12415149807929993,0.00015877469559200108,0.03850163519382477,0.023178450763225555,0.015323184430599213,0.0989924818277359,0.13749411702156067,0.22498059272766113,0.24815905094146729,0.47021228075027466,1.0,0.18774323165416718,0.26249760389328003,0.003530500689521432,0.5529263019561768,0.012209856882691383,1.0,4.0
474,474,6.310945893204324e-07,0.2954125702381134,0,0.18073546886444092,-0.014042927883565426,-0.018988801166415215,-0.002457794500514865,-0.0035161911509931087,0.004316478967666626,0.125,0.0,0.13294459879398346,0.0007680639973841608,-0.008226431906223297,0.0064553916454315186,-0.014681823551654816,0.06955162435770035,0.06132519245147705,0.10219702124595642,0.10865241289138794,0.21876759827136993,1.0,0.5664263367652893,0.19931098818778992,0.0067868782207369804,0.3751353323459625,0.013677502050995827,1.0,4.0
475,475,6.294095225512604e-07,0.516079843044281,0,0.34679287672042847,-0.011460777372121811,-0.00934032816439867,-0.020069226622581482,-0.026236705482006073,0.020919721573591232,0.25,0.5,0.09382852166891098,0.00011962556163780391,0.005101170390844345,0.00544217973947525,-0.00034100934863090515,0.11736135184764862,0.12246252596378326,0.1947377771139145,0.20017996430397034,0.17896470427513123,1.0,0.444295197725296,0.22882317006587982,0.002960348268970847,0.33750152587890625,0.0076239402405917645,1.0,4.0
476,476,6.277228789678953e-07,0.40339395403862,0,0.691411554813385,-0.02461904287338257,-0.02759416028857231,-0.014120414853096008,-0.05596776306629181,0.03785674273967743,0.5,0.5,0.16616153717041016,0.0004914733581244946,0.11191175132989883,0.10796169191598892,0.003950061276555061,0.16310155391693115,0.2750132977962494,0.35399502515792847,0.4619567096233368,0.32999470829963684,1.0,0.27969029545783997,0.21695172786712646,0.003478726837784052,0.382223516702652,0.0070313699543476105,1.0,4.0
477,477,6.26034679121557e-07,0.33042415976524353,0,0.16839712858200073,-0.01311266329139471,-0.008342611603438854,-0.0032595687080174685,-0.008275170810520649,0.003504731459543109,0.125,0.0,0.13129131495952606,0.00019743428856600076,0.01623718813061714,0.006360284984111786,0.009876903146505356,0.05362117663025856,0.0698583647608757,0.07405266910791397,0.08041295409202576,0.21875005960464478,1.0,0.40862610936164856,0.200988307595253,0.0017000363441184163,0.4044281840324402,0.005143750458955765,1.0,4.0
478,478,6.243449435824276e-07,0.4663873314857483,0,0.3914238214492798,-0.013818399049341679,-0.009343697689473629,-0.0053656138479709625,-0.017409829422831535,0.011487779207527637,0.375,0.25,0.10402446985244751,0.0007862217607907951,0.048322442919015884,0.12977267801761627,-0.08145024627447128,0.061085399240255356,0.10940784215927124,0.23963609337806702,0.3694087862968445,1.0,0.0,-0.2502189874649048,0.11611402034759521,0.013819342479109764,0.34283411502838135,0.058530550450086594,1.0,4.0
479,479,6.226536929394013e-07,0.0,0,0.0,-0.020911091938614845,-0.027336256578564644,0.0,0.0,0.0,0.0,0.0,0.08588705211877823,7.898860349087045e-05,0.0,0.0,0.0,0.0,0.0,0.0,0.0,1.0,0.0,0.0,0.1769041270017624,0.0023281709291040897,0.3778086006641388,0.01221039891242981,1.0,4.0
480,480,6.209609477998338e-07,0.1231745108962059,0,0.17739135026931763,-0.014270363375544548,-0.017023038119077682,-0.004213992971926928,-0.0081601832062006,0.002046347362920642,0.125,0.0,0.08386935293674469,0.00011836826161015779,0.00035132281482219696,0.008494153618812561,-0.008142830803990364,0.024395549669861794,0.02474687248468399,0.10495727509260178,0.11345142871141434,0.37647539377212524,1.0,0.26154619455337524,0.1695256531238556,0.017712080851197243,0.3451281487941742,0.03497960418462753,1.0,4.0
481,481,6.192667287892904e-07,0.4063664376735687,0,0.3488048017024994,-0.01565907895565033,-0.009927605278789997,0.005204823799431324,-0.00015059416182339191,0.009166697040200233,0.25,0.25,0.07152965664863586,3.770885450649075e-05,0.0008182041347026825,0.005250900983810425,-0.004432696849107742,0.10696610808372498,0.10778431594371796,0.20020566880702972,0.20545656979084015,0.156995490193367,1.0,0.6615415811538696,0.16764719784259796,0.0014911640901118517,0.3052154779434204,0.004685424733906984,1.0,4.0
482,482,6.17571056551295e-07,0.2816195785999298,0,0.5274046063423157,-0.003824907820671797,-0.0027863727882504463,0.0023119081743061543,-0.007486088201403618,0.010828197933733463,0.5,0.375,0.08727358281612396,0.0030596363358199596,-0.019907137379050255,-0.0050159841775894165,-0.014891153201460838,0.10923784226179123,0.08933070302009583,0.334745317697525,0.3297293186187744,1.0,0.0,0.026428380981087685,0.1683690845966339,0.009971236810088158,0.3921228349208832,0.021134156733751297,1.0,4.0
483,483,6.158739517470786e-07,0.6785896420478821,0,0.16998769342899323,-0.006714257877320051,-0.00758818956092,-0.003397260792553425,-0.006854567676782608,0.002521926537156105,0.125,0.25,0.09705154597759247,0.0002927915775217116,0.007870860397815704,0.0012285113334655762,0.006642349064350128,0.10163456201553345,0.10950542241334915,0.1524602621793747,0.15368877351284027,0.13425281643867493,1.0,0.7164276242256165,0.23915556073188782,0.0017512571066617966,0.425037682056427,0.0055147577077150345,1.0,4.0
484,484,6.141754350553279e-07,0.04991094768047333,0,0.1727163940668106,0.002277940511703491,0.002951419446617365,0.00815665628761053,0.006117412354797125,0.0021135706920176744,0.125,0.0,0.05686799809336662,1.7900756574817933e-05,-0.0009742714464664459,-0.002116374671459198,0.001142103224992752,0.04069943353533745,0.039725162088871,0.09237551689147949,0.0902591422200203,0.8605316877365112,1.0,0.11677104979753494,0.16491739451885223,0.00152866099961102,0.34494316577911377,0.006596112158149481,1.0,4.0
485,485,6.124755271719326e-07,0.12369079142808914,0,0.33990979194641113,-0.002442227676510811,-0.00384281063452363,0.0004475440364331007,-0.0008851708844304085,0.004158190917223692,0.375,0.5,0.11262595653533936,0.00022118752531241626,-0.0025955401360988617,-0.016031648963689804,0.013436108827590942,0.07945553958415985,0.07685999572277069,0.209128737449646,0.1930970847606659,0.471889466047287,1.0,0.25157809257507324,0.19973093271255493,0.0014202967286109924,0.45262181758880615,0.003606493351981044,1.0,4.0
486,486,6.107742488097338e-07,0.240441232919693,0,0.6905558109283447,-0.005725417751818895,-0.004183265380561352,-0.003268405795097351,-0.005770687013864517,0.007320452015846968,0.5,0.75,0.0730459988117218,0.00029210338834673166,0.004477189853787422,-0.000903550535440445,0.005380740389227867,0.09685631096363068,0.10133349895477295,0.3150268793106079,0.31412333250045776,0.2576836347579956,1.0,0.45042136311531067,0.11065070331096649,0.007333556655794382,0.3094731569290161,0.02617383562028408,1.0,4.0
487,487,6.090716206982713e-07,0.11159266531467438,0,0.16924181580543518,-0.009719142690300941,-0.0035975072532892227,0.002513636602088809,0.0020660925656557083,0.0014036716893315315,0.125,0.25,0.1388089954853058,0.0004104410472791642,0.013393301516771317,0.005236811935901642,0.008156489580869675,0.018665824085474014,0.03205912560224533,0.08319225162267685,0.08842906355857849,0.2892390489578247,1.0,0.26262563467025757,0.21086803078651428,0.011271149851381779,0.34544286131858826,0.019698847085237503,1.0,4.0
488,488,6.073676635835316e-07,0.2386605441570282,0,0.1706438809633255,-0.02254396304488182,-0.0062326956540346146,-0.0075079407542943954,-0.010303903371095657,0.004400671925395727,0.125,0.0,0.09439246356487274,0.003264544764533639,-0.0007737874984741211,-0.006087854504585266,0.005314067006111145,0.04453601315617561,0.04376222565770149,0.13281573355197906,0.1267278790473938,1.0,0.0,0.0028992912266403437,0.1427244246006012,0.04017460346221924,0.34401893615722656,0.1556248664855957,1.0,4.0
489,489,6.056623982276944e-07,0.23273397982120514,0,0.34811729192733765,-0.02518223226070404,-0.023690074682235718,-0.015943925827741623,-0.02038181945681572,0.0051821256056427956,0.25,0.25,0.09828127175569534,9.554486314300448e-05,0.004807097837328911,0.007863715291023254,-0.0030566174536943436,0.07532710582017899,0.08013419806957245,0.19151553511619568,0.19937925040721893,0.2719983458518982,1.0,0.36637768149375916,0.1644963175058365,0.0014593328814953566,0.44034451246261597,0.005027560517191887,1.0,4.0
490,490,6.039558454088795e-07,0.2907499074935913,0,0.3410801291465759,-0.015581144019961357,-0.008976878598332405,0.00032465672120451927,-0.027936551719903946,0.01945619285106659,0.25,0.25,0.13262419402599335,0.0006701707607135177,0.013897405937314034,0.002849303185939789,0.011048102751374245,0.0770920068025589,0.09098941087722778,0.14745976030826569,0.15030907094478607,1.0,0.0,-0.32279279828071594,0.16186128556728363,0.00548149086534977,0.3508601188659668,0.01025941502302885,1.0,4.0
491,491,6.02248025920895e-07,0.2937309443950653,0,0.16903263330459595,-0.006478764116764069,-0.008404613472521305,-0.0027530549559742212,-0.0029778513126075268,0.004504838027060032,0.125,0.0,0.11133477836847305,0.00018291360174771398,0.0002139061689376831,-0.008368074893951416,0.008581981062889099,0.06480896472930908,0.06502287089824677,0.14147233963012695,0.13310426473617554,0.4933474659919739,1.0,0.1960325986146927,0.18228696286678314,0.019896037876605988,0.32293030619621277,0.05361024662852287,1.0,4.0
492,492,6.005389605729824e-07,0.4070183336734772,0,0.1702614426612854,0.0030895001254975796,-0.0027367444708943367,0.0027250933926552534,0.0027249082922935486,9.147062519332394e-05,0.125,0.0,0.0956258624792099,0.00022835825802758336,0.004695050418376923,-0.0013927072286605835,0.006087757647037506,0.07305135577917099,0.07774640619754791,0.11850850284099579,0.1171157956123352,0.23782417178153992,1.0,0.365256667137146,0.20516274869441986,0.013473550789058208,0.3443066477775574,0.03589174523949623,1.0,4.0
493,493,5.98828670189563e-07,0.18443356454372406,0,0.3450145721435547,-0.0063263182528316975,-0.01162776444107294,-7.400964386761189e-05,-0.0011141423601657152,0.0047982195392251015,0.25,0.25,0.1181640550494194,0.00043733150232583284,0.011529428884387016,0.008390568196773529,0.0031388606876134872,0.06694821268320084,0.0784776359796524,0.22051765024662018,0.2289082109928131,1.0,0.0,-0.06686045974493027,0.18153055012226105,0.004868167452514172,0.4389263987541199,0.009648189879953861,1.0,4.0
494,494,5.97117175609986e-07,0.1520119458436966,0,0.35248899459838867,-0.011529691517353058,-0.00628271559253335,-0.007754570804536343,-0.008441140875220299,0.002967392560094595,0.375,0.5,0.09434986114501953,0.0002486117882654071,0.005078445188701153,0.016628768295049667,-0.011550323106348515,0.04227223992347717,0.0473506860435009,0.15417954325675964,0.1708083152770996,1.0,0.0,0.04409492760896683,0.14652550220489502,0.0030428571626544,0.43298646807670593,0.00974336825311184,1.0,4.0
495,495,5.954044976882723e-07,0.42773741483688354,0,0.3527999520301819,-0.013537216931581497,-0.005763458553701639,0.0016952484147623181,-0.0054453033953905106,0.006100161001086235,0.25,0.5,0.1348317712545395,0.0002487874880898744,-0.03561779484152794,-0.023241765797138214,-0.012376029044389725,0.13584136962890625,0.1002235859632492,0.22350436449050903,0.20026260614395142,0.3188879191875458,1.0,0.3771856129169464,0.1542079597711563,0.015344684943556786,0.3641364872455597,0.06960207968950272,1.0,4.0
496,496,5.936906572928624e-07,0.37859806418418884,0,0.3463207483291626,-0.011388682760298252,-0.014237932860851288,0.0013005239889025688,-0.011359482072293758,0.0108950762078166,0.25,0.0,0.1061246395111084,0.00036195918801240623,0.02080414816737175,0.020267680287361145,0.0005364678800106049,0.09552627801895142,0.11633042991161346,0.17427946627140045,0.1945471465587616,0.2724357545375824,1.0,0.34714412689208984,0.20789751410484314,0.001091224025003612,0.3797950744628906,0.003533428767696023,1.0,4.0
497,497,5.9197567530636e-07,0.4000132083892822,0,0.5075323581695557,-0.02879919856786728,-0.029650133103132248,-0.008188771083950996,-0.03349783271551132,0.02005871944129467,0.625,0.25,0.12273139506578445,0.0005502492422237992,0.0590645968914032,0.03402572497725487,0.025038868188858032,0.07838179916143417,0.13744640350341797,0.23152673244476318,0.26555246114730835,1.0,0.0,-0.20972338318824768,0.1325487345457077,0.006044099573045969,0.28123709559440613,0.013597551733255386,1.0,4.0
498,498,5.9025957262528e-07,0.5749139785766602,0,0.697994589805603,-0.012739540077745914,-0.01083632092922926,-0.0034756800159811974,-0.01938612386584282,0.012030774727463722,0.75,0.625,0.0679532140493393,2.5050581825780682e-05,-0.014566116966307163,-0.004973787814378738,-0.009592329151928425,0.15561173856258392,0.14104562997817993,0.36282768845558167,0.35785385966300964,0.3412846624851227,1.0,0.3026256561279297,0.13695141673088074,0.0014354783343151212,0.31552988290786743,0.0069730752147734165,1.0,4.0
499,499,5.885423701597917e-07,0.7669708728790283,0,0.5275886654853821,-0.006001063622534275,-0.00620295712724328,0.0019125384278595448,-0.008133647963404655,0.012297656387090683,0.375,0.5,0.07483424991369247,0.00249592587351799,-0.03459733724594116,-0.01922111213207245,-0.01537622231990099,0.12613339722156525,0.09153605252504349,0.3581884801387787,0.33896738290786743,1.0,0.0,-0.2670421302318573,0.10765896737575531,0.014305557124316692,0.3807790279388428,0.028690967708826065,1.0,4.0
500,500,5.868240888334652e-07,0.10021673142910004,0,0.34228426218032837,-0.011792567558586597,-0.011415435001254082,-0.0027122762985527515,-0.011046573519706726,0.008862731978297234,0.375,0.125,0.07033319771289825,6.536768341902643e-05,0.009251931682229042,0.00027551501989364624,0.008976416662335396,0.1618221551179886,0.17107409238815308,0.3445814251899719,0.34485694766044617,1.0,0.0,-0.08570773154497147,0.24384407699108124,0.0015331327449530363,0.46882539987564087,0.005295722745358944,1.0,4.0
501,501,5.851047495830163e-07,0.6543940305709839,0,0.5185606479644775,-0.010025424882769585,-0.010808749124407768,-0.01316080428659916,-0.017637336626648903,0.006753360852599144,0.375,0.75,0.07492745667695999,0.00014950608601793647,-5.509890615940094e-05,-0.0030430033802986145,0.0029879044741392136,0.12530945241451263,0.12525434792041779,0.2601924538612366,0.25714942812919617,0.24889901280403137,1.0,0.3936408758163452,0.15604135394096375,0.11913837492465973,0.2937934994697571,0.6396112442016602,1.0,4.0
502,502,5.833843733580512e-07,0.14512322843074799,0,0.34303462505340576,-0.020631689578294754,-0.018701374530792236,-0.005694638937711716,-0.010946226306259632,0.0047425017692148685,0.25,0.0,0.12353872507810593,0.00015637677279300988,-0.020547697320580482,-0.027701441198587418,0.007153743878006935,0.07200632989406586,0.051458634436130524,0.23289024829864502,0.2051887959241867,1.0,0.0,-0.1272464543581009,0.22092555463314056,0.0014350151177495718,0.46704450249671936,0.004308309406042099,1.0,4.0
503,503,5.816629811208111e-07,0.5523666143417358,0,0.5041494369506836,-0.014311530627310276,-0.022694794461131096,-0.012604476884007454,-0.030599281191825867,0.011340106837451458,0.375,0.0,0.07596994936466217,0.00016005177167244256,0.025877516716718674,-0.005943991243839264,0.03182150796055794,0.1806326061487198,0.20651012659072876,0.2763023376464844,0.2703583240509033,0.174028217792511,1.0,0.5479267239570618,0.20388899743556976,0.001480831066146493,0.32845455408096313,0.005166797433048487,1.0,4.0
504,504,5.799405938459174e-07,0.2639451324939728,0,0.35167035460472107,-0.004246886353939772,-0.0047079832293093204,-0.0039269281551241875,-0.006094674579799175,0.003268373664468527,0.25,0.5,0.09445791691541672,0.00022144058311823756,-0.04494943469762802,-0.03489992022514343,-0.01004951260983944,0.09905701130628586,0.05410757660865784,0.19227299094200134,0.1573730707168579,0.6069872379302979,1.0,0.34587109088897705,0.12132741510868073,0.005578594282269478,0.3620704412460327,0.020046669989824295,1.0,4.0
505,505,5.782172325201155e-07,0.2886894643306732,0,0.5004144906997681,0.00039374339394271374,0.006646443158388138,0.002677827375009656,-0.010317422449588776,0.010150335729122162,0.375,0.5,0.08016154915094376,0.0001102665628422983,0.05680291727185249,0.01691383868455887,0.03988908231258392,0.0840875655412674,0.1408904790878296,0.29035893082618713,0.3072727918624878,0.3257937729358673,1.0,0.1744457185268402,0.1317255198955536,0.003674823325127363,0.35569706559181213,0.010900295339524746,1.0,4.0
506,506,5.764929181420191e-07,0.4336688816547394,0,0.5170589089393616,-0.001102021662518382,-0.007146960590034723,0.015110746026039124,0.0020887055434286594,0.014554002322256565,0.375,0.25,0.09923915565013885,0.000269324955297634,0.0026240311563014984,-0.0030223727226257324,0.005646403878927231,0.22927334904670715,0.23189739882946014,0.2585185766220093,0.25549620389938354,0.23721201717853546,1.0,0.3417517840862274,0.25266003608703613,0.001616824185475707,0.337831050157547,0.004008602350950241,1.0,4.0
507,507,5.747676717218548e-07,0.5600711703300476,0,0.17486009001731873,-0.004593567922711372,-0.0032242899760603905,-0.0033882728312164545,-0.007317435462027788,0.003452745731920004,0.125,0.0,0.049919117242097855,2.0028692233609036e-05,-0.001540951430797577,0.001595824956893921,-0.003136776387691498,0.06856419891119003,0.06702324748039246,0.10790602117776871,0.10950184613466263,0.18543903529644012,1.0,0.5689173340797424,0.16984878480434418,0.0015931834932416677,0.29088783264160156,0.009337234310805798,1.0,4.0
508,508,5.730415142812058e-07,0.39692965149879456,0,0.522418737411499,7.855077274143696e-05,-0.0006238295463845134,0.006282337475568056,0.0021431432105600834,0.007228206843137741,0.375,0.5,0.07842445373535156,3.168754483340308e-05,-0.01694575697183609,-0.012028921395540237,-0.004916835576295853,0.1387087106704712,0.1217629462480545,0.2408483922481537,0.22881948947906494,0.24874421954154968,1.0,0.4079902172088623,0.16795432567596436,0.0014362221118062735,0.36068224906921387,0.006183827295899391,1.0,4.0
509,509,5.713144668527558e-07,0.15596269071102142,0,0.17343027889728546,-0.020299026742577553,-0.02241843193769455,-0.008217152208089828,-0.010607424192130566,0.0027013502549380064,0.125,0.0,0.12438565492630005,0.0005779299535788596,0.004876967519521713,0.005163863301277161,-0.0002868957817554474,0.03469468653202057,0.03957165405154228,0.09460245817899704,0.0997663214802742,0.257988303899765,1.0,0.39261335134506226,0.1757158488035202,0.0040021976456046104,0.3999057710170746,0.00737385218963027,1.0,4.0
510,510,5.695865504800327e-07,0.24117517471313477,0,0.1747790426015854,-0.023097671568393707,-0.01169542595744133,-0.004923396743834019,-0.019440313801169395,0.008306600153446198,0.125,0.25,0.10340467095375061,0.0005063261487521231,-0.006034929305315018,-0.003059297800064087,-0.002975631505250931,0.062481895089149475,0.05644696578383446,0.10289763659238815,0.09983833879232407,0.18096035718917847,1.0,0.5464966297149658,0.14308957755565643,0.006409996189177036,0.37985485792160034,0.015024115331470966,1.0,4.0
511,511,5.678577862171522e-07,0.11328242719173431,0,0.35201406478881836,-0.011153489351272583,-0.016556281596422195,-0.010675627738237381,-0.020428858697414398,0.013951770961284637,0.25,0.0,0.08560962975025177,5.9896156017202884e-05,0.004503808915615082,0.015194926410913467,-0.010691117495298386,0.052729688584804535,0.05723349750041962,0.1540876030921936,0.16928252577781677,0.5509185791015625,1.0,0.1759209781885147,0.14019165933132172,0.0015957111027091742,0.30058375000953674,0.006672949530184269,1.0,4.0
512,512,5.661281951285612e-07,0.0962030217051506,0,0.1698211133480072,-0.014243452809751034,0.005047970917075872,0.001663314295001328,-0.012796346098184586,0.01480097509920597,0.25,0.125,0.07785289734601974,0.00018985771748702973,0.006272345781326294,-0.0007079541683197021,0.006980299949645996,0.03095259889960289,0.037224944680929184,0.10049664974212646,0.09978869557380676,1.0,0.0,0.024755295366048813,0.13679271936416626,0.013309068977832794,0.28198397159576416,0.11079265177249908,1.0,4.0
513,513,5.643977982887814e-07,0.6052433848381042,0,0.5241342782974243,-0.01148715615272522,-0.002238012384623289,-0.006481784395873547,-0.0246890876442194,0.016770174726843834,0.375,0.5,0.07782313972711563,0.0018504105973988771,-0.01279248297214508,-0.004358798265457153,-0.008433684706687927,0.16268935799598694,0.14989687502384186,0.3416830897331238,0.337324321269989,1.0,0.0,-0.13778579235076904,0.19397085905075073,0.015965892001986504,0.43719419836997986,0.0297009889036417,1.0,4.0
514,514,5.626666167821521e-07,0.5015150904655457,0,0.34575289487838745,-0.014830728061497211,-0.009500481188297272,0.0016774198738858104,9.640585631132126e-05,0.003578245174139738,0.375,0.375,0.09117967635393143,0.000223318042117171,-0.001635618507862091,-0.003405775874853134,0.001770157366991043,0.14354208111763,0.1419064700603485,0.2088172733783722,0.20541149377822876,1.0,0.0,-0.005360707640647888,0.23011824488639832,0.023098308593034744,0.36583513021469116,0.043660521507263184,1.0,4.0
515,515,5.609346717025737e-07,0.9206882119178772,0,0.3429087996482849,-0.001708804164081812,-0.003809843910858035,0.0016601432580500841,-0.0023713118862360716,0.005759518127888441,0.375,0.0,0.09350501000881195,0.0014614943647757173,-0.021671822294592857,-0.029426924884319305,0.007755102589726448,0.11795605719089508,0.09628423303365707,0.3089801073074341,0.2795531749725342,0.31747984886169434,1.0,0.336585134267807,0.17030110955238342,0.06735746562480927,0.34892597794532776,0.17284849286079407,1.0,4.0
516,516,5.592019841532506e-07,0.10030008852481842,0,0.1722097098827362,-0.005205544643104076,-0.009535057470202446,0.0027174092829227448,-0.0006563694914802909,0.0018880687421187758,0.125,0.0,0.09457129240036011,0.0001860094052972272,0.002604082226753235,0.0004452541470527649,0.00215882807970047,0.02396291494369507,0.026566997170448303,0.07397858798503876,0.07442384213209152,0.6881200671195984,1.0,0.13385365903377533,0.14961685240268707,0.0019386191852390766,0.3668506145477295,0.008787725120782852,1.0,4.0
517,517,5.574685752464333e-07,0.1565801054239273,0,0.33654147386550903,-0.013317291624844074,-0.016555216163396835,-0.00012881378643214703,-0.00016634631901979446,0.004431107081472874,0.25,0.5,0.09253843128681183,9.687342389952391e-05,-0.0020474139600992203,-0.02231886237859726,0.02027144841849804,0.0583244264125824,0.056277014315128326,0.17952284216880798,0.15720397233963013,0.4046546518802643,1.0,0.21787400543689728,0.17720237374305725,0.0019058745820075274,0.36768603324890137,0.007466456387192011,1.0,4.0
518,518,5.557344661031627e-07,0.0,0,0.0,-0.019045265391469002,-0.013738637790083885,0.0,0.0,0.0,0.0,0.0,0.11577598750591278,0.0011173197999596596,0.0,0.0,0.0,0.0,0.0,0.0,0.0,1.0,0.0,0.0,0.19860942661762238,0.028169166296720505,0.40223783254623413,0.07078025490045547,1.0,4.0
519,519,5.539996778530114e-07,0.45067307353019714,0,0.5130519866943359,-0.0023492900654673576,-0.006172638386487961,0.0068655963987112045,-0.0054917167872190475,0.009537327103316784,0.375,0.25,0.060580216348171234,0.001448155613616109,0.01176929846405983,-0.0019131004810333252,0.013682398945093155,0.12911275029182434,0.14088204503059387,0.17928802967071533,0.177374929189682,1.0,0.0,-0.006766659207642078,0.15735530853271484,0.007198106963187456,0.24713441729545593,0.014465025626122952,1.0,4.0
520,520,5.522642316338268e-07,0.33875519037246704,0,0.6975241899490356,-0.017309529706835747,-0.0203678160905838,-0.012958865612745285,-0.019893985241651535,0.006698989309370518,0.625,0.0,0.08075472712516785,0.00013233881327323616,0.0037623848766088486,0.0124443918466568,-0.00868200697004795,0.13005854189395905,0.13382092118263245,0.287759006023407,0.300203412771225,0.3024475574493408,1.0,0.2872347831726074,0.13443763554096222,0.00798164214938879,0.2960297465324402,0.020247863605618477,1.0,4.0
521,521,5.505281485914732e-07,0.2908979058265686,0,0.5200872421264648,-0.01420748420059681,-0.011149134486913681,-0.0053440057672560215,-0.010675203055143356,0.005089086480438709,0.5,0.5,0.11796872317790985,0.00023985457664821297,0.011286793276667595,0.011693067848682404,-0.00040627457201480865,0.1459158957004547,0.15720269083976746,0.2506152391433716,0.2623083293437958,0.3175365626811981,1.0,0.2960830628871918,0.16312257945537567,0.0013408689992502332,0.34959983825683594,0.00417886208742857,1.0,4.0
522,522,5.487914498795747e-07,0.27348339557647705,0,0.35825014114379883,-0.012318107299506664,-0.01098629366606474,-0.0074351029470562935,-0.010802199132740498,0.0040487078949809074,0.25,0.25,0.12275874614715576,0.00019284599693492055,-0.015740714967250824,0.00734252855181694,-0.023083243519067764,0.12095481902360916,0.10521410405635834,0.16916406154632568,0.17650657892227173,0.36139142513275146,1.0,0.29810744524002075,0.16938430070877075,0.002230673795565963,0.3628529906272888,0.005481308791786432,1.0,4.0
523,523,5.470541566592572e-07,0.08207442611455917,0,0.17515403032302856,-0.0035787103697657585,-0.0013953866437077522,-0.0036734165623784065,-0.00597823690623045,0.002427638042718172,0.125,0.0,0.06600170582532883,7.510969589930028e-05,-0.0010492987930774689,0.0026713386178016663,-0.003720637410879135,0.021023565903306007,0.01997426711022854,0.06291194260120392,0.06558328121900558,1.0,0.0,0.05529893562197685,0.1534397006034851,0.0013537821359932423,0.29954418540000916,0.005836382508277893,1.0,4.0
524,524,5.453162900988901e-07,0.5406097769737244,0,0.5028343796730042,-0.008713480085134506,-0.003330524545162916,-0.006766651291400194,-0.011454792693257332,0.014026354998350143,0.5,0.75,0.10263922065496445,0.0003902147291228175,0.02355041354894638,-0.011040281504392624,0.034590695053339005,0.15198156237602234,0.17553196847438812,0.3397394120693207,0.32869914174079895,0.36705756187438965,1.0,0.22168917953968048,0.17053794860839844,0.0018020349089056253,0.39949312806129456,0.006811219733208418,1.0,4.0
525,525,5.435778713738292e-07,0.0965898185968399,0,0.17272406816482544,-0.018102284520864487,-0.011556974612176418,-0.0008633502293378115,-0.00292596616782248,0.0021590539254248142,0.25,0.125,0.12611541152000427,0.0001763600594131276,0.0004086410626769066,-0.0008862912654876709,0.0012949323281645775,0.04747993126511574,0.04788857325911522,0.1015550047159195,0.10066871345043182,0.3126366436481476,1.0,0.3198152780532837,0.25111332535743713,0.0013964814133942127,0.4919187128543854,0.003854387905448675,1.0,4.0
526,526,5.418389216661578e-07,0.093720942735672,0,0.3470689356327057,-0.003564301412552595,-0.004334928933531046,0.0017193524399772286,-0.0007796423742547631,0.003069797297939658,0.25,0.5,0.12167974561452866,0.0007728621130809188,0.010212397202849388,0.011196553707122803,-0.0009841565042734146,0.06858612596988678,0.07879852503538132,0.24440881609916687,0.2556053698062897,1.0,0.0,-0.15565629303455353,0.15334032475948334,0.00929586123675108,0.3909730315208435,0.016314271837472916,1.0,4.0
527,527,5.400994621644294e-07,0.18135841190814972,0,0.34697768092155457,-0.0036937459371984005,-0.0036216566804796457,-0.005013078451156616,-0.005264982581138611,0.001195071847178042,0.375,0.375,0.09680560976266861,0.0010318341664969921,-0.0008057300001382828,-0.00027689337730407715,-0.0005288366228342056,0.08160927146673203,0.08080354332923889,0.1618437021970749,0.16156679391860962,1.0,0.0,0.04176988825201988,0.21260783076286316,0.0017718449234962463,0.3836779296398163,0.005937592592090368,1.0,4.0
528,528,5.383595140634093e-07,0.08790899813175201,0,0.16543610394001007,-0.014895536005496979,-0.01643148437142372,-0.006627263035625219,-0.008204755373299122,0.0030594985000789165,0.125,0.0,0.13376906514167786,0.0003012636152561754,0.008018046617507935,-0.007937893271446228,0.015955939888954163,0.08453015983104706,0.09254820644855499,0.2177540361881256,0.20981614291667938,1.0,0.0,-0.08148307353258133,0.21352249383926392,0.002605043351650238,0.5544251203536987,0.006519992370158434,1.0,4.0
529,529,5.366190985638158e-07,0.37837839126586914,0,0.33263087272644043,-0.01892755925655365,-0.028933214023709297,-0.008404656313359737,-0.02227679081261158,0.011387169361114502,0.375,0.125,0.11414504051208496,0.0029645725153386593,0.03463669493794441,0.006058394908905029,0.028578300029039383,0.07362407445907593,0.10826076567173004,0.1954554319381714,0.20151382684707642,1.0,0.0,0.047852080315351486,0.15207017958164215,0.014352972619235516,0.3557625710964203,0.03416977822780609,1.0,4.0
530,530,5.348782368720625e-07,0.2905068099498749,0,0.3480333089828491,-0.01846938021481037,-0.015856804326176643,-0.01000676304101944,-0.014452329836785793,0.003985344432294369,0.25,0.5,0.08053675293922424,0.00011096075468230993,-0.01386992260813713,-0.010966017842292786,-0.002903904765844345,0.10440695285797119,0.09053703397512436,0.2897593677043915,0.2787933349609375,1.0,0.0,0.09151735156774521,0.13880670070648193,0.0016651677433401346,0.42606082558631897,0.0073514534160494804,1.0,4.0
531,531,5.331369502000002e-07,0.16328181326389313,0,0.33695316314697266,-0.0010464994702488184,-0.005559057462960482,-0.013398656621575356,-0.022926192730665207,0.008736679330468178,0.25,0.0,0.08585129678249359,0.0004978906363248825,0.03334760665893555,0.013874862343072891,0.019472744315862656,0.04643731564283371,0.07978492230176926,0.1628967970609665,0.17677165567874908,0.1670382022857666,1.0,0.24045084416866302,0.11219210177659988,0.006166001781821251,0.28075870871543884,0.01321546919643879,1.0,4.0
532,532,5.313952597646567e-07,1.222063660621643,0,0.5309569239616394,-0.006786750629544258,-0.005941958166658878,0.0027617095038294792,-0.0066831232979893684,0.00901851337403059,0.5,0.375,0.0852489173412323,6.392517389031127e-05,-0.018209412693977356,0.0036926977336406708,-0.021902110427618027,0.2022787630558014,0.18406936526298523,0.26747581362724304,0.2711685299873352,0.281783789396286,1.0,0.36830273270606995,0.21771277487277985,0.0038737053982913494,0.35681650042533875,0.011370562016963959,1.0,4.0
533,533,5.296531867879809e-07,0.32244813442230225,0,0.7001141905784607,-0.006714588962495327,-0.004066419322043657,0.002654020907357335,-0.004378453828394413,0.009241873398423195,0.625,0.875,0.054179929196834564,2.6613895897753537e-05,-0.010070092976093292,0.0036833304911851883,-0.01375342346727848,0.16051851212978363,0.15044842660427094,0.35740897059440613,0.36109229922294617,0.605864405632019,1.0,0.17311833798885345,0.14967785775661469,0.0023346205707639456,0.3645802438259125,0.013463432900607586,1.0,4.0
534,534,5.27910752496582e-07,0.16027109324932098,0,0.16715005040168762,-0.02727648988366127,-0.011742151342332363,-9.89297404885292e-06,-0.0017079751705750823,0.0026099758688360453,0.25,0.25,0.09498345851898193,0.0008851989405229688,0.012628501281142235,0.00010113045573234558,0.01252737082540989,0.043055761605501175,0.05568426102399826,0.125729501247406,0.12583063542842865,0.3809455931186676,1.0,0.24266645312309265,0.17392492294311523,0.005015120841562748,0.29633575677871704,0.008374910801649094,1.0,4.0
535,535,5.26167978121472e-07,0.14169003069400787,0,0.16756099462509155,-0.0087176114320755,-0.005450984463095665,-0.005147471092641354,-0.012558073736727238,0.015080727636814117,0.125,0.25,0.09389056265354156,0.00031851817038841546,0.029405638575553894,0.017819829285144806,0.011585809290409088,0.028520509600639343,0.05792614817619324,0.08856724947690964,0.10638707876205444,0.3607129156589508,1.0,0.21361501514911652,0.255088210105896,0.0022074689622968435,0.43682342767715454,0.00493836123496294,1.0,4.0
536,536,5.244248848978067e-07,1.0312955379486084,0,0.3444685935974121,-0.012782031670212746,-0.009172909893095493,-0.007317356765270233,-0.00785159133374691,0.0015557376900687814,0.375,0.375,0.09312954545021057,0.00023918920487631112,-0.005639009177684784,-0.009907416999340057,0.0042684078216552734,0.17675486207008362,0.17111584544181824,0.19761177897453308,0.18770435452461243,0.15574316680431366,1.0,0.6641436815261841,0.2941468358039856,0.0022108624689280987,0.5612893104553223,0.013671979308128357,1.0,4.0
537,537,5.226814940646268e-07,0.25073522329330444,0,0.34192270040512085,-0.008275264874100685,-0.01763363555073738,-0.01148961391299963,-0.016427647322416306,0.0067084114998579025,0.25,0.0,0.10131265223026276,0.0002565635077189654,0.012414056807756424,0.0030608326196670532,0.00935322418808937,0.08244223892688751,0.09485629200935364,0.24922966957092285,0.2522905170917511,1.0,0.0,0.004583209753036499,0.18081144988536835,0.001232632203027606,0.3955675959587097,0.004686032421886921,1.0,4.0
538,538,5.209378268645997e-07,0.39745935797691345,0,0.5133057832717896,-0.004892035853117704,-0.007633977569639683,-0.002765244571492076,-0.008482469245791435,0.010428579524159431,0.375,0.25,0.06684072315692902,8.465918654110283e-05,0.0029007401317358017,-0.010392814874649048,0.01329355500638485,0.1392245590686798,0.14212529361248016,0.2527683973312378,0.24237558245658875,0.5642334818840027,1.0,0.1729070395231247,0.16236600279808044,0.005911569576710463,0.3033219575881958,0.020430319011211395,1.0,4.0
539,539,5.1919390454376e-07,0.13506516814231873,0,0.34710150957107544,-0.018499836325645447,-0.017562314867973328,-0.007549175061285496,-0.012051638215780258,0.006789779756218195,0.375,0.125,0.090534508228302,6.077548459870741e-05,-0.007209936156868935,-0.006162639707326889,-0.0010472964495420456,0.07370001077651978,0.0664900690317154,0.2212102711200714,0.21504762768745422,0.3997199535369873,1.0,0.2536749839782715,0.12905976176261902,0.02419784665107727,0.42837634682655334,0.16863009333610535,1.0,4.0
540,540,5.174497483512505e-07,0.36106109619140625,0,0.3468770384788513,-0.01174475159496069,-0.015359600074589252,-0.0038512456230819225,-0.009499812498688698,0.007370982319116592,0.25,0.0,0.1003880575299263,0.0009013309027068317,-0.00029139965772628784,0.00031391531229019165,-0.0006053149700164795,0.06366010755300522,0.06336870789527893,0.15043309330940247,0.15074700117111206,0.3370838165283203,1.0,0.31742751598358154,0.18566566705703735,0.0015010179486125708,0.3436582386493683,0.004486327059566975,1.0,4.0
541,541,5.157053795390641e-07,0.2948041260242462,0,0.3517155051231384,-0.010747471824288368,-0.015175510197877884,-0.004359479062259197,-0.019065532833337784,0.007768557872623205,0.375,0.125,0.09642767161130905,0.0002684962237253785,0.005176011472940445,0.015273690223693848,-0.010097678750753403,0.10618725419044495,0.11136326193809509,0.19162239134311676,0.2068960815668106,0.2500752806663513,1.0,0.3790655732154846,0.1688353568315506,0.004698120057582855,0.3080586791038513,0.014581874944269657,1.0,4.0
542,542,5.139608193617844e-07,0.2212647944688797,0,0.17556361854076385,-0.003261599689722061,-0.007923977449536324,-0.0027523189783096313,-0.008220057003200054,0.002838281448930502,0.125,0.0,0.0753660723567009,0.0012916404521092772,0.01332160271704197,0.01785469800233841,-0.00453309528529644,0.024343503639101982,0.03766510635614395,0.12403126806020737,0.14188596606254578,1.0,0.0,-0.3381369113922119,0.11766937375068665,0.005143859889358282,0.34152907133102417,0.00978376530110836,1.0,4.0
543,543,5.122160890763266e-07,0.4957836866378784,0,0.6992751359939575,-0.010639611631631851,-0.006796493660658598,0.0026029269210994244,9.197951294481754e-05,0.0026794355362653732,0.5,0.5,0.051241982728242874,1.815369068935979e-05,-0.006248954683542252,0.0058614835143089294,-0.012110438197851181,0.16173450648784637,0.15548557043075562,0.3690362274646759,0.37489771842956543,0.41225576400756836,1.0,0.2478783130645752,0.15728913247585297,0.0011578104458749294,0.38039305806159973,0.0050207823514938354,1.0,4.0
544,544,5.104712099416785e-07,0.48088568449020386,0,0.3441988527774811,-0.008121108636260033,-0.010143480263650417,-0.000635659322142601,-0.002931760624051094,0.005288109183311462,0.25,0.25,0.14485135674476624,0.0004069607239216566,-0.010829783976078033,-0.01642422378063202,0.005594439804553986,0.1530466377735138,0.14221686124801636,0.26776206493377686,0.25133782625198364,0.37694692611694336,1.0,0.2928754389286041,0.2551373839378357,0.007439862471073866,0.3629608750343323,0.017503799870610237,1.0,4.0
545,545,5.087262032186418e-07,0.3532837927341461,0,0.5260255932807922,-0.004897149745374918,-0.009058432653546333,-0.015291336923837662,-0.019378025084733963,0.007931687869131565,0.5,0.375,0.07563788443803787,5.222191248321906e-05,-0.008377593010663986,0.0037636607885360718,-0.012141253799200058,0.1435547173023224,0.1351771205663681,0.326651394367218,0.3304150700569153,0.5638039708137512,1.0,0.18501222133636475,0.1964428424835205,0.0011076296214014292,0.4734623432159424,0.0034172958694398403,1.0,4.0
546,546,5.069810901695727e-07,0.19473759829998016,0,0.3399501442909241,0.005204112268984318,0.0013873265124857426,0.0026846942491829395,0.0016671292250975966,0.0016873651184141636,0.375,0.125,0.1053217276930809,4.098568024346605e-05,0.023947037756443024,0.010533802211284637,0.013413235545158386,0.10350446403026581,0.12745149433612823,0.26518499851226807,0.2757188081741333,1.0,0.0,-0.08938015252351761,0.16234470903873444,0.0011910332832485437,0.3891128897666931,0.006286545190960169,1.0,4.0
547,547,5.052358920581229e-07,0.19575734436511993,0,0.16538099944591522,-0.007101099472492933,-0.02085869014263153,-0.003730143653228879,-0.030218997970223427,0.01936107873916626,0.125,0.0,0.10975854843854904,0.0005865780403837562,0.011672943830490112,-0.0043968260288238525,0.016069769859313965,0.024819619953632355,0.03649256378412247,0.08669126033782959,0.08229443430900574,1.0,0.0,-0.38554704189300537,0.18677079677581787,0.0023898822255432606,0.31537604331970215,0.007300242781639099,1.0,4.0
548,548,5.034906301489807e-07,0.21005569398403168,0,0.35053157806396484,-0.016425512731075287,-0.009884468279778957,-0.007648170925676823,-0.022498583421111107,0.016657521948218346,0.25,0.5,0.07905148714780807,7.704063318669796e-05,-0.007856490090489388,-2.882629632949829e-05,-0.00782766379415989,0.06665458530187607,0.05879809707403183,0.12523770332336426,0.12520886957645416,0.559849202632904,1.0,0.18859420716762543,0.191466823220253,0.0015934164403006434,0.34944668412208557,0.007835092954337597,1.0,4.0
549,549,5.017453257076118e-07,0.23789478838443756,0,0.34810519218444824,-0.016254233196377754,-0.007768144831061363,-0.004498211666941643,-0.010605177842080593,0.005575868766754866,0.25,0.25,0.10349468141794205,0.0002427908912068233,0.0025445520877838135,0.005598843097686768,-0.003054291009902954,0.09512939304113388,0.0976739451289177,0.254656583070755,0.2602554261684418,1.0,0.0,0.0014091947814449668,0.19833439588546753,0.0014540229458361864,0.3962007761001587,0.004213270731270313,1.0,4.0
550,550,5e-07,0.21514391899108887,0,0.3447279930114746,-0.018905658274888992,-0.011624311096966267,-0.005656651221215725,-0.018071137368679047,0.015176915563642979,0.25,0.25,0.1294402778148651,0.0006429081549867988,0.014710584655404091,0.010873474180698395,0.003837110474705696,0.05816587060689926,0.0728764533996582,0.18796643614768982,0.19883990287780762,1.0,0.0,-0.1228584423661232,0.17993690073490143,0.010722707025706768,0.34408584237098694,0.02351948991417885,1.0,4.0
551,551,4.982546742923882e-07,0.3065662682056427,0,0.5145015716552734,-0.011073168367147446,-0.01506875455379486,-0.006275647319853306,-0.018800515681505203,0.01566268876194954,0.375,0.25,0.14375779032707214,0.000405030237743631,0.030472420156002045,0.019617609679698944,0.0108548104763031,0.10455475747585297,0.13502717018127441,0.2843676805496216,0.3039852976799011,0.4235020875930786,1.0,0.19984020292758942,0.16727480292320251,0.0020467208232730627,0.3816066384315491,0.005217346362769604,1.0,4.0
552,552,4.965093698510192e-07,0.8046584129333496,0,0.5097413659095764,-0.012767097912728786,-0.018265701830387115,-0.011333780363202095,-0.018175272271037102,0.0057884566485881805,0.375,0.25,0.1034855842590332,8.962104038801044e-05,-0.002198457717895508,-0.022677332162857056,0.020478874444961548,0.23994463682174683,0.2377461940050125,0.31463199853897095,0.2919546961784363,0.28786560893058777,1.0,0.34348100423812866,0.2535030245780945,0.0037129686679691076,0.397854745388031,0.015761161223053932,1.0,4.0
553,553,4.947641079418773e-07,0.5933876037597656,0,0.350471556186676,0.002932671457529068,0.0043152994476258755,0.008940569125115871,0.0038354776334017515,0.0037323758006095886,0.25,0.25,0.062111418694257736,2.3865810362622142e-05,0.0009401720017194748,0.00870594009757042,-0.0077657680958509445,0.10204864293336868,0.1029888167977333,0.14353050291538239,0.1522364467382431,0.19304980337619781,1.0,0.5185753107070923,0.162189781665802,0.0011030517052859068,0.31833207607269287,0.00391991063952446,1.0,4.0
554,554,4.930189098304274e-07,0.10763248056173325,0,0.16924811899662018,-0.014193033799529076,-0.00885693822056055,0.00235699862241745,-0.002700210316106677,0.005140624474734068,0.125,0.25,0.088028684258461,0.00012503711332101375,0.016081973910331726,0.007938303053379059,0.008143670856952667,0.022896166890859604,0.03897814080119133,0.0644427090883255,0.07238101214170456,0.49860474467277527,1.0,0.1745511293411255,0.13386163115501404,0.0012648182455450296,0.3790580630302429,0.004473057575523853,1.0,4.0
555,555,4.912737967813582e-07,0.44935357570648193,0,0.386401891708374,-0.012897687032818794,-0.01966269314289093,-0.00884006917476654,-0.01600748300552368,0.010479684919118881,0.375,0.125,0.09427351504564285,0.0017224230105057359,-0.027990786358714104,0.04771295562386513,-0.07570374011993408,0.08738347887992859,0.05939269810914993,0.1991066336631775,0.2468196004629135,1.0,0.0,-0.08202555030584335,0.11785095930099487,0.008144963532686234,0.29494887590408325,0.024205511435866356,1.0,4.0
556,556,4.895287900583216e-07,0.4512977600097656,0,0.5158609747886658,-0.008872726000845432,-0.006214030086994171,0.004201503470540047,-0.002733290195465088,0.003983798436820507,0.375,0.5,0.08871012926101685,0.00012018837878713384,-0.0030791573226451874,-0.011133845895528793,0.008054688572883606,0.1688249558210373,0.1657457947731018,0.2957775592803955,0.2846437096595764,0.14912955462932587,1.0,0.6460806727409363,0.2608265280723572,0.0038887301925569773,0.45031797885894775,0.007547562476247549,1.0,4.0
557,557,4.877839109236734e-07,0.19232460856437683,0,0.6906290054321289,-0.011957420036196709,-0.01614564098417759,-0.009837251156568527,-0.02683160826563835,0.012419414706528187,0.75,0.5,0.07895107567310333,0.00028262502746656537,0.0073389168828725815,0.0022263191640377045,0.005112597718834877,0.1475142240524292,0.15485313534736633,0.3408623933792114,0.34308871626853943,0.36639684438705444,1.0,0.2895815670490265,0.14641962945461273,0.003204410197213292,0.3374917507171631,0.012771683745086193,1.0,4.0
558,558,4.860391806382156e-07,0.30735868215560913,0,0.5043619275093079,-0.0007213549688458443,-0.005923030897974968,-0.0033221663907170296,-0.00921767670661211,0.0043441858142614365,0.5,0.25,0.0826992616057396,8.598039130447432e-05,0.03968691825866699,0.008319839835166931,0.03136707842350006,0.11136512458324432,0.15105202794075012,0.3204849362373352,0.32880476117134094,0.22522196173667908,1.0,0.37840306758880615,0.21160414814949036,0.0018075425177812576,0.43242529034614563,0.00696993712335825,1.0,4.0
559,559,4.842946204609359e-07,0.21102893352508545,0,0.5229103565216064,-0.00861450657248497,-0.005295745097100735,-0.0009986234363168478,-0.0069817048497498035,0.009634477086365223,0.75,0.625,0.06646978110074997,8.779884956311435e-05,-0.008739364333450794,-0.0027511604130268097,-0.0059882039204239845,0.10027118027210236,0.09153181314468384,0.25858747959136963,0.2558363080024719,1.0,0.0,0.01941184140741825,0.14424924552440643,0.006633194629102945,0.31088846921920776,0.025770891457796097,1.0,4.0
560,560,4.825502516487496e-07,0.34283721446990967,0,0.5197334289550781,-0.00749126635491848,-0.013163769617676735,-0.004872841760516167,-0.014212626963853836,0.010326838120818138,0.375,0.25,0.06191962584853172,1.7841573935584165e-05,-0.006776675581932068,-0.007150694727897644,0.00037401914596557617,0.09676209837198257,0.0899854302406311,0.3053264319896698,0.29817575216293335,0.3868010640144348,1.0,0.2751374840736389,0.12642250955104828,0.0008728625252842903,0.3584248423576355,0.0034476611763238907,1.0,4.0
561,561,4.8080609545624e-07,0.24572178721427917,0,0.17697900533676147,-0.015035109594464302,-0.009938725270330906,-0.008205206133425236,-0.013691694475710392,0.004746169783174992,0.125,0.25,0.11451505124568939,5.6289507483597845e-05,0.008371435105800629,0.015702135860919952,-0.007330700755119324,0.06863238662481308,0.07700382173061371,0.09760422259569168,0.11330635845661163,0.21864476799964905,1.0,0.42972126603126526,0.22407624125480652,0.0014086987357586622,0.38134801387786865,0.005301815457642078,1.0,4.0
562,562,4.790621731354002e-07,0.182473286986351,0,0.5296146869659424,-0.008294478990137577,-0.014515090733766556,-0.0029893070459365845,-0.0225635077804327,0.01627383753657341,0.375,0.25,0.1071465015411377,0.00012434141535777599,0.012495681643486023,0.03176165372133255,-0.019265972077846527,0.11883494257926941,0.13133060932159424,0.3411645293235779,0.3729262053966522,1.0,0.0,0.03489343076944351,0.17152446508407593,0.0018221279606223106,0.3985815942287445,0.00564011512324214,1.0,4.0
563,563,4.77318505935373e-07,0.2476177215576172,0,0.3446086049079895,-0.003880282398313284,-0.001004030928015709,0.0015948202926665545,-0.004268231801688671,0.0068650199100375175,0.25,0.5,0.0778006985783577,0.00011046700819861144,0.0009360574185848236,-0.0030234456062316895,0.003959503024816513,0.05725269764661789,0.058188751339912415,0.20112106204032898,0.1980976164340973,1.0,0.0,0.05817403271794319,0.1487368941307068,0.0010955071775242686,0.3654487729072571,0.004487589467316866,1.0,4.0
564,564,4.7557511510219335e-07,0.30915117263793945,0,0.5227195024490356,-0.021626323461532593,-0.020040448755025864,-0.00575363589450717,-0.011714733205735683,0.005847306456416845,0.5,0.5,0.0790635198354721,0.00010261042189085856,0.009144725278019905,0.014747478067874908,-0.005602752789855003,0.1310182809829712,0.14016300439834595,0.25522762537002563,0.26997512578964233,0.2309245765209198,1.0,0.4662657678127289,0.16052377223968506,0.0031304145231842995,0.35307538509368896,0.013784087263047695,1.0,4.0
565,565,4.7383202187852804e-07,0.0,0,0.0,0.004772443324327469,0.0021516974084079266,0.0,0.0,0.0,0.0,0.0,0.06708135455846786,2.97579936159309e-05,0.0,0.0,0.0,0.0,0.0,0.0,0.0,1.0,0.0,0.0,0.1778109073638916,0.01304270513355732,0.3332871198654175,0.1239345446228981,1.0,4.0
566,566,4.7208924750341805e-07,0.7052056789398193,0,0.513756275177002,-0.00041857780888676643,0.00010091904550790787,0.0029280937742441893,-0.0035841953940689564,0.00442170538008213,0.5,0.375,0.07964076846837997,5.1991024520248175e-05,0.019327254965901375,0.006645426154136658,0.012681828811764717,0.17141060531139374,0.19073785841464996,0.5107777118682861,0.517423152923584,0.27351054549217224,1.0,0.37241601943969727,0.18944041430950165,0.012202131561934948,0.38389620184898376,0.1387123316526413,1.0,4.0
567,567,4.7034681321201924e-07,0.1461540162563324,0,0.33621111512184143,-0.01083675492554903,-0.010554563254117966,-0.005361943040043116,-0.005477851256728172,0.0015893104718998075,0.25,0.5,0.1259724497795105,0.0003999297332484275,0.02211224101483822,0.001066494733095169,0.02104574628174305,0.23164868354797363,0.2537609338760376,0.3549529016017914,0.35601937770843506,1.0,0.0,-0.03538958355784416,0.3151439428329468,0.002152870874851942,0.5587729215621948,0.006416298449039459,1.0,4.0
568,568,4.686047402353433e-07,0.3065696954727173,0,0.17510385811328888,-0.011216708458960056,-0.007720372173935175,-0.003344064811244607,-0.004519927781075239,0.003182139014825225,0.125,0.25,0.06587675213813782,6.978000601520762e-05,0.004200778901576996,0.007821783423423767,-0.0036210045218467712,0.09049519151449203,0.09469597041606903,0.1561560481786728,0.16397783160209656,0.1178707405924797,1.0,0.5928397178649902,0.16452494263648987,0.006459155585616827,0.3270907998085022,0.017290325835347176,1.0,4.0
569,569,4.668630498e-07,0.0,0,0.0,-0.02405213937163353,-0.0151392612606287,0.0,0.0,0.0,0.0,0.0,0.09741514176130295,0.00012868990597780794,0.0,0.0,0.0,0.0,0.0,0.0,0.0,1.0,0.0,0.0,0.11728249490261078,0.003726134542375803,0.34866002202033997,0.011596153490245342,1.0,4.0
570,570,4.6512176312793735e-07,0.20071935653686523,0,0.3418443202972412,-0.012960050255060196,-0.01764833927154541,-0.009594259783625603,-0.011154890060424805,0.006490062456578016,0.375,0.0,0.09537047147750854,0.0021646511740982533,0.02628064900636673,0.016663115471601486,0.009617533534765244,0.07859975099563599,0.10488040000200272,0.2724481225013733,0.28911125659942627,1.0,0.0,-0.26767852902412415,0.16579307615756989,0.00500590680167079,0.533355176448822,0.009279400110244751,1.0,4.0
571,571,4.6338090143618427e-07,0.09012669324874878,0,0.3497605323791504,-0.0015662747900933027,-0.004654751159250736,0.00014232308603823185,-0.0006572380661964417,0.003539290511980653,0.375,0.25,0.06676466763019562,3.566889063222334e-05,-0.00044033676385879517,0.005871079862117767,-0.0063114166259765625,0.09688615798950195,0.09644582122564316,0.28521430492401123,0.2910853624343872,1.0,0.0,-0.10330629348754883,0.16744031012058258,0.017229273915290833,0.43011409044265747,0.04663236066699028,1.0,4.0
572,572,4.6164048593659065e-07,0.22825607657432556,0,0.3510579466819763,-0.01670161820948124,-0.018965614959597588,-0.014322556555271149,-0.018566884100437164,0.00493463221937418,0.375,0.25,0.09846332669258118,0.0003408445045351982,-0.012888768687844276,-0.004100050777196884,-0.008788717910647392,0.10223671793937683,0.0893479436635971,0.22334444522857666,0.21924439072608948,0.18727141618728638,1.0,0.5623477697372437,0.18646641075611115,0.00950546469539404,0.36203733086586,0.01659269630908966,1.0,4.0
573,573,4.599005378355706e-07,0.2954773008823395,0,0.5266058444976807,-0.00612619100138545,-0.008574624545872211,-0.0015310075832530856,-0.007828681729733944,0.003949092235416174,0.375,0.25,0.07372069358825684,8.111568604363129e-05,-0.023915736004710197,-0.010550178587436676,-0.013365557417273521,0.14714442193508148,0.12322868406772614,0.282614141702652,0.2720639705657959,0.2929649353027344,1.0,0.3632579445838928,0.1666630655527115,0.001587330480106175,0.3981279134750366,0.007821662351489067,1.0,4.0
574,574,4.5816107833384233e-07,0.13306015729904175,0,0.34777358174324036,-0.006625675596296787,-0.005662070121616125,0.0015406454913318157,0.0004238588735461235,0.0009187142131850123,0.375,0.25,0.08423136174678802,0.00201481394469738,-0.002206893637776375,0.00017378106713294983,-0.0023806747049093246,0.05802717059850693,0.0558202788233757,0.13252666592597961,0.13270044326782227,0.38339099287986755,1.0,0.2664340138435364,0.16149604320526123,0.01552216149866581,0.4169040024280548,0.02097589522600174,1.0,4.0
575,575,4.5642212862617085e-07,0.8189996480941772,0,0.5203254222869873,0.0007532585877925158,-0.0005765692330896854,0.006144149228930473,0.0029028349090367556,0.0046394458040595055,0.375,0.25,0.06019128859043121,3.736891085281968e-05,-0.021330129355192184,-0.02183721959590912,0.0005070902407169342,0.2803732454776764,0.2590430676937103,0.6865726113319397,0.6647353768348694,0.2788707911968231,1.0,0.3823450207710266,0.286164253950119,0.04413534700870514,0.46338364481925964,0.35033857822418213,1.0,4.0
576,576,4.5468370990110997e-07,0.2766956686973572,0,0.17076538503170013,0.002285202033817768,-0.0037991884164512157,-0.0019897131714969873,-0.0025235593784600496,0.000580212683416903,0.125,0.25,0.04976199194788933,0.00013545587717089802,0.00369427353143692,-0.0013742372393608093,0.0050685107707977295,0.05479094386100769,0.05848521739244461,0.06209060177206993,0.06071636453270912,0.18679016828536987,1.0,0.5430912375450134,0.1666339635848999,0.001447424292564392,0.28858086466789246,0.00438311044126749,1.0,4.0
577,577,4.529458433407428e-07,0.0718686580657959,0,0.16708341240882874,-0.01197245717048645,-0.024904541671276093,-0.002382243052124977,-0.0027006829623132944,0.0010967261623591185,0.125,0.25,0.09472093731164932,0.0007177694933488965,0.006650757044553757,-0.005913853645324707,0.012564610689878464,0.03446608781814575,0.04111684486269951,0.13274314999580383,0.12682929635047913,1.0,0.0,-0.21753756701946259,0.19892501831054688,0.0013801141176372766,0.4016370177268982,0.0037800264544785023,1.0,4.0
578,578,4.512085501204253e-07,0.5986571311950684,0,0.32576894760131836,-0.015809644013643265,-0.00894258078187704,-6.92903995513916e-05,-0.0110729169100523,0.006048784125596285,0.375,0.25,0.10851501673460007,0.001275280024856329,0.006736299023032188,-0.03792347013950348,0.04465977102518082,0.11135002970695496,0.1180863231420517,0.4898107051849365,0.45188724994659424,0.3551923334598541,1.0,0.2656256854534149,0.14521875977516174,0.07272022217512131,0.32380345463752747,0.3457431495189667,1.0,4.0
579,579,4.494718514085268e-07,0.0672779232263565,0,0.17238420248031616,-0.010083516128361225,-0.008775752037763596,-0.0027313667815178633,-0.002733361441642046,0.00020990087068639696,0.125,0.0,0.057421837002038956,3.2451989682158455e-05,-0.0011753849685192108,-0.0029838234186172485,0.0018084384500980377,0.02360445261001587,0.02242906764149666,0.10541053116321564,0.10242670774459839,0.34668058156967163,1.0,0.27432361245155334,0.14655491709709167,0.00307912053540349,0.3527427911758423,0.022358905524015427,1.0,4.0
580,580,4.477357683661733e-07,0.3602401316165924,0,0.5209190845489502,0.0015221318462863564,-0.007885133847594261,0.0013191928155720234,-0.018769221380352974,0.02220267802476883,0.375,0.0,0.06410104036331177,5.07335462316405e-05,0.0023791510611772537,0.004458162933588028,-0.0020790118724107742,0.0829184278845787,0.08529757708311081,0.16959911584854126,0.174057275056839,0.19212502241134644,1.0,0.6082400679588318,0.11510705202817917,0.004874769132584333,0.26387086510658264,0.01614377275109291,1.0,4.0
581,581,4.4600032214698854e-07,0.28897085785865784,0,0.681769847869873,-0.010734663344919682,-0.005287929438054562,-0.0056770918890833855,-0.01602499559521675,0.008451358415186405,0.5,0.5,0.06896669417619705,4.7974070184864104e-05,0.019258685410022736,-0.004293762147426605,0.02355244755744934,0.19005662202835083,0.20931529998779297,0.5060749053955078,0.5017811059951782,1.0,0.0,0.0574025884270668,0.20016339421272278,0.0015218143817037344,0.5331168174743652,0.008578244596719742,1.0,4.0
582,582,4.442655338968373e-07,0.21488316357135773,0,0.34733131527900696,-0.004235066007822752,-0.0012336792424321175,0.003738394007086754,-0.0011679008603096008,0.003512447699904442,0.25,0.25,0.08152467012405396,4.75947636005003e-05,3.37548553943634e-05,0.001418519765138626,-0.0013847649097442627,0.05709674954414368,0.05713050067424774,0.17990247905254364,0.18132099509239197,1.0,0.0,0.08616112917661667,0.14663580060005188,0.0016161698149517179,0.3892519474029541,0.005166580434888601,1.0,4.0
583,583,4.4253142475356674e-07,0.22558791935443878,0,0.6920960545539856,-0.011119350790977478,-0.00956875178962946,-0.006339198909699917,-0.012493749149143696,0.010662158951163292,0.625,0.75,0.0629526674747467,3.875922266161069e-05,-0.00744139589369297,-0.009579425677657127,0.002138029783964157,0.11650308966636658,0.10906168818473816,0.3045332133769989,0.29495376348495483,0.4594992995262146,1.0,0.2270144522190094,0.10424572974443436,0.0008696224540472031,0.2483290582895279,0.0032541463151574135,1.0,4.0
584,584,4.407980158467495e-07,0.29405149817466736,0,0.5063233375549316,-0.012605918571352959,-0.01388714462518692,-0.02088172174990177,-0.024297431111335754,0.010726670734584332,0.375,0.5,0.10044819116592407,0.00011258370068389922,0.02289702743291855,-0.004492864012718201,0.02738989144563675,0.10033510625362396,0.12323214113712311,0.2849558889865875,0.28046301007270813,0.26697438955307007,1.0,0.33498141169548035,0.14897528290748596,0.0009460219880566001,0.34222328662872314,0.0035409443080425262,1.0,4.0
585,585,4.390653282974263e-07,1.152583122253418,0,0.35027387738227844,-0.01605755276978016,-0.015084242448210716,-0.006210061721503735,-0.00884833000600338,0.0025955166202038527,0.25,0.25,0.08634963631629944,6.822668365202844e-05,-0.006075121462345123,0.0012970119714736938,-0.007372133433818817,0.16510242223739624,0.1590273082256317,0.2868099808692932,0.2881069779396057,0.17612521350383759,1.0,0.5816864371299744,0.24097442626953125,0.004376514814794064,0.3688512146472931,0.007289997301995754,1.0,4.0
586,586,4.3733338321784777e-07,1.5352091789245605,0,0.2061261236667633,-0.006738754455000162,-0.009482313878834248,-0.006034886464476585,-0.008071646094322205,0.0012934429105371237,0.125,0.25,0.07456034421920776,6.078752630855888e-05,0.021045513451099396,0.08290702104568481,-0.06186150759458542,0.08474328368902206,0.10578879714012146,0.3139936625957489,0.3969006836414337,0.7551215887069702,1.0,0.11148977279663086,0.23262542486190796,0.058019667863845825,0.42170220613479614,0.2753145396709442,1.0,4.0
587,587,4.356022017112186e-07,0.3263675272464752,0,0.5191245675086975,-0.010986298322677612,-0.007715840823948383,-0.0028549879789352417,-0.010284923017024994,0.008429930545389652,0.5,0.625,0.07631191611289978,5.898339441046119e-05,-0.012778825126588345,-0.014256693422794342,0.0014778682962059975,0.13046543300151825,0.11768659949302673,0.25482454895973206,0.2405678629875183,0.4854234755039215,1.0,0.2543090581893921,0.19600911438465118,0.0034239301458001137,0.3189069628715515,0.007542209234088659,1.0,4.0
588,588,4.338718048714387e-07,0.8818293809890747,0,0.333617627620697,-0.002762202173471451,0.0017290906980633736,0.0017696958966553211,-0.0011728419922292233,0.006134985946118832,0.375,0.5,0.06959880143404007,3.933869447791949e-05,0.014826927334070206,-0.011496758088469505,0.02632368542253971,0.14994850754737854,0.16477543115615845,0.1818780153989792,0.17038124799728394,0.16182070970535278,1.0,0.5754992961883545,0.25596028566360474,0.0012210204731673002,0.3943520188331604,0.005815105512738228,1.0,4.0
589,589,4.3214221378284785e-07,0.03143272176384926,0,0.1731370985507965,-0.006043636240065098,-0.006058215629309416,0.0004573521437123418,4.866789095103741e-05,0.0011694009881466627,0.25,0.25,0.049600519239902496,0.0014435937628149986,0.0021219076588749886,0.0018210560083389282,0.00030085165053606033,0.01893218234181404,0.021054090932011604,0.07759013772010803,0.07941119372844696,0.5303578972816467,1.0,0.18178117275238037,0.23446153104305267,0.0027715712785720825,0.4886637330055237,0.007986189797520638,1.0,4.0
590,590,4.304134495199674e-07,0.3321097791194916,0,0.17076319456100464,-0.013393789529800415,-0.010920634493231773,-0.0027720413636416197,-0.008011620491743088,0.002762741409242153,0.125,0.25,0.08444066345691681,0.00013200465764384717,0.0009137876331806183,-0.004159137606620789,0.005072925239801407,0.048972394317388535,0.04988618195056915,0.12807826697826385,0.12391912937164307,0.19959904253482819,1.0,0.4996469020843506,0.24830272793769836,0.002437799470499158,0.3575446307659149,0.006712887901812792,1.0,4.0
591,591,4.286855331472442e-07,0.6853035688400269,0,0.17397132515907288,-0.014549384824931622,-0.011685959994792938,0.0023687530774623156,0.0014851398300379515,0.001936952117830515,0.125,0.25,0.08879047632217407,0.00021783662668894976,-0.0112781822681427,-0.009911008179187775,-0.0013671740889549255,0.10173001885414124,0.09045183658599854,0.07039658725261688,0.06048557907342911,0.1382686197757721,1.0,0.734776496887207,0.2404833883047104,0.001516947173513472,0.3737483620643616,0.004800276830792427,1.0,4.0
592,592,4.2695848571879424e-07,0.2674327790737152,0,0.5152977705001831,-0.01710672862827778,-0.026446767151355743,-0.016804225742816925,-0.026180237531661987,0.008629348129034042,0.75,0.125,0.07332442700862885,0.0018908496713265777,0.005286923609673977,-0.004034616053104401,0.009321539662778378,0.13096845149993896,0.13625536859035492,0.4152454733848572,0.411210834980011,1.0,0.0,-0.16403985023498535,0.1455114632844925,0.00716744177043438,0.47509336471557617,0.034593187272548676,1.0,4.0
593,593,4.2523232827814527e-07,0.0,0,0.0,-0.004739850759506226,-0.0057480125688016415,0.0,0.0,0.0,0.0,0.0,0.05767977982759476,5.899719690205529e-05,0.0,0.0,0.0,0.0,0.0,0.0,0.0,1.0,0.0,0.0,0.1028260812163353,0.002831673016771674,0.2986849844455719,0.012165526859462261,1.0,4.0
594,594,4.23507081857981e-07,0.3805621564388275,0,0.5133287310600281,-0.01520567387342453,-0.018094168975949287,-0.009220077656209469,-0.012998586520552635,0.007778379134833813,0.375,0.5,0.10015758126974106,0.00020107001182623208,0.017963573336601257,0.004826672375202179,0.013136900961399078,0.18409469723701477,0.20205825567245483,0.4182673692703247,0.4230940639972687,0.40916186571121216,1.0,0.24123214185237885,0.2511492669582367,0.0011945100268349051,0.4885762929916382,0.004791082348674536,1.0,4.0
595,595,4.2178276747988444e-07,0.14913137257099152,0,0.16919106245040894,-0.00032176380045711994,-0.0018964015180245042,0.0002688168315216899,-0.0001479096245020628,0.0017536357045173645,0.25,0.125,0.05444613844156265,8.738179894862697e-05,-0.0011854320764541626,-0.009527906775474548,0.008342474699020386,0.03704766929149628,0.035862237215042114,0.0907251238822937,0.08119721710681915,0.28794917464256287,1.0,0.3358903229236603,0.26505905389785767,0.0013084220699965954,0.43194589018821716,0.0091547267511487,1.0,4.0
596,596,4.200594061540826e-07,0.2892026901245117,0,0.3395286202430725,-0.0041380878537893295,-0.02061614766716957,0.0027332487516105175,-0.012567564845085144,0.012422312051057816,0.375,0.0,0.10521088540554047,0.00012751440226566046,0.005940454080700874,-0.0084339939057827,0.014374447986483574,0.10790790617465973,0.11384835094213486,0.28149116039276123,0.27305716276168823,1.0,0.0,0.04536192864179611,0.18545576930046082,0.008167882449924946,0.41038012504577637,0.027051018550992012,1.0,4.0
597,597,4.1833701887918897e-07,0.29646703600883484,0,0.17879502475261688,-0.010532726533710957,-0.010880489833652973,-0.0070424508303403854,-0.007691581267863512,0.0007741741719655693,0.125,0.0,0.05607067048549652,0.00028572199516929686,-0.010931316763162613,-3.363192081451416e-05,-0.010897684842348099,0.0473499558866024,0.03641863912343979,0.05166245251893997,0.05162882059812546,0.20561891794204712,1.0,0.5330582857131958,0.1522444188594818,0.002249046228826046,0.3421425223350525,0.010676601901650429,1.0,4.0
598,598,4.166156266419489e-07,0.1697288453578949,0,0.5142139196395874,-0.004410522524267435,-0.0032555079087615013,-0.0027536549605429173,-0.005939966067671776,0.005011235363781452,0.5,0.0,0.0724112018942833,0.00014115187514107674,0.011434810236096382,5.474500358104706e-05,0.011380065232515335,0.06977084279060364,0.08120565861463547,0.2058161199092865,0.2058708518743515,0.5253297686576843,1.0,0.2273763120174408,0.15124471485614777,0.0021748431026935577,0.3001028299331665,0.008125613443553448,1.0,4.0
599,599,4.148952504169838e-07,0.8015117645263672,0,0.5064740180969238,-0.006984385661780834,-0.005158321000635624,-0.010708646848797798,-0.02161068096756935,0.0063377926126122475,0.375,0.5,0.0732070729136467,7.644661673111841e-05,0.03406410664319992,0.006720438599586487,0.027343666180968285,0.15398533642292023,0.18804943561553955,0.35366290807724,0.3603833317756653,0.27860361337661743,1.0,0.2712152302265167,0.1742291897535324,0.0014895538333803415,0.36587056517601013,0.005775732919573784,1.0,4.0
600,600,4.131759111665348e-07,0.4940086901187897,0,0.5291308164596558,-0.005755312740802765,0.001090913312509656,0.0021091599483042955,-0.006594742648303509,0.012148371897637844,0.625,0.5,0.10460858792066574,0.00012290352606214583,-0.02533581480383873,-0.0069404952228069305,-0.0183953195810318,0.1703188419342041,0.14498302340507507,0.3090687394142151,0.30212825536727905,1.0,0.0,0.11029692739248276,0.17531253397464752,0.01134935300797224,0.3750969469547272,0.03720046207308769,1.0,4.0
601,601,4.114576298402084e-07,0.2943311035633087,0,0.1753428727388382,-0.002729869680479169,-0.00394868478178978,-0.0024793935008347034,-0.003628817852586508,0.0014653985854238272,0.125,0.25,0.0632554292678833,5.5432363296858966e-05,-0.004540048539638519,-0.00044465065002441406,-0.004095397889614105,0.07879367470741272,0.0742536261677742,0.08104941993951797,0.08060476928949356,0.15564747154712677,1.0,0.6639021039009094,0.14652115106582642,0.10470836609601974,0.28365570306777954,0.7427968382835388,1.0,4.0
602,602,4.0974042737472005e-07,0.9188807606697083,0,0.5219547152519226,-0.006202267482876778,-0.005182906053960323,-0.0024116914719343185,-0.005680377129465342,0.004030569922178984,0.375,0.0,0.07729491591453552,0.0001552692410768941,-0.012522296980023384,-0.008385151624679565,-0.004137145355343819,0.16676893830299377,0.15424664318561554,0.25022315979003906,0.24183803796768188,0.20624080300331116,1.0,0.510085940361023,0.18481624126434326,0.0037049036473035812,0.2975398302078247,0.010464506223797798,1.0,4.0
603,603,4.080243246936399e-07,0.15756341814994812,0,0.338483065366745,-0.006802886724472046,-0.009486129507422447,-0.001039076130837202,-0.0039178840816020966,0.0034640030935406685,0.375,0.0,0.0903165340423584,0.000655637530144304,-0.009062234312295914,-0.025583472102880478,0.016521237790584564,0.15942540764808655,0.15036317706108093,0.3480435013771057,0.3224600553512573,1.0,0.0,0.046640489250421524,0.2806878685951233,0.002422759775072336,0.5481071472167969,0.010209129191935062,1.0,4.0
604,604,4.0630934270713755e-07,0.3899238407611847,0,0.6973965167999268,-0.018110118806362152,-0.01656695082783699,-0.004641971550881863,-0.013192330487072468,0.009675385430455208,0.5,0.25,0.07065849751234055,3.127225500065833e-05,-0.00733064953237772,0.0010728128254413605,-0.00840346235781908,0.15300793945789337,0.14567728340625763,0.32845011353492737,0.3295229375362396,0.2473258078098297,1.0,0.45823338627815247,0.15427568554878235,0.004527777899056673,0.37915679812431335,0.023460790514945984,1.0,4.0
605,605,4.0459550231172755e-07,0.24609453976154327,0,0.6850387454032898,-0.005352361593395472,-0.01167172659188509,-0.00646580196917057,-0.011499365791678429,0.007920167408883572,0.75,0.25,0.0967789888381958,9.788470197236165e-05,0.009355688467621803,-0.00712241418659687,0.016478102654218674,0.15153548121452332,0.16089117527008057,0.33538952469825745,0.32826709747314453,0.24727872014045715,1.0,0.4073505699634552,0.16092266142368317,0.0013081006472930312,0.32333266735076904,0.005095842760056257,1.0,4.0
606,606,4.028828243900141e-07,0.29572856426239014,0,0.3270833492279053,-0.005918522365391254,-0.01650473289191723,-0.003666986245661974,-0.028446093201637268,0.016692090779542923,0.375,0.125,0.1156516969203949,0.0003307736187707633,0.05136747658252716,0.011223405599594116,0.040144070982933044,0.06786847114562988,0.11923594772815704,0.21612264215946198,0.2273460477590561,1.0,0.0,0.0627201646566391,0.1598016321659088,0.006806821562349796,0.3788270056247711,0.025072388350963593,1.0,4.0
607,607,4.011713298104369e-07,0.4775962829589844,0,0.5138537287712097,-0.007330709137022495,-0.005493741482496262,-0.0025762696750462055,-0.008161063306033611,0.006523387972265482,0.5,0.25,0.10037176311016083,0.0014088664902374148,0.012446828186511993,0.0003201290965080261,0.012126699090003967,0.1709301769733429,0.1833769977092743,0.31219473481178284,0.31251487135887146,0.23490974307060242,1.0,0.44442760944366455,0.23289993405342102,0.009628813713788986,0.3969653248786926,0.025565259158611298,1.0,4.0
608,608,3.9946103942701775e-07,0.23777034878730774,0,0.5114532709121704,-0.008645758032798767,-0.014738734811544418,-3.238744102418423e-05,-0.020248377695679665,0.020234864205121994,0.5,0.375,0.11968374997377396,8.207708015106618e-05,0.016091376543045044,-0.0009090602397918701,0.017000436782836914,0.10268198698759079,0.11877336353063583,0.3226054310798645,0.32169637084007263,0.3588010370731354,1.0,0.25749459862709045,0.1309911608695984,0.0018572246190160513,0.36893969774246216,0.007177557330578566,1.0,4.0
609,609,3.977519740791048e-07,0.44552212953567505,0,0.5252923965454102,-0.006539088673889637,-0.0028661268297582865,-0.010388542897999287,-0.018497083336114883,0.005102630238980055,0.5,0.625,0.07634749263525009,3.9676517189946026e-05,-0.01003975048661232,0.000739656388759613,-0.010779406875371933,0.18865016102790833,0.1786103993654251,0.3093694746494293,0.31010913848876953,0.16444335877895355,1.0,0.6161975860595703,0.2365979701280594,0.0013644994469359517,0.3688664436340332,0.0047773756086826324,1.0,4.0
610,610,3.960441545911204e-07,0.45535269379615784,0,0.3463364243507385,-0.005833678878843784,-0.008388685993850231,-0.00459089782088995,-0.005421528127044439,0.0025695553049445152,0.25,0.5,0.05106603354215622,0.00015529527445323765,-0.004355279728770256,-0.004843614995479584,0.0004883352667093277,0.08303015679121017,0.07867487519979477,0.153293177485466,0.14844956994056702,0.22543980181217194,1.0,0.3825467526912689,0.1363222748041153,0.001432183082215488,0.3098579943180084,0.0070366947911679745,1.0,4.0
611,611,3.943376017723057e-07,0.10483251512050629,0,0.3454453945159912,-0.012315895408391953,-0.012586005963385105,0.0024659852497279644,-4.9442751333117485e-05,0.003082149662077427,0.25,0.0,0.14922261238098145,0.0007132788305170834,0.00138875562697649,-0.000888582319021225,0.002277337945997715,0.054104454815387726,0.05549321323633194,0.18350182473659515,0.18261323869228363,0.36619508266448975,1.0,0.2929285764694214,0.12093542516231537,0.01477231178432703,0.42673084139823914,0.021665628999471664,1.0,4.0
612,612,3.9263233641646836e-07,0.22311268746852875,0,0.5257475972175598,-0.022542256861925125,-0.024968013167381287,-0.015182807110249996,-0.02311996929347515,0.010405239649116993,0.375,0.5,0.0933457463979721,0.0014728265814483166,0.0012069009244441986,0.012920767068862915,-0.011713866144418716,0.09341776371002197,0.09462466835975647,0.276979923248291,0.28990066051483154,0.417266309261322,1.0,0.22813290357589722,0.16358087956905365,0.006107897497713566,0.31460729241371155,0.013094106689095497,1.0,4.0
613,613,3.909283793017288e-07,0.14327110350131989,0,0.344454288482666,-0.011670766398310661,-0.015726225450634956,-0.007561211008578539,-0.012607456184923649,0.005859346594661474,0.375,0.125,0.08424358814954758,4.4143136619823053e-05,-9.445473551750183e-05,-0.004425317049026489,0.004330862313508987,0.08027686178684235,0.08018240332603455,0.19042585790157318,0.1860005408525467,0.48590272665023804,1.0,0.21695370972156525,0.13097429275512695,0.003311147913336754,0.3736792504787445,0.01793881133198738,1.0,4.0
614,614,3.8922575119026635e-07,0.18868298828601837,0,0.17016656696796417,-0.003475460223853588,-0.002969773020595312,-0.0008112007053568959,-0.002050462644547224,0.002847589086741209,0.125,0.25,0.11016009747982025,0.0006534126587212086,0.0002694949507713318,-0.00601041316986084,0.006279908120632172,0.04036179184913635,0.040631286799907684,0.11288733780384064,0.1068769246339798,0.5406392216682434,1.0,0.18595662713050842,0.22209033370018005,0.005187163595110178,0.5532346963882446,0.012358570471405983,1.0,4.0
615,615,3.8752447282806755e-07,0.23510019481182098,0,0.3385947346687317,-0.005629584193229675,-0.01114598661661148,-0.003723918227478862,-0.008266059681773186,0.003496588673442602,0.375,0.25,0.09139058738946915,0.00011171180085511878,0.017277801409363747,0.0011801496148109436,0.016097651794552803,0.1169891506433487,0.1342669427394867,0.2851238250732422,0.2863039970397949,0.43313515186309814,1.0,0.22219717502593994,0.1817188262939453,0.002912157215178013,0.4791954755783081,0.009367402642965317,1.0,4.0
616,616,3.8582456494467206e-07,0.4120370149612427,0,0.5128690004348755,0.0014719818718731403,-0.003664643969386816,0.005661999341100454,-0.005065817851573229,0.004424674436450005,0.375,0.0,0.06211644783616066,5.969709673081525e-05,0.006339594721794128,-0.007731698453426361,0.01407129317522049,0.09580054879188538,0.1021401435136795,0.2660289406776428,0.25829726457595825,0.3063439726829529,1.0,0.3164089620113373,0.12935757637023926,0.006760383956134319,0.29216504096984863,0.03971824795007706,1.0,4.0
617,617,3.841260482529214e-07,0.27644526958465576,0,0.5231641530990601,-0.011478569358587265,-0.01734977588057518,-0.011415754444897175,-0.016794510185718536,0.00747063010931015,0.375,0.25,0.08903037756681442,4.1200139094144106e-05,0.023824188858270645,0.030399538576602936,-0.006575349718332291,0.12459706515073776,0.1484212577342987,0.2873072922229767,0.317706823348999,0.20609934628009796,1.0,0.4562186598777771,0.15631818771362305,0.0012838738039135933,0.3339879810810089,0.0041147745214402676,1.0,4.0
618,618,3.8242894344870495e-07,0.36053192615509033,0,0.6814683675765991,-0.011512196622788906,-0.014631410129368305,-0.006931392475962639,-0.01509532704949379,0.008813893422484398,0.5,0.5,0.1055205762386322,0.0005318762850947678,0.052065953612327576,0.028282441198825836,0.02378351241350174,0.3178950548171997,0.3699610233306885,0.6949650645256042,0.7232475280761719,0.1183643564581871,1.0,0.5976125001907349,0.32022660970687866,0.011411817744374275,0.6576228141784668,0.015447678044438362,1.0,4.0
619,619,3.8073327121070967e-07,0.30227380990982056,0,0.34311342239379883,-0.005349836312234402,-0.006085271015763283,0.00037082331255078316,-5.2032992243766785e-06,0.0030570346862077713,0.25,0.0,0.09372900426387787,8.23277368908748e-05,0.01207239180803299,0.005091547966003418,0.0069808438420295715,0.11643891036510468,0.12851130962371826,0.16992683708667755,0.17501838505268097,0.2116849720478058,1.0,0.4435938596725464,0.19812524318695068,0.005757838021963835,0.4290598928928375,0.03389164060354233,1.0,4.0
620,620,3.790390522001662e-07,0.11131018400192261,0,0.3433417081832886,-0.010248041711747646,-0.00559805566444993,0.004048515576869249,-0.00010232115164399147,0.005324749741703272,0.25,0.5,0.06843623518943787,0.00010057983308797702,0.011637747287750244,0.005129590630531311,0.006508156657218933,0.0827498808503151,0.09438762813806534,0.2590956687927246,0.2642252445220947,1.0,0.0,-0.20161078870296478,0.13570258021354675,0.0020418285857886076,0.3789302110671997,0.008504807949066162,1.0,4.0
621,621,3.7734630706059867e-07,0.1678469181060791,0,0.34548717737197876,-0.007290211971849203,-0.010067690163850784,0.0024149282835423946,-0.0030414448119699955,0.003435213351622224,0.375,0.125,0.08516572415828705,0.00021833299251738936,-0.0013717710971832275,-0.0035839341580867767,0.002212163060903549,0.08197971433401108,0.08060794323682785,0.20514628291130066,0.20156235992908478,0.21127019822597504,1.0,0.45597004890441895,0.18078884482383728,0.0016397746512666345,0.426174521446228,0.0063888621516525745,1.0,4.0
622,622,3.7565505641757266e-07,0.4657304286956787,0,0.6859567761421204,-0.012538316659629345,-0.007068517617881298,-0.000736764632165432,-0.0037576439790427685,0.002461380325257778,0.5,0.5,0.06406629085540771,2.5416808057343587e-05,0.01812121644616127,0.0036318935453891754,0.014489322900772095,0.1396147459745407,0.1577359437942505,0.31477057933807373,0.3184024691581726,0.29457712173461914,1.0,0.3251670002937317,0.1384156048297882,0.0018149219686165452,0.3201884329319,0.01012512482702732,1.0,4.0
623,623,3.739653208784431e-07,0.2334321141242981,0,0.6913226842880249,-0.003356021363288164,-0.007422314025461674,0.0007107129786163568,-0.011038742959499359,0.012553909793496132,0.5,0.75,0.08188129961490631,4.8390069423476234e-05,0.02974621392786503,0.02596881613135338,0.00377739779651165,0.19913218915462494,0.22887840867042542,0.5225024223327637,0.5484711527824402,0.6816233396530151,1.0,0.11678717285394669,0.21561990678310394,0.002490221057087183,0.5447691679000854,0.01408576313406229,1.0,4.0
624,624,3.722771210321048e-07,0.23745189607143402,0,0.5211235284805298,-0.012420368380844593,-0.013895712792873383,-0.005010827444493771,-0.007981101050972939,0.003381067421287298,0.75,0.375,0.062466807663440704,1.7492713595856912e-05,0.01179380714893341,0.01418236829340458,-0.0023885611444711685,0.19285686314105988,0.20465068519115448,0.27220770716667175,0.2863900661468506,0.15583033859729767,1.0,0.626745343208313,0.22070817649364471,0.0008243800257332623,0.3411839008331299,0.003586814273148775,1.0,4.0
625,625,3.7059047744873955e-07,1.7629719972610474,0,0.4087362289428711,-0.011547308415174484,-0.013376723974943161,-0.009209518320858479,-0.0123645830899477,0.005063446704298258,0.375,0.0,0.07801029086112976,8.70369331096299e-05,0.012290224432945251,0.12438876926898956,-0.11209854483604431,0.2628346085548401,0.27512484788894653,0.4236321449279785,0.5480208992958069,1.0,0.0,0.005604874342679977,0.24670493602752686,0.11415448039770126,0.40356314182281494,0.27801084518432617,1.0,4.0
626,626,3.689054106795677e-07,0.3481462001800537,0,0.35078686475753784,-0.0034759114496409893,-3.216136246919632e-05,-0.00012958794832229614,-0.005467934068292379,0.004364727530628443,0.25,0.25,0.06298037618398666,2.7535144909052178e-05,0.004433788359165192,0.012807562947273254,-0.008373774588108063,0.09718067944049835,0.10161446034908295,0.15101724863052368,0.16382481157779694,0.19938020408153534,1.0,0.4832279086112976,0.351458877325058,0.0008585450705140829,0.5740346312522888,0.003404098330065608,1.0,4.0
627,627,3.672219412565956e-07,0.3677305579185486,0,0.34851714968681335,-0.016860514879226685,-0.010634317994117737,-0.013726571574807167,-0.022790253162384033,0.005304394289851189,0.25,0.25,0.07122589647769928,1.4267980077420361e-05,-0.01137104257941246,-0.007502108812332153,-0.003868933767080307,0.09553037583827972,0.08415933698415756,0.16433009505271912,0.15682798624038696,0.24205556511878967,1.0,0.4935763478279114,0.20458897948265076,0.002932491945102811,0.35035696625709534,0.010737720876932144,1.0,4.0
628,628,3.6554008969236715e-07,0.07108588516712189,0,0.17514057457447052,-0.0035671067889779806,-0.002740755444392562,0.01338941976428032,0.008403364568948746,0.0022715607192367315,0.125,0.0,0.1074613705277443,0.0013608126901090145,-0.00027196481823921204,0.0034219473600387573,-0.0036939121782779694,0.054179199039936066,0.053907234221696854,0.1722300946712494,0.17565204203128815,1.0,0.0,-0.2949603497982025,0.42630523443222046,0.002784390700981021,0.6671731472015381,0.007041233591735363,1.0,4.0
629,629,3.638598764797128e-07,0.08614271134138107,0,0.3517698049545288,-0.010399311780929565,-0.010737732984125614,-0.006196904927492142,-0.011723775416612625,0.004650357645004988,0.375,0.375,0.06478525698184967,5.573868111241609e-05,-0.001813771203160286,0.008488386869430542,-0.010302158072590828,0.08947890996932983,0.0876651406288147,0.2742791771888733,0.28276756405830383,1.0,0.0,-0.1107969582080841,0.17363499104976654,0.0020819271448999643,0.45319631695747375,0.007690900936722755,1.0,4.0
630,630,3.621813220915004e-07,0.11070175468921661,0,0.17407360672950745,-0.011121291667222977,-0.01127356942743063,0.00306590530090034,0.0028987375553697348,9.580887854099274e-05,0.125,0.25,0.08944001793861389,0.00012111773685319349,-0.00043168477714061737,0.0011394582688808441,-0.0015711430460214615,0.024565374478697777,0.02413368970155716,0.021886546164751053,0.023026004433631897,0.24081279337406158,1.0,0.4149746000766754,0.1511346995830536,0.001317233662120998,0.3541145920753479,0.0044996971264481544,1.0,4.0
631,631,3.605044469803854e-07,0.2132517546415329,0,0.69117671251297,-0.02132796309888363,-0.020708424970507622,-0.010449882596731186,-0.023310353979468346,0.011122788302600384,0.75,0.375,0.07106815278530121,4.772859392687678e-05,0.028305592015385628,0.024200202897191048,0.00410538911819458,0.20647592842578888,0.23478150367736816,0.5383327007293701,0.562532901763916,1.0,0.0,-0.02109130658209324,0.21806815266609192,0.0012164060026407242,0.5368652939796448,0.006029006093740463,1.0,4.0
632,632,3.5882927157856167e-07,0.4301806092262268,0,0.5237625241279602,-0.003008532105013728,-0.007151770405471325,-0.009109681472182274,-0.017415843904018402,0.007570749148726463,0.5,0.0,0.05857422575354576,2.3560722183901817e-05,-0.013236056081950665,-0.005512230098247528,-0.0077238259837031364,0.11393265426158905,0.10069660097360611,0.22765931487083435,0.22214707732200623,0.25882869958877563,1.0,0.40199029445648193,0.1387607306241989,0.00077488535316661,0.2589201331138611,0.002916655968874693,1.0,4.0
633,633,3.5715581629751325e-07,0.1352597177028656,0,0.17358265817165375,0.0011079763062298298,-0.006129229441285133,0.002856953302398324,0.0026781826745718718,0.0012210936984047294,0.125,0.0,0.07730264216661453,0.00024303884129039943,-0.0022152606397867203,-0.0016238987445831299,-0.0005913618952035904,0.0285600945353508,0.02634483389556408,0.07742412388324738,0.07580022513866425,0.5494667887687683,1.0,0.1775140017271042,0.12159235030412674,0.00428637582808733,0.2630494236946106,0.011868116445839405,1.0,4.0
634,634,3.554841015277641e-07,0.11707712709903717,0,0.3458636403083801,-0.005371383856981993,-0.006119477562606335,-0.009239882230758667,-0.010403051041066647,0.00252427626401186,0.25,0.5,0.06319368630647659,1.450003583158832e-05,-0.008334064856171608,-0.009757578372955322,0.0014235135167837143,0.05673588067293167,0.048401813954114914,0.17369380593299866,0.16393622756004333,0.6015990972518921,1.0,0.18840469419956207,0.12225530296564102,0.0010933029698207974,0.2972310781478882,0.005720623768866062,1.0,4.0
635,635,3.5381414763863163e-07,0.6627376675605774,0,0.5276652574539185,0.0005278612952679396,0.002844350878149271,0.00016438239254057407,-0.0011085800360888243,0.0025886278599500656,0.5,0.75,0.0691627636551857,0.001382613554596901,-0.018973011523485184,-0.0037865787744522095,-0.015186432749032974,0.1872372329235077,0.1682642251253128,0.3485119938850403,0.3447254002094269,1.0,0.0,0.026275983080267906,0.18605956435203552,0.009184010326862335,0.38534727692604065,0.01740095764398575,1.0,4.0
636,636,3.521459749779768e-07,0.0751352310180664,0,0.1730261594057083,-0.005315706599503756,-0.004420818295329809,-0.0023961535189300776,-0.002652423921972513,0.0030619255267083645,0.125,0.0,0.05292055383324623,1.956996857188642e-05,0.010588141158223152,0.010066598653793335,0.0005215425044298172,0.01722864620387554,0.027816787362098694,0.06952992081642151,0.07959651947021484,1.0,0.0,-0.006494578905403614,0.10206683725118637,0.001966519746929407,0.23678308725357056,0.017866669222712517,1.0,4.0
637,637,3.5047960387195667e-07,0.2853899896144867,0,0.5210031867027283,-0.006283614784479141,-0.006334713660180569,-0.009287755005061626,-0.011175200343132019,0.0018056664848700166,0.5,0.625,0.06476552784442902,2.1157582523301244e-05,-0.0007865317165851593,0.0014335401356220245,-0.002220071852207184,0.11378731578588486,0.11300078779459,0.21840403974056244,0.21983757615089417,0.2775176465511322,1.0,0.40823325514793396,0.14203381538391113,0.003196862293407321,0.28939443826675415,0.019345924258232117,1.0,4.0
638,638,3.488150546247778e-07,0.6111028790473938,0,0.5301428437232971,-0.012265343219041824,-0.00977026391774416,-0.007680368609726429,-0.008666664361953735,0.0018401386914774776,0.375,0.25,0.06532866507768631,6.77739517414011e-05,-0.004390645772218704,0.015905208885669708,-0.020295854657888412,0.12737314403057098,0.12298249453306198,0.31527119874954224,0.33117640018463135,0.21568378806114197,1.0,0.528415322303772,0.14975321292877197,0.011735666543245316,0.3322952091693878,0.07483156770467758,1.0,4.0
639,639,3.471523475184472e-07,0.0,0,0.0,-0.0060073803178966045,-0.00448721693828702,0.0,0.0,0.0,0.0,0.0,0.07803245633840561,2.9273989639477804e-05,0.0,0.0,0.0,0.0,0.0,0.0,0.0,1.0,0.0,0.0,0.13745561242103577,0.0014865206321701407,0.3691718876361847,0.004071738105267286,1.0,4.0
640,640,3.454915028125263e-07,0.06643147021532059,0,0.17085795104503632,-0.01230501476675272,-0.012018892914056778,-0.004934156313538551,-0.0054205674678087234,0.0002836014609783888,0.125,0.25,0.06046781316399574,1.2743404113280121e-05,-0.0003054775297641754,-0.005186982452869415,0.00488150492310524,0.02093810774385929,0.020632630214095116,0.0911974087357521,0.08601042628288269,1.0,0.0,0.02900484763085842,0.13295063376426697,0.00101750367321074,0.36566630005836487,0.005343229044228792,1.0,4.0
641,641,3.438325407438837e-07,0.17850734293460846,0,0.5085992217063904,-0.012397355400025845,-0.009232905693352222,-0.005625131540000439,-0.01322718895971775,0.00759118190035224,0.5,0.375,0.08154097199440002,2.3286891519092023e-05,0.029302917420864105,0.006481964141130447,0.022820953279733658,0.0758349597454071,0.10513786971569061,0.3167428970336914,0.32322487235069275,1.0,0.0,0.059117477387189865,0.13911943137645721,0.0010914471931755543,0.3939253091812134,0.0046035428531467915,1.0,4.0
642,642,3.421754815264488e-07,0.36610323190689087,0,0.5216301083564758,-0.01710750348865986,-0.020190566778182983,-0.009242651984095573,-0.016270989552140236,0.005651084706187248,0.375,0.25,0.058694057166576385,9.200623026117682e-06,-0.003929821774363518,-0.0004952289164066315,-0.0034345928579568863,0.14647319912910461,0.14254337549209595,0.2604163885116577,0.2599211633205414,0.19923055171966553,1.0,0.5157195329666138,0.1783873438835144,0.0008143529994413257,0.3019375801086426,0.003297101706266403,1.0,4.0
643,643,3.4052034535096494e-07,0.1685369610786438,0,0.5139195919036865,-0.006339904852211475,-0.003771325573325157,0.0002418926451355219,-0.007841004058718681,0.011731957085430622,0.5,0.375,0.076837919652462,3.091553662670776e-05,0.013691342435777187,0.0017062313854694366,0.01198511105030775,0.06589245796203613,0.0795837938785553,0.2446577101945877,0.24636395275592804,0.958071768283844,1.0,0.09918493777513504,0.13475367426872253,0.001122708898037672,0.3555649518966675,0.005834960378706455,1.0,4.0
644,644,3.388671523847445e-07,0.18214528262615204,0,0.35038021206855774,-0.018391765654087067,-0.017059246078133583,-0.01069559995085001,-0.014946527779102325,0.004726252518594265,0.25,0.25,0.09424522519111633,8.920727123040706e-05,0.016943123191595078,0.02452608197927475,-0.007582958787679672,0.05608496069908142,0.0730280876159668,0.2055518627166748,0.23007795214653015,1.0,0.0,0.024975288659334183,0.13736799359321594,0.000991334323771298,0.4113422930240631,0.00407969206571579,1.0,4.0
645,645,3.3721592277142173e-07,0.0,0,0.0,-0.005100601352751255,-0.006818337365984917,0.0,0.0,0.0,0.0,0.0,0.07464171946048737,3.6703349906019866e-05,0.0,0.0,0.0,0.0,0.0,0.0,0.0,1.0,0.0,0.0,0.3126705288887024,0.0022181610111147165,0.5398948788642883,0.008850041776895523,1.0,4.0
646,646,3.3556667663070835e-07,0.0,0,0.0,-0.0041787028312683105,-0.002509938320145011,0.0,0.0,0.0,0.0,0.0,0.09272100031375885,5.616923590423539e-05,0.0,0.0,0.0,0.0,0.0,0.0,0.0,1.0,0.0,0.0,0.13335677981376648,0.008723055012524128,0.3161083459854126,0.03041055053472519,1.0,4.0
647,647,3.3391943405814847e-07,0.5345883369445801,0,0.5249149799346924,0.002163090743124485,1.580687239766121e-05,0.0029099469538778067,0.0027192342095077038,0.004498687572777271,0.375,0.5,0.06673932075500488,1.686422183411196e-05,-0.012285260483622551,-0.0023549050092697144,-0.009930355474352837,0.17861001193523407,0.16632476449012756,0.29098981618881226,0.28863492608070374,0.22828014194965363,1.0,0.4562735855579376,0.2056296169757843,0.0009677648777142167,0.4096463620662689,0.005825047846883535,1.0,4.0
648,648,3.3227421512487255e-07,0.06631632894277573,0,0.3474718928337097,-0.00988729577511549,-0.012098142877221107,0.00016822433099150658,-0.005521226208657026,0.004243815783411264,0.25,0.0,0.0655473917722702,2.2734631784260273e-05,0.0020301584154367447,0.0038131847977638245,-0.0017830263823270798,0.05209806561470032,0.05412822589278221,0.18382568657398224,0.18763887882232666,1.0,0.0,-0.040639664977788925,0.13185973465442657,0.0012793121859431267,0.37836506962776184,0.007698130793869495,1.0,4.0
649,649,3.306310398773543e-07,0.11493358761072159,0,0.17172971367835999,-0.01255466602742672,-0.010253647342324257,-0.002128414809703827,-0.00264735147356987,0.0014026829740032554,0.25,0.125,0.0611715093255043,1.794133822841104e-05,0.0040465835481882095,0.0009089317172765732,0.0031376518309116364,0.04300630837678909,0.04705289006233215,0.060304850339889526,0.06121378391981125,0.17667421698570251,1.0,0.5442793965339661,0.14524570107460022,0.0013187548611313105,0.2893264889717102,0.007903290912508965,1.0,4.0
650,650,3.2898992833716563e-07,0.29091188311576843,0,0.35092878341674805,-0.007850509136915207,-0.008640723302960396,0.010837379842996597,0.01013935450464487,0.0004895764286629856,0.25,0.0,0.07327616214752197,0.0008650352829135954,-0.007564954459667206,0.0010740458965301514,-0.008639000356197357,0.08760063350200653,0.08003567159175873,0.2200944870710373,0.22116853296756744,0.3652023673057556,1.0,0.38875532150268555,0.15883877873420715,0.008618222549557686,0.4635838270187378,0.027358368039131165,1.0,4.0
651,651,3.2735090050073264e-07,0.6883665323257446,0,0.1827842891216278,-0.014803338795900345,-0.015336111187934875,0.0028682821430265903,0.002862215507775545,0.0009262138046324253,0.125,0.0,0.082905113697052,0.0001691567013040185,-0.013324305415153503,0.0053230151534080505,-0.018647320568561554,0.06911312788724899,0.05578882247209549,0.08808272331953049,0.09340573847293854,0.16454245150089264,1.0,0.6683378219604492,0.1577705591917038,0.0014048984739929438,0.30384719371795654,0.006763414479792118,1.0,4.0
652,652,3.257139763390925e-07,0.5452785491943359,0,0.34799617528915405,-0.008032720535993576,-0.00462014926597476,-0.006059693172574043,-0.009328947402536869,0.001178059377707541,0.25,0.25,0.07204809784889221,4.514240208663978e-05,-0.0033286772668361664,-0.0004997104406356812,-0.0028289668262004852,0.11510903388261795,0.11178036034107208,0.16798926889896393,0.16748955845832825,0.255740225315094,1.0,0.38759535551071167,0.16209617257118225,0.002664813306182623,0.37699902057647705,0.014651835896074772,1.0,4.0
653,653,3.2407917579764907e-07,0.15097402036190033,0,0.1703394502401352,-0.00686661247164011,-0.011145487427711487,-0.001817431766539812,-0.002624878892675042,0.0009369541658088565,0.125,0.25,0.07195615768432617,2.7277041226625443e-05,0.002678021788597107,-0.0032518506050109863,0.005929872393608093,0.035900093615055084,0.03857811540365219,0.1069091260433197,0.10365727543830872,0.2831488847732544,1.0,0.3452046811580658,0.1707380712032318,0.0014434271724894643,0.4823529124259949,0.006198793184012175,1.0,4.0
654,654,3.2244651879593156e-07,0.15395274758338928,0,0.6918740272521973,-0.00933340098708868,-0.00797288678586483,-0.011002215556800365,-0.01675841026008129,0.006853089667856693,0.625,0.5,0.061769187450408936,1.574415909999516e-05,-0.010116733610630035,-0.01269637793302536,0.0025796443223953247,0.1131233349442482,0.10300660133361816,0.3261820077896118,0.31348562240600586,1.0,0.0,0.014024347998201847,0.112783282995224,0.0011322411010041833,0.3621390163898468,0.00594473909586668,1.0,4.0
655,655,3.2081602522734985e-07,0.11005650460720062,0,0.17305561900138855,-0.006613369565457106,-0.004351885057985783,-0.005543402396142483,-0.006890417542308569,0.0021764952689409256,0.25,0.25,0.0654449611902237,2.1412626665551215e-05,-0.0012616589665412903,-0.0017242431640625,0.0004625841975212097,0.05809382349252701,0.05683216452598572,0.0870642215013504,0.0853399783372879,0.1590273231267929,1.0,0.6336811184883118,0.2733808159828186,0.007660761009901762,0.5017058253288269,0.12758171558380127,1.0,4.0
656,656,3.191877149589539e-07,0.3167570233345032,0,0.5229219198226929,-0.011142440140247345,-0.011672009713947773,-0.008342927321791649,-0.01128570456057787,0.005696701351553202,0.5,0.75,0.07138235121965408,2.915544610004872e-05,0.010348308831453323,0.016386352479457855,-0.006038043648004532,0.14139865338802338,0.1517469584941864,0.3684500455856323,0.3848364055156708,0.7297943234443665,1.0,0.13536670804023743,0.21014629304409027,0.0009430155623704195,0.4760501980781555,0.004396030679345131,1.0,4.0
657,657,3.1756160783119015e-07,0.2851916551589966,0,0.3389092683792114,-0.009720046073198318,-0.010760031640529633,0.000527416355907917,-6.806687451899052e-05,0.005427178926765919,0.25,0.0,0.06961280852556229,2.0195224351482466e-05,0.005482662469148636,-0.009976401925086975,0.015459064394235611,0.17177362740039825,0.1772562861442566,0.3253033757209778,0.315326988697052,1.0,0.0,-0.026050465181469917,0.2534163296222687,0.0008143505547195673,0.5250243544578552,0.0032501164823770523,1.0,4.0
658,658,3.15937723657661e-07,0.14775234460830688,0,0.5195446610450745,-0.008670199662446976,-0.00829325895756483,-0.013284659013152122,-0.013642270117998123,0.0018802500562742352,0.375,0.75,0.06339579820632935,1.547817919345107e-05,-0.010364433750510216,-0.011063992977142334,0.0006995592266321182,0.07968218624591827,0.06931774318218231,0.27979421615600586,0.2687302231788635,1.0,0.0,0.0864594355225563,0.11274432390928268,0.015500552020967007,0.30000242590904236,0.12203490734100342,1.0,4.0
659,659,3.143160822248827e-07,0.21479977667331696,0,0.34855571389198303,-0.01230335421860218,-0.008312365040183067,-0.0002534023951739073,-0.009248760528862476,0.006122173275798559,0.25,0.5,0.07784555852413177,1.7221958842128515e-05,-0.0065255966037511826,-0.0025713592767715454,-0.003954237326979637,0.09248208999633789,0.08595649898052216,0.1775657683610916,0.17499440908432007,0.3041389286518097,1.0,0.32948851585388184,0.15618383884429932,0.0008486862061545253,0.3752145767211914,0.004045499954372644,1.0,4.0
660,660,3.1269670329204393e-07,0.10689099878072739,0,0.346774697303772,-0.007080032490193844,-0.020832005888223648,-0.0012036269763484597,-0.012835756875574589,0.007662366144359112,0.375,0.0,0.0892333835363388,3.077222572756e-05,0.007635191082954407,0.00796300545334816,-0.00032781437039375305,0.06462470442056656,0.07225989550352097,0.14709614217281342,0.15505915880203247,0.6006816029548645,1.0,0.15260902047157288,0.15749883651733398,0.0012402876745909452,0.3223801851272583,0.00524782482534647,1.0,4.0
661,661,3.1107960659076647e-07,0.0,0,0.0,-0.01246024388819933,-0.007458701264113188,0.0,0.0,0.0,0.0,0.0,0.0803074836730957,2.6426401745993644e-05,0.0,0.0,0.0,0.0,0.0,0.0,0.0,1.0,0.0,0.0,0.13852617144584656,0.002215176122263074,0.36015844345092773,0.017297033220529556,1.0,4.0
662,662,3.0946481182486297e-07,0.28093457221984863,0,0.17611534893512726,-0.012951420620083809,-0.012502634897828102,-0.002708208514377475,-0.002728391205891967,0.0015838027466088533,0.125,0.25,0.08132678270339966,8.657255966681987e-05,-0.001203041523694992,0.004422429949045181,-0.005625471472740173,0.05114663019776344,0.04994358867406845,0.049566563218832016,0.0539889931678772,0.18584179878234863,1.0,0.553623378276825,0.15342602133750916,0.002526993630453944,0.326726496219635,0.00817919336259365,1.0,4.0
663,663,3.078523386700982e-07,0.4494360685348511,0,0.5225082039833069,-0.011065586470067501,-0.008045665919780731,-0.008550284430384636,-0.016659732908010483,0.006209230981767178,0.5,0.25,0.0726507306098938,2.934110125352163e-05,0.010688956826925278,0.01589306630194187,-0.005204109475016594,0.18103551864624023,0.1917244791984558,0.27511316537857056,0.2910062074661255,0.16447699069976807,1.0,0.5889757871627808,0.18898513913154602,0.0008817434427328408,0.34937983751296997,0.004277677740901709,1.0,4.0
664,664,3.0624220677394854e-07,0.24216331541538239,0,0.3481827974319458,-0.0045651597902178764,-0.004597185179591179,-0.0013961284421384335,-0.005381789989769459,0.004001788794994354,0.25,0.5,0.053990043699741364,1.524227627669461e-05,-0.005800984799861908,-0.002623319625854492,-0.0031776651740074158,0.05523708462715149,0.04943609982728958,0.1600150167942047,0.15739169716835022,0.410066157579422,1.0,0.2611951529979706,0.13259433209896088,0.0013236911036074162,0.26500749588012695,0.00731130875647068,1.0,4.0
665,665,3.0463443575536317e-07,1.4825694561004639,0,0.6877325177192688,-0.0037032058462500572,0.0009869998320937157,-0.0004449347616173327,-0.0092339301481843,0.008002080954611301,0.5,0.75,0.0793406292796135,0.00014887531870044768,-0.010331040248274803,-0.02139309048652649,0.011062050238251686,0.35419443249702454,0.3438633978366852,0.795659601688385,0.7742664813995361,0.2989041209220886,1.0,0.33920180797576904,0.27560853958129883,0.07059086859226227,0.5194834470748901,0.2499387562274933,1.0,4.0
666,666,3.0302904520452443e-07,0.16792888939380646,0,0.1763683408498764,-0.00852550845593214,-0.007341973949223757,-0.0001932027516886592,-0.0027400495018810034,0.00232534296810627,0.125,0.0,0.06759992241859436,3.799372643698007e-05,-0.0034857895225286484,0.0026397705078125,-0.006125560030341148,0.03407546132802963,0.030589671805500984,0.14973850548267365,0.15237827599048615,0.295166552066803,1.0,0.3782447874546051,0.20117634534835815,0.001284352969378233,0.39118868112564087,0.0056212120689451694,1.0,4.0
667,667,3.014260546826097e-07,0.28936833143234253,0,0.6867942214012146,-0.009633070789277554,-0.008844839408993721,-0.002690067980438471,-0.010978374630212784,0.008022001944482327,0.5,0.5,0.07266798615455627,2.9785014703520574e-05,0.038651056587696075,0.025620825588703156,0.01303022913634777,0.15224666893482208,0.19089771807193756,0.37817007303237915,0.4037908911705017,0.2987295091152191,1.0,0.29606500267982483,0.172804057598114,0.0019011268159374595,0.3622472286224365,0.015894297510385513,1.0,4.0
668,668,2.9982548372155256e-07,0.12076310068368912,0,0.34614336490631104,-0.007198428735136986,-0.007441624067723751,-0.0033175991848111153,-0.0063438257202506065,0.006790816783905029,0.25,0.25,0.06973711401224136,2.3461700038751587e-05,-0.0003029424697160721,-0.0012168660759925842,0.0009139236062765121,0.05736982077360153,0.05706688016653061,0.24035246670246124,0.23913559317588806,1.0,0.0,-0.01332805771380663,0.15106770396232605,0.0021369755268096924,0.40778350830078125,0.021393224596977234,1.0,4.0
669,669,2.9822735182380494e-07,0.5753368735313416,0,0.1999155580997467,-0.01004636287689209,-0.005220645107328892,-0.008132478222250938,-0.01172364130616188,0.0018820150289684534,0.125,0.25,0.09636157006025314,0.001524258521385491,0.01747710257768631,0.06816929578781128,-0.05069219321012497,0.034069906920194626,0.051547009497880936,0.15601547062397003,0.2241847664117813,0.7929013967514038,1.0,0.11535251140594482,0.13070641458034515,0.013413999229669571,0.3411436080932617,0.08035104721784592,1.0,4.0
670,670,2.9663167846209996e-07,0.13499781489372253,0,0.17531876266002655,0.0023668361827731133,-0.0014753504656255245,0.002733551198616624,0.00272879539988935,0.0014649752993136644,0.125,0.0,0.059640347957611084,1.5455616448889486e-05,-0.0021947547793388367,0.0018528252840042114,-0.004047580063343048,0.03995294123888016,0.03775818645954132,0.06391316652297974,0.06576599180698395,0.18314851820468903,1.0,0.5574867129325867,0.1879241019487381,0.0009444355382584035,0.33279311656951904,0.004621386528015137,1.0,4.0
671,671,2.950384830792136e-07,0.08606138825416565,0,0.1709892302751541,-0.004715027287602425,-0.005755380727350712,-0.0021310036536306143,-0.00266838981769979,0.0018996791914105415,0.125,0.0,0.06204083934426308,1.1081579032179434e-05,0.004605423659086227,-1.1011958122253418e-05,0.004616435617208481,0.05065086856484413,0.05525629222393036,0.17006507515907288,0.17005406320095062,1.0,0.0,-0.16687560081481934,0.14358726143836975,0.0029885543044656515,0.36776065826416016,0.013806218281388283,1.0,4.0
672,672,2.9344778508772914e-07,0.31662827730178833,0,0.3433115482330322,-0.016606608405709267,-0.013535305857658386,-0.016026433557271957,-0.022162875160574913,0.0044458783231675625,0.25,0.5,0.06809545308351517,1.939392132044304e-05,0.013220278546214104,0.00667407363653183,0.006546204909682274,0.08932746946811676,0.10254774987697601,0.1623835265636444,0.16905760765075684,0.21345840394496918,1.0,0.4502464234828949,0.19206415116786957,0.001280035823583603,0.3263605833053589,0.007494680117815733,1.0,4.0
673,673,2.9185960386979946e-07,0.3513493239879608,0,0.6859591007232666,-0.012434922158718109,-0.01893051154911518,-0.010411962866783142,-0.03193160519003868,0.011385670863091946,0.625,0.375,0.07119245827198029,1.3458638932206668e-05,0.012871075421571732,-0.0018304027616977692,0.0147014781832695,0.2784530520439148,0.2913241386413574,0.5299437642097473,0.5281133651733398,0.2811567187309265,1.0,0.3543431758880615,0.2822003960609436,0.001410976517945528,0.48273900151252747,0.00620284816250205,1.0,4.0
674,674,2.902739587769114e-07,0.17474880814552307,0,0.3497524857521057,-0.011423597112298012,-0.012221569195389748,0.005509511101990938,-0.000600672559812665,0.005526859778910875,0.25,0.25,0.06740371882915497,3.4919135941891e-05,0.0051954686641693115,0.011252552270889282,-0.006057083606719971,0.08091619610786438,0.08611166477203369,0.1892850548028946,0.20053760707378387,0.5363974571228027,1.0,0.16436390578746796,0.14222528040409088,0.0033150864765048027,0.30831941962242126,0.013413218781352043,1.0,4.0
675,675,2.8869086912965036e-07,0.5314679741859436,0,0.6969805955886841,-0.00814065057784319,-0.0035039898939430714,-0.003460806328803301,-0.010037194937467575,0.009022997692227364,0.625,1.0,0.06609861552715302,1.7997614122577943e-05,-0.007704326882958412,-0.0007522646337747574,-0.006952062249183655,0.1769779473543167,0.16927361488342285,0.4446122646331787,0.4438599944114685,0.33854740858078003,1.0,0.3031674027442932,0.1659376323223114,0.0016699070110917091,0.37737441062927246,0.011717455461621284,1.0,4.0
676,676,2.8711035421746363e-07,0.4210403561592102,0,0.5120541453361511,0.0005771631840616465,-0.004478348884731531,-0.0003333080094307661,-0.005288892425596714,0.006842379923909903,0.375,0.0,0.07274860143661499,0.0003586300299502909,0.020733436569571495,0.004989504814147949,0.015743931755423546,0.10224637389183044,0.12297980487346649,0.26455050706863403,0.269540011882782,0.13637608289718628,1.0,0.670754611492157,0.1511932611465454,0.002887289971113205,0.3595971167087555,0.01098414696753025,1.0,4.0
677,677,2.8553243329842715e-07,0.5752584338188171,0,0.35312846302986145,-0.016328545287251472,-0.014163516461849213,-0.0037399381399154663,-0.004470236599445343,0.0027404027059674263,0.25,0.0,0.07113641500473022,0.0007517331396229565,-0.013459518551826477,-0.0005067363381385803,-0.012952782213687897,0.10177306085824966,0.08831354230642319,0.1390874981880188,0.13858076930046082,0.24005471169948578,1.0,0.4237895905971527,0.14807862043380737,0.002308228751644492,0.359415739774704,0.009820754639804363,1.0,4.0
678,678,2.8395712559900874e-07,0.15786036849021912,0,0.3424050211906433,-0.009784030728042126,-0.007084676995873451,0.00439454847946763,0.002981312107294798,0.004606523085385561,0.25,0.25,0.08038050681352615,3.2613417715765536e-05,-0.007217049598693848,-0.015608079731464386,0.008391030132770538,0.157485231757164,0.15026818215847015,0.4193892478942871,0.40378114581108093,1.0,0.0,-0.14797575771808624,0.22817233204841614,0.0024452644865959883,0.5402984023094177,0.015008874237537384,1.0,4.0
679,679,2.823844503138363e-07,0.22280818223953247,0,0.3366824984550476,-0.012032095342874527,-0.010786840692162514,-0.01000998541712761,-0.01162667851895094,0.0038977125659585,0.25,0.0,0.08198250830173492,3.444265166763216e-05,0.01618991047143936,-0.0038754120469093323,0.020065322518348694,0.07427680492401123,0.09046672284603119,0.2098962813615799,0.20602086186408997,1.0,0.0,0.0537121556699276,0.19703024625778198,0.001368124270811677,0.4192182421684265,0.004378937650471926,1.0,4.0
680,680,2.808144266054612e-07,0.0,0,0.0,-0.003970498684793711,-0.006345707457512617,0.0,0.0,0.0,0.0,0.0,0.06965013593435287,3.580184420570731e-05,0.0,0.0,0.0,0.0,0.0,0.0,0.0,1.0,0.0,0.0,0.2974841892719269,0.0012370576150715351,0.5428812503814697,0.006944446358829737,1.0,4.0
681,681,2.792470736041274e-07,0.2993597090244293,0,0.17172297835350037,-0.002678564051166177,-0.0017036458011716604,0.005787568632513285,0.002732743974775076,0.0023974841460585594,0.125,0.25,0.06491461396217346,1.1118249858554918e-05,0.003731410950422287,0.0005939528346061707,0.0031374581158161163,0.049759138375520706,0.05349054932594299,0.06713538616895676,0.06772933900356293,0.23168927431106567,1.0,0.4447055459022522,0.1746986359357834,0.0011524835135787725,0.3664833605289459,0.005520601756870747,1.0,4.0
682,682,2.776824104075364e-07,0.21592143177986145,0,0.34904831647872925,-0.004972043912857771,-0.007176097482442856,-0.003546952735632658,-0.006308106705546379,0.004761388059705496,0.375,0.25,0.06652083247900009,0.00013197823136579245,-0.0009055584669113159,0.0037466026842594147,-0.004652161151170731,0.06351390480995178,0.06260834634304047,0.28330808877944946,0.28705471754074097,0.2768462896347046,1.0,0.363489031791687,0.15897512435913086,0.0023558151442557573,0.36688870191574097,0.007063007913529873,1.0,4.0
683,683,2.7612045608061517e-07,0.8252681493759155,0,0.5176278948783875,-0.006103961728513241,-0.004654532298445702,0.007110862527042627,0.00274596456438303,0.004187124315649271,0.375,0.25,0.07196029275655746,4.889305273536593e-05,-0.003102196380496025,-0.007620826363563538,0.0045186299830675125,0.14182884991168976,0.13872666656970978,0.27679359912872314,0.2691727578639984,0.23846638202667236,1.0,0.3897724151611328,0.23090587556362152,0.0022502548526972532,0.4294944405555725,0.011519987136125565,1.0,4.0
684,684,2.745612296552847e-07,0.0791192352771759,0,0.1757955700159073,-0.018928641453385353,-0.01957618072628975,-0.0039045382291078568,-0.00472560478374362,0.0017505985451862216,0.25,0.125,0.07820776849985123,1.7650669178692624e-05,-0.00852743536233902,-0.003560774028301239,-0.004966661334037781,0.1287146806716919,0.12018725275993347,0.26781564950942993,0.2642548680305481,1.0,0.0,-0.1918308287858963,0.2287544310092926,0.001154078170657158,0.5554271340370178,0.006785674951970577,1.0,4.0
685,685,2.730047501302266e-07,0.22429059445858002,0,0.3539952337741852,-0.014081482775509357,-0.011845539323985577,0.005049427971243858,-0.0045245043002069,0.009068751707673073,0.25,0.25,0.09112536907196045,8.568030898459256e-05,-0.00941450521349907,0.005318699404597282,-0.014733204618096352,0.09839661419391632,0.08898210525512695,0.14071880280971527,0.1460375040769577,0.5230374336242676,1.0,0.22577309608459473,0.1472046822309494,0.0008984068990685046,0.25991666316986084,0.0033596267458051443,1.0,4.0
686,686,2.71451036470653e-07,0.10342913866043091,0,0.5216180682182312,-0.011188197880983353,-0.00785454735159874,-0.010078322142362595,-0.013399206101894379,0.003614626592025161,0.375,0.5,0.0685049518942833,1.9479433831293136e-05,0.002878922037780285,0.00638251006603241,-0.003503588028252125,0.051065973937511444,0.053944896906614304,0.21429477632045746,0.22067728638648987,1.0,0.0,0.08959463238716125,0.09272754192352295,0.001984707312658429,0.34692704677581787,0.013438191264867783,1.0,4.0
687,687,2.6990010760807417e-07,0.46792203187942505,0,0.34885603189468384,-0.014578196220099926,-0.029603639617562294,-0.017834365367889404,-0.038136307150125504,0.015173235908150673,0.25,0.0,0.07413721084594727,1.710888318484649e-05,0.002280300483107567,0.0068330466747283936,-0.004552746191620827,0.07988940179347992,0.08216969668865204,0.21483460068702698,0.22166764736175537,1.0,0.0,-0.004382193088531494,0.1133490726351738,0.0057234694249928,0.3499149680137634,0.02532820962369442,1.0,4.0
688,688,2.683519824400692e-07,0.19506263732910156,0,0.3443567752838135,-0.0045425849966704845,-0.0009144028881564736,0.0010212587658315897,-0.0018755203345790505,0.0024987671058624983,0.375,0.375,0.06479722261428833,1.4612552149628755e-05,0.0053354185074567795,0.0008746124804019928,0.004460806027054787,0.09426958113908768,0.0996050015091896,0.17931242287158966,0.18018703162670135,0.26254376769065857,1.0,0.371276319026947,0.18372243642807007,0.001547682099044323,0.34453070163726807,0.007713900879025459,1.0,4.0
689,689,2.6680667983005445e-07,0.13889066874980927,0,0.5184424519538879,-0.006943780928850174,-0.0026210988871753216,0.00402655778452754,-0.0028341184370219707,0.008473004214465618,0.375,0.5,0.05611575394868851,1.0470042070664931e-05,-0.0023341327905654907,-0.0051750242710113525,0.002840891480445862,0.07332657277584076,0.07099243998527527,0.26217812299728394,0.2570030987262726,0.6174596548080444,1.0,0.15800707042217255,0.09309235215187073,0.0009474686812609434,0.29232174158096313,0.00549436267465353,1.0,4.0
690,690,2.6526421860705473e-07,0.16856567561626434,0,0.1732594072818756,0.002594349905848503,0.007127134129405022,0.0032956008799374104,0.0032526017166674137,0.0008184199105016887,0.125,0.0,0.04839574545621872,1.459495433664415e-05,-0.0005579572170972824,-0.0006127320230007172,5.4774805903434753e-05,0.023093270137906075,0.022535312920808792,0.030040020123124123,0.029427288100123405,0.22838057577610016,1.0,0.4341164231300354,0.31347066164016724,0.006813639774918556,0.5757391452789307,0.03905508667230606,1.0,4.0
691,691,2.6372461756547306e-07,0.33032354712486267,0,0.16200990974903107,-0.006288360804319382,-0.005786037538200617,0.001381013309583068,-0.0001287268241867423,0.0007812135736458004,0.125,0.25,0.06396820396184921,3.087624645559117e-05,0.02211315557360649,-0.0009734183549880981,0.02308657392859459,0.04412863776087761,0.0662417933344841,0.09440302848815918,0.09342961013317108,0.18630388379096985,1.0,0.4575083553791046,0.1602480709552765,0.0009056337876245379,0.3478248417377472,0.004721189849078655,1.0,4.0
692,692,2.621878954648623e-07,0.2682736814022064,0,0.34372639656066895,-0.011432948522269726,-0.012716790661215782,-0.00526203541085124,-0.007891690358519554,0.0027740010991692543,0.375,0.25,0.06113237887620926,1.2854567103204317e-05,0.003579936921596527,-0.0021365992724895477,0.005716536194086075,0.14583086967468262,0.14941081404685974,0.2566017806529999,0.25446516275405884,0.1568603515625,1.0,0.6306698322296143,0.2051689326763153,0.0015746410936117172,0.3941904306411743,0.012269541621208191,1.0,4.0
693,693,2.606540710296966e-07,0.6062214374542236,0,0.7062152028083801,9.284354746341705e-05,-0.0001912128645926714,0.007127808406949043,0.0035920327063649893,0.006548513658344746,0.625,0.625,0.06504381448030472,1.424098627467174e-05,-0.01587611995637417,0.00997394509613514,-0.025850065052509308,0.19226238131523132,0.1763862520456314,0.26215118169784546,0.27212512493133545,0.20604507625102997,1.0,0.5024468898773193,0.19160783290863037,0.001527063432149589,0.278720885515213,0.01112220250070095,1.0,4.0
694,694,2.591231629491423e-07,0.18237467110157013,0,0.33662915229797363,-0.001659635454416275,-0.0005262359045445919,0.0055837687104940414,0.005490248091518879,0.0041641732677817345,0.25,0.0,0.07253222167491913,1.3788350770482793e-05,0.015687085688114166,-0.004473544657230377,0.020160630345344543,0.07740939408540726,0.09309647977352142,0.24272421002388,0.23825067281723022,0.7492152452468872,1.0,0.13295476138591766,0.15890419483184814,0.0019930321723222733,0.43726426362991333,0.008771308697760105,1.0,4.0
695,695,2.575951898768315e-07,0.43199607729911804,0,0.3472245931625366,-0.010505180805921555,-0.009306030347943306,-0.001693781465291977,-0.005149445962160826,0.0034091679845005274,0.25,0.25,0.06381655484437943,2.543802656873595e-05,-0.004120657220482826,-0.002820044755935669,-0.0013006124645471573,0.08302745968103409,0.07890680432319641,0.1557391881942749,0.15291914343833923,0.24029092490673065,1.0,0.4308760166168213,0.15458202362060547,0.0024167406372725964,0.346787691116333,0.013085816986858845,1.0,4.0
696,696,2.5607017043063353e-07,0.30876827239990234,0,0.6979233026504517,-0.004991067573428154,-0.00879202876240015,-0.001492300070822239,-0.009256933815777302,0.008896519429981709,0.5,0.0,0.06002643704414368,3.263933467678726e-05,-0.0124790258705616,-0.00307474285364151,-0.00940428301692009,0.16473954916000366,0.15226052701473236,0.3608244061470032,0.3577496409416199,0.5879701972007751,1.0,0.1549433171749115,0.1475604623556137,0.002310246927663684,0.35958242416381836,0.017811929807066917,1.0,4.0
697,697,2.5454812319242956e-07,0.17587810754776,0,0.346143901348114,-0.011725355871021748,-0.01333244051784277,-0.01169143058359623,-0.01728995516896248,0.005368564277887344,0.25,0.25,0.06909210234880447,2.8691198167507537e-05,-0.0011185966432094574,-0.001996636390686035,0.0008780397474765778,0.07305485755205154,0.07193625718355179,0.21122299134731293,0.2092263549566269,0.3730548322200775,1.0,0.2859508693218231,0.1602044552564621,0.0012315126368775964,0.3758486211299896,0.005599367432296276,1.0,4.0
698,698,2.530290667078846e-07,0.20449495315551758,0,0.1777438223361969,-0.009505889378488064,-0.0012611455749720335,0.0027277253102511168,0.002707966836169362,0.001695037237368524,0.125,0.25,0.06425800919532776,2.5627943614381365e-05,0.002179699018597603,0.011015690863132477,-0.008835991844534874,0.029903369024395943,0.032083068042993546,0.11236129701137543,0.1233769878745079,0.29842889308929443,1.0,0.3263548016548157,0.12248143553733826,0.0021044465247541666,0.3594307005405426,0.019488630816340446,1.0,4.0
699,699,2.515130194862223e-07,0.09549945592880249,0,0.34084877371788025,-0.01602083072066307,-0.010278727859258652,-0.00019397982396185398,-0.007271500304341316,0.004291038028895855,0.25,0.5,0.06937095522880554,1.5301291568903252e-05,0.007669951766729355,-0.0038972534239292145,0.01156720519065857,0.049843959510326385,0.05751391127705574,0.151568204164505,0.1476709395647049,1.0,0.0,0.01854725554585457,0.1744914948940277,0.001261693425476551,0.35648465156555176,0.006229841616004705,1.0,4.0
700,700,2.500000000000001e-07,0.4230515658855438,0,0.48995381593704224,-0.010006273165345192,-0.014000331051647663,-0.012095901183784008,-0.018173035234212875,0.007239102385938168,0.5,0.25,0.06173476204276085,1.2632724974537268e-05,0.02552970126271248,-0.03737763315439224,0.06290733814239502,0.1004280373454094,0.12595774233341217,0.46950763463974,0.43213000893592834,0.1978788673877716,1.0,0.41164398193359375,0.12680655717849731,0.017656734213232994,0.3166463375091553,0.20669621229171753,1.0,4.0
701,701,2.484900266848824e-07,0.0,0,0.0,-0.006375780329108238,-0.002044360851868987,0.0,0.0,0.0,0.0,0.0,0.06124201416969299,1.0278118679707404e-05,0.0,0.0,0.0,0.0,0.0,0.0,0.0,1.0,0.0,0.0,0.14268657565116882,0.053435470908880234,0.42341893911361694,0.803143322467804,1.0,4.0
702,702,2.469831179394182e-07,0.46973127126693726,0,0.34236761927604675,-0.0025706617161631584,-0.007495188154280186,-0.0016355991829186678,-0.004185435827821493,0.0018799146637320518,0.25,0.0,0.07160377502441406,8.274014544440433e-05,0.008311348035931587,-0.00013868510723114014,0.008450033143162727,0.07750873267650604,0.08582008630037308,0.19771423935890198,0.19757553935050964,0.2674863636493683,1.0,0.358328253030777,0.12924891710281372,0.0025404994376003742,0.3556668758392334,0.022368667647242546,1.0,4.0
703,703,2.4547929212481435e-07,0.18353711068630219,0,0.35049551725387573,-0.004998838063329458,-0.009932167828083038,-0.006888050585985184,-0.009773830883204937,0.003998704254627228,0.25,0.25,0.0726333037018776,1.7708653103909455e-05,-0.01870119571685791,-0.010896831750869751,-0.007804363965988159,0.05917644500732422,0.04047524929046631,0.17618651688098907,0.16528968513011932,0.9482830762863159,1.0,0.12713539600372314,0.14423510432243347,0.0009397630929015577,0.3474712073802948,0.004354813136160374,1.0,4.0
704,704,2.439785675647143e-07,0.46733513474464417,0,0.34466174244880676,-0.008831753395497799,-0.00843404047191143,-0.01042573619633913,-0.010883189737796783,0.0007956541376188397,0.25,0.0,0.06679309904575348,2.8140708309365436e-05,0.004674039781093597,0.0008124709129333496,0.003861568868160248,0.08720472455024719,0.09187876433134079,0.2043049931526184,0.20511746406555176,0.203617662191391,1.0,0.48003512620925903,0.2507450580596924,0.017795097082853317,0.39315974712371826,0.1650676280260086,1.0,4.0
705,705,2.424809625449729e-07,0.7014869451522827,0,0.16894805431365967,-0.0018563714111223817,-0.0050011491402983665,0.012278557755053043,0.002726438455283642,0.007042871322482824,0.125,0.0,0.07076463848352432,0.0001866937818704173,0.01515287160873413,0.0063987672328948975,0.008754104375839233,0.10747053474187851,0.12262340635061264,0.166270911693573,0.1726696789264679,0.1695522665977478,1.0,0.5572956204414368,0.2091008722782135,0.047063760459423065,0.31385475397109985,0.4210825562477112,1.0,4.0
706,706,2.4098649531343494e-07,0.1703578233718872,0,0.17319230735301971,-0.006192762404680252,-0.011584559455513954,-0.009686663746833801,-0.013501926325261593,0.0016404547495767474,0.125,0.25,0.051888395100831985,1.006926777336048e-05,0.0010411888360977173,0.0008521862328052521,0.0001890026032924652,0.0371139720082283,0.03815516084432602,0.0491177998483181,0.04996998608112335,0.20226064324378967,1.0,0.5173963904380798,0.16838385164737701,0.0009541272884234786,0.4253046214580536,0.004029692616313696,1.0,4.0
707,707,2.39495184079712e-07,0.10449149459600449,0,0.3379961848258972,-0.011357506737112999,-0.0048165032640099525,-0.0010910704731941223,-0.005712967365980148,0.0043996842578053474,0.375,0.375,0.06681298464536667,2.6042125682579353e-05,-0.009179648011922836,-0.026646573096513748,0.017466925084590912,0.04189286381006241,0.03271321579813957,0.12232362478971481,0.09567704796791077,0.4268467426300049,1.0,0.2676509916782379,0.14201340079307556,0.0009906773921102285,0.286943256855011,0.0048646386712789536,1.0,4.0
708,708,2.380070470149605e-07,0.19352293014526367,0,0.17627760767936707,-0.013936340808868408,-0.011967727914452553,0.0026364843361079693,-0.00260845641605556,0.0028367689810693264,0.125,0.25,0.08264850080013275,3.591654967749491e-05,0.025255709886550903,0.031201958656311035,-0.005946248769760132,0.02021113410592079,0.045466843992471695,0.07146904617547989,0.10267100483179092,1.0,0.0,0.05822726711630821,0.19171397387981415,0.0021393157076090574,0.4532186985015869,0.009924941696226597,1.0,4.0
709,709,2.365221022516612e-07,0.4243887662887573,0,0.5128372311592102,-0.0016449950635433197,-0.0040326365269720554,0.0036194296553730965,-0.0030711637809872627,0.006463204510509968,0.375,0.25,0.07512295246124268,1.650035846978426e-05,0.01598888635635376,0.0017863884568214417,0.014202497899532318,0.1430177539587021,0.15900664031505585,0.319936603307724,0.32172298431396484,0.46896353363990784,1.0,0.23561204969882965,0.19066594541072845,0.002574135083705187,0.371086448431015,0.018365543335676193,1.0,4.0
710,710,2.350403678833976e-07,0.236957848072052,0,0.3522491455078125,-0.0046702357940375805,-0.002769092097878456,-0.0033833752386271954,-0.005409124307334423,0.004165503662079573,0.25,0.25,0.0653742179274559,2.1244217350613326e-05,-0.010373242199420929,0.000886574387550354,-0.011259816586971283,0.18752533197402954,0.1771520972251892,0.3085281550884247,0.30941474437713623,1.0,0.0,0.05636434629559517,0.27726149559020996,0.0007075660978443921,0.5183387994766235,0.0024747103452682495,1.0,4.0
711,711,2.3356186196463496e-07,0.0,0,0.0,-0.018869392573833466,-0.019053753465414047,0.0,0.0,0.0,0.0,0.0,0.07102078199386597,0.00019736686954274774,0.0,0.0,0.0,0.0,0.0,0.0,0.0,1.0,0.0,0.0,0.16212153434753418,0.001249435474164784,0.3448390066623688,0.006211906671524048,1.0,4.0
712,712,2.3208660251050156e-07,0.29327699542045593,0,0.1692640334367752,-0.014814957045018673,-0.009686009958386421,0.0030552640091627836,0.0027368611190468073,0.0024786610156297684,0.125,0.0,0.07258425652980804,3.200811261194758e-05,-4.4323503971099854e-05,-0.00815565511584282,0.00811133161187172,0.03328440338373184,0.03324007987976074,0.06092575192451477,0.05277009680867195,0.2544979751110077,1.0,0.4151453375816345,0.1908673346042633,0.004206351935863495,0.33254140615463257,0.011193282902240753,1.0,4.0
713,713,2.3061460749656841e-07,0.7526004314422607,0,0.3483213782310486,0.00042315979953855276,0.00036172871477901936,0.00964021123945713,0.0054749902337789536,0.004149249754846096,0.25,0.5,0.0541120246052742,1.3419554306892678e-05,0.0027230437844991684,0.006212115287780762,-0.0034890715032815933,0.09549526870250702,0.09821831434965134,0.16733700037002563,0.1735491156578064,0.21070171892642975,1.0,0.462822288274765,0.13305236399173737,0.05712458863854408,0.319894015789032,0.5918627977371216,1.0,4.0
714,714,2.2914589485863012e-07,0.08673359453678131,0,0.3494154214859009,-0.010350193828344345,-0.00913461297750473,0.0005555152893066406,0.0001670047640800476,0.004892842844128609,0.375,0.25,0.07175597548484802,6.122176273493096e-05,-0.0016909241676330566,0.003975998610258102,-0.005666922777891159,0.050275709480047226,0.04858478903770447,0.13698968291282654,0.14096568524837494,0.8753827810287476,1.0,0.11285028606653214,0.18025639653205872,0.0018114877166226506,0.44379547238349915,0.006178193725645542,1.0,4.0
715,715,2.2768048249248644e-07,0.3642975389957428,0,0.345769464969635,-0.003686375916004181,-0.0036422391422092915,-0.005347725003957748,-0.007110783830285072,0.003660775488242507,0.25,0.25,0.07710480690002441,2.754289744189009e-05,0.0066946037113666534,0.005033910274505615,0.0016606934368610382,0.09957971423864365,0.1062743216753006,0.2619786858558655,0.2670125961303711,0.3539598286151886,1.0,0.27217164635658264,0.17989003658294678,0.0007109138532541692,0.3916315734386444,0.002931654453277588,1.0,4.0
716,716,2.262183882537249e-07,0.4638769030570984,0,0.3472689986228943,-0.002538041677325964,0.0028165425173938274,0.005392131861299276,-0.0006464384496212006,0.010142960585653782,0.25,0.25,0.058731917291879654,9.411905921297148e-06,0.002132643014192581,0.003522481769323349,-0.0013898387551307678,0.10861198604106903,0.11074462532997131,0.19320695102214813,0.19672943651676178,0.2106432318687439,1.0,0.5039698481559753,0.19230903685092926,0.0015828905161470175,0.3796401023864746,0.00797486025840044,1.0,4.0
717,717,2.247596299575022e-07,0.0,0,0.0,-0.003193895099684596,-0.00217362679541111,0.0,0.0,0.0,0.0,0.0,0.06994600594043732,1.4224783626559656e-05,0.0,0.0,0.0,0.0,0.0,0.0,0.0,1.0,0.0,0.0,0.42030495405197144,0.0013613570481538773,0.5545744895935059,0.006694383919239044,1.0,4.0
718,718,2.23304225378328e-07,0.13602139055728912,0,0.6952835917472839,-0.01669248938560486,-0.013169114477932453,-0.005181077867746353,-0.01482720673084259,0.00998970028012991,0.5,0.5,0.06731197983026505,9.709859114082064e-06,-0.0118007343262434,-0.0076290518045425415,-0.004171682521700859,0.1545959860086441,0.14279524981975555,0.4506743550300598,0.44304531812667847,1.0,0.0,-0.19640737771987915,0.14097042381763458,0.0007564653060398996,0.4500534236431122,0.0029957450460642576,1.0,4.0
719,719,2.218521922498476e-07,0.11452986299991608,0,0.1773281693458557,-0.014581138268113136,-0.014936689287424088,-0.0024545416235923767,-0.0027395798824727535,0.00030153055558912456,0.25,0.125,0.06546236574649811,1.1498184903757647e-05,-0.006221111863851547,0.0017970800399780273,-0.008018191903829575,0.061025768518447876,0.05480465665459633,0.07500004768371582,0.07679712772369385,0.16733217239379883,1.0,0.6047632694244385,0.2482096254825592,0.0021123921032994986,0.37408044934272766,0.010053079575300217,1.0,4.0
720,720,2.2040354826462664e-07,0.13302838802337646,0,0.17070679366588593,-0.00507509708404541,-0.004524600692093372,0.0027342536486685276,0.002732946304604411,0.00036585735506378114,0.125,0.0,0.05734492093324661,1.2112840522604529e-05,4.8955902457237244e-05,-0.005137959495186806,0.005186915397644043,0.02096366509795189,0.021012621000409126,0.03166314214468002,0.026525182649493217,0.3922560214996338,1.0,0.2715538442134857,0.1390453279018402,0.0008367043919861317,0.3063339591026306,0.0037413612008094788,1.0,4.0
721,721,2.1895831107393482e-07,0.21343879401683807,0,0.5168649554252625,-0.0033975117839872837,0.0002492786734364927,0.0036674547009170055,-0.005628554616123438,0.005156935192644596,0.5,0.5,0.06621421128511429,1.4726344488735776e-05,0.013347279280424118,0.007259156554937363,0.006088122725486755,0.2236039638519287,0.23695124685764313,0.3982198238372803,0.40547895431518555,0.3098136782646179,1.0,0.3212202489376068,0.36918142437934875,0.0013501152861863375,0.6753585934638977,0.010461350902915001,1.0,4.0
722,722,2.1751649828753106e-07,0.4651251435279846,0,0.6883419752120972,-0.006848787888884544,-0.007177411578595638,0.0014543556608259678,-0.004586263559758663,0.006725856103003025,0.75,0.25,0.055071961134672165,1.26157610793598e-05,0.011510205455124378,0.0016558561474084854,0.009854349307715893,0.11843003332614899,0.1299402415752411,0.2871471345424652,0.28880301117897034,0.2641984224319458,1.0,0.3721485733985901,0.12284749746322632,0.00456582847982645,0.2786785364151001,0.04512937366962433,1.0,4.0
723,723,2.160781274734495e-07,0.6063351035118103,0,0.5268840789794922,-0.013461219146847725,-0.011264153756201267,-0.007276127114892006,-0.008098740130662918,0.002141265431419015,0.375,0.25,0.06783119589090347,1.4592986190109514e-05,-0.01299322210252285,0.0009506046772003174,-0.013943826779723167,0.15795232355594635,0.14495909214019775,0.2657146751880646,0.2666652798652649,0.29175040125846863,1.0,0.35347941517829895,0.17854292690753937,0.0009059739531949162,0.3770679831504822,0.0046743061393499374,1.0,4.0
724,724,2.146432161577842e-07,0.42523694038391113,0,0.523381233215332,-0.012788526713848114,-0.013589119538664818,-0.010850653052330017,-0.013969982974231243,0.005899295210838318,0.375,0.0,0.08502936363220215,0.00010269320773659274,-0.012531681917607784,-0.005533818155527115,-0.006997863762080669,0.1587565541267395,0.14622487127780914,0.2700737714767456,0.2645399570465088,0.22691680490970612,1.0,0.46825161576271057,0.19738462567329407,0.003662815783172846,0.3211134970188141,0.00759533466771245,1.0,4.0
725,725,2.1321178182447709e-07,0.36916565895080566,0,0.35058724880218506,-0.014976287260651588,-0.01106798555701971,-0.005732368677854538,-0.02027546986937523,0.01049811765551567,0.25,0.25,0.10256950557231903,7.534617907367647e-05,-0.0001524314284324646,0.007551901042461395,-0.00770433247089386,0.1252751350402832,0.12512269616127014,0.2718873918056488,0.2794392704963684,0.4121561646461487,1.0,0.23636212944984436,0.16314667463302612,0.0008528197649866343,0.4110611081123352,0.0034833280369639397,1.0,4.0
726,726,2.117838419151034e-07,0.3251054883003235,0,0.36397385597229004,-0.011198868975043297,-0.012696412391960621,0.004499976057559252,-0.008070382289588451,0.0081227608025074,0.25,0.25,0.07773885130882263,2.6627654733601958e-05,0.00847499817609787,0.04268886148929596,-0.03421386331319809,0.08802784979343414,0.09650284051895142,0.1933622658252716,0.23605111241340637,0.33222144842147827,1.0,0.26790735125541687,0.39253532886505127,0.00122551410458982,0.5718532800674438,0.007038469426333904,1.0,4.0
727,727,2.1035941382866067e-07,0.18727944791316986,0,0.5219857096672058,-0.013128716498613358,-0.011848211288452148,-0.010415113531053066,-0.013337168842554092,0.007764054462313652,0.375,0.5,0.06142932176589966,1.4231954082788434e-05,-0.0025081485509872437,0.0016458407044410706,-0.004153989255428314,0.17303794622421265,0.1705298125743866,0.3778744041919708,0.3795202374458313,0.669257402420044,1.0,0.14450739324092865,0.24021637439727783,0.0011189972283318639,0.5787702202796936,0.008152891881763935,1.0,4.0
728,728,2.0893851492135532e-07,0.32299044728279114,0,0.7007723450660706,-0.007978484034538269,-0.007558652199804783,-0.009047144092619419,-0.011503947898745537,0.007849092595279217,0.625,0.5,0.0718049705028534,2.5831719540292397e-05,-0.009952658787369728,0.004928909242153168,-0.014881568029522896,0.1581116020679474,0.1481589525938034,0.26824021339416504,0.2731691300868988,0.24239276349544525,1.0,0.41765254735946655,0.15254107117652893,0.0007890493143349886,0.28320997953414917,0.0036227439995855093,1.0,4.0
729,729,2.0752116250639224e-07,0.3250146806240082,0,0.5132474303245544,-0.008828316815197468,-0.00943945161998272,-0.017135027796030045,-0.020715460181236267,0.0060134753584861755,0.375,0.25,0.06816387176513672,1.988397525565233e-05,0.014427302405238152,0.0010385066270828247,0.013388795778155327,0.11154695600271225,0.12597425282001495,0.36255645751953125,0.3635949492454529,0.29627910256385803,1.0,0.328464150428772,0.12029445171356201,0.005578933749347925,0.35144129395484924,0.052548378705978394,1.0,4.0
730,730,2.0610737385376348e-07,0.09226401895284653,0,0.34704360365867615,-0.0016986459959298372,-0.0019910363480448723,0.0009366043377667665,0.0004754881374537945,0.0012678834609687328,0.375,0.0,0.056006111204624176,1.9138735297019593e-05,-0.010017134249210358,-0.009084127843379974,-0.0009330064058303833,0.06625360250473022,0.05623646825551987,0.21447017788887024,0.20538604259490967,1.0,0.0,0.02549775317311287,0.12542201578617096,0.0011460125679150224,0.3954195976257324,0.006511274725198746,1.0,4.0
731,731,2.0469716619003723e-07,0.35616984963417053,0,0.35398489236831665,-0.02365529164671898,-0.02256268821656704,-0.002953880000859499,-0.008116595447063446,0.00504136411473155,0.375,0.5,0.07105488330125809,1.5199542758637108e-05,-0.02005777508020401,-0.00541357696056366,-0.01464419811964035,0.12510843575000763,0.10505066812038422,0.28112974762916565,0.2757161855697632,0.20676977932453156,1.0,0.49252086877822876,0.19479887187480927,0.004621732980012894,0.36774563789367676,0.02195141091942787,1.0,4.0
732,732,2.0329055669814933e-07,0.07089566439390182,0,0.5238239765167236,-0.006433069705963135,0.001969850156456232,0.005044419318437576,-0.005799260921776295,0.007190624717622995,0.5,0.5,0.054643694311380386,1.2684072316915262e-05,-0.0017861006781458855,0.0060916077345609665,-0.007877708412706852,0.059801582247018814,0.058015480637550354,0.2591925859451294,0.2652842104434967,1.0,0.0,0.05532313883304596,0.10657088458538055,0.001416509272530675,0.34925875067710876,0.008541450835764408,1.0,4.0
733,733,2.0188756251719203e-07,2.5211780071258545,0,0.47190147638320923,6.342143751680851e-05,0.0032768547534942627,-0.002596363192424178,-0.0039098369888961315,0.0032009249553084373,0.375,0.25,0.05519604682922363,1.5272606106009334e-05,-0.04679723456501961,-0.15319882333278656,0.10640159249305725,0.32188329100608826,0.27508604526519775,0.8977828025817871,0.7445839643478394,0.8248955607414246,1.0,0.13825947046279907,0.12215663492679596,0.15639705955982208,0.30987125635147095,0.42671382427215576,1.0,4.0
734,734,2.0048820074220711e-07,0.22137224674224854,0,0.17389622330665588,-0.0004140515811741352,-0.0021428896579891443,0.0035415824968367815,0.0009010022622533143,0.0017639878205955029,0.25,0.0,0.06813818216323853,1.4073195416131057e-05,0.009349483996629715,0.01052498072385788,-0.0011754967272281647,0.03927293047308922,0.04862241446971893,0.28546202182769775,0.29598701000213623,0.1753583699464798,1.0,0.5045800805091858,0.10369250178337097,0.015827616676688194,0.3807537257671356,0.20887503027915955,1.0,4.0
735,735,1.990924884239758e-07,0.08973446488380432,0,0.34422630071640015,-0.000980026088654995,0.00011674780398607254,-0.009508946910500526,-0.01072455570101738,0.002701937686651945,0.375,0.125,0.048977531492710114,9.070556188817136e-06,0.003037435933947563,-0.0016699936240911484,0.0047074295580387115,0.04898052662611008,0.05201796442270279,0.1704576313495636,0.1687876433134079,0.4426702558994293,1.0,0.2303066998720169,0.08698303997516632,0.0014337466564029455,0.24894621968269348,0.011890663765370846,1.0,4.0
736,736,1.9770044256881258e-07,0.22354339063167572,0,0.5169967412948608,-0.016184251755475998,-0.015474805608391762,-0.004045527894049883,-0.008730823174118996,0.007504108361899853,0.5,0.375,0.07827101647853851,0.0001254935486940667,0.01425244752317667,0.008432760834693909,0.005819686688482761,0.1037021055817604,0.1179545521736145,0.3696759343147278,0.3781086802482605,0.4006502628326416,1.0,0.2473728060722351,0.16182151436805725,0.002730109728872776,0.4071371555328369,0.020417438820004463,1.0,4.0
737,737,1.9631208013835676e-07,0.0,0,0.0,-0.010586765594780445,-0.013014724478125572,0.0,0.0,0.0,0.0,0.0,0.06369508057832718,1.3019884136156179e-05,0.0,0.0,0.0,0.0,0.0,0.0,0.0,1.0,0.0,0.0,0.16997726261615753,0.0007356653804890811,0.42491477727890015,0.0036269365809857845,1.0,4.0
738,738,1.9492741804936618e-07,0.09368015080690384,0,0.17225393652915955,-0.007117819041013718,-0.008700333535671234,1.80024653673172e-05,-0.0009360212134197354,0.0018124827183783054,0.25,0.0,0.07081408053636551,4.450954656931572e-05,0.004002991132438183,0.001902485266327858,0.002100505866110325,0.028614595532417297,0.032617587596178055,0.05003288388252258,0.05193537101149559,0.24041354656219482,1.0,0.39705243706703186,0.11597036570310593,0.046274252235889435,0.2826373875141144,0.5261580348014832,1.0,4.0
739,739,1.9354647317351187e-07,0.21907132863998413,0,0.1772352159023285,-0.010762293823063374,-0.01138126477599144,-0.008803792297840118,-0.013106359168887138,0.003267544088885188,0.125,0.25,0.059800662100315094,1.3119184586685151e-05,-0.011030791327357292,-0.003195367753505707,-0.007835423573851585,0.029429160058498383,0.01839836873114109,0.11655173450708389,0.11335636675357819,0.49242645502090454,1.0,0.22633472084999084,0.1581345647573471,0.000884049222804606,0.32646411657333374,0.004551194608211517,1.0,4.0
740,740,1.9216926233717084e-07,0.1133062019944191,0,0.34034448862075806,-0.008812478743493557,-0.007833188399672508,-0.011171059682965279,-0.013897854834794998,0.0049604494124650955,0.375,0.375,0.06201690435409546,9.496226266492158e-05,0.009631481021642685,-0.003022287040948868,0.012653768062591553,0.04412839934229851,0.05375988036394119,0.1895633041858673,0.18654102087020874,0.46430808305740356,1.0,0.16588042676448822,0.11808344721794128,0.0015271425945684314,0.2895190715789795,0.008398670703172684,1.0,4.0
741,741,1.90795802321223e-07,1.0920169353485107,0,0.3426029086112976,-0.005511010065674782,-0.0026539424434304237,0.004393341485410929,-0.0027876533567905426,0.0063397763296961784,0.25,0.5,0.06737808138132095,1.5239977074088529e-05,0.0024360232055187225,-0.005546927452087402,0.007982950657606125,0.1719433069229126,0.17437931895256042,0.40521880984306335,0.39967188239097595,0.3974575102329254,1.0,0.2743896543979645,0.24898430705070496,0.04286590591073036,0.3419848084449768,0.1682971864938736,1.0,4.0
742,742,1.8942610986084484e-07,0.20362883806228638,0,0.3452819585800171,-0.00714227557182312,-0.0010353842517361045,-7.164850831031799e-05,-0.005779388826340437,0.006282634101808071,0.25,0.5,0.058524806052446365,1.1622109013842419e-05,0.010264374315738678,0.007674485445022583,0.002589888870716095,0.04835910722613335,0.058623481541872025,0.17468871176242828,0.18236319720745087,0.22595016658306122,1.0,0.43389374017715454,0.13158942759037018,0.0034440322779119015,0.35844355821609497,0.02438468486070633,1.0,4.0
743,743,1.8806020164530701e-07,0.15560652315616608,0,0.3537934422492981,-0.01316972728818655,-0.015042947605252266,-0.007678044494241476,-0.00776586402207613,0.0012017893604934216,0.25,0.25,0.06568966805934906,1.1573402844078373e-05,-0.014241369441151619,1.843273639678955e-05,-0.014259802177548409,0.15617309510707855,0.14193172752857208,0.3802882432937622,0.3803066909313202,1.0,0.0,-0.16537430882453918,0.26067280769348145,0.0008938374230638146,0.5423188209533691,0.004371019545942545,1.0,4.0
744,744,1.8669809431776988e-07,0.3343568742275238,0,0.5061415433883667,-0.0061532361432909966,-0.006528561934828758,-0.004201284609735012,-0.013770660385489464,0.015246646478772163,0.625,0.125,0.08069425076246262,7.537905912613496e-05,0.016752779483795166,-0.011062189936637878,0.027814969420433044,0.23547077178955078,0.25222355127334595,0.44477376341819763,0.43371158838272095,0.26047003269195557,1.0,0.28355830907821655,0.26004302501678467,0.00316358869895339,0.4778038263320923,0.010245240293443203,1.0,4.0
745,745,1.8533980447508135e-07,0.6550168991088867,0,0.5129033327102661,-0.012542275711894035,-0.009998510591685772,-0.01245167851448059,-0.014521518722176552,0.0035244624596089125,0.5,0.375,0.05537117272615433,1.7387710613547824e-05,0.027173854410648346,0.012966306880116463,0.014207548461854458,0.14808839559555054,0.1752622425556183,0.26928746700286865,0.28225377202033997,0.201620414853096,1.0,0.48398351669311523,0.1824415773153305,0.0008336895843967795,0.31245481967926025,0.0038991165347397327,1.0,4.0
746,746,1.8398534866757455e-07,0.28378739953041077,0,0.517585039138794,0.0010139667429029942,0.0018838350661098957,0.0032232922967523336,0.0019785240292549133,0.0042514074593782425,0.5,0.0,0.0721401646733284,2.5053133867913857e-05,0.0010641654953360558,-0.0035891905426979065,0.004653356038033962,0.0732724592089653,0.07433661818504333,0.226072296500206,0.2224830985069275,0.6654958128929138,1.0,0.14532487094402313,0.11858387291431427,0.0012658174382522702,0.3324730098247528,0.009413057938218117,1.0,4.0
747,747,1.8263474339886624e-07,0.11874568462371826,0,0.1759481281042099,-0.01658158004283905,-0.015607203356921673,-0.005565987899899483,-0.006108650006353855,0.0006088083027862012,0.25,0.125,0.08335252851247787,0.0011494937352836132,-0.006959347054362297,-0.0017068162560462952,-0.005252530798316002,0.06872230768203735,0.061762966215610504,0.08555106818675995,0.08384425938129425,0.44102391600608826,1.0,0.28977590799331665,0.2135705053806305,0.0013481185305863619,0.3437880575656891,0.0037022095639258623,1.0,4.0
748,748,1.812880051256551e-07,0.5765900611877441,0,0.5234429836273193,-0.008940442465245724,-0.005675932392477989,0.0031619183719158173,-0.000423680292442441,0.003992961719632149,0.375,0.5,0.08264724910259247,2.1064963220851496e-05,-0.006692303344607353,0.0003636553883552551,-0.007055958732962608,0.1664028763771057,0.1597105711698532,0.24307818710803986,0.2434418499469757,0.21801725029945374,1.0,0.467523455619812,0.22517350316047668,0.0009154037106782198,0.3287176489830017,0.0033540572039783,1.0,4.0
749,749,1.7994515025752216e-07,0.6051283478736877,0,0.5219815969467163,-0.01027467381209135,-0.010404838249087334,-0.011723984032869339,-0.01603621244430542,0.0045704408548772335,0.375,0.5,0.06435392796993256,1.3674329238710925e-05,-0.005990669131278992,-0.0018312372267246246,-0.004159431904554367,0.1070808470249176,0.10109017044305801,0.1736339032649994,0.17180266976356506,0.22217029333114624,1.0,0.46373406052589417,0.1434735655784607,0.000740731367841363,0.2521861493587494,0.003250045934692025,1.0,4.0
750,750,1.7860619515673032e-07,0.0,0,0.0,-0.010539786890149117,-0.010579315945506096,0.0,0.0,0.0,0.0,0.0,0.05499761179089546,1.9131206499878317e-05,0.0,0.0,0.0,0.0,0.0,0.0,0.0,1.0,0.0,0.0,0.10919869691133499,0.0015184700023382902,0.2634713649749756,0.010807371698319912,1.0,4.0
751,751,1.7727115613802464e-07,0.36774158477783203,0,0.6944465637207031,-0.003344964701682329,-0.002723860554397106,-0.00865650549530983,-0.013749560341238976,0.013400513678789139,0.625,0.25,0.060046881437301636,0.0011826009722426534,-0.010900620371103287,-0.008331198245286942,-0.002569422125816345,0.20251981914043427,0.19161918759346008,0.40850740671157837,0.40017619729042053,0.8720754384994507,1.0,0.17111685872077942,0.19272911548614502,0.002272340003401041,0.3736751675605774,0.005150296725332737,1.0,4.0
752,752,1.7594004946843454e-07,0.4078965187072754,0,0.5147700905799866,-0.009322544559836388,-0.011688118800520897,-0.0007675732485949993,-0.005167795345187187,0.0057019698433578014,0.375,0.5,0.05480954423546791,1.7665222912910394e-05,-0.0020481161773204803,-0.012543611228466034,0.010495495051145554,0.16900849342346191,0.16696037352085114,0.3614417314529419,0.34889811277389526,0.6953664422035217,1.0,0.13909614086151123,0.20839504897594452,0.0007268366171047091,0.4751957952976227,0.003822873579338193,1.0,4.0
753,753,1.7461289136707457e-07,0.23297254741191864,0,0.17452318966388702,-0.01021905243396759,-0.015718646347522736,0.0003478639991953969,-0.005106997676193714,0.004524043761193752,0.25,0.125,0.06414058804512024,1.5013060874480288e-05,-0.007913925684988499,-0.005505403503775597,-0.002408522181212902,0.04234243184328079,0.03442850708961487,0.08483681082725525,0.0793314054608345,0.2714715898036957,1.0,0.39520859718322754,0.1790425181388855,0.0007908000843599439,0.3397197127342224,0.0035899868234992027,1.0,4.0
754,754,1.7328969800494726e-07,0.21492259204387665,0,0.5162460803985596,-0.008508405648171902,-0.0110807865858078,0.00483939703553915,-0.001407142262905836,0.0061558145098388195,0.375,0.25,0.05946546047925949,1.3440276234177873e-05,-0.0007367916405200958,-0.008127111941576004,0.007390320301055908,0.11895409971475601,0.11821730434894562,0.36602431535720825,0.35789719223976135,1.0,0.0,-0.03267517685890198,0.16046741604804993,0.0008882463444024324,0.48921114206314087,0.004485142417252064,1.0,4.0
755,755,1.7197048550474641e-07,0.18832285702228546,0,0.34409016370773315,-0.011543302796781063,-0.00756073696538806,0.0017595060635358095,-0.0019435861613601446,0.0020026727579534054,0.375,0.5,0.0741247683763504,1.3129287253832445e-05,0.0172286294400692,0.012206792831420898,0.0050218356773257256,0.0898406133055687,0.1070692390203476,0.1290748119354248,0.1412816047668457,0.2143063098192215,1.0,0.4632127285003662,0.1477014571428299,0.001081064809113741,0.2669146656990051,0.004982834681868553,1.0,4.0
756,756,1.7065526994065972e-07,0.21995049715042114,0,0.5225129723548889,-0.0005186125636100769,0.00047662784345448017,0.0004257848486304283,-1.4578457921743393e-05,0.00274784117937088,0.5,0.25,0.058224134147167206,1.6406038412242197e-05,-0.01439724862575531,-0.009171336889266968,-0.005225911736488342,0.09782472252845764,0.08342747390270233,0.3066437244415283,0.29747238755226135,0.34038421511650085,1.0,0.28928691148757935,0.11215966939926147,0.004939421080052853,0.3024525046348572,0.03626205399632454,1.0,4.0
757,757,1.6934406733817413e-07,0.293913334608078,0,0.17234255373477936,-0.016081199049949646,-0.02353939227759838,-0.007583895698189735,-0.008229934610426426,0.0018933787941932678,0.125,0.0,0.06638747453689575,1.1264533895882778e-05,-0.0011599138379096985,-0.003051958978176117,0.0018920451402664185,0.06664159893989563,0.06548168510198593,0.11487416923046112,0.111822210252285,0.1686246395111084,1.0,0.5683060884475708,0.2245437502861023,0.0010101600782945752,0.45712172985076904,0.00566781684756279,1.0,4.0
758,758,1.6803689367387918e-07,0.20926447212696075,0,0.34542006254196167,-0.01526891253888607,-0.01250746101140976,5.005788989365101e-05,-2.9303599148988724e-05,0.0036799379158765078,0.25,0.25,0.08855819702148438,0.001649722340516746,-0.003097979351878166,-0.005409561097621918,0.0023115817457437515,0.04098600894212723,0.03788802772760391,0.198358952999115,0.19294939935207367,1.0,0.0,0.08954618871212006,0.11322544515132904,0.001808292232453823,0.32026320695877075,0.006807856727391481,1.0,4.0
759,759,1.667337648752738e-07,0.12096425890922546,0,0.17221412062644958,-0.011103171855211258,-0.007921358570456505,-0.0027996874414384365,-0.007558622397482395,0.0036627589724957943,0.25,0.125,0.06344213336706161,1.333460386376828e-05,0.0018443241715431213,-0.00034327432513237,0.0021875984966754913,0.07797771692276001,0.07982204854488373,0.12392187118530273,0.12357859313488007,0.1563497632741928,1.0,0.6313475370407104,0.1762777715921402,0.0008982935105450451,0.3466983437538147,0.0058973403647542,1.0,4.0
760,760,1.6543469682057104e-07,0.32808026671409607,0,0.5171324610710144,-0.006168284919112921,-0.0035081556998193264,-0.008460067212581635,-0.01065345760434866,0.0031237276270985603,0.5,0.375,0.06694192439317703,1.1895295756403357e-05,-0.0016692187637090683,-0.007165359333157539,0.005496140569448471,0.12905456125736237,0.12738533318042755,0.2558836340904236,0.2487182766199112,0.24366630613803864,1.0,0.40802934765815735,0.2204585075378418,0.0019798430148512125,0.3382779061794281,0.008517971262335777,1.0,4.0
761,761,1.6413970533850497e-07,0.09541909396648407,0,0.17542238533496857,-0.0011151859071105719,-0.003441327251493931,-0.002585201058536768,-0.002671504160389304,0.001368597149848938,0.125,0.0,0.06081707775592804,1.2987300578970462e-05,0.0036697983741760254,0.007922887802124023,-0.004253089427947998,0.2628512382507324,0.26652103662490845,0.30127501487731934,0.30919790267944336,1.0,0.0,-0.021725885570049286,0.45394617319107056,0.0011526832822710276,0.7074553966522217,0.006568298675119877,1.0,4.0
762,762,1.6284880620813846e-07,0.24880941212177277,0,0.3421281576156616,-0.0037411211524158716,0.0007133443141356111,-0.000989324413239956,-0.005986235104501247,0.004064659122377634,0.25,0.5,0.07702336460351944,1.770862945704721e-05,0.0142999067902565,0.005357176065444946,0.008942730724811554,0.07396112382411957,0.08826103061437607,0.21662038564682007,0.22197756171226501,0.1977841705083847,1.0,0.4670245349407196,0.14637839794158936,0.0008343767840415239,0.36350399255752563,0.003861442906782031,1.0,4.0
763,763,1.6156201515866968e-07,0.10501299798488617,0,0.3504137694835663,-0.0026751598343253136,-0.0016274438239634037,0.000666480977088213,-0.004603088833391666,0.004345736466348171,0.375,0.125,0.05580057203769684,1.1285981599939987e-05,0.00797362718731165,0.015539811924099922,-0.007566184736788273,0.10958598554134369,0.11755961179733276,0.3104702830314636,0.3260101079940796,1.0,0.0,-0.1427633911371231,0.17720335721969604,0.000671075307764113,0.5308759808540344,0.003079266520217061,1.0,4.0
764,764,1.6027934786924185e-07,0.054751791059970856,0,0.1724453866481781,-0.005125528201460838,0.0011027767322957516,-0.0015245508402585983,-0.005491942632943392,0.002931687980890274,0.25,0.25,0.06801682710647583,4.16092443629168e-05,-0.0009441794827580452,-0.002641446888446808,0.0016972674056887627,0.0225786492228508,0.02163447067141533,0.08937987685203552,0.08673842996358871,0.8540773391723633,1.0,0.11924183368682861,0.2275877296924591,0.0011195428669452667,0.5281097888946533,0.00511735025793314,1.0,4.0
765,765,1.590008199687508e-07,0.3134632408618927,0,0.6892098188400269,-0.015218381769955158,-0.01873566396534443,-0.009910928085446358,-0.016553401947021484,0.00713759521022439,0.75,0.125,0.06828717887401581,1.9118953787256032e-05,-0.012141330167651176,-0.02013571187853813,0.007994381710886955,0.24510186910629272,0.2329605370759964,0.5996720194816589,0.5795362591743469,1.0,0.0,-0.04031473398208618,0.2306886911392212,0.0012999348109588027,0.5527545213699341,0.006880893837660551,1.0,4.0
766,766,1.5772644703565564e-07,0.22507473826408386,0,0.5216996073722839,-0.0076362863183021545,-0.011378134600818157,-0.000519059132784605,-0.00542827881872654,0.006055447272956371,0.375,0.5,0.05428973585367203,2.1784009732073173e-05,-0.009565748274326324,-0.005900733172893524,-0.0036650151014328003,0.08827586472034454,0.07871011644601822,0.24914295971393585,0.24324223399162292,0.4517395794391632,1.0,0.21054917573928833,0.1403147131204605,0.0011596399126574397,0.3045338988304138,0.005529268644750118,1.0,4.0
767,767,1.5645624459778855e-07,0.11741026490926743,0,0.34429460763931274,-0.0021153443958610296,0.001247434294782579,0.00935056060552597,0.005402791313827038,0.005220900289714336,0.25,0.5,0.07140536606311798,2.3944703571032733e-05,0.008800696581602097,0.004191845655441284,0.004608850926160812,0.11130265891551971,0.12010335177183151,0.3154681921005249,0.3196600675582886,1.0,0.0,-0.13965582847595215,0.21802815794944763,0.0009622180368751287,0.5096195340156555,0.0054764640517532825,1.0,4.0
768,768,1.551902281321651e-07,0.1495370715856552,0,0.3452546000480652,-0.004098901525139809,-0.008114668540656567,-0.010676529258489609,-0.01480238139629364,0.00340099330060184,0.25,0.25,0.05210181698203087,1.4905967873346526e-05,-0.003423420712351799,-0.006069399416446686,0.0026459787040948868,0.08916164189577103,0.08573822677135468,0.23766708374023438,0.2315976768732071,0.7709351181983948,1.0,0.11735711991786957,0.12678253650665283,0.0017741676419973373,0.32132387161254883,0.012630688026547432,1.0,4.0
769,769,1.5392841306479666e-07,0.3379197418689728,0,0.5038556456565857,-0.009329291991889477,-0.005312093533575535,-0.0072604818269610405,-0.014063884504139423,0.008519038558006287,0.625,0.5,0.06774430721998215,2.3335709556704387e-05,-0.00022429227828979492,-0.03295609727501869,0.0327318049967289,0.11523965001106262,0.11501536518335342,0.4785955548286438,0.4456394612789154,0.2588478624820709,1.0,0.4443512260913849,0.16747547686100006,0.03793344274163246,0.41256827116012573,0.2727656364440918,1.0,4.0
770,770,1.5267081477050131e-07,0.3933938443660736,0,0.5237787961959839,-0.001477775163948536,-0.00015780876856297255,0.002742219250649214,0.0026517370715737343,0.00195493595674634,0.375,0.25,0.052868954837322235,1.3080075405014213e-05,-0.005139089189469814,0.0026671234518289566,-0.007806212641298771,0.08845673501491547,0.08331764489412308,0.1523146629333496,0.154981791973114,0.325773686170578,1.0,0.31414932012557983,0.1066509336233139,0.0010634015779942274,0.27663201093673706,0.008634181693196297,1.0,4.0
771,771,1.5141744857271778e-07,0.4664197862148285,0,0.683804452419281,-0.006494658999145031,-0.010168351233005524,0.0008630473166704178,-0.001223214203491807,0.007251448463648558,0.5,0.5,0.0599997341632843,1.0286147698934656e-05,0.0058023352175951,-0.013012886047363281,0.01881522126495838,0.10802188515663147,0.11382422596216202,0.27737435698509216,0.26436150074005127,0.3457438051700592,1.0,0.2915235161781311,0.1167844608426094,0.0008688759990036488,0.3198583424091339,0.004141712561249733,1.0,4.0
772,772,1.5016832974331723e-07,0.5079498291015625,0,0.34562331438064575,-0.022202111780643463,-0.014139225706458092,-0.010622896254062653,-0.01364489458501339,0.001581254182383418,0.25,0.5,0.0593704991042614,1.8358568922849372e-05,-0.0021386370062828064,-0.00404864177107811,0.0019100047647953033,0.11388866603374481,0.11175002157688141,0.2160511314868927,0.21200250089168549,0.22511088848114014,1.0,0.44812244176864624,0.34814250469207764,0.0013169675366953015,0.5954977869987488,0.006791921332478523,1.0,4.0
773,773,1.489234735024188e-07,0.057402003556489944,0,0.17074711620807648,0.0031426139175891876,0.0002827872522175312,0.0025454030837863684,0.00011598574928939342,0.001201173639856279,0.125,0.0,0.05972784757614136,1.6457839592476375e-05,0.008407646790146828,0.0033022239804267883,0.005105422809720039,0.01869887486100197,0.027106521651148796,0.09965074062347412,0.10295296460390091,1.0,0.0,-0.076530322432518,0.159297376871109,0.0007620126125402749,0.35900795459747314,0.0037204341497272253,1.0,4.0
774,774,1.4768289501820263e-07,0.2579646706581116,0,0.34802913665771484,-0.013971872627735138,-0.008812526240944862,-2.4280976504087448e-05,-0.0003539719618856907,0.0031112628057599068,0.25,0.25,0.06359828263521194,1.7944483261089772e-05,0.0022380463778972626,0.005042962729930878,-0.002804916352033615,0.09756539016962051,0.09980343282222748,0.17468494176864624,0.17972789704799652,0.3025904893875122,1.0,0.3261299133300781,0.15283380448818207,0.0012373565696179867,0.345587819814682,0.007968246936798096,1.0,4.0
775,775,1.4644660940672627e-07,0.25196582078933716,0,0.1735413372516632,-0.016073189675807953,-0.01631312444806099,0.002543657785281539,-0.0025519628543406725,0.0019722101278603077,0.125,0.25,0.06630755960941315,2.412124740658328e-05,0.002539869397878647,0.003048717975616455,-0.0005088485777378082,0.04065300151705742,0.043192870914936066,0.06339859962463379,0.06644731760025024,0.19254271686077118,1.0,0.5028350353240967,0.14107739925384521,0.0010880620684474707,0.29334723949432373,0.006902753375470638,1.0,4.0
776,776,1.4521463173173965e-07,0.0,0,0.0,-0.008760024793446064,-0.010964998975396156,0.0,0.0,0.0,0.0,0.0,0.06341160088777542,1.4581379218725488e-05,0.0,0.0,0.0,0.0,0.0,0.0,0.0,1.0,0.0,0.0,0.14194324612617493,0.0008382134838029742,0.35607871413230896,0.004701907280832529,1.0,4.0
777,777,1.439869770045018e-07,0.28971317410469055,0,0.17655308544635773,-0.011088049039244652,-0.012313293293118477,-0.006261923350393772,-0.006817344110459089,0.0014498945092782378,0.125,0.25,0.0685088038444519,1.5532163160969503e-05,-0.009453728795051575,-0.0029632970690727234,-0.006490431725978851,0.04443034157156944,0.03497661277651787,0.06856098771095276,0.06559769064188004,0.36174851655960083,1.0,0.29084154963493347,0.1689220368862152,0.0012324962299317122,0.3914232850074768,0.008383589796721935,1.0,4.0
778,778,1.4276366018359842e-07,0.0942305251955986,0,0.17291882634162903,-0.014212101697921753,-0.012332074344158173,0.0027631463017314672,0.002154040150344372,0.0010949942516162992,0.125,0.25,0.06958138197660446,1.6406929717049934e-05,-0.0004931334406137466,-0.0012296363711357117,0.000736502930521965,0.018715666607022285,0.01822253316640854,0.10744502395391464,0.10621538758277893,0.93027263879776,1.0,0.09474582970142365,0.16019093990325928,0.002290072850883007,0.40452247858047485,0.00788967963308096,1.0,4.0
779,779,1.4154469617475862e-07,0.22484879195690155,0,0.516480028629303,-0.00024306122213602066,0.0010834068525582552,-0.00677824579179287,-0.013397523202002048,0.003649239195510745,0.375,0.5,0.09845545887947083,0.0001432230055797845,0.001245018094778061,-0.005839042365550995,0.007084060460329056,0.1231999397277832,0.12444496154785156,0.4075005054473877,0.4016615152359009,1.0,0.0,-0.18351544439792633,0.3422950208187103,0.006292217876762152,0.645185112953186,0.022073550149798393,1.0,4.0
780,780,1.4033009983067452e-07,0.09344206005334854,0,0.34795477986335754,-0.014137133955955505,-0.010350462049245834,-0.015548761934041977,-0.016743769869208336,0.0015502204187214375,0.25,0.5,0.06875282526016235,1.3035019946983084e-05,-0.006253106519579887,-0.0035178735852241516,-0.0027352329343557358,0.040411703288555145,0.03415859490633011,0.18322445452213287,0.17970657348632812,1.0,0.0,-0.023906171321868896,0.10063791275024414,0.003812775481492281,0.35497450828552246,0.036397453397512436,1.0,4.0
781,781,1.391198859508189e-07,0.0,0,0.0,-0.012087826617062092,-0.008637674152851105,0.0,0.0,0.0,0.0,0.0,0.07602714002132416,4.026432361570187e-05,0.0,0.0,0.0,0.0,0.0,0.0,0.0,1.0,0.0,0.0,0.30108755826950073,0.0012268710415810347,0.5057792663574219,0.007943532429635525,1.0,4.0
782,782,1.3791406928126635e-07,0.0,0,0.0,-0.0073419907130301,-0.0075934212654829025,0.0,0.0,0.0,0.0,0.0,0.060828860849142075,1.9286246242700145e-05,0.0,0.0,0.0,0.0,0.0,0.0,0.0,1.0,0.0,0.0,0.14321717619895935,0.002178312512114644,0.3318674564361572,0.013545102439820766,1.0,4.0
783,783,1.3671266451451207e-07,0.0,0,0.0,-0.012663310393691063,-0.013575579039752483,0.0,0.0,0.0,0.0,0.0,0.0820261687040329,4.977904609404504e-05,0.0,0.0,0.0,0.0,0.0,0.0,0.0,1.0,0.0,0.0,0.21714021265506744,0.0008829828584566712,0.3953431248664856,0.0038945006672292948,1.0,4.0
784,784,1.3551568628929432e-07,0.36094197630882263,0,0.5168111324310303,-0.011436954140663147,-0.011122457683086395,0.0017302457708865404,-0.0013441266492009163,0.004850404337048531,0.5,0.375,0.05522861331701279,1.2838192560593598e-05,-0.0032151052728295326,-0.00933854654431343,0.006123441271483898,0.09665872901678085,0.0934436172246933,0.6206239461898804,0.6112854480743408,0.4056254029273987,1.0,0.23488934338092804,0.11112087965011597,0.015739506110548973,0.41023531556129456,0.31953537464141846,1.0,4.0
785,785,1.3432314919041477e-07,0.21953216195106506,0,0.6967926025390625,-0.013284103013575077,-0.010589005425572395,-5.8158766478300095e-05,-0.004931760020554066,0.005310107953846455,0.625,0.875,0.05818081647157669,1.516387601441238e-05,0.0007060747593641281,0.007896903902292252,-0.0071908291429281235,0.0996415913105011,0.10034766793251038,0.3344912528991699,0.3423881530761719,1.0,0.0,0.10034671425819397,0.10893039405345917,0.0009601980564184487,0.34314480423927307,0.0063560232520103455,1.0,4.0
786,786,1.3313506774856175e-07,0.22337308526039124,0,0.34866923093795776,-0.010665067471563816,-0.007859623059630394,-0.0018898335983976722,-0.006496213376522064,0.003526735119521618,0.25,0.25,0.07189019024372101,2.3229287762660533e-05,0.004405556246638298,0.00845126062631607,-0.0040457043796777725,0.05094593018293381,0.055351488292217255,0.18242067098617554,0.190871924161911,0.9191395044326782,1.0,0.11122064292430878,0.17226764559745789,0.0010621073888614774,0.3901386260986328,0.006354722194373608,1.0,4.0
787,787,1.3195145644013283e-07,0.12027009576559067,0,0.34758275747299194,-0.008617069572210312,-0.00825786218047142,-0.00013907626271247864,-0.0033112335950136185,0.0028884164057672024,0.375,0.375,0.064705029129982,1.8428941984893754e-05,-0.003272566944360733,-0.0012682341039180756,-0.0020043328404426575,0.06535855680704117,0.062085993587970734,0.13717415928840637,0.135905921459198,0.2727580964565277,1.0,0.36939629912376404,0.13460147380828857,0.004395926371216774,0.31315407156944275,0.03573640063405037,1.0,4.0
788,788,1.3077232968705805e-07,0.16755910217761993,0,0.6905786395072937,-0.004262990318238735,-0.000285592395812273,-0.00047708163037896156,-0.007732749916613102,0.009555144235491753,0.625,0.5,0.07211518287658691,2.0349880287540145e-05,-0.02497183345258236,-0.03013674169778824,0.005164909176528454,0.11385448276996613,0.08888264000415802,0.32231834530830383,0.2921816110610962,1.0,0.0,0.07740142941474915,0.09265559911727905,0.0018009193008765578,0.3158295750617981,0.0146864652633667,1.0,4.0
789,789,1.29597701856625e-07,0.6666704416275024,0,0.482239693403244,-0.006093828938901424,-0.009380722418427467,-0.0067610060796141624,-0.011260788887739182,0.00703994557261467,0.375,0.5,0.06586407124996185,1.7497941371402703e-05,-0.025691408663988113,-0.10950161516666412,0.08381021022796631,0.18817085027694702,0.1624794453382492,0.679743766784668,0.570242166519165,0.39387261867523193,1.0,0.2479003369808197,0.18621273338794708,0.018283547833561897,0.36221417784690857,0.3153148591518402,1.0,4.0
790,790,1.284275872613028e-07,0.1335541307926178,0,0.16881884634494781,-0.000371765810996294,-0.0022015480790287256,0.0017575338715687394,-0.0015093351248651743,0.0014251604443416,0.125,0.0,0.06493783742189407,1.3543582099373452e-05,0.0033514276146888733,-0.005665794014930725,0.009017221629619598,0.02889139950275421,0.032242827117443085,0.08641437441110611,0.08074858039617538,0.3449886441230774,1.0,0.26156312227249146,0.14344361424446106,0.0017830058932304382,0.3921155333518982,0.0138318482786417,1.0,4.0
791,791,1.2726200015856893e-07,0.2557269036769867,0,0.5197364091873169,-0.008367897942662239,-0.004381578415632248,-0.00010399194434285164,-0.005818369798362255,0.007684599608182907,0.375,0.75,0.05758478492498398,1.0319103239453398e-05,0.003096197731792927,0.002844609320163727,0.0002515884116292,0.10252782702445984,0.10562402009963989,0.233955979347229,0.23680058121681213,0.37460559606552124,1.0,0.26611143350601196,0.11794943362474442,0.0012678615748882294,0.3118203282356262,0.010216085240244865,1.0,4.0
792,792,1.2610095475073413e-07,0.3617412745952606,0,0.1722811460494995,-0.010327372699975967,-0.008034521713852882,0.0030894530937075615,0.002763741882517934,0.0008340085623785853,0.125,0.0,0.08626598119735718,6.115165160736069e-05,0.0007949844002723694,-0.0012203715741634369,0.0020153559744358063,0.05397189408540726,0.054766878485679626,0.06353104114532471,0.06231066957116127,0.21381472051143646,1.0,0.47098925709724426,0.18619975447654724,0.0010095639154314995,0.37576088309288025,0.0044147963635623455,1.0,4.0
793,793,1.249444651847702e-07,0.14431189000606537,0,0.17196404933929443,-0.020805247128009796,-0.01194232888519764,-0.01152778323739767,-0.012790803797543049,0.0011487898882478476,0.125,0.25,0.06574131548404694,3.437659324845299e-05,0.0058082230389118195,0.0031557008624076843,0.002652522176504135,0.02844899892807007,0.03425722196698189,0.06559817492961884,0.06875387579202652,0.21769309043884277,1.0,0.4174450635910034,0.1427106410264969,0.000849214440677315,0.30966681241989136,0.003376551205292344,1.0,4.0
794,794,1.2379254555213786e-07,0.18228641152381897,0,0.5215692520141602,-0.0005055516958236694,-0.0009981938637793064,0.007915230467915535,0.007263520732522011,0.003325661178678274,0.375,0.75,0.058085788041353226,2.054453216260299e-05,-0.002815401181578636,0.0005513317883014679,-0.003366732969880104,0.06944797933101654,0.06663257628679276,0.22546973824501038,0.22602108120918274,1.0,0.0,0.08693157136440277,0.23643335700035095,0.0015093744732439518,0.500162661075592,0.010040155611932278,1.0,4.0
795,795,1.22645209888614e-07,0.08962718397378922,0,0.3480027914047241,-0.006394182797521353,-0.002813019324094057,-0.004626067355275154,-0.005520402453839779,0.0026855398900806904,0.25,0.25,0.07328742742538452,6.988899986026809e-05,0.0030571743845939636,0.005906820297241211,-0.0028496459126472473,0.04378080740571022,0.046837981790304184,0.1726136952638626,0.17852051556110382,1.0,0.0,-0.024156000465154648,0.1286325305700302,0.000852232682518661,0.36341822147369385,0.0035822035279124975,1.0,4.0
796,796,1.2150247217412185e-07,0.32542702555656433,0,0.5114600658416748,-0.009247723035514355,-0.012156065553426743,0.00018508080393075943,-0.0025207800790667534,0.0030476851388812065,0.375,0.0,0.05770869925618172,1.3268087968754116e-05,0.012462989427149296,-0.004579093307256699,0.01704208180308342,0.07694066315889359,0.0894036516547203,0.22785329818725586,0.22327420115470886,0.3484058976173401,1.0,0.2732643187046051,0.10786621272563934,0.0006820050766691566,0.34257179498672485,0.0035191564820706844,1.0,4.0
797,797,1.203643463325596e-07,0.13816095888614655,0,0.3485335409641266,-0.0006733967456966639,-0.004590160213410854,-0.004435195587575436,-0.008433463051915169,0.0029304304625838995,0.25,0.0,0.05397806689143181,1.3147004210622981e-05,0.0003918539732694626,0.004298023879528046,-0.003906169906258583,0.0398436076939106,0.04023545980453491,0.12887196242809296,0.1331699788570404,1.0,0.0,0.0785142034292221,0.12341782450675964,0.0008005510317161679,0.2885645031929016,0.004100802354514599,1.0,4.0
798,798,1.192308462316317e-07,0.4529881775379181,0,0.18103107810020447,-0.003879292868077755,-0.005093507003039122,0.005639614537358284,0.004634438548237085,0.000791630707681179,0.125,0.25,0.05209026858210564,1.6472326024086215e-05,-0.013169549405574799,0.0020862892270088196,-0.015255838632583618,0.059794794768095016,0.04662524536252022,0.05307909473776817,0.05516538396477699,0.18412689864635468,1.0,0.5799436569213867,0.12514133751392365,0.0008329112315550447,0.28100353479385376,0.004404640290886164,1.0,4.0
799,799,1.1810198568267903e-07,0.043173741549253464,0,0.1734241247177124,-0.012690865434706211,-0.012947814539074898,-0.0013994793407619,-0.0026048545259982347,0.0020112551283091307,0.125,0.25,0.058871157467365265,1.7501164620625786e-05,0.0006635673344135284,0.0009381473064422607,-0.0002745799720287323,0.024180952459573746,0.024844519793987274,0.11308865249156952,0.11402679979801178,1.0,0.0,-0.23811565339565277,0.1272699534893036,0.0007831449620425701,0.32883498072624207,0.004074908327311277,1.0,4.0
800,800,1.1697777844051104e-07,0.22504937648773193,0,0.3430231213569641,0.00024505273904651403,6.765936268493533e-05,0.00010097422637045383,-0.00046930601820349693,0.004489807412028313,0.25,0.0,0.07100888341665268,2.095435411320068e-05,0.002857442945241928,-0.004401102662086487,0.007258545607328415,0.09186972677707672,0.09472717344760895,0.1587751805782318,0.15437406301498413,0.23725567758083344,1.0,0.41704192757606506,0.19418558478355408,0.0009147878736257553,0.3535013496875763,0.0034933164715766907,1.0,4.0
801,801,1.1585823820323843e-07,0.5126497745513916,0,0.5092999935150146,-0.010686099529266357,-0.007642173208296299,-0.008670306764543056,-0.010556910187005997,0.004865378141403198,0.375,0.75,0.06853818893432617,1.837116724345833e-05,-0.007689407095313072,-0.02932579070329666,0.02163638360798359,0.13061891496181488,0.12292949855327606,0.395353227853775,0.36602744460105896,0.2461443841457367,1.0,0.3946360647678375,0.13817885518074036,0.032943978905677795,0.28726640343666077,0.1978539526462555,1.0,4.0
802,802,1.1474337861210543e-07,0.0,0,0.0,-0.001135640894062817,-0.007197475526481867,0.0,0.0,0.0,0.0,0.0,0.06159401684999466,3.503511834423989e-05,0.0,0.0,0.0,0.0,0.0,0.0,0.0,1.0,0.0,0.0,0.4282897114753723,0.0010122937383130193,0.5811254978179932,0.005220993421971798,1.0,4.0
803,803,1.1363321325132447e-07,0.2890717089176178,0,0.34664058685302734,-0.008279059082269669,-0.008422951214015484,0.00028975331224501133,-1.860293559730053e-05,0.005952521227300167,0.25,0.25,0.07186660915613174,1.686104769760277e-05,0.0028749369084835052,0.0029968395829200745,-0.00012190267443656921,0.08464052528142929,0.0875154584646225,0.16640454530715942,0.1694013923406601,0.3612838387489319,1.0,0.2784057557582855,0.16275104880332947,0.0021559875458478928,0.34228280186653137,0.011088239029049873,1.0,4.0
804,804,1.1252775564791023e-07,0.1798384040594101,0,0.16829030215740204,-0.015391392633318901,-0.01706577278673649,-0.006887619849294424,-0.007898683659732342,0.0008300570771098137,0.125,0.25,0.10009586811065674,6.24227977823466e-05,0.008366413414478302,-0.0017284750938415527,0.010094888508319855,0.06840135157108307,0.07676776498556137,0.08246202021837234,0.08073354512453079,0.18730123341083527,1.0,0.542534589767456,0.21733276546001434,0.0021280827932059765,0.42031532526016235,0.007675253786146641,1.0,4.0
805,805,1.1142701927151454e-07,0.2849302887916565,0,0.5261274576187134,-0.011513452976942062,-0.011498243547976017,0.00019028550013899803,-0.008891448378562927,0.009042350575327873,0.375,0.5,0.09925156086683273,0.0002550738863646984,0.044466786086559296,0.05677901208400726,-0.012312225997447968,0.06565196812152863,0.11011875420808792,0.2686322033405304,0.32541120052337646,0.9474367499351501,1.0,0.07888985425233841,0.1070065125823021,0.0008804535027593374,0.389216810464859,0.0029009743593633175,1.0,4.0
806,806,1.1033101753426282e-07,0.27036502957344055,0,0.3525788486003876,-0.0048536318354308605,-0.006419688928872347,0.0003035138361155987,-0.00037329038605093956,0.004154750145971775,0.25,0.25,0.07131440192461014,1.6295452951453626e-05,-0.010881708934903145,0.0010315105319023132,-0.011913219466805458,0.05682147294282913,0.045939765870571136,0.23823073506355286,0.23926225304603577,0.4863889813423157,1.0,0.2193131446838379,0.14676669239997864,0.001867357874289155,0.34666845202445984,0.01124283205717802,1.0,4.0
807,807,1.0923976379059058e-07,0.0,0,0.0,-0.013911730609834194,-0.016372282058000565,0.0,0.0,0.0,0.0,0.0,0.05625098571181297,1.654327570577152e-05,0.0,0.0,0.0,0.0,0.0,0.0,0.0,1.0,0.0,0.0,0.19976434111595154,0.012722646817564964,0.5197069048881531,0.20301273465156555,1.0,4.0
808,808,1.0815327133708013e-07,0.3961198329925537,0,0.6907736659049988,-0.01108316145837307,-0.01382986269891262,-0.009609638713300228,-0.01493749674409628,0.0042116837576031685,0.5,0.25,0.059218913316726685,1.4942850611987524e-05,-0.0018812380731105804,-0.007006499916315079,0.005125261843204498,0.1499454230070114,0.14806419610977173,0.3241674304008484,0.3171609044075012,1.0,0.0,0.09447447955608368,0.1362914741039276,0.0030737733468413353,0.30898675322532654,0.04316757246851921,1.0,4.0
809,809,1.07071553412299e-07,0.267927348613739,0,0.35356777906417847,-0.02074851281940937,-0.01455387007445097,-0.006809527520090342,-0.012577318586409092,0.008048614487051964,0.375,0.5,0.06612735241651535,1.966154741239734e-05,-0.01721283607184887,-0.0033944323658943176,-0.013818403705954552,0.10635501146316528,0.08914217352867126,0.18496742844581604,0.18157300353050232,0.23289798200130463,1.0,0.46447157859802246,0.1623590588569641,0.0007887104875408113,0.3164598047733307,0.0035695612896233797,1.0,4.0
810,810,1.0599462319663904e-07,0.06848777085542679,0,0.1743103265762329,0.0004933488089591265,-0.0006445614853873849,-0.002788376295939088,-0.004280506167560816,0.002457371447235346,0.125,0.0,0.0607193261384964,1.581596734467894e-05,-0.0006307493895292282,0.001412123441696167,-0.002042872831225395,0.022076347842812538,0.02144559845328331,0.0973767340183258,0.09878885746002197,1.0,0.0,-0.14870750904083252,0.1760733276605606,0.0036828049924224615,0.3135138750076294,0.032571036368608475,1.0,4.0
811,811,1.0492249381215478e-07,0.6692073345184326,0,0.3277289867401123,-0.013305136933922768,-0.007022329140454531,-0.00503548514097929,-0.006267936900258064,0.002173702698200941,0.25,0.25,0.07026287913322449,2.0073366613360122e-05,-0.0006496794521808624,-0.04048152267932892,0.039831843227148056,0.12443090975284576,0.1237812340259552,0.41505885124206543,0.3745773434638977,0.16579760611057281,1.0,0.38020059466362,0.1795452982187271,0.019209187477827072,0.3506956398487091,0.19422902166843414,1.0,4.0
812,812,1.038551783224047e-07,0.3333856463432312,0,0.3489653468132019,-0.012348911724984646,-0.009983883239328861,-3.0396506190299988e-05,-0.002808353630825877,0.004107682965695858,0.375,0.375,0.07142015546560287,1.4392782759387046e-05,0.0057761650532484055,0.01054193452000618,-0.004765769466757774,0.086724191904068,0.09250035136938095,0.1836472451686859,0.194189190864563,0.23457258939743042,1.0,0.4230875074863434,0.1737547069787979,0.0016239713877439499,0.3750205636024475,0.015283125452697277,1.0,4.0
813,813,1.0279268973229088e-07,0.38787728548049927,0,0.17349161207675934,-0.00843455083668232,-0.00539271580055356,-0.0029678461141884327,-0.007980389520525932,0.0038384385406970978,0.125,0.25,0.06352944672107697,1.6039864931371994e-05,-0.011253580451011658,-0.010844111442565918,-0.00040946900844573975,0.057754699140787125,0.04650111868977547,0.123719222843647,0.11287511140108109,0.3586089015007019,1.0,0.2909872233867645,0.35663044452667236,0.0008666535140946507,0.5874563455581665,0.005029746331274509,1.0,4.0
814,814,1.0173504098790186e-07,0.0,0,0.0,-0.012582875788211823,-0.009513014927506447,0.0,0.0,0.0,0.0,0.0,0.06455020606517792,1.3423556083580479e-05,0.0,0.0,0.0,0.0,0.0,0.0,0.0,1.0,0.0,0.0,0.3353285789489746,0.000650438538286835,0.6176841855049133,0.0028818007558584213,1.0,4.0
815,815,1.0068224497635369e-07,0.1836826652288437,0,0.17460192739963531,-0.007252594921737909,-0.0036450400948524475,0.005273836199194193,0.002867509610950947,0.0032126891892403364,0.125,0.25,0.06788605451583862,5.5280630476772785e-05,-0.005123961716890335,-0.002500586211681366,-0.002623375505208969,0.027705827727913857,0.02258186601102352,0.034694917500019073,0.03219433128833771,0.19676461815834045,1.0,0.4855855703353882,0.3077635169029236,0.0018425453454256058,0.48573511838912964,0.010162497870624065,1.0,4.0
816,816,9.963431452563331e-08,0.3744567930698395,0,0.34610360860824585,-0.010716998018324375,-0.006583577021956444,-0.01174173690378666,-0.020542211830615997,0.0046116868034005165,0.25,0.5,0.07368835806846619,2.1803385607199743e-05,0.009922871366143227,0.008931659162044525,0.0009912122040987015,0.1150238960981369,0.12494676560163498,0.30833134055137634,0.31726300716400146,0.5060944557189941,1.0,0.14312529563903809,0.1776401698589325,0.009072661399841309,0.36302879452705383,0.11269542574882507,1.0,4.0
817,817,9.859126240444282e-08,0.04820029065012932,0,0.17151930928230286,0.0021976791322231293,0.00024549104273319244,0.0027355756610631943,0.002734469249844551,0.0016671250341460109,0.125,0.0,0.06010209023952484,1.3746360309596639e-05,0.0022740503773093224,-0.0012735091149806976,0.00354755949229002,0.012071482837200165,0.014345533214509487,0.040475714951753616,0.03920220583677292,0.47674739360809326,1.0,0.20719604194164276,0.2346060574054718,0.0012282144743949175,0.4438396394252777,0.00831597950309515,1.0,4.0
818,818,9.755310132204297e-08,0.14453347027301788,0,0.3483533263206482,-0.017536845058202744,-0.017523840069770813,-0.014558778144419193,-0.01661841943860054,0.003631273517385125,0.375,0.125,0.0632360577583313,1.5927949789329432e-05,-0.0006110062822699547,0.0029236041009426117,-0.0035346103832125664,0.05403631180524826,0.05342530459165573,0.16713756322860718,0.1700611710548401,0.44122937321662903,1.0,0.2269544154405594,0.19768905639648438,0.000843480636831373,0.55222088098526,0.005219531711190939,1.0,4.0
819,819,9.651984392809914e-08,0.09254424273967743,0,0.17192228138446808,-0.008171435445547104,-0.004394799005240202,9.765499271452427e-06,-0.00010202440898865461,0.0004788603400811553,0.25,0.25,0.05678549408912659,1.1689613529597409e-05,0.0006938502192497253,-0.002083035185933113,0.0027768854051828384,0.03930485248565674,0.039998702704906464,0.06631408631801605,0.06423105299472809,0.3153025209903717,1.0,0.32735633850097656,0.1785239577293396,0.0012962168548256159,0.44853299856185913,0.008534874767065048,1.0,4.0
820,820,9.549150281252632e-08,0.3153913617134094,0,0.5105725526809692,-0.006459726952016354,-0.019525177776813507,-0.0008162721060216427,-0.020255131646990776,0.008068924769759178,0.5,0.25,0.07968771457672119,0.0011516842059791088,0.003093153238296509,-0.01622961089015007,0.01932276412844658,0.17092306911945343,0.17401622235774994,0.29350346326828003,0.27727383375167847,0.6009426116943359,1.0,0.11327556520700455,0.21918965876102448,0.003094187704846263,0.3277514576911926,0.01258759293705225,1.0,4.0
821,821,9.446809050533678e-08,0.11773108690977097,0,0.34143295884132385,-0.004686713684350252,-0.0021514585241675377,-0.001847767038270831,-0.00278463214635849,0.0010844360804185271,0.375,0.375,0.07489795237779617,3.081053000641987e-05,0.006778806447982788,-0.0036271773278713226,0.01040598377585411,0.041431061923503876,0.048209868371486664,0.1140141636133194,0.11038698256015778,0.6711513996124268,1.0,0.1495344191789627,0.08626782894134521,0.0008054542704485357,0.30520302057266235,0.004467551596462727,1.0,4.0
822,822,9.344961947648622e-08,0.4316940903663635,0,0.5120654106140137,-0.006511179264634848,-0.008159024640917778,-0.009885181672871113,-0.020391231402754784,0.012264399789273739,0.375,0.25,0.07149010896682739,3.77576652681455e-05,0.02041240781545639,0.004354409873485565,0.016057997941970825,0.1654502898454666,0.1858626902103424,0.41282790899276733,0.4171822965145111,0.36648139357566833,1.0,0.254437655210495,0.19028577208518982,0.0009360723197460175,0.42291560769081116,0.004296306986361742,1.0,4.0
823,823,9.243610213572284e-08,0.6605238318443298,0,0.6875895261764526,0.005009867250919342,0.005648782942444086,0.00963772926479578,0.0034816903062164783,0.010273558087646961,0.625,0.5,0.07191672921180725,4.0538187022320926e-05,0.0021794894710183144,-0.009022306650876999,0.011201796121895313,0.18086248636245728,0.1830419898033142,0.39622238278388977,0.3872000575065613,0.2892574369907379,1.0,0.34139958024024963,0.17455817759037018,0.0007783232722431421,0.3676421046257019,0.003616863628849387,1.0,4.0
824,824,9.142755083243575e-08,0.10044773668050766,0,0.3499661982059479,-0.011133282445371151,-0.011758899316191673,-0.005426337942481041,-0.005737714469432831,0.0019153815228492022,0.375,0.375,0.05820310860872269,1.5643165170331486e-05,-0.001088656485080719,0.00564463809132576,-0.006733294576406479,0.04448988661170006,0.04340122640132904,0.1914650946855545,0.19710972905158997,0.7693063616752625,1.0,0.13040927052497864,0.10941906273365021,0.0007941097719594836,0.3424548804759979,0.004550321958959103,1.0,4.0
825,825,9.042397785550404e-08,0.2851261794567108,0,0.6957589983940125,-0.005382521077990532,-0.005532212555408478,-0.005161223001778126,-0.008674156852066517,0.007143687456846237,0.875,0.5,0.05328259617090225,1.3463341019814834e-05,0.003407798707485199,0.00842217355966568,-0.005014374852180481,0.16429153084754944,0.16769933700561523,0.25264444947242737,0.26106661558151245,0.2094748616218567,1.0,0.48012295365333557,0.16169901192188263,0.0007984496187418699,0.2606532573699951,0.004268798511475325,1.0,4.0
826,826,8.942539543314798e-08,0.27123090624809265,0,0.7038282155990601,-0.0018840535776689649,-0.005377026740461588,-0.005639092065393925,-0.010819461196660995,0.006779675371944904,0.5,0.75,0.06457651406526566,1.1687481674016453e-05,-0.0027398839592933655,0.018095187842845917,-0.020835071802139282,0.17718465626239777,0.174444779753685,0.4088628590106964,0.4269580543041229,0.5213882327079773,1.0,0.1876881718635559,0.17706060409545898,0.0009874356910586357,0.3853972852230072,0.00476827472448349,1.0,4.0
827,827,8.843181573277903e-08,0.25877538323402405,0,0.346598744392395,-0.007808243855834007,-0.0041861929930746555,-0.004350593779236078,-0.0049407873302698135,0.0019492042483761907,0.25,0.25,0.07768887281417847,7.609317981405184e-05,0.004295198246836662,0.0043411701917648315,-4.597194492816925e-05,0.055981118232011795,0.06027631461620331,0.1725274920463562,0.17686867713928223,0.3480433225631714,1.0,0.26602837443351746,0.10975708067417145,0.0011893206974491477,0.3043610155582428,0.007344035431742668,1.0,4.0
828,828,8.744325086085247e-08,0.30968374013900757,0,0.5083469152450562,0.00014659389853477478,4.199333488941193e-06,0.005336434114724398,0.000799981877207756,0.007736686617136002,0.375,0.5,0.08804933726787567,4.807945151696913e-05,0.011219276115298271,-0.012136340141296387,0.023355616256594658,0.06456788629293442,0.07578715682029724,0.1923954337835312,0.1802590787410736,0.4881519079208374,1.0,0.19758547842502594,0.11263018846511841,0.0007976668421179056,0.354101300239563,0.0034316026140004396,1.0,4.0
829,829,8.645971286271903e-08,0.5848084688186646,0,0.6819396018981934,-0.011576768010854721,-0.009835699573159218,-0.00912654958665371,-0.012862689793109894,0.004737950395792723,0.5,0.75,0.07616466283798218,1.9199360394850373e-05,0.017376024276018143,-0.005257070064544678,0.02263309434056282,0.15168029069900513,0.16905631124973297,0.3241516053676605,0.31889453530311584,0.24059706926345825,1.0,0.4039773941040039,0.1675553172826767,0.0008372750016860664,0.33980315923690796,0.00475003058090806,1.0,4.0
830,830,8.548121372247919e-08,0.0,0,0.0,-0.0092070447281003,-0.006650348659604788,0.0,0.0,0.0,0.0,0.0,0.0637732446193695,1.5366636944236234e-05,0.0,0.0,0.0,0.0,0.0,0.0,0.0,1.0,0.0,0.0,0.23778587579727173,0.000797536107711494,0.3585755228996277,0.004180476535111666,1.0,4.0
831,831,8.450776536283593e-08,0.19382722675800323,0,0.5240549445152283,-0.0057916236110031605,-0.005054195411503315,0.0024539821315556765,-0.004773801192641258,0.006955474149435759,0.5,0.25,0.05920448899269104,1.4816086149949115e-05,-0.0013780221343040466,0.0068980492651462555,-0.008276071399450302,0.1857241541147232,0.18434613943099976,0.39922580122947693,0.4061238467693329,1.0,0.0,-0.12965714931488037,0.20061974227428436,0.0010652233613654971,0.4528462886810303,0.004863377194851637,1.0,4.0
832,832,8.353937964495028e-08,0.6440314054489136,0,0.5224370360374451,-0.0032667317427694798,-0.002896001562476158,-0.0015652584843337536,-0.006063333712518215,0.00824147742241621,0.5,0.5,0.06956866383552551,2.1844913135282695e-05,0.014352686703205109,0.019444875419139862,-0.005092188715934753,0.15537618100643158,0.16972887516021729,0.2548079192638397,0.2742528021335602,0.3521416485309601,1.0,0.2959555685520172,0.16054587066173553,0.0029532108455896378,0.2875480651855469,0.023531511425971985,1.0,4.0
833,833,8.257606836829677e-08,0.04611865058541298,0,0.17444367706775665,0.0009095366694964468,-0.004174627363681793,0.002044438384473324,-0.00195082847494632,0.0016659218817949295,0.125,0.0,0.06453882157802582,0.00013760050933342427,-0.0021014846861362457,0.00020695477724075317,-0.002308439463376999,0.021026674658060074,0.018925189971923828,0.0905768871307373,0.09078384190797806,1.0,0.0,-0.01787640154361725,0.1367253065109253,0.0012041589943692088,0.3549419641494751,0.004572021309286356,1.0,4.0
834,834,8.161784327051919e-08,0.4567324221134186,0,0.17764627933502197,-0.0039753089658916,-0.0017795029561966658,0.0033005247823894024,0.0027344904374331236,0.0013582163956016302,0.125,0.25,0.059771209955215454,1.1914178685401566e-05,-0.005756597965955734,0.0028876662254333496,-0.008644264191389084,0.025347547605633736,0.019590949639678,0.23772963881492615,0.2406173050403595,0.20180755853652954,1.0,0.5319560170173645,0.10429950058460236,0.025496382266283035,0.25310513377189636,0.39640337228775024,1.0,4.0
835,835,8.066471602728803e-08,0.1760091483592987,0,0.5192000865936279,-0.01270623505115509,-0.01500058826059103,-0.012641200795769691,-0.015794776380062103,0.004494683817028999,0.375,0.25,0.061680398881435394,1.6974714526440948e-05,0.004106421023607254,0.0027697011828422546,0.0013367198407649994,0.07439734041690826,0.07850376516580582,0.267284631729126,0.27005434036254883,0.46236419677734375,1.0,0.22115343809127808,0.09734772145748138,0.24784347414970398,0.3072608709335327,0.2833649516105652,1.0,4.0
836,836,7.971669825215787e-08,0.41905710101127625,0,0.5177688002586365,-0.022790903225541115,-0.01708378829061985,-0.0027714299503713846,-0.017263272777199745,0.009547313675284386,0.375,0.25,0.08065935969352722,0.0003917352296411991,0.030338678508996964,0.02612004429101944,0.004218634217977524,0.10612597316503525,0.13646464049816132,0.2218315303325653,0.24795159697532654,0.500397801399231,1.0,0.15004146099090576,0.12533223628997803,0.0013134635519236326,0.3272981643676758,0.005634945817291737,1.0,4.0
837,837,7.877380149642626e-08,0.0,0,0.0,-0.013916334137320518,-0.01696028932929039,0.0,0.0,0.0,0.0,0.0,0.06565098464488983,1.3610235328087583e-05,0.0,0.0,0.0,0.0,0.0,0.0,0.0,1.0,0.0,0.0,0.18681073188781738,0.0009222043445333838,0.41271692514419556,0.0048253657296299934,1.0,4.0
838,838,7.783603724899257e-08,0.28840306401252747,0,0.6942481398582458,-0.017663193866610527,-0.012750181369483471,-0.014315620996057987,-0.028370767831802368,0.008488314226269722,0.5,0.75,0.07865940034389496,2.1261335859890096e-05,-0.008838783949613571,-0.006811309605836868,-0.002027474343776703,0.1502729207277298,0.14143413305282593,0.31222882866859436,0.3054175078868866,0.6472585797309875,1.0,0.14820414781570435,0.15369878709316254,0.001960829831659794,0.3735915422439575,0.015034416690468788,1.0,4.0
839,839,7.690341693621805e-08,0.3063995838165283,0,0.5171480774879456,-0.004399271681904793,-0.004953387193381786,-0.0030971537344157696,-0.00501966942101717,0.007819492369890213,0.375,0.5,0.06868373602628708,1.9983244783361442e-05,-0.008126987144351006,-0.013578008860349655,0.00545102171599865,0.11873967945575714,0.11061269044876099,0.2446698546409607,0.23109184205532074,0.5584602952003479,1.0,0.21016062796115875,0.16427519917488098,0.001475846511311829,0.31324654817581177,0.0076265837997198105,1.0,4.0
840,840,7.597595192178702e-08,0.2381233423948288,0,0.16454444825649261,-0.010539304465055466,-0.010716506280004978,-0.002807613695040345,-0.0035267816856503487,0.0004606395959854126,0.125,0.0,0.06475041061639786,1.869507832452655e-05,0.006214786320924759,-0.011586740612983704,0.017801526933908463,0.023803003132343292,0.03001778945326805,0.18747565150260925,0.17588891088962555,0.33110079169273376,1.0,0.23597680032253265,0.10501644015312195,0.01796281337738037,0.3065735101699829,0.16075628995895386,1.0,4.0
841,841,7.505365350656811e-08,0.08862975984811783,0,0.3466629385948181,-0.005205220077186823,-0.00524255121126771,-0.0025994714815169573,-0.005174742080271244,0.004896104335784912,0.25,0.25,0.07582113891839981,5.487095768330619e-05,-0.0003274260088801384,-0.0001540686935186386,-0.00017335731536149979,0.03688594698905945,0.036558520048856735,0.10507179796695709,0.1049177348613739,1.0,0.0,0.09521185606718063,0.12335532158613205,0.0006923999753780663,0.36654430627822876,0.0029165837913751602,1.0,4.0
842,842,7.413653292847616e-08,0.08475259691476822,0,0.3420671224594116,-0.013972763903439045,-0.00817675981670618,-0.010265818797051907,-0.010952923446893692,0.0027535767294466496,0.25,0.5,0.07072010636329651,0.0009710051235742867,0.017787251621484756,0.008686132729053497,0.00910111889243126,0.036680445075035095,0.05446769669651985,0.16618266701698303,0.17486880719661713,0.5917108654975891,1.0,0.14468921720981598,0.1292702853679657,0.002367893233895302,0.3362586200237274,0.014417752623558044,1.0,4.0
843,843,7.322460136233621e-08,0.13780450820922852,0,0.3457196354866028,-0.005356660112738609,-0.002008010633289814,-0.0009502565953880548,-0.004974215757101774,0.0019551385194063187,0.25,0.25,0.060297660529613495,1.5987201550160535e-05,0.004171354696154594,0.0024442151188850403,0.0017271395772695541,0.047559402883052826,0.05173075571656227,0.17761853337287903,0.18006274104118347,1.0,0.0,0.043377891182899475,0.1648463010787964,0.0008357694605365396,0.33676737546920776,0.004106809850782156,1.0,4.0
844,844,7.23178699197467e-08,0.050803832709789276,0,0.17412146925926208,-0.016498010605573654,-0.01071312464773655,0.0030018254183232784,0.002722620964050293,0.0003686093259602785,0.125,0.0,0.06714784353971481,1.5003388398326933e-05,-0.002694636583328247,-0.0010280460119247437,-0.0016665905714035034,0.033945634961128235,0.03125099837779999,0.11139842867851257,0.11037038266658783,1.0,0.0,-0.15487244725227356,0.17052176594734192,0.0011049010790884495,0.3383527100086212,0.007133941166102886,1.0,4.0
845,845,7.141634964894388e-08,0.5051705837249756,0,0.34718722105026245,-0.010420622304081917,-0.012583709321916103,-0.002123284386470914,-0.005342732649296522,0.0011546217137947679,0.25,0.0,0.06731002032756805,2.0985571609344333e-05,0.007168430835008621,0.00836394727230072,-0.001195516437292099,0.1252118945121765,0.13238032162189484,0.3109344244003296,0.3192983865737915,0.5000806450843811,1.0,0.19443488121032715,0.16954325139522552,0.008281909860670567,0.40790459513664246,0.03568454459309578,1.0,4.0
846,846,7.052005153466778e-08,0.2302798479795456,0,0.17809782922267914,-0.015117254108190536,-0.018852444365620613,-0.008080242201685905,-0.00821850448846817,0.002401405945420265,0.125,0.0,0.07483530044555664,3.864344034809619e-05,-0.006763029843568802,0.002768203616142273,-0.009531233459711075,0.06606128811836243,0.059298258274793625,0.07630182057619095,0.07907002419233322,0.1690213829278946,1.0,0.6270431876182556,0.1612476408481598,0.003974630497395992,0.3128528296947479,0.015261491760611534,1.0,4.0
847,847,6.962898649802822e-08,0.16260673105716705,0,0.5159721970558167,-0.007436765823513269,-0.011211710050702095,-0.013145270757377148,-0.015365654602646828,0.005691582337021828,0.375,0.25,0.06889060139656067,4.8870439059101045e-05,0.0042977966368198395,-0.0035599544644355774,0.007857751101255417,0.08595538884401321,0.09025318920612335,0.18737562000751495,0.18381565809249878,0.4506057798862457,1.0,0.21103984117507935,0.13572683930397034,0.0008251136750914156,0.27088063955307007,0.004193506203591824,1.0,4.0
848,848,6.874316539637126e-08,0.6787999868392944,0,0.692106306552887,-0.014838358387351036,-0.012051146477460861,-0.004448177292943001,-0.014880195260047913,0.010830056853592396,0.625,0.75,0.05786580592393875,1.583813900651876e-05,-0.010373451747000217,-0.012529820203781128,0.0021563684567809105,0.1505959928035736,0.14022253453731537,0.31356820464134216,0.30103838443756104,0.3246294856071472,1.0,0.3261726200580597,0.14317545294761658,0.0011706326622515917,0.3199370801448822,0.005316579714417458,1.0,4.0
849,849,6.786259902314767e-08,0.10493068397045135,0,0.34688130021095276,-0.012110352516174316,-0.009933925233781338,-0.005432798061519861,-0.011607792228460312,0.006262507755309343,0.25,0.25,0.06432616710662842,1.3674651199835353e-05,0.005542991682887077,0.006157495081424713,-0.0006145033985376358,0.05559831112623215,0.061141304671764374,0.2151903510093689,0.221347838640213,1.0,0.0,-0.1468474268913269,0.1373794823884964,0.0008641426684334874,0.423894464969635,0.005287959240376949,1.0,4.0
850,850,6.698729810778064e-08,0.254485160112381,0,0.5213106274604797,-0.004157627001404762,-0.006562065798789263,0.0033740983344614506,-0.002969646593555808,0.00777612766250968,0.625,0.375,0.07835804671049118,2.5946654204744846e-05,-0.007625909522175789,-0.004854552447795868,-0.002771357074379921,0.1527276188135147,0.14510171115398407,0.3032085597515106,0.29835399985313416,0.47900328040122986,1.0,0.24297621846199036,0.16785842180252075,0.0032937489449977875,0.363357275724411,0.0089228805154562,1.0,4.0
851,851,6.611727331553585e-08,0.19575607776641846,0,0.5157933831214905,-0.018973158672451973,-0.010578624904155731,-0.003180399304255843,-0.022809358313679695,0.01787179708480835,0.375,0.5,0.0639428198337555,1.108307515096385e-05,0.0077116359025239944,-0.0005240514874458313,0.008235687389969826,0.1225251704454422,0.13023680448532104,0.30008578300476074,0.2995617389678955,0.8054767847061157,1.0,0.12087665498256683,0.1806529313325882,0.0008542172145098448,0.3824825882911682,0.0050215269438922405,1.0,4.0
852,852,6.52525352473905e-08,0.264253169298172,0,0.5179798603057861,-0.005533457733690739,-0.005801056511700153,-1.8159858882427216e-05,-0.0007581447716802359,0.002461060881614685,0.625,0.75,0.06289789080619812,1.3324682186066639e-05,0.009215096943080425,0.005364511162042618,0.0038505857810378075,0.10696835070848465,0.11618344485759735,0.27565568685531616,0.2810201942920685,0.3581903278827667,1.0,0.27199307084083557,0.14391742646694183,0.0010113554308190942,0.33511602878570557,0.005543905310332775,1.0,4.0
853,853,6.439309443990531e-08,0.3009166717529297,0,0.5237593650817871,-0.01332282554358244,-0.013703843578696251,-0.004902089945971966,-0.008221995085477829,0.004460535943508148,0.375,0.0,0.0755695179104805,0.0007231750641949475,-0.004108421504497528,0.0034906044602394104,-0.0075990259647369385,0.1365092545747757,0.13240082561969757,0.32202792167663574,0.32551851868629456,0.5242486596107483,1.0,0.1953006237745285,0.2084091603755951,0.0013639068929478526,0.4441791772842407,0.004058260470628738,1.0,4.0
854,854,6.353896136509524e-08,0.2919391095638275,0,0.3423989713191986,-0.0009791254997253418,-0.003993358928710222,0.00479427445679903,-0.004272675607353449,0.00495799770578742,0.25,0.25,0.07503776997327805,1.9205966964364052e-05,0.014534344896674156,0.006132379174232483,0.008401965722441673,0.05590250343084335,0.07043685019016266,0.15112656354904175,0.15725894272327423,0.33537206053733826,1.0,0.27017027139663696,0.15157781541347504,0.0017833546735346317,0.34559303522109985,0.010896613821387291,1.0,4.0
855,855,6.269014643030212e-08,0.09274835884571075,0,0.17190717160701752,-0.007767431437969208,-0.006782536394894123,0.002734333509579301,0.002641748869791627,0.0004845574439968914,0.125,0.25,0.05721699073910713,1.6766649423516355e-05,0.0006811916828155518,-0.0020857155323028564,0.002766907215118408,0.021030301228165627,0.02171149291098118,0.07865315675735474,0.07656744122505188,0.6172361373901367,1.0,0.1815994679927826,0.12343429774045944,0.0012693009339272976,0.31586408615112305,0.0074664996936917305,1.0,4.0
856,856,6.184665997806831e-08,0.0468301996588707,0,0.17438474297523499,-0.006434733513742685,-0.0032139327377080917,-0.0026405854150652885,-0.0026922079268842936,0.0007153429323807359,0.125,0.0,0.06759613752365112,1.9776058252318762e-05,-0.0017872024327516556,0.00040386617183685303,-0.0021910686045885086,0.02714848332107067,0.025361280888319016,0.08272629976272583,0.08313016593456268,1.0,0.0,-0.009360956028103828,0.11165004223585129,0.0008207354694604874,0.3856240212917328,0.0038921963423490524,1.0,4.0
857,857,6.100851228600973e-08,0.08099258691072464,0,0.1710352897644043,-0.008306441828608513,-0.006565325427800417,-0.002756173722445965,-0.0038433033041656017,0.0036860392428934574,0.25,0.125,0.07093250751495361,1.6514897652086802e-05,0.0035937149077653885,-0.000931374728679657,0.0045250896364450455,0.05508366972208023,0.05867738276720047,0.07405313849449158,0.07312175631523132,0.16786880791187286,1.0,0.5870707035064697,0.19178137183189392,0.0018290235893800855,0.30547937750816345,0.006332142278552055,1.0,4.0
858,858,6.017571356669182e-08,0.1571628302335739,0,0.17155487835407257,-0.007948012091219425,-0.007948491722345352,-0.00769613403826952,-0.012446143664419651,0.005045230500400066,0.125,0.0,0.08463489264249802,1.854761467257049e-05,-0.0026579666882753372,-0.0061338841915130615,0.0034759175032377243,0.03127957507967949,0.028621608391404152,0.08717825263738632,0.08104436844587326,0.3945281207561493,1.0,0.2515157163143158,0.10596984624862671,0.001069315942004323,0.3399915099143982,0.006617416627705097,1.0,4.0
859,859,5.9348273967503916e-08,0.2557356655597687,0,0.17335237562656403,-0.004318613559007645,-0.0032426719553768635,0.002735056448727846,0.0027343768160790205,0.0017475222703069448,0.125,0.0,0.061734821647405624,0.0013800838496536016,0.001351984217762947,0.0014831498265266418,-0.00013116560876369476,0.029751526191830635,0.031103510409593582,0.07109154760837555,0.07257469743490219,0.2944055497646332,1.0,0.3350180685520172,0.10099591314792633,0.0034466132055968046,0.2994192838668823,0.018152348697185516,1.0,4.0
860,860,5.8526203570536504e-08,0.6341689825057983,0,0.5285761952400208,-0.012692728079855442,-0.014195594936609268,-0.008533807471394539,-0.010626506060361862,0.0028346674516797066,0.375,0.75,0.06571880728006363,1.4992881915532053e-05,-0.011754147708415985,0.005478620529174805,-0.01723276823759079,0.27927476167678833,0.26752060651779175,0.42730969190597534,0.43278834223747253,0.5275176167488098,1.0,0.187919020652771,0.2959981858730316,0.0018599819159135222,0.5952794551849365,0.016214147210121155,1.0,4.0
861,861,5.770951239245803e-08,0.0,0,0.0,-0.0077469125390052795,-0.0029979776591062546,0.0,0.0,0.0,0.0,0.0,0.0678904801607132,1.4245322745409794e-05,0.0,0.0,0.0,0.0,0.0,0.0,0.0,1.0,0.0,0.0,0.15580877661705017,0.0008692941046319902,0.33279353380203247,0.004426224157214165,1.0,4.0
862,862,5.689821038439263e-08,0.41731134057044983,0,0.6870348453521729,-0.008080026134848595,-0.00965719111263752,0.00041165953734889627,-0.004475059919059277,0.003960943315178156,0.75,0.5,0.06849299371242523,0.0004704115563072264,0.0012984853237867355,-0.011083114892244339,0.012381600216031075,0.14415684342384338,0.14545531570911407,0.37423962354660034,0.3631565272808075,1.0,0.0,0.07877224683761597,0.14003293216228485,0.008982213214039803,0.36962878704071045,0.02591634914278984,1.0,4.0
863,863,5.609230743179938e-08,0.16766959428787231,0,0.34875917434692383,-0.004511626437306404,-0.006837161723524332,-0.0009398935362696648,-0.007330040447413921,0.004614468198269606,0.25,0.0,0.07372305542230606,0.0001115060003940016,0.007443256676197052,0.011679645627737045,-0.004236388951539993,0.053365934640169144,0.060809191316366196,0.16995839774608612,0.18163804709911346,1.0,0.0,0.03077876940369606,0.0938672199845314,0.0009656957117840648,0.3393079936504364,0.0034335118252784014,1.0,4.0
864,864,5.529181335435124e-08,0.08501241356134415,0,0.16942164301872253,-0.019607573747634888,-0.01737814210355282,0.0024858650285750628,-0.0003756448859348893,0.0014688529772683978,0.125,0.25,0.06166373938322067,1.5103652913239785e-05,0.004181176424026489,-0.0036098286509513855,0.007791005074977875,0.023466046899557114,0.027647223323583603,0.06630712747573853,0.06269729882478714,0.315336138010025,1.0,0.2803727984428406,0.1668371707201004,0.0014213218819350004,0.3481324017047882,0.010462109930813313,1.0,4.0
865,865,5.44967379058161e-08,0.11578476428985596,0,0.17100638151168823,-0.006582699250429869,-0.0113337691873312,-0.002653352217748761,-0.007199740968644619,0.005433376878499985,0.125,0.0,0.062453895807266235,1.6232072084676474e-05,0.004045119509100914,-0.0005367100238800049,0.004581829532980919,0.0258990079164505,0.029944127425551414,0.04516757279634476,0.04463086277246475,0.32334622740745544,1.0,0.31285643577575684,0.15283340215682983,0.001460086670704186,0.28111565113067627,0.007782766129821539,1.0,4.0
866,866,5.37070907739372e-08,0.45211541652679443,0,0.34366095066070557,-0.008592141792178154,-0.008690204471349716,-0.00734866363927722,-0.010054501704871655,0.0021379105746746063,0.25,0.5,0.06256450712680817,1.5296065612346865e-05,-0.0012104585766792297,-0.007053099572658539,0.005842640995979309,0.07612262666225433,0.0749121606349945,0.16737046837806702,0.16031736135482788,0.20667755603790283,1.0,0.5687563419342041,0.16781504452228546,0.0020779366604983807,0.3592183291912079,0.0064972275868058205,1.0,4.0
867,867,5.292288158031594e-08,0.1459341049194336,0,0.5118582248687744,-0.014376306906342506,-0.008797061629593372,-0.007080505136400461,-0.014926843345165253,0.0067940508015453815,0.625,0.375,0.0710422620177269,2.257843516417779e-05,0.01240700762718916,-0.004001544788479805,0.01640855148434639,0.13879545032978058,0.1512024700641632,0.41227713227272034,0.4082755744457245,1.0,0.0,-0.20627489686012268,0.1879497915506363,0.0008124898886308074,0.47965285181999207,0.0032783402130007744,1.0,4.0
868,868,5.2144119880293544e-08,0.0,0,0.0,-0.00016295164823532104,-0.0015427926555275917,0.0,0.0,0.0,0.0,0.0,0.04644589126110077,8.001884452824015e-06,0.0,0.0,0.0,0.0,0.0,0.0,0.0,1.0,0.0,0.0,0.13839685916900635,0.0010811479296535254,0.37074294686317444,0.009179562330245972,1.0,4.0
869,869,5.137081516283581e-08,0.15072554349899292,0,0.5320002436637878,-0.012265358120203018,-0.009254558943212032,-0.007566679269075394,-0.015947505831718445,0.00869102030992508,0.5,0.5,0.09772814810276031,0.0001074702013283968,0.014316526241600513,0.038267988711595535,-0.023951461538672447,0.1027495339512825,0.11706607043743134,0.35559630393981934,0.3938642740249634,1.0,0.0,-0.07625763863325119,0.15379598736763,0.001632456318475306,0.40841570496559143,0.008255069144070148,1.0,4.0
870,870,5.060297685041659e-08,0.7264803051948547,0,0.5102666020393372,-0.012464484199881554,-0.011448537930846214,-0.007796717807650566,-0.014207543805241585,0.007080247160047293,0.375,0.0,0.07330184429883957,2.3334208890446462e-05,0.03829963505268097,0.0189506933093071,0.01934894360601902,0.1277918815612793,0.16609150171279907,0.4436286389827728,0.46257930994033813,1.0,0.0,0.0511137954890728,0.18667374551296234,0.02466670610010624,0.3556080758571625,0.22027547657489777,1.0,4.0
871,871,4.984061429890324e-08,0.12476625293493271,0,0.5192843675613403,-0.004791111685335636,-0.0045327660627663136,-0.004119277931749821,-0.00842620525509119,0.005006931256502867,0.375,0.25,0.06047707051038742,1.2830556443077512e-05,0.0010552862659096718,-0.0001086164265871048,0.0011639026924967766,0.08987997472286224,0.09093526750802994,0.2230403870344162,0.22293177247047424,1.0,0.0,0.01104347687214613,0.13824257254600525,0.0008635233389213681,0.30038097500801086,0.004959268495440483,1.0,4.0
872,872,4.908373679744315e-08,0.3371584117412567,0,0.5145306587219238,-0.0044952332973480225,-0.004938927013427019,0.001534556271508336,-0.004623853601515293,0.004304623231291771,0.375,0.25,0.060997698456048965,1.8500259102438577e-05,0.007793731987476349,-0.0031319037079811096,0.010925635695457458,0.11192288994789124,0.11971661448478699,0.326169490814209,0.32303759455680847,1.0,0.0,0.07555374503135681,0.13186872005462646,0.0028151962906122208,0.36513227224349976,0.014559095725417137,1.0,4.0
873,873,4.833235356834958e-08,0.19697149097919464,0,0.34848159551620483,-0.013253847137093544,-0.010794058442115784,-0.00076079904101789,-0.004811154678463936,0.002433277200907469,0.375,0.125,0.06905315816402435,1.4112426470092032e-05,0.0012112371623516083,0.004984293133020401,-0.0037730559706687927,0.11269053816795349,0.1139017790555954,0.254575252532959,0.2595595121383667,0.2989959716796875,1.0,0.36663535237312317,0.16337060928344727,0.002173636807128787,0.4435371458530426,0.007122294511646032,1.0,4.0
874,874,4.758647376699032e-08,0.17118515074253082,0,0.3509927988052368,0.0028019817546010017,0.00020523695275187492,0.00420035794377327,0.0006043307948857546,0.005031381268054247,0.375,0.125,0.07618135213851929,3.099638342973776e-05,-0.011007828637957573,-0.00234048068523407,-0.008667347952723503,0.08704739063978195,0.07603956013917923,0.1590893417596817,0.15674886107444763,0.23117992281913757,1.0,0.48481321334838867,0.16564646363258362,0.0018156517762690783,0.34110328555107117,0.010504498146474361,1.0,4.0
875,875,4.684610648167503e-08,0.2053660750389099,0,0.34018054604530334,-0.005596807226538658,-0.0025591994635760784,2.5670742616057396e-05,-0.0024365554563701153,0.0028335510287433863,0.375,0.125,0.058150600641965866,1.246295687451493e-05,0.0037352945655584335,-0.009378843009471893,0.013114137575030327,0.0665770024061203,0.07031229138374329,0.16715724766254425,0.15777839720249176,0.3120931386947632,1.0,0.31166282296180725,0.1418987363576889,0.000721275107935071,0.41809070110321045,0.003612916450947523,1.0,4.0
876,876,4.611126073354571e-08,0.44002461433410645,0,0.689061164855957,-0.018165310844779015,-0.012335220351815224,-0.005021179560571909,-0.019484560936689377,0.009264704771339893,0.5,0.75,0.06329844146966934,1.1870004527736455e-05,-0.013009320944547653,-0.021418675780296326,0.008409354835748672,0.3512866497039795,0.33827733993530273,0.6193926334381104,0.5979739427566528,0.6018735766410828,1.0,0.17532309889793396,0.33327996730804443,0.0050109331496059895,0.5316975116729736,0.040641169995069504,1.0,4.0
877,877,4.5381945476465735e-08,0.8276287913322449,0,0.1760215163230896,-0.011393073946237564,-0.011520328000187874,-0.0023223827593028545,-0.0024763562250882387,0.00019804365001618862,0.125,0.0,0.07265650480985641,2.2142168745631352e-05,0.01866372674703598,0.024103552103042603,-0.005439825356006622,0.1035199910402298,0.12218371778726578,0.23257017135620117,0.2566737234592438,0.641434907913208,1.0,0.1377224177122116,0.15777598321437836,0.031267061829566956,0.3564104735851288,0.21331200003623962,1.0,4.0
878,878,4.465816959691149e-08,0.13040156662464142,0,0.5242816209793091,-0.009993990883231163,-0.008709736168384552,-0.01407267339527607,-0.016623497009277344,0.0035138409584760666,0.5,0.25,0.05684438347816467,1.761313251336105e-05,-0.0040002185851335526,0.004797738045454025,-0.008797956630587578,0.11306270956993103,0.10906249284744263,0.3124152421951294,0.3172129988670349,0.576544463634491,1.0,0.1764134168624878,0.12648580968379974,0.0008290506666526198,0.3698180913925171,0.005382237955927849,1.0,4.0
879,879,4.393994191386352e-08,0.36161670088768005,0,0.5229234099388123,-0.002695443807169795,-0.0051428209990262985,0.011347622610628605,0.002578294137492776,0.008299332112073898,0.375,0.0,0.0712646022439003,2.808616409311071e-05,-0.0036789830774068832,0.002310939133167267,-0.00598992221057415,0.11222322285175323,0.1085442379117012,0.18570111691951752,0.188012033700943,0.30938249826431274,1.0,0.3096976578235626,0.15621909499168396,0.0011554975062608719,0.3184855580329895,0.005404538940638304,1.0,4.0
880,880,4.322727117869951e-08,0.19213412702083588,0,0.5204299688339233,-0.012704916298389435,-0.009635557420551777,-0.0063223824836313725,-0.010843709111213684,0.00429020170122385,0.5,0.375,0.06625975668430328,3.856786497635767e-05,-0.006906358525156975,-0.005776580423116684,-0.0011297781020402908,0.20261842012405396,0.19571205973625183,0.45301368832588196,0.44723713397979736,1.0,0.0,0.05406263843178749,0.1945948302745819,0.0018243490485474467,0.4644036293029785,0.0113590182736516,1.0,4.0
881,881,4.2520166075087624e-08,0.17208971083164215,0,0.510337233543396,0.0005371945444494486,0.001989996526390314,0.0028846270870417356,-5.219085142016411e-05,0.005062403157353401,0.375,0.5,0.07073259353637695,1.93931809917558e-05,0.022289564833045006,0.0030130483210086823,0.019276516512036324,0.06562270224094391,0.08791226148605347,0.2810223698616028,0.2840353846549988,1.0,0.0,-0.14277540147304535,0.2960189878940582,0.0008733424474485219,0.6188730001449585,0.004553164355456829,1.0,4.0
882,882,4.181863521888018e-08,0.4521889090538025,0,0.5186659097671509,-0.015215810388326645,-0.013972785323858261,-0.006086636334657669,-0.008934550918638706,0.006428855936974287,0.375,0.5,0.06331583112478256,1.630396582186222e-05,0.002629585564136505,0.0002036765217781067,0.0024259090423583984,0.13684463500976562,0.13947421312332153,0.22684255242347717,0.22704622149467468,0.22736814618110657,1.0,0.43959710001945496,0.14822426438331604,0.0009502338361926377,0.3369413912296295,0.004648638889193535,1.0,4.0
883,883,4.112268715800943e-08,0.3077697157859802,0,0.5224460363388062,-0.009404608979821205,-0.010422877036035061,-0.002738580573350191,-0.002742933575063944,0.0009675639448687434,0.375,0.5,0.06426860392093658,1.663244802330155e-05,-0.003685861825942993,0.0012917891144752502,-0.004977650940418243,0.11133170127868652,0.10764584690332413,0.2733653783798218,0.27465716004371643,0.6818428635597229,1.0,0.15670932829380035,0.13486814498901367,0.002223480027168989,0.34069228172302246,0.013417764566838741,1.0,4.0
884,884,4.043233037238281e-08,0.23027583956718445,0,0.347722589969635,-0.013225813396275043,-0.01441995333880186,-0.008593517355620861,-0.009810213930904865,0.00507083535194397,0.25,0.25,0.07676409184932709,1.7315011064056307e-05,-0.007395122200250626,-0.005193434655666351,-0.0022016875445842743,0.08310002088546753,0.0757049024105072,0.18470928072929382,0.17951585352420807,0.31890901923179626,1.0,0.33209219574928284,0.19476018846035004,0.00901623722165823,0.34250715374946594,0.12650930881500244,1.0,4.0
885,885,3.974757327377981e-08,0.20183733105659485,0,0.1747877448797226,-0.0025160829536616802,-0.004196724854409695,0.0027566615026444197,0.002747552702203393,0.001395544270053506,0.125,0.25,0.06085974723100662,1.286644965148298e-05,7.332675158977509e-05,0.0030662529170513153,-0.0029929261654615402,0.028117725625634193,0.02819105237722397,0.06130975857377052,0.06437601149082184,0.2806971073150635,1.0,0.37404316663742065,0.11794918030500412,0.0011891161557286978,0.34275704622268677,0.007222448941320181,1.0,4.0
886,886,3.9068424205749794e-08,0.11096080392599106,0,0.17558643221855164,0.0009267680579796433,-0.007253795862197876,-8.754502050578594e-05,-0.003572860499843955,0.0020560796838253736,0.25,0.125,0.059412453323602676,1.52873108163476e-05,-0.007345106452703476,-0.0027675479650497437,-0.004577558487653732,0.05788580700755119,0.05054070055484772,0.07614900916814804,0.0733814612030983,0.20057447254657745,1.0,0.5150683522224426,0.18448609113693237,0.0011558886617422104,0.33656197786331177,0.01037288736552,1.0,4.0
887,887,3.839489144350955e-08,0.07371889054775238,0,0.34961479902267456,-0.007261575199663639,-0.006973733194172382,-0.0012981864856556058,-0.005520425736904144,0.0030253292061388493,0.25,0.5,0.06274158507585526,2.028245580731891e-05,-0.0030217915773391724,0.0030405446887016296,-0.006062336266040802,0.05376049876213074,0.050738707184791565,0.21898557245731354,0.22202610969543457,1.0,0.0,-0.034659113734960556,0.1593170315027237,0.0013201819965615869,0.40949133038520813,0.005283195525407791,1.0,4.0
888,888,3.7726983193843485e-08,0.37010160088539124,0,0.34453675150871277,-0.011596464551985264,-0.012165466323494911,0.0006118183955550194,-0.002533949911594391,0.0048680612817406654,0.25,0.5,0.0700053870677948,1.654037623666227e-05,-0.0006695892661809921,-0.004787452518939972,0.00411786325275898,0.0823005884885788,0.08163099735975266,0.1529298722743988,0.14814242720603943,0.23170801997184753,1.0,0.41351181268692017,0.13339996337890625,0.0007136662025004625,0.3681974709033966,0.0028479064349085093,1.0,4.0
889,889,3.706470759500263e-08,0.42577308416366577,0,0.3475242257118225,-0.008193444460630417,-0.006834953557699919,-0.0010510152205824852,-0.001884249271824956,0.0012137023732066154,0.25,0.25,0.06768535077571869,1.3767302334599663e-05,-1.0307878255844116e-05,0.0018720999360084534,-0.0018824078142642975,0.08850676566362381,0.08849645406007767,0.15791144967079163,0.15978354215621948,0.19203945994377136,1.0,0.5148593187332153,0.146535262465477,0.0007142989779822528,0.3742749094963074,0.003184836357831955,1.0,4.0
890,890,3.6408072716606345e-08,0.2869378924369812,0,0.6863155364990234,-0.015940014272928238,-0.01262232381850481,-0.007070282939821482,-0.020628012716770172,0.015114601701498032,0.75,0.5,0.07226559519767761,0.0019262554123997688,0.016500426456332207,0.0022051725536584854,0.014295253902673721,0.13253547251224518,0.14903591573238373,0.4071056842803955,0.40931087732315063,1.0,0.0,-0.1567545384168625,0.1421431601047516,0.005823676008731127,0.3883180022239685,0.014873478561639786,1.0,4.0
891,891,3.5757086559543236e-08,0.30002114176750183,0,0.1792616844177246,-0.00131242407951504,0.0032978462986648083,-0.0008848272264003754,-0.002445206278935075,0.00418810173869133,0.125,0.25,0.055572859942913055,1.6515186871401966e-05,-0.009710967540740967,0.002099357545375824,-0.01181032508611679,0.03571353107690811,0.026002563536167145,0.07948381453752518,0.081583172082901,0.39776480197906494,1.0,0.27128180861473083,0.18723246455192566,0.000824316986836493,0.3493538796901703,0.005491077899932861,1.0,4.0
892,892,3.5111757055874326e-08,0.09887483716011047,0,0.1753549575805664,-0.013430632650852203,-0.004686007276177406,0.0017538052052259445,-0.00272645172663033,0.0031363198067992926,0.125,0.25,0.06006640940904617,1.2006928045593668e-05,-0.0014783181250095367,0.002641059458255768,-0.0041193775832653046,0.02461053431034088,0.023132216185331345,0.07082873582839966,0.07346979528665543,1.0,0.0,0.10464028269052505,0.13472212851047516,0.000755670596845448,0.3296072483062744,0.004355147946625948,1.0,4.0
893,893,3.447209206873591e-08,0.17920629680156708,0,0.5194734334945679,-0.010326098650693893,-0.005876393988728523,-0.00389430345967412,-0.010988488793373108,0.006715669296681881,0.375,0.25,0.06084565073251724,1.7389818822266534e-05,0.005245918408036232,0.004445664584636688,0.0008002538233995438,0.08892188221216202,0.0941677987575531,0.28382790088653564,0.28827357292175293,0.45393064618110657,1.0,0.20617511868476868,0.10963158309459686,0.00125970714725554,0.32091349363327026,0.012094498611986637,1.0,4.0
894,894,3.3838099392243915e-08,0.21169140934944153,0,0.5128179788589478,-0.017600402235984802,-0.015557168051600456,0.004778559785336256,0.003210171591490507,0.0021250955760478973,0.375,0.25,0.05705295503139496,2.0728826712002046e-05,0.006584290415048599,-0.007593020796775818,0.014177311211824417,0.09996479749679565,0.10654909163713455,0.3231182098388672,0.31552520394325256,0.6540417671203613,1.0,0.14756494760513306,0.13356953859329224,0.0020441964734345675,0.3761250078678131,0.01369069330394268,1.0,4.0
895,895,3.3209786751399184e-08,0.26589444279670715,0,0.3458753824234009,0.0007958060596138239,-0.0017822342924773693,0.005870295222848654,0.005470782518386841,0.004820145666599274,0.25,0.25,0.05701977759599686,1.48346998685156e-05,-0.004975136369466782,-0.006393220275640488,0.001418083906173706,0.06667985022068024,0.061704717576503754,0.09124249219894409,0.0848492756485939,0.21874456107616425,1.0,0.4569047689437866,0.1384510099887848,0.001125230104662478,0.30751878023147583,0.0078027802519500256,1.0,4.0
896,896,3.258716180199278e-08,0.22445246577262878,0,0.3373912572860718,-0.01923592947423458,-0.013670532032847404,-0.0006376183591783047,-0.01059537474066019,0.005784291308373213,0.25,0.5,0.07744194567203522,2.3996552044991404e-05,0.025937668979167938,0.007119327783584595,0.018818341195583344,0.08282867074012756,0.1087663471698761,0.2752935290336609,0.28241288661956787,1.0,0.0,0.039703428745269775,0.1543734073638916,0.004663796164095402,0.43004050850868225,0.06749342381954193,1.0,4.0
897,897,3.1970232130513367e-08,0.09211074560880661,0,0.1737184226512909,-0.009276105090975761,-0.0022044626530259848,0.007502607069909573,0.004996379837393761,0.0015748487785458565,0.125,0.25,0.06259621679782867,1.0019313776865602e-05,0.0008277576416730881,0.0016902759671211243,-0.0008625183254480362,0.014536830596625805,0.015364588238298893,0.06668508052825928,0.0683753564953804,0.44562578201293945,1.0,0.23097321391105652,0.13494166731834412,0.0007776297861710191,0.33324581384658813,0.004294943064451218,1.0,4.0
898,898,3.135900525405427e-08,0.286093145608902,0,0.3536030054092407,-0.011271205730736256,-0.003384934738278389,0.0039343442767858505,-0.008028177544474602,0.005908668041229248,0.25,0.5,0.08124122023582458,2.2442221961682662e-05,0.04232311248779297,0.05588146299123764,-0.013558350503444672,0.07106205821037292,0.1133851706981659,0.19818967580795288,0.25407111644744873,0.47659409046173096,1.0,0.1620839238166809,0.13128946721553802,0.0011259324382990599,0.4043673574924469,0.005544258747249842,1.0,4.0
899,899,3.0753488620222036e-08,0.36673209071159363,0,0.34099698066711426,-0.01347346045076847,-0.016457950696349144,0.0005220884922891855,-7.850630208849907e-05,0.002022656612098217,0.25,0.25,0.06849884986877441,1.3905058949603699e-05,0.002781212329864502,-0.008435837924480438,0.01121705025434494,0.09905970096588135,0.10184091329574585,0.22876650094985962,0.22033065557479858,0.26893705129623413,1.0,0.3645298182964325,0.15986937284469604,0.0008294009021483362,0.37333402037620544,0.0048278323374688625,1.0,4.0
900,900,3.015368960704584e-08,0.18022632598876953,0,0.35523492097854614,0.0022204939741641283,0.0020201890729367733,0.010832233354449272,-0.005103660747408867,0.006825387477874756,0.25,0.25,0.0801711231470108,2.2758824343327433e-05,0.020995883271098137,0.038165368139743805,-0.017169484868645668,0.051124244928359985,0.07212013006210327,0.17519372701644897,0.21335910260677338,0.5016843676567078,1.0,0.18001198768615723,0.13531391322612762,0.000638545083347708,0.36228927969932556,0.003011142835021019,1.0,4.0
901,901,2.955961552288727e-08,0.09458465129137039,0,0.17201431095600128,0.0005178544670343399,0.010589884594082832,0.005413923878222704,0.005222280044108629,0.0005304056685417891,0.25,0.0,0.07623698562383652,1.7025220586219802e-05,0.0020921267569065094,-0.0004943897947669029,0.0025865165516734123,0.0321899875998497,0.03428211435675621,0.06562108546495438,0.0651267021894455,0.2044719159603119,1.0,0.47920987010002136,0.17873914539813995,0.0010595606872811913,0.3854939341545105,0.007435782812535763,1.0,4.0
902,902,2.8971273606351655e-08,0.21142719686031342,0,0.3434511423110962,-0.007685018237680197,-0.004719113931059837,-0.005298503674566746,-0.00642603263258934,0.003621934913098812,0.25,0.25,0.06210090219974518,1.789308043953497e-05,0.009500391781330109,0.003235630691051483,0.0062647610902786255,0.09766986966133118,0.10717025399208069,0.23254427313804626,0.23577991127967834,1.0,0.0,-0.12921907007694244,0.17314288020133972,0.0008986273896880448,0.40379583835601807,0.004428326152265072,1.0,4.0
903,903,2.8388671026199518e-08,0.07057292759418488,0,0.16763056814670563,-0.009055398404598236,-0.0072715021669864655,0.0027099987491965294,0.0026858814526349306,0.0004451406130101532,0.125,0.0,0.060328368097543716,1.6310292267007753e-05,0.0074955858290195465,-0.003947801887989044,0.01144338771700859,0.02601848915219307,0.033514074981212616,0.12268468737602234,0.1187368854880333,1.0,0.0,-0.11025546491146088,0.12422319501638412,0.0011119097471237183,0.3720312714576721,0.0075978911481797695,1.0,4.0
904,904,2.78118148812595e-08,0.43266743421554565,0,0.5161216259002686,-0.021161330863833427,-0.019131992012262344,-0.008733459748327732,-0.01242572721093893,0.0032606448512524366,0.375,0.75,0.06585069000720978,1.3312118426256347e-05,0.01944064348936081,0.010984629392623901,0.008456014096736908,0.11713546514511108,0.1365761160850525,0.3781019449234009,0.38908660411834717,0.27400821447372437,1.0,0.38864392042160034,0.18710893392562866,0.011637629009783268,0.3603161573410034,0.11907541751861572,1.0,4.0
905,905,2.7240712200341576e-08,0.042362019419670105,0,0.1734173744916916,-0.002184562850743532,-0.006490472704172134,0.0027346282731741667,0.002734298584982753,0.00023787857207935303,0.125,0.25,0.06385047733783722,4.185231227893382e-05,-0.00036095548421144485,-9.987503290176392e-05,-0.00026108045130968094,0.014083819463849068,0.013722863979637623,0.03514326363801956,0.0350433886051178,0.49281084537506104,1.0,0.2034951001405716,0.11865763366222382,0.0007705021416768432,0.3043551445007324,0.003988112322986126,1.0,4.0
906,906,2.667536994215186e-08,0.6139148473739624,0,0.3471388816833496,0.0022056291345506907,0.0034610205329954624,0.006984516978263855,0.005520831793546677,0.003763296641409397,0.25,0.5,0.059168100357055664,6.040350490366109e-05,-0.014565007761120796,-0.01349998265504837,-0.0010650251060724258,0.09024175256490707,0.07567674666643143,0.15071682631969452,0.13721683621406555,0.23546016216278076,1.0,0.5016456246376038,0.1413121223449707,0.001007078681141138,0.3686932623386383,0.004871475510299206,1.0,4.0
907,907,2.6115794995207217e-08,0.0,0,0.0,-0.0027357605285942554,-0.0043707918375730515,0.0,0.0,0.0,0.0,0.0,0.0619283989071846,1.685338793322444e-05,0.0,0.0,0.0,0.0,0.0,0.0,0.0,1.0,0.0,0.0,0.17660346627235413,0.0009473758982494473,0.46574026346206665,0.0063376412726938725,1.0,4.0
908,908,2.5561994177751732e-08,0.44233599305152893,0,0.5200808048248291,-0.005538742523640394,-0.007510511204600334,-0.010484357364475727,-0.013199259527027607,0.007737759500741959,0.375,0.25,0.05273202806711197,1.199489997816272e-05,0.0019488120451569557,0.0023228004574775696,-0.00037398841232061386,0.09816929697990417,0.10011810064315796,0.20686031877994537,0.20918312668800354,0.22572627663612366,1.0,0.44809651374816895,0.11761936545372009,0.0008598542772233486,0.20478713512420654,0.005154862068593502,1.0,4.0
909,909,2.501397423767382e-08,0.3721679747104645,0,0.5031047463417053,-0.005244753789156675,-0.0010399131570011377,0.0015932731330394745,-0.006811525207012892,0.005746045149862766,0.375,0.25,0.06288967281579971,1.4545888916472904e-05,-0.007722197100520134,-0.04227859526872635,0.034556396305561066,0.1046585887670517,0.09693638235330582,0.43009698390960693,0.3878183960914612,0.39963769912719727,1.0,0.25512418150901794,0.11439873278141022,0.009944284334778786,0.3164398670196533,0.1832510083913803,1.0,4.0
910,910,2.4471741852423233e-08,0.0767388790845871,0,0.17148365080356598,-0.010111169889569283,-0.005699697881937027,-0.007919744588434696,-0.008164921775460243,0.0009648945415392518,0.125,0.25,0.06448372453451157,1.1201522283954546e-05,0.0022670766338706017,-0.0013523213565349579,0.0036193979904055595,0.013828390277922153,0.016095466911792755,0.06074662506580353,0.05939430370926857,1.0,0.0,0.06938807666301727,0.11202556639909744,0.0009302438702434301,0.31978839635849,0.006992405280470848,1.0,4.0
911,911,2.3935303628930705e-08,0.17927291989326477,0,0.3486256003379822,-0.0016271136701107025,-0.0009227120317518711,0.011425996199250221,0.011246437206864357,0.0011592884548008442,0.25,0.5,0.05874023586511612,1.6729949493310414e-05,0.002775212749838829,0.006869614124298096,-0.004094401374459267,0.05937487632036209,0.06215009093284607,0.0843760222196579,0.091245636343956,0.20650608837604523,1.0,0.47812458872795105,0.12148234993219376,0.0009311883477494121,0.2638099789619446,0.005404448602348566,1.0,4.0
912,912,2.3404666103526537e-08,0.4139604866504669,0,0.34387025237083435,-0.0026426385156810284,-0.0027075058314949274,-0.004305457696318626,-0.007013138383626938,0.003237091936171055,0.25,0.0,0.06673385202884674,1.508113564341329e-05,0.008098635822534561,0.0026556625962257385,0.005442973226308823,0.08765698224306107,0.09575562179088593,0.22720247507095337,0.2298581451177597,0.2738240361213684,1.0,0.34465292096138,0.13178808987140656,0.000992016401141882,0.34740960597991943,0.006175455171614885,1.0,4.0
913,913,2.2879835741861585e-08,0.2658432722091675,0,0.6996634006500244,-0.010736865922808647,-0.008329920470714569,-0.0022034780122339725,-0.018904052674770355,0.012550802901387215,0.75,0.375,0.08807580173015594,1.8317758076591417e-05,0.020571433007717133,0.03341829776763916,-0.012846863828599453,0.15934614837169647,0.1799175888299942,0.3657487630844116,0.39916709065437317,0.3323826491832733,1.0,0.28337395191192627,0.1563953459262848,0.0015228453557938337,0.3565972149372101,0.006076944060623646,1.0,4.0
914,914,2.2360818938828187e-08,0.3465413749217987,0,0.3457777500152588,-0.009876412339508533,-0.01152707077562809,-0.0055564772337675095,-0.009033473208546638,0.0024106467608362436,0.375,0.125,0.05988876894116402,2.965879139082972e-05,-0.008055094629526138,-0.009658336639404297,0.0016032420098781586,0.07641494274139404,0.0683598518371582,0.171944260597229,0.1622859239578247,0.2927902340888977,1.0,0.3378818929195404,0.15059110522270203,0.0007708866032771766,0.31220927834510803,0.004126149695366621,1.0,4.0
915,915,2.1847622018482282e-08,0.1851109117269516,0,0.35595372319221497,-0.014014102518558502,-0.012791716493666172,-0.005901903845369816,-0.007917394861578941,0.001701761269941926,0.375,0.5,0.06069811061024666,1.545897248433903e-05,-0.01538044586777687,0.003182157874107361,-0.01856260374188423,0.08948581665754318,0.07410536706447601,0.16908475756645203,0.17226693034172058,0.31261420249938965,1.0,0.36204174160957336,0.3022001087665558,0.000762921990826726,0.5259522795677185,0.004347015172243118,1.0,4.0
916,916,2.1340251233966377e-08,0.3325496017932892,0,0.5139002799987793,0.009271321818232536,0.011886014603078365,0.002993095899000764,0.00279142614454031,0.0010219505056738853,0.5,0.625,0.04758082330226898,1.103169415728189e-05,-0.0060875192284584045,-0.018215615302324295,0.01212809607386589,0.18984608352184296,0.18375855684280396,0.3659748136997223,0.3477591872215271,1.0,0.0,0.04548214375972748,0.2155410647392273,0.0012025241740047932,0.4193081855773926,0.009046797640621662,1.0,4.0
917,917,2.0838712767433376e-08,0.40267908573150635,0,0.3467523455619812,-0.0017561111599206924,-0.0021539106965065002,-0.009462209418416023,-0.010321242734789848,0.004064749460667372,0.25,0.25,0.053640373051166534,1.4488265151157975e-05,-0.005898062139749527,-0.005544781684875488,-0.0003532804548740387,0.08271636068820953,0.07681829482316971,0.18405598402023315,0.17851120233535767,0.32167476415634155,1.0,0.32091519236564636,0.13914431631565094,0.13726799190044403,0.25114336609840393,0.3312121331691742,1.0,4.0
918,918,2.0343012729971243e-08,0.22110237181186676,0,0.35479921102523804,-0.012291138991713524,-0.00838575791567564,-0.00538865989074111,-0.005823313724249601,0.001206275075674057,0.25,0.5,0.06362922489643097,1.3529325769923162e-05,-0.005760060623288155,0.010557524859905243,-0.016317585483193398,0.0667957067489624,0.0610356479883194,0.191534161567688,0.20209169387817383,1.0,0.0,0.00577760674059391,0.1485728919506073,0.006787157617509365,0.35486072301864624,0.08285216987133026,1.0,4.0
919,919,1.9853157161528468e-08,0.18302467465400696,0,0.6842437386512756,-0.008535947650671005,-0.011300444602966309,-2.0523089915513992e-05,-0.010450823232531548,0.009960034862160683,0.5,0.5,0.0689774677157402,1.7042315448634326e-05,0.011845987290143967,-0.006190594285726547,0.018036581575870514,0.31071609258651733,0.3225620687007904,0.5666590929031372,0.5604685544967651,1.0,0.0,-0.09891530126333237,0.31414297223091125,0.000844919472001493,0.5582609176635742,0.004529828671365976,1.0,4.0
920,920,1.936915203084055e-08,0.8114729523658752,0,0.523088812828064,-0.004566350486129522,-0.007063962519168854,-0.012798546813428402,-0.01662863790988922,0.009161887690424919,0.5,0.25,0.07141607999801636,6.053680044715293e-05,-0.020626932382583618,-0.014237407594919205,-0.006389525718986988,0.14453774690628052,0.1239108219742775,0.32523977756500244,0.31100237369537354,1.0,0.0,-0.05374647304415703,0.16152600944042206,0.0038223464507609606,0.3586777448654175,0.011971537955105305,1.0,4.0
921,921,1.8891003235357307e-08,0.11966326832771301,0,0.3445919156074524,-0.006925530266016722,-0.009152214042842388,-0.00034764339216053486,-0.009097453206777573,0.006165261380374432,0.25,0.0,0.06907249987125397,1.4956836821511388e-05,0.00046242959797382355,-0.003509923815727234,0.0039723534137010574,0.04962560161948204,0.05008803308010101,0.21825072169303894,0.2147408127784729,1.0,0.0,0.029803020879626274,0.09619752317667007,0.0009503811597824097,0.319754958152771,0.004915009252727032,1.0,4.0
922,922,1.8418716601170947e-08,0.05822979658842087,0,0.17180055379867554,-0.01145456824451685,-0.013778328895568848,0.0025335908867418766,0.002469748957082629,0.00019350647926330566,0.125,0.25,0.0765681117773056,1.4598388588638045e-05,0.0013731643557548523,-0.0016082078218460083,0.0029813721776008606,0.014783494174480438,0.01615665853023529,0.07883452624082565,0.07722631841897964,1.0,0.0,-0.04646121710538864,0.16006411612033844,0.0006784005090594292,0.36407944560050964,0.0036185127682983875,1.0,4.0
923,923,1.7952297882945e-08,0.0,0,0.0,-0.011732421815395355,-0.012181848287582397,0.0,0.0,0.0,0.0,0.0,0.06615636497735977,2.3089492970029823e-05,0.0,0.0,0.0,0.0,0.0,0.0,0.0,1.0,0.0,0.0,0.18051092326641083,0.0009178328909911215,0.35418447852134705,0.005687446799129248,1.0,4.0
924,924,1.7491752763844292e-08,0.472055047750473,0,0.5246989727020264,-0.0031599868088960648,-0.0005439268425107002,-0.011710437946021557,-0.014442475512623787,0.005868265405297279,0.375,0.5,0.0781441405415535,0.00012386047455947846,-0.0012372452765703201,0.008054159581661224,-0.009291404858231544,0.13779425621032715,0.13655701279640198,0.22956955432891846,0.23762370645999908,0.3071460425853729,1.0,0.314767986536026,0.1484391838312149,0.0017327502137050033,0.31204545497894287,0.008590048179030418,1.0,4.0
925,925,1.7037086855465898e-08,0.20810499787330627,0,0.16743548214435577,-0.010209420695900917,-0.00598637480288744,-0.0028846170753240585,-0.007586890831589699,0.0021717199124395847,0.125,0.25,0.08232809603214264,2.4471992219332606e-05,0.012351751327514648,0.0005088970065116882,0.01184285432100296,0.05117165297269821,0.06352340430021286,0.06488898396492004,0.06539788097143173,0.20173689723014832,1.0,0.4457586407661438,0.15559130907058716,0.0010861996561288834,0.3579331636428833,0.00656922347843647,1.0,4.0
926,926,1.658830569777031e-08,0.2685338854789734,0,0.3485417664051056,-0.002661573700606823,-0.0049179354682564735,-0.0021099953446537256,-0.010863212868571281,0.0037246160209178925,0.25,0.0,0.05747252702713013,1.962798705790192e-05,-0.005833346396684647,-0.001936107873916626,-0.0038972385227680206,0.0918503850698471,0.08601704239845276,0.14930903911590576,0.14737293124198914,0.37432077527046204,1.0,0.2959398627281189,0.14609257876873016,0.002189531922340393,0.2549489140510559,0.008993842639029026,1.0,4.0
927,927,1.614541475901443e-08,0.10164714604616165,0,0.34728413820266724,-0.004977978765964508,-0.005322451703250408,0.005286109633743763,0.0052682324312627316,0.003478387137874961,0.25,0.0,0.05641210451722145,1.3977230992168188e-05,0.005050200968980789,0.006455784663558006,-0.001405583694577217,0.03263755887746811,0.0376877598464489,0.12692828476428986,0.13338406383991241,0.3125109076499939,1.0,0.31364962458610535,0.09935774654150009,0.002518683671951294,0.2643669843673706,0.0268254391849041,1.0,4.0
928,928,1.570841943568446e-08,0.29380396008491516,0,0.3371824622154236,-0.015070809051394463,-0.01178758591413498,-0.007597418501973152,-0.013749492354691029,0.0073089636862277985,0.375,0.25,0.07021865248680115,9.228287672158331e-05,0.02358376234769821,0.004350259900093079,0.019233502447605133,0.07608357816934586,0.09966734051704407,0.18857434391975403,0.1929246038198471,0.29791349172592163,1.0,0.22462795674800873,0.1676677018404007,0.0017220168374478817,0.33499863743782043,0.007729300297796726,1.0,4.0
929,929,1.5277325052430568e-08,0.06425389647483826,0,0.17253172397613525,-0.018320057541131973,-0.015650957822799683,-0.0027342073153704405,-0.005065509118139744,0.0008155456162057817,0.125,0.25,0.07209455966949463,1.4415349141927436e-05,0.00463249534368515,0.0031200647354125977,0.0015124306082725525,0.020595401525497437,0.025227896869182587,0.09282327443361282,0.09594333916902542,1.0,0.0,-0.10328497737646103,0.091307133436203,0.0007710957434028387,0.28306320309638977,0.004029886797070503,1.0,4.0
930,930,1.4852136862001763e-08,0.374458909034729,0,0.5174334645271301,-0.01377725601196289,-0.013164987787604332,-0.010001275688409805,-0.012650159187614918,0.0037882626056671143,0.375,0.5,0.06425496190786362,1.4350508536153939e-05,-0.0018141195178031921,-0.00668703019618988,0.004872910678386688,0.09807233512401581,0.09625821560621262,0.23547154664993286,0.2287845015525818,0.3654964566230774,1.0,0.27168479561805725,0.1206437200307846,0.0009175575687550008,0.30810803174972534,0.004982256330549717,1.0,4.0
931,931,1.4432860045182016e-08,0.5058715343475342,0,0.5239188075065613,-0.012632172554731369,-0.014666808769106865,-0.0037428659852594137,-0.011517822742462158,0.0074002863839268684,0.375,0.25,0.06143135577440262,1.217441058543045e-05,0.01269967295229435,0.0206906720995903,-0.007990999147295952,0.11817331612110138,0.13087299466133118,0.3065710663795471,0.327261745929718,0.2101227343082428,1.0,0.4588744044303894,0.14790533483028412,0.0007608023006469011,0.33689314126968384,0.0038489666767418385,1.0,4.0
932,932,1.4019499710726911e-08,0.30993908643722534,0,0.5201252102851868,-0.00863176304847002,-0.008163485676050186,-0.013261830434203148,-0.014807682484388351,0.0013770705554634333,0.375,0.25,0.07102995365858078,1.9103576050838456e-05,0.001684269867837429,0.0021576397120952606,-0.0004733698442578316,0.09375312179327011,0.09543739259243011,0.21558034420013428,0.21773798763751984,0.37649571895599365,1.0,0.2715999484062195,0.17355722188949585,0.0017158659175038338,0.34724825620651245,0.010528021492064,1.0,4.0
933,933,1.3612060895301757e-08,0.09893392771482468,0,0.3459653854370117,-0.004783612675964832,-0.006602858193218708,-0.001996572595089674,-0.01058976911008358,0.007012579124420881,0.25,0.25,0.0652516782283783,1.1691057807183824e-05,-0.0006570052355527878,-0.001876823604106903,0.0012198183685541153,0.0864446833729744,0.08578767627477646,0.25732362270355225,0.25544679164886475,1.0,0.0,-0.33208200335502625,0.17570342123508453,0.0006906008347868919,0.5493107438087463,0.0030821533873677254,1.0,4.0
934,934,1.3210548563419855e-08,0.27490919828414917,0,0.3434031009674072,-0.00217488338239491,-0.00024190382100641727,-3.582937642931938e-05,-0.0043384842574596405,0.005221197381615639,0.25,0.25,0.06287682801485062,1.0159395969822071e-05,0.008815979585051537,0.002412322908639908,0.006403656676411629,0.06531107425689697,0.07412705570459366,0.13572685420513153,0.13813918828964233,0.2308230996131897,1.0,0.41204342246055603,0.12201348692178726,0.0009160796762444079,0.3031999170780182,0.004808743484318256,1.0,4.0
935,935,1.2814967607382432e-08,0.3251316547393799,0,0.5198915004730225,-0.0017243459587916732,-0.0038559227250516415,0.0007972436142154038,-0.0027517382986843586,0.0046233986504375935,0.625,0.125,0.0721057578921318,0.0007788828806951642,0.01306941732764244,0.012978535145521164,9.088218212127686e-05,0.1957222819328308,0.20879170298576355,0.27594301104545593,0.2889215350151062,0.20895886421203613,1.0,0.46801313757896423,0.25703713297843933,0.0015696622431278229,0.3709132671356201,0.006518559996038675,1.0,4.0
936,936,1.2425322847218367e-08,0.48288723826408386,0,0.5200715065002441,-0.007883923128247261,-0.009494629688560963,-0.0014231051318347454,-0.00382420071400702,0.005411201156675816,0.375,0.5,0.058537378907203674,1.7906961147673428e-05,0.005910605192184448,0.006313815712928772,-0.00040321052074432373,0.13892288506031036,0.1448334902524948,0.27070415019989014,0.2770179808139801,0.3034619390964508,1.0,0.3164544999599457,0.22094224393367767,0.0024224999360740185,0.3566797375679016,0.03070303052663803,1.0,4.0
937,937,1.2041619030626282e-08,0.16901683807373047,0,0.34810400009155273,-0.009908274747431278,-0.012287057936191559,0.0016092841979116201,-0.005424942821264267,0.004384574946016073,0.25,0.25,0.07283338159322739,1.8631757484399714e-05,-0.008496563881635666,-0.005440579727292061,-0.003055984154343605,0.07076828181743622,0.062271714210510254,0.11931484192609787,0.11387426406145096,0.4282093644142151,1.0,0.23906317353248596,0.15259481966495514,0.001517257303930819,0.29629185795783997,0.009804888628423214,1.0,4.0
938,938,1.166386083291604e-08,0.1851988285779953,0,0.3439825177192688,-0.017795652151107788,-0.01774783618748188,-0.0002874336205422878,-0.0017785183154046535,0.0025663012638688087,0.375,0.25,0.07115770876407623,1.4621925402025227e-05,-0.00452713668346405,-0.009728047996759415,0.005200911313295364,0.11271175742149353,0.10818462073802948,0.19265452027320862,0.1829264760017395,0.18232612311840057,1.0,0.5600595474243164,0.23045283555984497,0.0010452050482854247,0.3716719150543213,0.006244404707103968,1.0,4.0
939,939,1.1292052856952062e-08,0.24734021723270416,0,0.5221335887908936,-0.018593136221170425,-0.010691491886973381,-0.002074020216241479,-0.010655106045305729,0.009878265671432018,0.375,0.5,0.07848180830478668,1.6838406736496836e-05,0.00620245561003685,0.010733701288700104,-0.004531245678663254,0.09911234676837921,0.10531480610370636,0.30450183153152466,0.31523552536964417,0.48213404417037964,1.0,0.19507206976413727,0.1329336166381836,0.0012722471728920937,0.38104844093322754,0.010822707787156105,1.0,4.0
940,940,1.0926199633097154e-08,0.25682803988456726,0,0.5192990899085999,-0.006844269577413797,-0.00953251589089632,-0.004680950194597244,-0.00885931309312582,0.006844938732683659,0.375,0.25,0.06630197912454605,0.0007028459804132581,-0.0047682225704193115,-0.005915485322475433,0.0011472627520561218,0.0887371078133583,0.083968885242939,0.2526487708091736,0.24673330783843994,0.4033847451210022,1.0,0.2648580074310303,0.12556713819503784,0.0037351995706558228,0.25530698895454407,0.04668540135025978,1.0,4.0
941,941,1.0566305619157501e-08,0.19717885553836823,0,0.5116420984268188,-0.007868700660765171,-0.010001552291214466,-0.009857101365923882,-0.013010815717279911,0.005481037776917219,0.375,0.0,0.06757012009620667,5.2202864026185125e-05,0.017810361459851265,0.0012724995613098145,0.01653786189854145,0.08289070427417755,0.10070106387138367,0.2727821171283722,0.2740546464920044,1.0,0.0,0.05721302703022957,0.11298282444477081,0.0013326944317668676,0.3235206604003906,0.006325315218418837,1.0,4.0
942,942,1.0212375200327972e-08,0.07448514550924301,0,0.1745598316192627,-0.014151044189929962,-0.01325108390301466,-0.005218349397182465,-0.005330304149538279,0.0017373389564454556,0.25,0.125,0.06855706870555878,1.3322864106157795e-05,-0.00264112651348114,-0.00010498426854610443,-0.0025361422449350357,0.02742825821042061,0.02478713169693947,0.07242057472467422,0.07231558859348297,0.8335637450218201,1.0,0.12702195346355438,0.13880309462547302,0.0016861713957041502,0.28114357590675354,0.00984632596373558,1.0,4.0
943,943,9.864412689139123e-09,0.29245027899742126,0,0.346822053194046,-0.010674923658370972,-0.008681338280439377,-0.000552052166312933,-0.003963426686823368,0.0032894625328481197,0.375,0.375,0.05799008905887604,1.6432386473752558e-05,0.010251435451209545,0.01074470579624176,-0.0004932703450322151,0.07209084928035736,0.08234228938817978,0.1695847362279892,0.18032944202423096,0.29487982392311096,1.0,0.32719412446022034,0.17235508561134338,0.0009057970019057393,0.3530876040458679,0.00586337735876441,1.0,4.0
944,944,9.522422325404233e-09,0.2858586311340332,0,0.34794265031814575,-0.005425714887678623,-0.007539540994912386,-0.003006450366228819,-0.005250680260360241,0.003981751389801502,0.25,0.25,0.06600756198167801,1.7552647477714345e-05,-0.00256187841296196,0.00015968456864356995,-0.00272156298160553,0.0490715391933918,0.04650966078042984,0.08449074625968933,0.0846504345536232,0.6639068126678467,1.0,0.1494596302509308,0.10593447089195251,0.0011313025606796145,0.2961817681789398,0.007569522596895695,1.0,4.0
945,945,9.186408276168011e-09,0.11535497009754181,0,0.17410126328468323,-0.018216922879219055,-0.015970664098858833,-0.006210569757968187,-0.007120115682482719,0.0008021661778911948,0.125,0.0,0.06460773199796677,1.4550161722581834e-05,-0.0017521567642688751,-0.00012587010860443115,-0.001626286655664444,0.020712804049253464,0.01896064728498459,0.07606355845928192,0.07593768835067749,0.6337658166885376,1.0,0.17525571584701538,0.10629361122846603,0.0013973949244245887,0.2961006164550781,0.008885491639375687,1.0,4.0
946,946,8.856374635655695e-09,0.11891772598028183,0,0.3414931893348694,-0.00852949172258377,-0.003948529250919819,-0.0014997073449194431,-0.0047686053439974785,0.001992755103856325,0.25,0.25,0.057795245200395584,2.510716876713559e-05,0.015002026222646236,0.0047788359224796295,0.010223190300166607,0.03131372109055519,0.046315744519233704,0.12236349284648895,0.12714233994483948,0.6602370738983154,1.0,0.1315855234861374,0.1262127310037613,0.0008607505587860942,0.3021862506866455,0.0049581690691411495,1.0,4.0
947,947,8.53232542522292e-09,0.21200856566429138,0,0.5191847681999207,-0.011346626095473766,-0.0109624695032835,-0.01316791120916605,-0.01380172185599804,0.0026899883523583412,0.375,0.5,0.06796987354755402,2.6809868359123357e-05,-0.005639122799038887,-0.007021740078926086,0.0013826172798871994,0.10568732023239136,0.10004819929599762,0.25077125430107117,0.2437494993209839,0.29395776987075806,1.0,0.3494075536727905,0.13905119895935059,0.0006518965819850564,0.31229305267333984,0.002623080275952816,1.0,4.0
948,948,8.214264593307096e-09,0.31720906496047974,0,0.17319129407405853,-0.01009542029350996,-0.010301991365849972,0.0027254121378064156,0.002705107443034649,0.0014530664775520563,0.125,0.25,0.06494419276714325,1.4004316653881688e-05,-1.1295080184936523e-05,-0.00020235776901245117,0.00019106268882751465,0.04843804985284805,0.048426754772663116,0.06335412710905075,0.0631517693400383,0.17898844182491302,1.0,0.5403043031692505,0.14292454719543457,0.0007743217865936458,0.3200336694717407,0.003978819586336613,1.0,4.0
949,949,7.90219601537906e-09,0.1526382863521576,0,0.34353402256965637,-0.011914019472897053,-0.008185626938939095,-0.004918293096125126,-0.008284696377813816,0.002630210015922785,0.25,0.5,0.0683678537607193,2.069558104267344e-05,0.00793805718421936,0.001833401620388031,0.006104655563831329,0.05416182801127434,0.0620998851954937,0.15066644549369812,0.15249985456466675,0.36854472756385803,1.0,0.266162633895874,0.11024770885705948,0.0007311285007745028,0.31358468532562256,0.00406190799549222,1.0,4.0
950,950,7.59612349389599e-09,0.453719824552536,0,0.3473109006881714,-0.0008218511939048767,-0.0011134855449199677,0.005610338877886534,0.005479149054735899,0.001620480907149613,0.25,0.25,0.060177601873874664,1.3691800631931983e-05,-0.0042024776339530945,-0.0027606450021266937,-0.0014418326318264008,0.0880587100982666,0.08385623246431351,0.1465982049703598,0.1438375562429428,0.2141709327697754,1.0,0.47662511467933655,0.15450482070446014,0.0018783988198265433,0.3208698630332947,0.01337755098938942,1.0,4.0
951,951,7.2960507582549565e-09,0.4799124598503113,0,0.696081280708313,0.0032700488809496164,-0.005681139882653952,0.005065197125077248,-0.006670690141618252,0.012841304764151573,0.75,0.125,0.058846671134233475,1.284309837501496e-05,-0.0017585214227437973,0.004003286361694336,-0.005761807784438133,0.1452593058347702,0.14350077509880066,0.36007755994796753,0.36408084630966187,0.4818980395793915,1.0,0.2251550406217575,0.13697588443756104,0.0020957777742296457,0.3500440716743469,0.00683982577174902,1.0,4.0
952,952,7.0019814647475636e-09,0.36042940616607666,0,0.3468708395957947,-0.0035032781306654215,-0.0003801377024501562,-0.0047097355127334595,-0.005611538887023926,0.001264431863091886,0.25,0.5,0.06848615407943726,1.9192604668205604e-05,-0.002601558342576027,-0.002025999128818512,-0.000575559213757515,0.08316656202077866,0.08056500554084778,0.22030572593212128,0.21827971935272217,0.3765984773635864,1.0,0.2582085430622101,0.18221521377563477,0.0011640869779512286,0.3892255425453186,0.006591605022549629,1.0,4.0
953,953,6.713919196515316e-09,0.195047527551651,0,0.17286938428878784,-0.006542554125189781,-0.00021491374354809523,-0.005579762626439333,-0.008937868289649487,0.0038221897557377815,0.25,0.25,0.053038038313388824,1.2690999938058667e-05,-0.001903139054775238,-0.0027558356523513794,0.0008526965975761414,0.04080064967274666,0.03889751061797142,0.12067274749279022,0.11791691184043884,0.3571741282939911,1.0,0.2821826934814453,0.12925726175308228,0.000763995572924614,0.35429245233535767,0.004538190551102161,1.0,4.0
954,954,6.431867463506046e-09,0.576828122138977,0,0.5197185277938843,-0.004591802600771189,-0.01320444792509079,-0.004770229104906321,-0.011308388784527779,0.004617122933268547,0.625,0.125,0.07235461473464966,6.139765901025385e-05,0.02218811772763729,0.01786772347986698,0.0043203942477703094,0.10997572541236877,0.13216383755207062,0.639727771282196,0.6575955152511597,0.8352372050285339,1.0,0.10036720335483551,0.11536824703216553,0.03426388278603554,0.3047018051147461,0.4194333255290985,1.0,4.0
955,955,6.15582970243117e-09,0.06701386719942093,0,0.17462942004203796,-0.020185671746730804,-0.016277022659778595,-0.00635708961635828,-0.008963069878518581,0.0013096763286739588,0.25,0.25,0.07268992066383362,3.62965656677261e-05,-0.0017267391085624695,0.0009353645145893097,-0.002662103623151779,0.023409930989146233,0.021683191880583763,0.07469023764133453,0.07562559843063354,0.4474582374095917,1.0,0.2217017263174057,0.11549895256757736,0.0049987370148301125,0.33289238810539246,0.01619163155555725,1.0,4.0
956,956,5.8858092767236076e-09,0.08227677643299103,0,0.17649567127227783,-0.012276168912649155,-0.005486786365509033,0.0027244261000305414,0.0026154860388487577,0.0003934960695914924,0.125,0.0,0.08417397737503052,7.870697299949825e-05,-0.00682397186756134,-0.00044687092304229736,-0.006377100944519043,0.025017686188220978,0.018193714320659637,0.11250953376293182,0.11206266283988953,1.0,0.0,0.013557006604969501,0.25469207763671875,0.028097741305828094,0.5551676750183105,0.3131716847419739,1.0,4.0
957,957,5.621809476497097e-09,0.12066778540611267,0,0.16956542432308197,-0.009209347888827324,-0.008590243756771088,-0.0027268112171441317,-0.002823085291311145,0.0003816740936599672,0.125,0.0,0.0647643581032753,1.7821166693465784e-05,-0.019421786069869995,-0.02692074328660965,0.0074989572167396545,0.04536757990717888,0.025945793837308884,0.14705833792686462,0.12013759464025497,0.39779940247535706,1.0,0.27924391627311707,0.15900558233261108,0.0024148423690348864,0.39674296975135803,0.017397237941622734,1.0,4.0
958,958,5.3638335185058335e-09,0.5725358724594116,0,0.34950071573257446,-0.004394769202917814,-0.006167053245007992,0.0002458207309246063,3.463565371930599e-05,0.0015608788235113025,0.375,0.25,0.06318750977516174,2.4771808966761455e-05,-0.013757744804024696,-0.00797954946756363,-0.005778195336461067,0.10822616517543793,0.09446842223405838,0.175589457154274,0.16760990023612976,0.2589796483516693,1.0,0.39158132672309875,0.18555358052253723,0.0010002905037254095,0.3320774734020233,0.005666092969477177,1.0,4.0
959,959,5.111884546105505e-09,0.25540658831596375,0,0.5326753854751587,-0.011149699799716473,-0.01088964007794857,-0.0022831084206700325,-0.011141957715153694,0.004083406180143356,0.375,0.25,0.06007276475429535,1.2806989616365172e-05,-0.02795995958149433,-0.002580791711807251,-0.02537916786968708,0.15514133870601654,0.12718138098716736,0.36466771364212036,0.3620868921279907,1.0,0.0,-0.03146747499704361,0.19231830537319183,0.0008146787295117974,0.4146081507205963,0.004886609967797995,1.0,4.0
960,960,4.865965629214819e-09,0.8341046571731567,0,0.17250540852546692,-0.008590355515480042,-0.012691029347479343,-0.003911234438419342,-0.007947038859128952,0.001350682694464922,0.125,0.0,0.06605072319507599,1.2852775398641825e-05,0.003265693783760071,0.0017004609107971191,0.0015652328729629517,0.11838629841804504,0.12165199220180511,0.550058126449585,0.5517585873603821,0.34252604842185974,1.0,0.2763184905052185,0.1333451122045517,0.10062716156244278,0.36993473768234253,0.4841001629829407,1.0,4.0
961,961,4.626079764278201e-09,0.2524091899394989,0,0.1729527711868286,-0.0036697564646601677,-0.01280354242771864,-0.0003544397186487913,-0.00201223511248827,0.0015281836967915297,0.125,0.0,0.06489303708076477,1.1558700862224214e-05,0.00413087010383606,0.003462359309196472,0.0006685107946395874,0.0244120005518198,0.02854287065565586,0.1069197729229927,0.11038213223218918,0.8002549409866333,1.0,0.1222103014588356,0.18483735620975494,0.0008538929978385568,0.3587009012699127,0.004108013119548559,1.0,4.0
962,962,4.3922298742291585e-09,0.5559812784194946,0,0.533173680305481,-0.010196179151535034,-0.010016296058893204,-0.007273707538843155,-0.01738665997982025,0.010446800850331783,0.375,0.5,0.07907895743846893,4.3515330617083237e-05,-0.01752348057925701,0.008453257381916046,-0.025976737961173058,0.1402054727077484,0.12268197536468506,0.2904074490070343,0.29886072874069214,0.4463009834289551,1.0,0.23495349287986755,0.14535409212112427,0.0007986785494722426,0.34068405628204346,0.003695535473525524,1.0,4.0
963,963,4.164418808454806e-09,0.1658419668674469,0,0.17806760966777802,-0.012174178846180439,-0.010612503625452518,-0.0027864600997418165,-0.003592304652556777,0.0011415139306336641,0.125,0.0,0.08888667821884155,3.5344946809345856e-05,-0.013731645420193672,-0.00425972044467926,-0.009471924975514412,0.03624966740608215,0.02251802198588848,0.09179631620645523,0.08753659576177597,0.635200560092926,1.0,0.18177080154418945,0.24853931367397308,0.002016583224758506,0.5395316481590271,0.007413647603243589,1.0,4.0
964,964,3.9426493427611175e-09,0.10703090578317642,0,0.17848894000053406,0.007536389399319887,0.0072515662759542465,0.006705614738166332,0.0027515876572579145,0.002021262189373374,0.125,0.0,0.0567810945212841,1.6550948203075677e-05,-0.0034619420766830444,0.00683632493019104,-0.010298267006874084,0.20179536938667297,0.19833342730998993,0.29374948143959045,0.3005858063697815,1.0,0.0,-0.0621098168194294,0.30601805448532104,0.0179147906601429,0.5347224473953247,0.171098992228508,1.0,4.0
965,965,3.7269241793390084e-09,0.30698513984680176,0,0.6907892823219299,-0.01647660881280899,-0.01818794198334217,-0.013183915987610817,-0.01708613708615303,0.010660883039236069,0.625,0.375,0.08741485327482224,0.00015987882215995342,-0.01799454540014267,-0.022918734699487686,0.0049241892993450165,0.18178947269916534,0.16379490494728088,0.4094187021255493,0.38649994134902954,1.0,0.0,0.07508917897939682,0.15706849098205566,0.0026513654738664627,0.3603358268737793,0.009042633697390556,1.0,4.0
966,966,3.5172459467315286e-09,0.18259505927562714,0,0.6997549533843994,-0.009947404265403748,-0.008118410594761372,-0.00875499565154314,-0.010787569917738438,0.004237603861838579,0.625,0.125,0.05331353098154068,8.924680514610372e-06,-0.00830578152090311,0.004755992442369461,-0.013061773963272572,0.0858130007982254,0.07750721275806427,0.3423033058643341,0.34705930948257446,0.3537653088569641,1.0,0.2848637104034424,0.08719825744628906,0.004488600883632898,0.30570098757743835,0.09457343816757202,1.0,4.0
967,967,3.313617199801777e-09,0.6341009736061096,0,0.6956748962402344,-0.008191624656319618,-0.0081090796738863,-0.009493594989180565,-0.012732976116240025,0.004753997549414635,0.875,0.375,0.07281282544136047,0.00032373666181229055,-0.04593546688556671,-0.04095162823796272,-0.004983840510249138,0.17849940061569214,0.13256391882896423,0.41710740327835083,0.3761557340621948,1.0,0.0,-0.15653608739376068,0.13850203156471252,0.017881175503134727,0.35875216126441956,0.048664115369319916,1.0,4.0
968,968,3.116040419701815e-09,0.2103053331375122,0,0.5115731358528137,-0.012127706781029701,-0.011798526160418987,0.0024156803265213966,-0.003991629928350449,0.005851017311215401,0.5,0.375,0.07768344134092331,1.61078896780964e-05,0.011165114119648933,-0.005540430545806885,0.016705544665455818,0.11218847334384918,0.12335358560085297,0.21773424744606018,0.2121938169002533,0.22660855948925018,1.0,0.42889732122421265,0.14846451580524445,0.0009897621348500252,0.3240780234336853,0.006358277052640915,1.0,4.0
969,969,2.924518013842303e-09,0.772468090057373,0,0.5165306329727173,-0.01298125833272934,-0.012558849528431892,-0.012797541916370392,-0.014725410379469395,0.004482228774577379,0.375,0.5,0.10234467685222626,4.480587085708976e-05,0.010114725679159164,0.0032136663794517517,0.006901059299707413,0.18920181691646576,0.19931653141975403,0.2800016701221466,0.28321534395217896,0.18073207139968872,1.0,0.5415375232696533,0.2650912404060364,0.0012535748537629843,0.3810403048992157,0.006145150400698185,1.0,4.0
970,970,2.739052315863355e-09,0.0585075207054615,0,0.17385020852088928,-0.015214446000754833,-0.009017768315970898,-0.0027860181871801615,-0.008100168779492378,0.006311225704848766,0.125,0.25,0.07202096283435822,8.073434582911432e-05,0.005793862044811249,0.006919413805007935,-0.0011255517601966858,0.029467009007930756,0.035260871052742004,0.09567014873027802,0.10258956253528595,1.0,0.0,-0.19420453906059265,0.12626507878303528,0.0007408952806144953,0.3747251033782959,0.00279279425740242,1.0,4.0
971,971,2.559645585605896e-09,0.2543209195137024,0,0.3497864007949829,-0.01191866584122181,-0.013830364681780338,-0.007041308097541332,-0.01127919927239418,0.00362718990072608,0.375,0.125,0.0609818771481514,1.1568196896405425e-05,-0.010727500542998314,-0.004411403089761734,-0.00631609745323658,0.05983557552099228,0.049108076840639114,0.16535404324531555,0.16094264388084412,0.5304862856864929,1.0,0.18938513100147247,0.13041342794895172,0.009379766881465912,0.29310348629951477,0.07750734686851501,1.0,4.0
972,972,2.3863000090844076e-09,0.47304069995880127,0,0.7078388929367065,-0.010566700249910355,-0.013899559155106544,-0.02155672386288643,-0.022722050547599792,0.0030594600830227137,0.5,0.25,0.07800792157649994,2.1113086404511705e-05,-0.0027023646980524063,0.026264794170856476,-0.02896716073155403,0.1681269109249115,0.16542455554008484,0.45894718170166016,0.48521196842193604,0.39156338572502136,1.0,0.26223137974739075,0.18048250675201416,0.001876944792456925,0.40889596939086914,0.013044102117419243,1.0,4.0
973,973,2.2190176984600016e-09,0.1302715390920639,0,0.34807902574539185,-0.010748940519988537,-0.016328107565641403,0.0007663874421268702,0.0001574645284563303,0.000717836432158947,0.5,0.375,0.06720160692930222,6.994500290602446e-05,-0.0005606040358543396,0.0024412069469690323,-0.003001810982823372,0.08759556710720062,0.08703497052192688,0.14191724359989166,0.14435844123363495,0.22618485987186432,1.0,0.44880419969558716,0.1921631395816803,0.0009571518748998642,0.32471734285354614,0.004592246375977993,1.0,4.0
974,974,2.057800692014833e-09,0.17807969450950623,0,0.5125631093978882,-0.003772744443267584,0.0010181883117184043,0.0032239847350865602,-0.005320595111697912,0.006159043870866299,0.5,0.625,0.056622214615345,1.0596570064080879e-05,0.010734593495726585,-0.004062134772539139,0.014796728268265724,0.17594057321548462,0.18667516112327576,0.355079710483551,0.351017564535141,0.5621052980422974,1.0,0.17581059038639069,0.2676185071468353,0.0008708219975233078,0.4917452335357666,0.004309997893869877,1.0,4.0
975,975,1.9026509541272273e-09,0.10101430863142014,0,0.16919384896755219,-0.012146024964749813,-0.013474474661052227,-0.002495929365977645,-0.002686276799067855,0.0016282971482723951,0.125,0.25,0.06134872883558273,1.5983016055542976e-05,0.010755453258752823,0.002501450479030609,0.008254002779722214,0.034640777856111526,0.04539623111486435,0.10536792874336243,0.10786937922239304,1.0,0.0,-0.04130407050251961,0.406981885433197,0.0007176877115853131,0.5455474853515625,0.003085613250732422,1.0,4.0
976,976,1.7535703752478147e-09,0.26257750391960144,0,0.519600510597229,-0.009245280176401138,-0.012941744178533554,-0.010564196854829788,-0.014218279160559177,0.0058591836132109165,0.375,0.5,0.06491370499134064,2.7178768505109474e-05,-0.00591203011572361,-0.0064396485686302185,0.0005276184529066086,0.21337881684303284,0.20746678113937378,0.45747044682502747,0.45103079080581665,1.0,0.0,0.01307660061866045,0.24764040112495422,0.0007992578903213143,0.509617030620575,0.004042170476168394,1.0,4.0
977,977,1.6105607718764346e-09,0.19218744337558746,0,0.35450026392936707,-0.00038561224937438965,-0.005159186199307442,0.0004104035906493664,-0.006776276044547558,0.0038456162437796593,0.25,0.0,0.072941854596138,1.402089765178971e-05,0.0007397346198558807,0.0164157897233963,-0.01567605510354042,0.04754798859357834,0.04828772321343422,0.15530139207839966,0.17171716690063477,0.4505752623081207,1.0,0.20297326147556305,0.18710246682167053,0.0010507195256650448,0.3872144818305969,0.006703257095068693,1.0,4.0
978,978,1.4736238865398765e-09,0.4054614305496216,0,0.523391842842102,-0.012160626240074635,-0.010001084767282009,-0.00123273441568017,-0.005172544624656439,0.005799390375614166,0.375,0.25,0.07849804311990738,2.2915548470336944e-05,-0.0009641274809837341,0.005865253508090973,-0.006829380989074707,0.13273394107818604,0.1317698210477829,0.2161366045475006,0.222001850605011,0.2628464102745056,1.0,0.38646963238716125,0.17898476123809814,0.0008090056944638491,0.32440245151519775,0.004254541359841824,1.0,4.0
979,979,1.342761387770952e-09,0.059755295515060425,0,0.1734718531370163,-0.009215783327817917,-0.009922320023179054,-0.002717371564358473,-0.005662479437887669,0.004068070091307163,0.25,0.125,0.08619324862957001,5.586746192420833e-05,0.0009053517132997513,0.0012732446193695068,-0.00036789290606975555,0.019966349005699158,0.020871702581644058,0.08585236966609955,0.08712561428546906,1.0,0.0,0.05027357488870621,0.12392181903123856,0.004289720673114061,0.3334156274795532,0.048950791358947754,1.0,4.0
980,980,1.217974870087901e-09,0.41498544812202454,0,0.5299794673919678,-0.0108016487210989,-0.01046330388635397,-0.00283800414763391,-0.005715702660381794,0.00230976939201355,0.375,0.5,0.08220186829566956,7.912419096101075e-05,0.018493279814720154,0.03847603499889374,-0.019982755184173584,0.2504968047142029,0.26899009943008423,0.5703927874565125,0.6088688373565674,1.0,0.0,0.06112590804696083,0.2933332920074463,0.009195324964821339,0.6418759822845459,0.06782206892967224,1.0,4.0
981,981,1.0992658539750177e-09,0.09226686507463455,0,0.34960561990737915,-0.013814656063914299,-0.014725206419825554,-0.010305032134056091,-0.010964721441268921,0.0024082555901259184,0.25,0.5,0.06488420069217682,1.2496917406679131e-05,0.001010112464427948,0.0070368945598602295,-0.0060267820954322815,0.07958604395389557,0.08059615641832352,0.30785390734672546,0.3148908019065857,1.0,0.0,-0.2697029411792755,0.18170255422592163,0.0009620306664146483,0.4839692711830139,0.00562325632199645,1.0,4.0
982,982,9.866357858642205e-10,0.5105820894241333,0,0.36264875531196594,-0.005511101335287094,-0.007033125963062048,-0.005236107390373945,-0.006402924656867981,0.0048111132346093655,0.375,0.0,0.058775149285793304,2.082222272292711e-05,-0.015110711567103863,0.016379892826080322,-0.03149060532450676,0.08664099872112274,0.071530282497406,0.2672918736934662,0.2836717665195465,0.5033135414123535,1.0,0.199185311794281,0.14514437317848206,0.007645196747034788,0.2617986500263214,0.13976942002773285,1.0,4.0
983,983,8.800860381173447e-10,0.1444389522075653,0,0.33879339694976807,0.0033033171202987432,0.001920976210385561,0.0055291904136538506,0.005512948147952557,0.002581898355856538,0.25,0.25,0.05756177753210068,1.0047793693956919e-05,0.009199313819408417,-0.00664474256336689,0.015844056382775307,0.0807880163192749,0.08998733013868332,0.23821522295475006,0.23157048225402832,1.0,0.0,-0.16615800559520721,0.20699742436408997,0.039537154138088226,0.4639425575733185,0.5757115483283997,1.0,4.0
984,984,7.79617909009489e-10,0.10379941016435623,0,0.33907246589660645,0.002929938491433859,0.001649864949285984,0.0003996058367192745,-0.00466285552829504,0.0035197781398892403,0.25,0.0,0.04673311486840248,8.157488082360942e-06,0.013399019837379456,-0.0018515586853027344,0.01525057852268219,0.06680774688720703,0.08020676672458649,0.22082102298736572,0.218969464302063,1.0,0.0,-0.18977384269237518,0.10502290725708008,0.001012838096357882,0.3165578842163086,0.008927524089813232,1.0,4.0
985,985,6.852326227130833e-10,0.09414754807949066,0,0.1682557761669159,-0.006419541779905558,-0.010474730283021927,-0.0009765415452420712,-0.008172763511538506,0.004477383568882942,0.125,0.0,0.07285301387310028,5.367850826587528e-05,0.0029424838721752167,-0.007222890853881836,0.010165374726057053,0.036798227578401566,0.03974071145057678,0.12390665709972382,0.11668376624584198,1.0,0.0,-0.0017781354254111648,0.09107879549264908,0.001726199290715158,0.33880001306533813,0.0060816239565610886,1.0,4.0
986,986,5.969313292830125e-10,0.28793737292289734,0,0.6881478428840637,-0.010119477286934853,-0.010366464033722878,0.00534089095890522,0.0016801455058157444,0.004554332699626684,0.625,0.125,0.07944784313440323,3.5206910979468375e-05,0.0036245277151465416,-0.006444819271564484,0.010069346986711025,0.1247265562415123,0.128351092338562,0.2753835916519165,0.2689387798309326,0.4342281222343445,1.0,0.23817357420921326,0.14324623346328735,0.0007693589432165027,0.31698617339134216,0.0033958987332880497,1.0,4.0
987,987,5.147151046426823e-10,0.1737610548734665,0,0.3467675745487213,-0.007191150449216366,-0.008782081305980682,-0.004653473384678364,-0.0046896543353796005,0.0019296600949019194,0.25,0.25,0.07747446000576019,2.8755363018717617e-05,-0.0005583371967077255,-0.00017089396715164185,-0.0003874432295560837,0.05566592514514923,0.055107586085796356,0.1703384518623352,0.17016756534576416,0.8234806060791016,1.0,0.12215401977300644,0.12958908081054688,0.0007619322277605534,0.2771129608154297,0.004240772686898708,1.0,4.0
988,988,4.3858495057080836e-10,0.2244124561548233,0,0.17581124603748322,-0.004915410187095404,-0.0083882762119174,-0.0007537648780271411,-0.002730817534029484,0.0021519761066883802,0.125,0.0,0.06570710986852646,1.5707662896602415e-05,-0.005295250564813614,-0.00027158111333847046,-0.005023669451475143,0.04967271536588669,0.044377464801073074,0.08440418541431427,0.0841326043009758,0.269599586725235,1.0,0.36311110854148865,0.17572802305221558,0.001212778384797275,0.3331533968448639,0.005998037289828062,1.0,4.0
989,989,3.6854179468942536e-10,0.04896729812026024,0,0.17220038175582886,0.001497604069299996,0.001524025690741837,0.00031266745645552874,0.00011778518091887236,0.0006549922982230783,0.25,0.125,0.056292369961738586,1.152593904407695e-05,0.0010732552036643028,-0.0011081043630838394,0.0021813595667481422,0.01805943250656128,0.019132688641548157,0.09245577454566956,0.09134767204523087,1.0,0.0,-0.07525565475225449,0.12155230343341827,0.0007143506081774831,0.3221861720085144,0.0038458986673504114,1.0,4.0
990,990,3.0458649045211894e-10,0.3986333906650543,0,0.17808543145656586,-0.00444738008081913,-0.006703921593725681,-0.002373100956901908,-0.0026927876751869917,0.002341753803193569,0.125,0.25,0.06429527699947357,2.0523886632872745e-05,-0.0029380694031715393,0.006568834185600281,-0.00950690358877182,0.06657382845878601,0.06363575905561447,0.16244502365589142,0.1690138578414917,0.2162347435951233,1.0,0.4898122251033783,0.13558921217918396,0.0010542856762185693,0.3286883234977722,0.005603334866464138,1.0,4.0
991,991,2.4671981713419997e-10,0.3329659700393677,0,0.5224500298500061,-0.0034803743474185467,-0.006660870276391506,0.0012646084651350975,-0.0036755739711225033,0.005846356973052025,0.5,0.375,0.08253900706768036,3.283637488493696e-05,0.0033094482496380806,0.008407646790146828,-0.005098198540508747,0.13239338994026184,0.13570283353328705,0.3388446271419525,0.3472522497177124,1.0,0.0,0.040846824645996094,0.1612747311592102,0.001920992974191904,0.4003390669822693,0.008353648707270622,1.0,4.0
992,992,1.9494247982282387e-10,0.3837060034275055,0,0.5064703226089478,-0.004807577934116125,-0.0027159126475453377,-0.013065699487924576,-0.01583758555352688,0.0054316213354468346,0.375,0.5,0.05300077795982361,1.1377697774150874e-05,0.0026396289467811584,-0.024409793317317963,0.02704942226409912,0.09012145549058914,0.0927610844373703,0.3545520007610321,0.33014219999313354,0.538485050201416,1.0,0.19276222586631775,0.10081467032432556,0.006122157908976078,0.3011253774166107,0.06983990967273712,1.0,4.0
993,993,1.4925510940844154e-10,0.07982747256755829,0,0.3504400849342346,-0.014301279559731483,-0.017625831067562103,-0.008927810937166214,-0.013549656607210636,0.0022279042750597,0.5,0.375,0.06206405162811279,1.3269867849885486e-05,-0.008771891705691814,-0.0010888539254665375,-0.007683037780225277,0.057332366704940796,0.048560477793216705,0.16670767962932587,0.16561882197856903,1.0,0.0,-0.10389706492424011,0.0924421101808548,0.0007243509753607213,0.30242007970809937,0.0037077232263982296,1.0,4.0
994,994,1.0965826257725019e-10,0.96908038854599,0,0.5269349813461304,-0.012266041710972786,-0.008803792297840118,-0.0024990790989249945,-0.01284118928015232,0.007252738811075687,0.375,0.5,0.059679094702005386,1.1977799658779986e-05,-0.010807899758219719,0.002919308841228485,-0.013727208599448204,0.15953877568244934,0.14873087406158447,0.5965591669082642,0.5994784832000732,0.5269410014152527,1.0,0.21557565033435822,0.1997324824333191,0.04511181265115738,0.46753883361816406,0.40797343850135803,1.0,4.0
995,995,7.615242180436521e-11,0.30858179926872253,0,0.5270320773124695,-0.013408402912318707,-0.01081564836204052,-0.0016095545142889023,-0.002769519342109561,0.004516781307756901,0.5,0.25,0.07272880524396896,1.4607220691686962e-05,0.010887576267123222,0.02510187029838562,-0.014214294031262398,0.22630858421325684,0.2371961772441864,0.5614107847213745,0.5865126848220825,1.0,0.0,-0.06963600963354111,0.3171011209487915,0.004725696984678507,0.675599217414856,0.038726165890693665,1.0,4.0
996,996,4.873799534788059e-11,0.0,0,0.0,-0.011434915475547314,-0.012016944587230682,0.0,0.0,0.0,0.0,0.0,0.0648573487997055,1.3434721040539443e-05,0.0,0.0,0.0,0.0,0.0,0.0,0.0,1.0,0.0,0.0,0.143196702003479,0.0007772705284878612,0.3026880621910095,0.0038027125410735607,1.0,4.0
997,997,2.7415317243928427e-11,0.12070992588996887,0,0.6904935240745544,-0.0053216153755784035,-0.00946086086332798,-0.003899702802300453,-0.008216887712478638,0.0059521738439798355,0.5,0.5,0.07053275406360626,1.2944656191393733e-05,0.00630844384431839,0.0009193643927574158,0.005389079451560974,0.13356375694274902,0.13987219333648682,0.4980480372905731,0.49896737933158875,1.0,0.0,-0.14123865962028503,0.13086070120334625,0.0007520826766267419,0.45135247707366943,0.004877690225839615,1.0,4.0
998,998,1.2184647302626582e-11,0.3470171391963959,0,0.33907750248908997,-0.010506785474717617,-0.00550428032875061,-0.0002045431174337864,-0.0062500773929059505,0.0058326395228505135,0.25,0.5,0.07732007652521133,2.798228888423182e-05,0.016763996332883835,0.0015989318490028381,0.015165064483880997,0.10609428584575653,0.12285828590393066,0.18059013783931732,0.18218907713890076,0.22707515954971313,1.0,0.40843015909194946,0.20263753831386566,0.031812798231840134,0.3563624322414398,0.3239261209964752,1.0,4.0
999,999,3.046171104803541e-12,0.20639993250370026,0,0.5183765292167664,-0.010323872789740562,-0.010261641815304756,-0.007153364829719067,-0.009043664671480656,0.004104039631783962,0.375,0.25,0.054973501712083817,1.1324864317430183e-05,0.0030326880514621735,-1.4651566743850708e-05,0.003047339618206024,0.0842304676771164,0.08726315200328827,0.20745381712913513,0.20743916928768158,0.2997642457485199,1.0,0.3313466012477875,0.1378520131111145,0.0007117356872186065,0.31414899230003357,0.00318286195397377,1.0,4.0
1000,1000,0.0,0.15926821529865265,0,0.34856903553009033,-0.007172885816544294,-0.011654611676931381,-0.005265325307846069,-0.013872042298316956,0.007204797118902206,0.25,0.25,0.06475076824426651,1.1292360795778222e-05,-0.004944507032632828,-0.001064404845237732,-0.003880102187395096,0.1141187995672226,0.10917428880929947,0.2723323702812195,0.27126795053482056,0.7556303143501282,1.0,0.134955495595932,0.20743867754936218,0.0007645273581147194,0.3934597373008728,0.00397241348400712,1.0,4.0
