step,train/attempt,train/lr,train/grad_norm,train/nonfinite_grad_skips,loss_score,loss_kl,loss_disagree,score_min,score_mean,score_disagree,kl_to_base
1,1,1.0000000000000002e-06,0.00966183003038168,0,0.02010624296963215,0.0,1.9516082829795778e-05,-0.02010624296963215,-0.0032758088782429695,0.0003903216274920851,0.0
2,2,2.0000000000000003e-06,0.011993496678769588,0,0.020060187205672264,0.0,1.0261893294227775e-05,-0.020060187205672264,-0.006527429446578026,0.00020523785497061908,0.0
3,3,3e-06,0.007357019931077957,0,0.017401380464434624,2.7401480110711418e-05,1.2329511264397297e-05,-0.017401380464434624,-0.002451264765113592,0.00024659023620188236,0.00027401477564126253
4,4,4.000000000000001e-06,0.022406959906220436,0,0.021044859662652016,1.042126132233534e-05,1.250385230378015e-05,-0.021044859662652016,-0.005727780517190695,0.0002500770497135818,0.00010421261686133221
5,5,5e-06,0.008928234688937664,0,0.021855928003787994,8.463071935693733e-06,1.3168430086807348e-05,-0.021855928003787994,-0.005155292339622974,0.00026336859446018934,8.463072299491614e-05
6,6,6e-06,0.009258551523089409,0,0.012149117887020111,9.735137609823141e-06,9.353728273708839e-06,-0.012149117887020111,0.0006998956669121981,0.00018707456183619797,9.735138155519962e-05
7,7,7.000000000000001e-06,0.012114726938307285,0,0.01502351462841034,5.11270081915427e-05,2.089512418024242e-05,-0.01502351462841034,0.005235959310084581,0.00041790245450101793,0.0005112700164318085
8,8,8.000000000000001e-06,0.021001674234867096,0,0.03419298678636551,1.837769741541706e-05,2.898906313930638e-05,-0.03419298678636551,-0.013252174481749535,0.0005797812482342124,0.00018377698143012822
9,9,9e-06,0.011692044325172901,0,0.02121536247432232,8.183178579201922e-06,2.1163257770240307e-05,-0.02121536247432232,-0.004841575399041176,0.00042326515540480614,8.18317785160616e-05
10,10,1e-05,0.008187191560864449,0,0.03768597170710564,7.401331913570175e-06,2.9003384042880498e-05,-0.03768597170710564,-0.016423949971795082,0.0005800676881335676,7.401331822620705e-05
11,11,1.1000000000000001e-05,0.010435832664370537,0,0.023999493569135666,1.200360475195339e-05,2.4604265490779653e-05,-0.023999493569135666,-0.008861992508172989,0.0004920852952636778,0.0001200360493385233
12,12,1.2e-05,0.010994342155754566,0,0.01581440307199955,1.3944184502179269e-05,1.760444138199091e-05,-0.01581440307199955,0.002491732593625784,0.00035208879853598773,0.0001394418504787609
13,13,1.3000000000000001e-05,0.008884123526513577,0,0.017240669578313828,6.666372883046279e-06,1.568890547787305e-05,-0.017240669578313828,-0.0015873309457674623,0.0003137781168334186,6.666372792096809e-05
14,14,1.4000000000000001e-05,0.01000156719237566,0,0.025039173662662506,7.396849014185136e-06,1.8781767721520737e-05,-0.025039173662662506,-0.006867581512778997,0.0003756352816708386,7.396849105134606e-05
15,15,1.5e-05,0.006168270017951727,0,0.018166013062000275,7.311205081350636e-06,1.6252597561106086e-05,-0.018166013062000275,-0.0006826771423220634,0.0003250519512221217,7.311205263249576e-05
16,16,1.6000000000000003e-05,0.014423053711652756,0,0.019360948354005814,1.1365658792783506e-05,2.423143814667128e-05,-0.019360948354005814,-0.000605046225246042,0.00048462877748534083,0.00011365659156581387
17,17,1.7000000000000003e-05,0.025732647627592087,0,0.022134490311145782,1.3521798791771289e-05,1.2596754459082149e-05,-0.022134490311145782,-0.0061678700149059296,0.0002519350964576006,0.00013521798246074468
18,18,1.8e-05,0.01420385017991066,0,0.030380353331565857,1.1243180779274553e-05,1.979973239940591e-05,-0.030380353331565857,-0.012207342311739922,0.00039599460433237255,0.00011243180779274553
19,19,1.9e-05,0.04120267182588577,0,0.023323073983192444,1.6272033462882973e-05,1.4257966540753841e-05,-0.023323073983192444,-0.007417823188006878,0.00028515933081507683,0.00016272033099085093
20,20,2e-05,0.008489022962749004,0,0.018711308017373085,7.786917194607668e-06,1.0467585525475442e-05,-0.018711308017373085,-0.004392589442431927,0.00020935172506142408,7.786916830809787e-05
21,21,2.1e-05,0.007611142471432686,0,0.015465987846255302,6.2581475503975525e-06,1.4496768926619552e-05,-0.015465987846255302,0.0005690334364771843,0.00028993538580834866,6.258147186599672e-05
22,22,2.2000000000000003e-05,0.016934508457779884,0,0.024538595229387283,1.1491997611301485e-05,1.2437953046173789e-05,-0.024538595229387283,-0.010396143421530724,0.00024875905364751816,0.00011491996701806784
23,23,2.3000000000000003e-05,0.0127851078286767,0,0.03185303136706352,1.2335434803389944e-05,1.4050976460566744e-05,-0.03185303136706352,-0.015831146389245987,0.00028101951465941966,0.00012335434439592063
24,24,2.4e-05,0.008941862732172012,0,0.013024108484387398,6.724145805492299e-06,1.2262779819138814e-05,-0.013024108484387398,0.0019942992366850376,0.00024525559274479747,6.724146078340709e-05
25,25,2.5e-05,0.010340563952922821,0,0.016003908589482307,9.890609362628311e-06,1.7379163182340562e-05,-0.016003908589482307,0.0005974047817289829,0.0003475832927506417,9.890607907436788e-05
26,26,2.6000000000000002e-05,0.021026957780122757,0,0.011199338361620903,1.6663141650496982e-05,1.5066909327288158e-05,-0.011199338361620903,0.003427834715694189,0.0003013381501659751,0.00016663142014294863
27,27,2.7000000000000002e-05,0.015666432678699493,0,0.0224718376994133,3.590880078263581e-05,1.3361368473852053e-05,-0.0224718376994133,-0.0064273434691131115,0.00026722735492512584,0.0003590880078263581
28,28,2.8000000000000003e-05,0.012271398678421974,0,0.01266547478735447,1.1176034604432061e-05,1.1453900697233621e-05,-0.01266547478735447,0.0008537720423191786,0.00022907799575477839,0.00011176035332027823
29,29,2.9e-05,0.015851076692342758,0,0.018471108749508858,1.4711997209815308e-05,1.4631373232987244e-05,-0.018471108749508858,-0.00409247912466526,0.00029262746102176607,0.00014711996482219547
30,30,3e-05,0.02532118745148182,0,0.024478930979967117,2.3126460291678086e-05,1.776534554664977e-05,-0.024478930979967117,-0.008060186170041561,0.00035530689638108015,0.00023126459564082325
31,31,3.1e-05,0.021003486588597298,0,0.03296026960015297,1.4076820662012324e-05,2.5276307496824302e-05,-0.03296026960015297,-0.013445138931274414,0.0005055261426605284,0.00014076821389608085
32,32,3.2000000000000005e-05,0.016310375183820724,0,0.028784550726413727,1.2526134014478885e-05,2.0288613086449914e-05,-0.028784550726413727,-0.012693680822849274,0.00040577223990112543,0.00012526134378276765
33,33,3.3e-05,0.015414364635944366,0,0.009295610710978508,2.9345863367780112e-05,1.2881796465080697e-05,-0.009295610710978508,0.004497673828154802,0.00025763592566363513,0.00029345860821194947
34,34,3.4000000000000007e-05,0.02360375225543976,0,0.027016572654247284,4.352389805717394e-05,1.6542671801289544e-05,-0.027016572654247284,-0.007700024172663689,0.0003308533923700452,0.00043523896601982415
35,35,3.5e-05,0.028084898367524147,0,0.023234788328409195,3.534824645612389e-05,3.288802327006124e-05,-0.023234788328409195,-0.00620427867397666,0.00065776047995314,0.0003534824645612389
36,36,3.6e-05,0.03752783685922623,0,0.02614210546016693,6.0862275859108195e-05,1.3318811397766694e-05,-0.02614210546016693,-0.008725699037313461,0.0002663761842995882,0.00060862279497087
37,37,3.7e-05,0.022792451083660126,0,0.021711427718400955,0.00015033916861284524,1.6805137420305982e-05,-0.021711427718400955,-0.005005957558751106,0.0003361027338542044,0.001503391657024622
38,38,3.8e-05,0.017380332574248314,0,0.01387192215770483,8.535809320164844e-05,1.8535265553509817e-05,-0.01387192215770483,0.0010281451977789402,0.0003707052965182811,0.0008535810047760606
39,39,3.9000000000000006e-05,0.012687264010310173,0,0.011148834601044655,9.968984522856772e-05,1.0655119695002213e-05,-0.011148834601044655,0.0023271883837878704,0.00021310239390004426,0.0009968983940780163
40,40,4e-05,0.04961644113063812,0,0.018692901358008385,0.00027799332747235894,1.252495712833479e-05,-0.018692901358008385,-0.003515755757689476,0.0002504991425666958,0.0027799331583082676
41,41,4.1e-05,0.03053126111626625,0,0.017471669241786003,0.00023478401999454945,2.0541179765132256e-05,-0.017471669241786003,-0.0003695480991154909,0.00041082361713051796,0.0023478399962186813
42,42,4.2e-05,0.028233854100108147,0,0.013560101389884949,0.00046220203512348235,8.311202691402286e-06,-0.013560101389884949,-0.001917539513669908,0.00016622402472421527,0.004622019827365875
43,43,4.3e-05,0.03482087701559067,0,0.023277267813682556,0.00042940143612213433,1.653687286307104e-05,-0.023277267813682556,-0.007289710454642773,0.00033073744270950556,0.004294014070183039
44,44,4.4000000000000006e-05,0.026320116594433784,0,0.027803687378764153,0.00048797568888403475,2.5703033315949142e-05,-0.027803687378764153,-0.0073830075562000275,0.0005140606663189828,0.004879756830632687
45,45,4.5e-05,0.07319501042366028,0,0.02639840543270111,0.0005525257438421249,1.948692079167813e-05,-0.02639840543270111,-0.009864685125648975,0.00038973838672973216,0.005525257438421249
46,46,4.600000000000001e-05,0.0300001110881567,0,0.01594923809170723,0.0011378260096535087,1.869796687969938e-05,-0.01594923809170723,0.0017606542678549886,0.0003739593375939876,0.011378259398043156
47,47,4.7e-05,0.027352087199687958,0,0.02060079760849476,0.0008648980292491615,1.3374763511819765e-05,-0.02060079760849476,-0.004725469276309013,0.00026749525568448007,0.008648979477584362
48,48,4.8e-05,0.0300318393856287,0,0.014734211377799511,0.0011016365606337786,1.026544032356469e-05,-0.014734211377799511,0.00031473184935748577,0.0002053088101092726,0.011016364209353924
49,49,4.9e-05,0.024475576356053352,0,0.011460001580417156,0.0009591582347638905,1.0963454769807868e-05,-0.011460001580417156,0.0024826410226523876,0.00021926910267211497,0.009591583162546158
50,50,5e-05,0.02243390679359436,0,0.01185792125761509,0.001440084190107882,1.1281785191386007e-05,-0.01185792125761509,0.002089857589453459,0.00022563571110367775,0.014400841668248177
51,51,5.1000000000000006e-05,0.06154017895460129,0,0.009059193544089794,0.00228652055375278,1.059960231941659e-05,-0.009059193544089794,0.00452853599563241,0.0002119920391123742,0.022865204140543938
52,52,5.2000000000000004e-05,0.018848855048418045,0,0.010366394184529781,0.0018363927956670523,2.5737856049090624e-05,-0.010366394184529781,0.004860080312937498,0.0005147571209818125,0.01836392842233181
53,53,5.300000000000001e-05,0.028208810836076736,0,0.009531687013804913,0.0024199183098971844,1.7070227841031738e-05,-0.009531687013804913,0.004878489300608635,0.00034140454954467714,0.02419918216764927
54,54,5.4000000000000005e-05,0.13431642949581146,0,0.019363144412636757,0.0027774623595178127,1.7661528545431793e-05,-0.019363144412636757,-0.00137763237580657,0.0003532305418048054,0.027774624526500702
55,55,5.500000000000001e-05,0.027133813127875328,0,0.01679861545562744,0.0024323533289134502,7.114379513950553e-06,-0.01679861545562744,-0.005438434425741434,0.00014228759391698986,0.024323532357811928
56,56,5.6000000000000006e-05,0.033531542867422104,0,0.0019147621933370829,0.0021894110832363367,4.629854629456531e-06,-0.0019147621933370829,0.006745544727891684,9.259708895115182e-05,0.02189411222934723
57,57,5.6999999999999996e-05,0.02626538649201393,0,0.003627386409789324,0.003720398060977459,5.359432634577388e-06,-0.003627386409789324,0.005771573632955551,0.00010718864359660074,0.03720397874712944
58,58,5.8e-05,0.026495547965168953,0,0.010005537420511246,0.003194211982190609,7.548017038061516e-06,-0.010005537420511246,0.0021056211553514004,0.0001509603316662833,0.03194211795926094
59,59,5.9e-05,0.09348501265048981,0,0.008112163282930851,0.004183230921626091,8.226445970649365e-06,-0.008112163282930851,0.0031320382840931416,0.00016452890122309327,0.04183231294155121
60,60,6e-05,0.05084334686398506,0,0.004461176693439484,0.0037053043488413095,1.1916346011275891e-05,-0.004461176693439484,0.00774060795083642,0.00023832693113945425,0.03705304116010666
61,61,6.1e-05,0.029365530237555504,0,0.010868008248507977,0.005057452712208033,1.0751055015134625e-05,-0.010868008248507977,0.0028266357257962227,0.00021502110757865012,0.05057452619075775
62,62,6.2e-05,0.043207455426454544,0,0.0029535030480474234,0.005570052657276392,9.772709745448083e-06,-0.0029535030480474234,0.009279608726501465,0.00019545418035704643,0.055700525641441345
63,63,6.3e-05,0.028327738866209984,0,0.009903684258460999,0.005378147587180138,1.2644264643313363e-05,-0.009903684258460999,0.006759433075785637,0.00025288527831435204,0.05378147214651108
64,64,6.400000000000001e-05,0.029364382848143578,0,0.004015236161649227,0.004478669259697199,7.583109436382074e-06,-0.004015236161649227,0.008015875704586506,0.00015166218508966267,0.044786691665649414
65,65,6.500000000000001e-05,0.02635715715587139,0,0.0035005321260541677,0.007054811809211969,6.201777978276368e-06,-0.0035005321260541677,0.008515367284417152,0.00012403554865159094,0.07054811716079712
66,66,6.6e-05,0.06394080072641373,0,0.006589143071323633,0.006123395636677742,9.986567420128267e-06,-0.006589143071323633,0.006999439559876919,0.00019973135204054415,0.06123396009206772
67,67,6.7e-05,0.029754597693681717,0,-0.00038790679536759853,0.00420417683199048,6.450963155657519e-06,0.00038790679536759853,0.011055786162614822,0.00012901925947517157,0.04204176738858223
68,68,6.800000000000001e-05,0.03727707266807556,0,3.750436007976532e-05,0.005821125581860542,8.572584192734212e-06,-3.750436007976532e-05,0.013142609037458897,0.00017145169840659946,0.058211252093315125
69,69,6.9e-05,0.04505152255296707,0,-0.0023652534000575542,0.006214931607246399,6.20566243014764e-06,0.0023652534000575542,0.013118710368871689,0.0001241132413269952,0.06214931607246399
70,70,7e-05,0.03943641856312752,0,0.0012269807048141956,0.006509057246148586,1.2257805792614818e-05,-0.0012269807048141956,0.012517663650214672,0.00024515611585229635,0.06509056687355042
71,71,7.1e-05,0.04946523532271385,0,0.001748897135257721,0.0061498163267970085,5.938316462561488e-06,-0.001748897135257721,0.009059149771928787,0.00011876632925122976,0.06149815768003464
72,72,7.2e-05,0.03879298269748688,0,0.002308673458173871,0.006205687765032053,6.507889338536188e-06,-0.002308673458173871,0.009235253557562828,0.00013015777221880853,0.062056876718997955
73,73,7.3e-05,0.03993288055062294,0,0.003270629560574889,0.006493800785392523,8.46522470965283e-06,-0.003270629560574889,0.007847913540899754,0.0001693044905550778,0.0649380013346672
74,74,7.4e-05,0.03485861420631409,0,-0.0003898551221936941,0.007231004070490599,5.422475624072831e-06,0.0003898551221936941,0.010553300380706787,0.0001084495015675202,0.07231003791093826
75,75,7.500000000000001e-05,0.04887669160962105,0,-0.004632270894944668,0.007773309014737606,5.87879503655131e-06,0.004632270894944668,0.015138981863856316,0.00011757588799810037,0.07773308455944061
76,76,7.6e-05,0.03840465471148491,0,-0.004677397198975086,0.006057115271687508,7.886793355282862e-06,0.004677397198975086,0.01773822493851185,0.00015773587801959366,0.060571156442165375
77,77,7.7e-05,0.04317567124962807,0,-0.0024932287633419037,0.007000821642577648,5.730556949856691e-06,0.0024932287633419037,0.013893021270632744,0.00011461113899713382,0.07000821828842163
78,78,7.800000000000001e-05,0.02633272297680378,0,0.0031819245778024197,0.007652428932487965,7.559219739050604e-06,-0.0031819245778024197,0.008796505630016327,0.00015118438750505447,0.0765242874622345
79,79,7.900000000000001e-05,0.04322050139307976,0,0.001357421511784196,0.0066948216408491135,7.584514150948962e-06,-0.001357421511784196,0.010967658832669258,0.00015169028483796865,0.06694821268320084
80,80,8e-05,0.02229798398911953,0,-0.004547623451799154,0.006653147749602795,7.0977825998852495e-06,0.004547623451799154,0.016124341636896133,0.0001419556501787156,0.0665314793586731
81,81,8.1e-05,0.03214627504348755,0,0.004556470550596714,0.007807981222867966,9.084960765903816e-06,-0.004556470550596714,0.008118990808725357,0.00018169920076616108,0.07807981222867966
82,82,8.2e-05,0.061579905450344086,0,-0.003052911488339305,0.008152637630701065,1.3149810911272652e-05,0.003052911488339305,0.015122966840863228,0.000262996181845665,0.08152637630701065
83,83,8.3e-05,0.05698782205581665,0,-0.003072751685976982,0.006549883168190718,7.9816136349109e-06,0.003072751685976982,0.015480490401387215,0.0001596322690602392,0.06549882888793945
84,84,8.4e-05,0.029319243505597115,0,-0.0026791749987751245,0.008092779666185379,4.787278157891706e-06,0.0026791749987751245,0.011453041806817055,9.574556315783411e-05,0.0809277892112732
85,85,8.5e-05,0.030398817732930183,0,-0.005572959780693054,0.007400956004858017,6.128310815256555e-06,0.005572959780693054,0.01623724028468132,0.00012256621266715229,0.07400956004858017
86,86,8.6e-05,0.03279924765229225,0,-0.0040664151310920715,0.007742718793451786,6.290852070378605e-06,0.0040664151310920715,0.014230754226446152,0.0001258170377695933,0.07742718607187271
87,87,8.7e-05,0.036866363137960434,0,-0.008906415663659573,0.007744136732071638,4.749040726892417e-06,0.008906415663659573,0.017985789105296135,9.498081635683775e-05,0.07744136452674866
88,88,8.800000000000001e-05,0.033149510622024536,0,-0.005444252863526344,0.00756001565605402,6.294462309597293e-06,0.005444252863526344,0.01669112592935562,0.00012588924437295645,0.07560015469789505
89,89,8.900000000000001e-05,0.05775357782840729,0,-0.005522363353520632,0.00853126123547554,1.2893066013930365e-05,0.005522363353520632,0.02156364731490612,0.00025786133483052254,0.085312619805336
90,90,9e-05,0.04959191381931305,0,-0.014064662158489227,0.007839199155569077,5.5506525313830934e-06,0.014064662158489227,0.024908561259508133,0.00011101305426564068,0.07839198410511017
91,91,9.1e-05,0.03912971541285515,0,-0.018530670553445816,0.008959291502833366,7.879280929046217e-06,0.018530670553445816,0.029408954083919525,0.00015758561494294554,0.08959291130304337
92,92,9.200000000000001e-05,0.04713837429881096,0,-0.004572834819555283,0.00892809871584177,8.148435881594196e-06,0.004572834819555283,0.01676035113632679,0.00016296871763188392,0.08928099274635315
93,93,9.300000000000001e-05,0.048214346170425415,0,-0.01151006855070591,0.007968385703861713,6.860923804197228e-06,0.01151006855070591,0.022452061995863914,0.00013721847790293396,0.07968385517597198
94,94,9.4e-05,0.04205245524644852,0,-0.009812470525503159,0.007410567253828049,6.867944193800213e-06,0.009812470525503159,0.019896117970347404,0.00013735887478105724,0.07410567998886108
95,95,9.5e-05,0.05491945147514343,0,-0.017565367743372917,0.007531304843723774,5.649875220115064e-06,0.017565367743372917,0.027943860739469528,0.00011299749894533306,0.07531304657459259
96,96,9.6e-05,0.05231953412294388,0,-0.004224308300763369,0.008806879632174969,6.620405656576622e-06,0.004224308300763369,0.015113325789570808,0.00013240810949355364,0.08806879073381424
97,97,9.7e-05,0.051696937531232834,0,-0.013329539448022842,0.007564766798168421,9.817694262892473e-06,0.013329539448022842,0.02712201327085495,0.00019635388161987066,0.07564766705036163
98,98,9.8e-05,0.17554831504821777,0,-0.016302576288580894,0.009102115407586098,9.453066923015285e-06,0.016302576288580894,0.03032090701162815,0.00018906132027041167,0.09102115035057068
99,99,9.900000000000001e-05,0.06905479729175568,0,-0.004458730574697256,0.010297732427716255,1.254004928341601e-05,0.004458730574697256,0.01924787275493145,0.0002508009783923626,0.10297732055187225
100,100,0.0001,0.09390921145677567,0,-0.03094443865120411,0.007969621568918228,1.0331038538424764e-05,0.03094443865120411,0.045588381588459015,0.0002066207816824317,0.07969621568918228
101,101,9.999987411224159e-05,0.04514400660991669,0,-0.011913008987903595,0.008249138481914997,1.1386120604583994e-05,0.011913008987903595,0.026583172380924225,0.00022772239753976464,0.08249139040708542
102,102,9.999949644960028e-05,0.08228301256895065,0,-0.01549249142408371,0.008469877764582634,1.2130820323363878e-05,0.01549249142408371,0.028691306710243225,0.00024261638463940471,0.08469876646995544
103,103,9.999886701397774e-05,0.07186075299978256,0,-0.014579092152416706,0.009023226797580719,1.7156224203063175e-05,0.014579092152416706,0.030692115426063538,0.0003431244695093483,0.09023226797580719
104,104,9.999798580854356e-05,0.07135945558547974,0,-0.021582966670393944,0.009266954846680164,9.393485015607439e-06,0.021582966670393944,0.03611455112695694,0.0001878697075881064,0.0926695466041565
105,105,9.999685283773504e-05,0.11505596339702606,0,-0.028331056237220764,0.00958695262670517,1.441227323084604e-05,0.028331056237220764,0.04639235511422157,0.00028824544278904796,0.0958695262670517
106,106,9.999546810725726e-05,0.06219020113348961,0,-0.01679118350148201,0.009385408833622932,1.0258971087750979e-05,0.01679118350148201,0.03144904598593712,0.00020517941447906196,0.09385409206151962
107,107,9.999383162408304e-05,0.07635845988988876,0,-0.014374451711773872,0.009858671575784683,2.2358448404702358e-05,0.014374451711773872,0.031919918954372406,0.00044716891716234386,0.09858671575784683
108,108,9.999194339645292e-05,0.0513579361140728,0,-0.039342641830444336,0.009517042897641659,1.19239430205198e-05,0.039342641830444336,0.05511150136590004,0.0002384788531344384,0.09517043083906174
109,109,9.998980343387507e-05,0.055359624326229095,0,-0.02114153653383255,0.009142962284386158,1.4003296200826298e-05,0.02114153653383255,0.03794872760772705,0.0002800659276545048,0.09142962843179703
110,110,9.998741174712533e-05,0.08622933179140091,0,-0.04679305478930473,0.009220125153660774,1.441387394152116e-05,0.04679305478930473,0.0623931810259819,0.0002882774861063808,0.09220124781131744
111,111,9.998476834824704e-05,0.06891583651304245,0,-0.032769449055194855,0.008868131786584854,1.4494240531348623e-05,0.032769449055194855,0.0475684329867363,0.00028988480335101485,0.08868131786584854
112,112,9.998187325055106e-05,0.16966110467910767,0,-0.02570723369717598,0.008934258483350277,1.8558122974354774e-05,0.02570723369717598,0.042405154556035995,0.000371162430383265,0.08934259414672852
113,113,9.997872646861569e-05,0.05223329737782478,0,-0.041996944695711136,0.009162800386548042,1.0561428098299075e-05,0.041996944695711136,0.05525856837630272,0.0002112285583280027,0.09162800014019012
114,114,9.997532801828658e-05,0.07633397728204727,0,-0.047462206333875656,0.009283758699893951,1.661246278672479e-05,0.047462206333875656,0.06396210938692093,0.00033224927028641105,0.09283758699893951
115,115,9.997167791667667e-05,0.07370621711015701,0,-0.03629274666309357,0.008917849510908127,9.69563643593574e-06,0.03629274666309357,0.048142433166503906,0.00019391271052882075,0.08917850255966187
116,116,9.996777618216607e-05,0.15996544063091278,0,-0.01810225285589695,0.009270601905882359,2.8555346943903714e-05,0.01810225285589695,0.03721173480153084,0.0005711069679819047,0.09270602464675903
117,117,9.996362283440202e-05,0.04737640172243118,0,-0.0347687192261219,0.00891417358070612,2.6631721993908286e-05,0.0347687192261219,0.05236854776740074,0.0005326343816705048,0.08914174139499664
118,118,9.995921789429874e-05,0.16675442457199097,0,-0.01850857585668564,0.008765230886638165,2.8170377845526673e-05,0.01850857585668564,0.03893173485994339,0.0005634075496345758,0.0876523032784462
119,119,9.995456138403733e-05,0.12285348027944565,0,-0.029185820370912552,0.008630422875285149,1.9403240003157407e-05,0.029185820370912552,0.04525753855705261,0.0003880648291669786,0.08630423247814178
120,120,9.994965332706573e-05,0.14222024381160736,0,-0.030156860128045082,0.007977370172739029,1.6853666238603182e-05,0.030156860128045082,0.04558544605970383,0.0003370733465999365,0.07977369427680969
121,121,9.994449374809851e-05,0.15708422660827637,0,-0.02758045122027397,0.007782236207276583,3.040854244318325e-05,0.02758045122027397,0.04571559280157089,0.0006081708706915379,0.07782236486673355
122,122,9.993908267311676e-05,0.1288749724626541,0,-0.04988710209727287,0.007788743358105421,1.2341215551714413e-05,0.04988710209727287,0.06226189434528351,0.0002468242892064154,0.07788743078708649
123,123,9.993342012936799e-05,0.07821562141180038,0,-0.025646358728408813,0.00705687515437603,1.8976055798702873e-05,0.025646358728408813,0.04237499460577965,0.00037952110869809985,0.0705687552690506
124,124,9.992750614536605e-05,0.06966724246740341,0,-0.033672451972961426,0.006782428361475468,8.753676411288325e-06,0.033672451972961426,0.046427417546510696,0.0001750735245877877,0.06782428175210953
125,125,9.992134075089084e-05,0.06939761340618134,0,-0.04346093162894249,0.006529444362968206,1.689028795226477e-05,0.04346093162894249,0.05902405083179474,0.0003378057444933802,0.06529443711042404
126,126,9.991492397698826e-05,0.13442060351371765,0,-0.033012062311172485,0.006968078203499317,1.6362893802579492e-05,0.033012062311172485,0.04841231182217598,0.00032725787605158985,0.06968078017234802
127,127,9.990825585597003e-05,0.04478870704770088,0,-0.033293887972831726,0.006343659944832325,1.0051181561721023e-05,0.033293887972831726,0.04698139801621437,0.00020102362032048404,0.0634365975856781
128,128,9.990133642141359e-05,0.06719394773244858,0,-0.062217265367507935,0.006737447809427977,1.089846045942977e-05,0.062217265367507935,0.07550696283578873,0.00021796919463668019,0.06737448275089264
129,129,9.989416570816177e-05,0.0764344334602356,0,-0.018220463767647743,0.005957460962235928,2.4479260900989175e-05,0.018220463767647743,0.035878416150808334,0.0004895852180197835,0.059574611485004425
130,130,9.98867437523228e-05,0.09835559129714966,0,-0.026624560356140137,0.0061601512134075165,8.384943612327334e-06,0.026624560356140137,0.03895997628569603,0.00016769887588452548,0.061601512134075165
131,131,9.987907059127004e-05,0.06797397881746292,0,-0.031297944486141205,0.005923778284341097,2.145575126633048e-05,0.031297944486141205,0.04641978442668915,0.0004291150253266096,0.059237781912088394
132,132,9.987114626364171e-05,0.07473646849393845,0,-0.02301761880517006,0.005853117443621159,1.5158228052314371e-05,0.02301761880517006,0.03735410049557686,0.0003031645610462874,0.058531180024147034
133,133,9.986297080934089e-05,0.06094596907496452,0,-0.03832847625017166,0.006167074665427208,2.35623047046829e-05,0.03832847625017166,0.05431557446718216,0.00047124610864557326,0.06167075037956238
134,134,9.985454426953513e-05,0.10722286254167557,0,-0.0565597340464592,0.006696111056953669,1.0942663720925339e-05,0.0565597340464592,0.07078151404857635,0.00021885328169446439,0.06696110963821411
135,135,9.98458666866564e-05,0.12693287432193756,0,-0.04548100754618645,0.006137728225439787,1.9705841623363085e-05,0.04548100754618645,0.06494486331939697,0.0003941168251913041,0.06137727573513985
136,136,9.983693810440073e-05,0.15598085522651672,0,-0.03639552742242813,0.006499115377664566,3.321162148495205e-05,0.03639552742242813,0.053949255496263504,0.0006642324151471257,0.06499115377664566
137,137,9.98277585677281e-05,0.06084439903497696,0,-0.036838266998529434,0.006359751336276531,8.157867341651581e-06,0.036838266998529434,0.04900598153471947,0.00016315735410898924,0.06359750777482986
138,138,9.981832812286216e-05,0.1658565253019333,0,-0.04451096057891846,0.006630470044910908,1.3926242900197394e-05,0.04451096057891846,0.05884809046983719,0.0002785248216241598,0.06630469858646393
139,139,9.980864681729001e-05,0.10625377297401428,0,-0.04611819237470627,0.00709708733484149,2.635725832078606e-05,0.04611819237470627,0.06489436328411102,0.0005271451082080603,0.07097087055444717
140,140,9.979871469976196e-05,0.34375423192977905,0,-0.03852134943008423,0.0072387997061014175,3.002545599883888e-05,0.03852134943008423,0.058117225766181946,0.00060050911270082,0.07238800078630447
141,141,9.978853182029128e-05,0.1527206152677536,0,-0.03960312530398369,0.006820445880293846,1.314607015956426e-05,0.03960312530398369,0.054407019168138504,0.00026292138500139117,0.06820445507764816
142,142,9.977809823015401e-05,0.05973641574382782,0,-0.03521706163883209,0.007570018991827965,4.945027831126936e-05,0.03521706163883209,0.05817796289920807,0.0009890056680887938,0.07570018619298935
143,143,9.976741398188856e-05,0.14901402592658997,0,-0.029858503490686417,0.007985981181263924,5.292833157000132e-05,0.029858503490686417,0.056521087884902954,0.0010585666168481112,0.07985981553792953
144,144,9.975647912929556e-05,0.08111149072647095,0,-0.07562889158725739,0.0086436215788126,1.6812971807667054e-05,0.07562889158725739,0.09086810052394867,0.00033625942887738347,0.0864362120628357
145,145,9.974529372743761e-05,0.08999869972467422,0,-0.039228204637765884,0.008364148437976837,1.2953589248354547e-05,0.039228204637765884,0.05323134735226631,0.0002590717631392181,0.08364147692918777
146,146,9.973385783263892e-05,0.11277633160352707,0,-0.04232164844870567,0.008803886361420155,1.41407781484304e-05,0.04232164844870567,0.057375140488147736,0.0002828155702445656,0.088038869202137
147,147,9.972217150248503e-05,0.12825416028499603,0,-0.060879528522491455,0.009102411568164825,1.4379038475453854e-05,0.060879528522491455,0.07566142082214355,0.00028758076950907707,0.09102412313222885
148,148,9.971023479582257e-05,0.06294065713882446,0,-0.04336658865213394,0.008499838411808014,1.4933261809346732e-05,0.04336658865213394,0.058517955243587494,0.00029866525437682867,0.08499838411808014
149,149,9.9698047772759e-05,0.07271591573953629,0,-0.06766068935394287,0.009164240211248398,5.750503078161273e-06,0.06766068935394287,0.07755934447050095,0.00011501005064928904,0.09164239466190338
150,150,9.968561049466214e-05,0.10836464911699295,0,-0.05477657541632652,0.00840988289564848,1.614312714082189e-05,0.05477657541632652,0.06908736377954483,0.00032286252826452255,0.08409882336854935
151,151,9.967292302416007e-05,0.07250598818063736,0,-0.0632229745388031,0.008609958924353123,2.6061972675961442e-05,0.0632229745388031,0.0793493390083313,0.0005212394171394408,0.08609959483146667
152,152,9.965998542514066e-05,0.12982583045959473,0,-0.0424518957734108,0.008056849241256714,1.156245889433194e-05,0.0424518957734108,0.056334998458623886,0.00023124917061068118,0.08056848496198654
153,153,9.964679776275133e-05,0.07449907064437866,0,-0.04174661636352539,0.008741023018956184,1.3900794328947086e-05,0.04174661636352539,0.05653037875890732,0.0002780158829409629,0.08741021156311035
154,154,9.963336010339868e-05,0.05077459663152695,0,-0.044354021549224854,0.008492073975503445,1.4323047253128607e-05,0.044354021549224854,0.05690039321780205,0.00028646091232076287,0.0849207416176796
155,155,9.961967251474822e-05,0.13534386456012726,0,-0.025045448914170265,0.008745989762246609,2.209867125202436e-05,0.025045448914170265,0.042381539940834045,0.0004419734177645296,0.08745989948511124
156,156,9.96057350657239e-05,0.09387116134166718,0,-0.05427514761686325,0.008818408474326134,1.9683671780512668e-05,0.05427514761686325,0.07109151035547256,0.00039367348654195666,0.08818408846855164
157,157,9.95915478265079e-05,0.05749901011586189,0,-0.04986207187175751,0.008750855922698975,1.1604572137002833e-05,0.04986207187175751,0.061959583312273026,0.00023209143546409905,0.08750855177640915
158,158,9.957711086854023e-05,0.15505839884281158,0,-0.05115613713860512,0.008970784023404121,2.511218553991057e-05,0.05115613713860512,0.07023345679044724,0.0005022436962462962,0.08970783650875092
159,159,9.956242426451834e-05,0.06872788071632385,0,-0.06144250929355621,0.008342539891600609,8.511216947226785e-06,0.06144250929355621,0.0716317817568779,0.00017022434622049332,0.08342539519071579
160,160,9.954748808839674e-05,0.47954198718070984,0,-0.04006972163915634,0.00884406641125679,2.4501092411810532e-05,0.04006972163915634,0.05872374027967453,0.0004900218336842954,0.0884406715631485
161,161,9.953230241538674e-05,0.04577977955341339,0,-0.04307737573981285,0.008856727741658688,1.6097696061478928e-05,0.04307737573981285,0.05502775311470032,0.0003219539066776633,0.08856727182865143
162,162,9.951686732195593e-05,0.07129151374101639,0,-0.057110317051410675,0.00890940148383379,1.2088113180652726e-05,0.057110317051410675,0.07057587802410126,0.00024176227452699095,0.08909402042627335
163,163,9.950118288582788e-05,0.17228242754936218,0,-0.05426358804106712,0.009375305846333504,2.2852671463624574e-05,0.05426358804106712,0.07185182720422745,0.00045705345110036433,0.09375305473804474
164,164,9.948524918598175e-05,0.1254778951406479,0,-0.053635697811841965,0.008889054879546165,1.0678254511731211e-05,0.053635697811841965,0.06633785367012024,0.00021356510114856064,0.08889054507017136
165,165,9.946906630265184e-05,0.0888199657201767,0,-0.03744799271225929,0.008601613342761993,1.5021352737676352e-05,0.03744799271225929,0.0522356741130352,0.00030042705475352705,0.08601613342761993
166,166,9.945263431732722e-05,0.08953209221363068,0,-0.050964172929525375,0.009475061669945717,1.0343164831283502e-05,0.050964172929525375,0.06561340391635895,0.0002068633184535429,0.09475061297416687
167,167,9.943595331275133e-05,0.29612860083580017,0,-0.06453947722911835,0.009537581354379654,1.6586938727414235e-05,0.06453947722911835,0.08171005547046661,0.0003317387599963695,0.09537580609321594
168,168,9.941902337292155e-05,0.09625672549009323,0,-0.056006401777267456,0.00951534416526556,1.973004691535607e-05,0.056006401777267456,0.07093185186386108,0.0003946009383071214,0.09515343606472015
169,169,9.940184458308875e-05,0.13984237611293793,0,-0.04527748003602028,0.009320056065917015,2.4042352379183285e-05,0.04527748003602028,0.06099002808332443,0.00048084702575579286,0.09320056438446045
170,170,9.938441702975689e-05,0.05096768960356712,0,-0.07574646174907684,0.010005645453929901,8.499048817611765e-06,0.07574646174907684,0.08773841708898544,0.0001699809799902141,0.10005645453929901
171,171,9.936674080068262e-05,0.09948830306529999,0,-0.049966149032115936,0.009791824966669083,2.0723869965877384e-05,0.049966149032115936,0.06606899201869965,0.0004144773702137172,0.09791824221611023
172,172,9.934881598487479e-05,0.0813104510307312,0,-0.07531381398439407,0.010697698220610619,8.824817086861003e-06,0.07531381398439407,0.08857957273721695,0.00017649633809924126,0.10697697848081589
173,173,9.933064267259395e-05,0.129245325922966,0,-0.061535678803920746,0.010510139167308807,3.7218760553514585e-05,0.061535678803920746,0.07962928712368011,0.000744375167414546,0.10510139167308807
174,174,9.931222095535204e-05,0.1538635939359665,0,-0.055948108434677124,0.010270746424794197,1.9291426724521443e-05,0.055948108434677124,0.07220637053251266,0.0003858285490423441,0.10270747542381287
175,175,9.92935509259118e-05,0.10389629006385803,0,-0.06729595363140106,0.010330000892281532,1.4663875845144503e-05,0.06729595363140106,0.0824001133441925,0.00029327752417884767,0.10330002009868622
176,176,9.927463267828633e-05,0.24316255748271942,0,-0.03518214076757431,0.009417388588190079,3.0215927836252376e-05,0.03518214076757431,0.053454697132110596,0.0006043185712769628,0.09417387843132019
177,177,9.92554663077387e-05,0.08001965284347534,0,-0.054281048476696014,0.009641390293836594,2.4061317162704654e-05,0.054281048476696014,0.07119887322187424,0.0004812263650819659,0.09641391038894653
178,178,9.923605191078133e-05,0.12969785928726196,0,-0.04881446063518524,0.009140348993241787,1.6267131286440417e-05,0.04881446063518524,0.06416407227516174,0.00032534264028072357,0.09140349924564362
179,179,9.921638958517565e-05,0.16903960704803467,0,-0.049655865877866745,0.00914505310356617,1.5729890947113745e-05,0.049655865877866745,0.0662296861410141,0.00031459779711440206,0.0914505273103714
180,180,9.919647942993148e-05,0.07647213339805603,0,-0.047311894595623016,0.008453311398625374,8.735592928132974e-06,0.047311894595623016,0.05979486182332039,0.00017471186583861709,0.08453311026096344
181,181,9.917632154530663e-05,0.08377832174301147,0,-0.0748961865901947,0.009324181824922562,1.862457975221332e-05,0.0748961865901947,0.09207417070865631,0.00037249160232022405,0.09324182569980621
182,182,9.915591603280631e-05,0.07098513841629028,0,-0.07686416804790497,0.008659029379487038,9.072010470845271e-06,0.07686416804790497,0.08947170525789261,0.0001814402057789266,0.08659029006958008
183,183,9.913526299518273e-05,0.1054418757557869,0,-0.04856804013252258,0.008397088386118412,1.701507790130563e-05,0.04856804013252258,0.06358885765075684,0.0003403016016818583,0.08397088944911957
184,184,9.911436253643445e-05,0.09425424039363861,0,-0.05954276770353317,0.009183118119835854,1.345857344858814e-05,0.05954276770353317,0.07320189476013184,0.00026917143259197474,0.09183117747306824
185,185,9.909321476180594e-05,0.19904913008213043,0,-0.048447657376527786,0.0088128000497818,1.5739644368295558e-05,0.048447657376527786,0.06506393849849701,0.000314792909193784,0.088128000497818
186,186,9.907181977778702e-05,0.07563904672861099,0,-0.052297066897153854,0.008572889491915703,1.0508094419492409e-05,0.052297066897153854,0.06595826894044876,0.0002101619029417634,0.08572888374328613
187,187,9.90501776921124e-05,0.08817325532436371,0,-0.05616183578968048,0.00872843898832798,1.1621328667388298e-05,0.05616183578968048,0.07120224088430405,0.00023242658062372357,0.0872843936085701
188,188,9.902828861376101e-05,0.15692463517189026,0,-0.05153464525938034,0.008409421890974045,2.3263162802322768e-05,0.05153464525938034,0.06990829110145569,0.00046526326332241297,0.08409421890974045
189,189,9.900615265295552e-05,0.10854094475507736,0,-0.07578903436660767,0.008799504488706589,2.844140908564441e-05,0.07578903436660767,0.09258130192756653,0.0005688281962648034,0.08799504488706589
190,190,9.898376992116179e-05,0.12854576110839844,0,-0.052071720361709595,0.00795622356235981,1.82051990123e-05,0.052071720361709595,0.06977782398462296,0.0003641039947979152,0.0795622318983078
191,191,9.896114053108829e-05,0.13571344316005707,0,-0.02989598736166954,0.008116248995065689,4.905545574729331e-05,0.02989598736166954,0.048046551644802094,0.000981109100393951,0.0811624750494957
192,192,9.893826459668558e-05,0.12180092185735703,0,-0.049998607486486435,0.008158855140209198,1.2680001418630127e-05,0.049998607486486435,0.06397663801908493,0.0002536000101827085,0.08158855140209198
193,193,9.891514223314561e-05,0.14877203106880188,0,-0.061362024396657944,0.008162051439285278,1.8547816580394283e-05,0.061362024396657944,0.07624055445194244,0.00037095631705597043,0.08162052184343338
194,194,9.889177355690135e-05,0.13279660046100616,0,-0.042181119322776794,0.007567372173070908,1.4939830180082936e-05,0.042181119322776794,0.05793692171573639,0.0002987965999636799,0.07567372173070908
195,195,9.886815868562596e-05,0.09857282787561417,0,-0.06201040744781494,0.007723209913820028,1.3557256352214608e-05,0.06201040744781494,0.07321057468652725,0.00027114510885439813,0.07723209261894226
196,196,9.884429773823239e-05,0.10071404278278351,0,-0.06652824580669403,0.0073651778511703014,8.246418474300299e-06,0.06652824580669403,0.0768919512629509,0.00016492836584802717,0.07365177571773529
197,197,9.882019083487268e-05,0.07934202253818512,0,-0.06980230659246445,0.007654750719666481,1.6126559785334393e-05,0.06980230659246445,0.083230160176754,0.00032253118115477264,0.07654750347137451
198,198,9.879583809693738e-05,0.17289721965789795,0,-0.05505593493580818,0.007217647507786751,3.221622318960726e-05,0.05505593493580818,0.0717020109295845,0.0006443244637921453,0.0721764788031578
199,199,9.877123964705497e-05,0.13008348643779755,0,-0.0676816999912262,0.007405073847621679,1.2595715816132724e-05,0.0676816999912262,0.08136442303657532,0.0002519143163226545,0.07405073940753937
200,200,9.874639560909117e-05,0.0550653412938118,0,-0.04892386123538017,0.007406025193631649,1.9336242985446006e-05,0.04892386123538017,0.06263813376426697,0.00038672483060508966,0.07406024634838104
201,201,9.872130610814845e-05,0.0770869180560112,0,-0.07550893723964691,0.007302100770175457,6.84271390127833e-06,0.07550893723964691,0.08652563393115997,0.0001368542725685984,0.07302100956439972
202,202,9.86959712705652e-05,0.06862674653530121,0,-0.047353241592645645,0.007207972463220358,4.6800047130091116e-05,0.047353241592645645,0.06674662977457047,0.0009360008989460766,0.07207971811294556
203,203,9.867039122391527e-05,0.12970022857189178,0,-0.055056381970644,0.007927319034934044,2.1961101083434187e-05,0.055056381970644,0.07303762435913086,0.0004392220580484718,0.07927317917346954
204,204,9.864456609700726e-05,0.07177663594484329,0,-0.0337902307510376,0.00709326658397913,1.0755969924503006e-05,0.0337902307510376,0.047292739152908325,0.00021511940576601774,0.07093267142772675
205,205,9.861849601988383e-05,0.31567421555519104,0,-0.06935450434684753,0.008256427943706512,8.46249531605281e-06,0.06935450434684753,0.0821850597858429,0.00016924992087297142,0.08256426453590393
206,206,9.859218112382116e-05,0.17353564500808716,0,-0.06575632095336914,0.008262734860181808,1.2872914339823183e-05,0.06575632095336914,0.07808859646320343,0.00025745827588252723,0.08262734115123749
207,207,9.856562154132817e-05,0.09528786689043045,0,-0.07729726284742355,0.008551475591957569,2.1552836187765934e-05,0.07729726284742355,0.09381986409425735,0.00043105671647936106,0.08551475405693054
208,208,9.853881740614591e-05,0.0802997276186943,0,-0.07598209381103516,0.008292822167277336,1.0584774827293586e-05,0.07598209381103516,0.08746245503425598,0.0002116954856319353,0.08292822539806366
209,209,9.851176885324689e-05,0.3976978659629822,0,-0.0567922368645668,0.008339946158230305,1.8588165403343737e-05,0.0567922368645668,0.07205672562122345,0.0003717632789630443,0.0833994522690773
210,210,9.848447601883435e-05,0.08856429159641266,0,-0.05816074460744858,0.008041003718972206,7.99820918473415e-06,0.05816074460744858,0.07010947912931442,0.0001599641691427678,0.08041003346443176
211,211,9.845693904034165e-05,0.13310788571834564,0,-0.05887064337730408,0.007912745699286461,2.3957774828886613e-05,0.05887064337730408,0.07560545951128006,0.0004791555111296475,0.07912746071815491
212,212,9.842915805643155e-05,0.08530624210834503,0,-0.058721788227558136,0.00734352320432663,1.197116853290936e-05,0.058721788227558136,0.07139275968074799,0.00023942335974425077,0.0734352320432663
213,213,9.840113320699548e-05,0.12825822830200195,0,-0.0502067431807518,0.007574004121124744,1.0816370377142448e-05,0.0502067431807518,0.06375148892402649,0.00021632740390487015,0.0757400393486023
214,214,9.837286463315283e-05,0.11691506206989288,0,-0.07306274026632309,0.007649119012057781,1.1058073141612113e-05,0.07306274026632309,0.08654090017080307,0.00022116146283224225,0.07649119198322296
215,215,9.834435247725033e-05,0.07619178295135498,0,-0.08039280027151108,0.007342454977333546,1.0366454262111802e-05,0.08039280027151108,0.09191720187664032,0.00020732905250042677,0.07342454791069031
216,216,9.831559688286121e-05,0.10816258192062378,0,-0.05373949185013771,0.0065856631845235825,1.486417113483185e-05,0.05373949185013771,0.06774507462978363,0.0002972834336105734,0.06585663557052612
217,217,9.828659799478456e-05,0.17482329905033112,0,-0.05828993022441864,0.006823708303272724,1.6768935893196613e-05,0.05828993022441864,0.07397489249706268,0.0003353786887601018,0.06823708117008209
218,218,9.825735595904462e-05,0.05330180749297142,0,-0.05665238946676254,0.006654994562268257,1.0696645404095761e-05,0.05665238946676254,0.06908662617206573,0.00021393290080595762,0.06654994189739227
219,219,9.822787092288991e-05,0.09682927280664444,0,-0.049522414803504944,0.007283892948180437,1.0187653970206156e-05,0.049522414803504944,0.062112461775541306,0.00020375307940412313,0.0728389248251915
220,220,9.819814303479267e-05,0.04758724570274353,0,-0.053224798291921616,0.007064709439873695,1.5375137081719004e-05,0.053224798291921616,0.06847663223743439,0.0003075027489103377,0.07064709067344666
221,221,9.816817244444798e-05,0.14480635523796082,0,-0.06153419613838196,0.0077360523864626884,2.6228775823256e-05,0.06153419613838196,0.07897447794675827,0.0005245754728093743,0.07736051827669144
222,222,9.813795930277305e-05,0.10827621072530746,0,-0.0793471708893776,0.007959671318531036,1.0650882359186653e-05,0.0793471708893776,0.09208720922470093,0.00021301764354575425,0.07959671318531036
223,223,9.810750376190647e-05,0.1587221622467041,0,-0.06831882894039154,0.007726251147687435,2.8796492188121192e-05,0.06831882894039154,0.08528338372707367,0.000575929821934551,0.0772625133395195
224,224,9.807680597520746e-05,0.07220688462257385,0,-0.04124297574162483,0.007834773510694504,6.123607818153687e-06,0.04124297574162483,0.05104956775903702,0.00012247214908711612,0.07834772765636444
225,225,9.804586609725499e-05,0.06333737075328827,0,-0.07241924852132797,0.008857134729623795,1.403562600899022e-05,0.07241924852132797,0.08653266727924347,0.00028071249835193157,0.08857133984565735
226,226,9.801468428384716e-05,0.10608232766389847,0,-0.05041586607694626,0.008280472829937935,9.173067155643366e-06,0.05041586607694626,0.06375965476036072,0.00018346132128499448,0.08280473202466965
227,227,9.798326069200032e-05,0.044604260474443436,0,-0.07877665758132935,0.009148664772510529,1.4699949133500922e-05,0.07877665758132935,0.09367421269416809,0.00029399897903203964,0.09148664027452469
228,228,9.79515954799483e-05,0.08068688213825226,0,-0.05704804137349129,0.00810101069509983,1.6614420019323006e-05,0.05704804137349129,0.06972262263298035,0.0003322883858345449,0.08101010322570801
229,229,9.791968880714157e-05,0.11984862387180328,0,-0.07773857563734055,0.00832433719187975,1.1451792488514911e-05,0.07773857563734055,0.08901923894882202,0.0002290358388563618,0.08324337005615234
230,230,9.788754083424652e-05,0.04292020946741104,0,-0.07295700907707214,0.008444000966846943,1.143975168815814e-05,0.07295700907707214,0.0837363451719284,0.0002287950337631628,0.08443999290466309
231,231,9.785515172314463e-05,0.1706552803516388,0,-0.06861406564712524,0.00788351334631443,1.90719983947929e-05,0.06861406564712524,0.08331242203712463,0.00038143995334394276,0.078835129737854
232,232,9.782252163693158e-05,0.06932271271944046,0,-0.05231444910168648,0.00741570396348834,1.060209069692064e-05,0.05231444910168648,0.06579715013504028,0.00021204179211053997,0.07415703684091568
233,233,9.778965073991651e-05,0.15754419565200806,0,-0.05977597087621689,0.00708468072116375,7.527195066359127e-06,0.05977597087621689,0.07166104018688202,0.00015054389950819314,0.0708468109369278
234,234,9.775653919762115e-05,0.23443487286567688,0,-0.05151374638080597,0.007291276007890701,2.519753616070375e-05,0.05151374638080597,0.06890495121479034,0.0005039507523179054,0.07291276752948761
235,235,9.772318717677904e-05,0.13575492799282074,0,-0.06402453780174255,0.006817819084972143,1.1201814231753815e-05,0.06402453780174255,0.07621505856513977,0.00022403626644518226,0.068178191781044
236,236,9.76895948453346e-05,0.11231106519699097,0,-0.07680082321166992,0.006905370857566595,8.848121979099233e-06,0.07680082321166992,0.08991189301013947,0.00017696243594400585,0.06905370950698853
237,237,9.765576237244238e-05,0.06507658213376999,0,-0.06890007853507996,0.007139504887163639,1.16892497317167e-05,0.06890007853507996,0.08076052367687225,0.00023378498735837638,0.07139503955841064
238,238,9.762168992846614e-05,0.08170194923877716,0,-0.07723462581634521,0.008108625188469887,6.63322407490341e-06,0.07723462581634521,0.08830175548791885,0.000132664485136047,0.08108625560998917
239,239,9.758737768497802e-05,0.09911490976810455,0,-0.06323172152042389,0.00736049422994256,1.4798496522416826e-05,0.06323172152042389,0.0784306526184082,0.0002959699195344001,0.07360494136810303
240,240,9.755282581475769e-05,0.04935014992952347,0,-0.06662802398204803,0.007641305215656757,4.083072053617798e-05,0.06662802398204803,0.08356077969074249,0.0008166143670678139,0.07641305029392242
241,241,9.751803449179142e-05,0.03789989650249481,0,-0.07148336619138718,0.007226638495922089,6.2462922869599424e-06,0.07148336619138718,0.08179989457130432,0.00012492586392909288,0.07226638495922089
242,242,9.748300389127131e-05,0.29533836245536804,0,-0.050694141536951065,0.0075546130537986755,4.715492104878649e-05,0.050694141536951065,0.07263344526290894,0.0009430985082872212,0.07554613053798676
243,243,9.74477341895943e-05,0.08528660237789154,0,-0.0717330127954483,0.007492179051041603,8.898336091078818e-06,0.0717330127954483,0.08343490213155746,0.00017796672182157636,0.07492178678512573
244,244,9.741222556436132e-05,0.22590228915214539,0,-0.05915074795484543,0.007303908932954073,2.0089588360860944e-05,0.05915074795484543,0.07357805967330933,0.0004017917672172189,0.07303908467292786
245,245,9.737647819437645e-05,0.09574351459741592,0,-0.051303014159202576,0.006615268066525459,5.959584541415097e-06,0.051303014159202576,0.062247905880212784,0.00011919168173335493,0.06615268439054489
246,246,9.734049225964591e-05,0.24251432716846466,0,-0.08100521564483643,0.006474540568888187,9.878229320747778e-06,0.08100521564483643,0.09339821338653564,0.00019756457186304033,0.06474541127681732
247,247,9.730426794137727e-05,0.14158260822296143,0,-0.06406207382678986,0.0067588575184345245,1.824802893679589e-05,0.06406207382678986,0.07858061790466309,0.0003649605787359178,0.06758857518434525
248,248,9.726780542197844e-05,0.14642132818698883,0,-0.08336754143238068,0.006619209889322519,1.0969390132231638e-05,0.08336754143238068,0.09607325494289398,0.00021938781719654799,0.06619209796190262
249,249,9.723110488505685e-05,0.108970507979393,0,-0.07080035656690598,0.00650586374104023,2.4808732632664032e-05,0.07080035656690598,0.08591914921998978,0.0004961746744811535,0.065058633685112
250,250,9.719416651541839e-05,0.06138303130865097,0,-0.08094558119773865,0.0061945486813783646,6.515595032396959e-06,0.08094558119773865,0.09189940243959427,0.0001303119061049074,0.061945490539073944
251,251,9.715699049906661e-05,0.07686495780944824,0,-0.07368864119052887,0.006656350567936897,1.3368039617489558e-05,0.07368864119052887,0.08676891028881073,0.00026736079598776996,0.06656350195407867
252,252,9.711957702320175e-05,0.11438294500112534,0,-0.09097589552402496,0.007802251260727644,1.0631072655087337e-05,0.09097589552402496,0.1031249612569809,0.0002126214385498315,0.07802250981330872
253,253,9.708192627621972e-05,0.07702404260635376,0,-0.0632312223315239,0.0068769073113799095,1.995459388126619e-05,0.0632312223315239,0.07700404524803162,0.0003990918630734086,0.06876907497644424
254,254,9.704403844771128e-05,0.13125476241111755,0,-0.0734374076128006,0.0071825385093688965,1.4828809980826918e-05,0.0734374076128006,0.08799433708190918,0.0002965762105304748,0.07182538509368896
255,255,9.700591372846095e-05,0.06508976966142654,0,-0.06747947633266449,0.006688532419502735,5.408390279626474e-06,0.06747947633266449,0.07784661650657654,0.00010816779831657186,0.0668853223323822
256,256,9.696755231044618e-05,0.11381035298109055,0,-0.054348282516002655,0.006580605637282133,1.1597873708524276e-05,0.054348282516002655,0.06702141463756561,0.0002319574705325067,0.0658060610294342
257,257,9.692895438683627e-05,0.38729822635650635,0,-0.04397765174508095,0.006638742052018642,1.0293129889760166e-05,0.04397765174508095,0.057581253349781036,0.0002058625832432881,0.06638742238283157
258,258,9.689012015199145e-05,0.12566524744033813,0,-0.04810589179396629,0.0063835252076387405,5.743746896769153e-06,0.04810589179396629,0.05732060968875885,0.00011487492884043604,0.0638352483510971
259,259,9.685104980146193e-05,0.09377197176218033,0,-0.06682337820529938,0.006144504528492689,1.4837067283224314e-05,0.06682337820529938,0.07970573753118515,0.00029674131656065583,0.06144504249095917
260,260,9.681174353198687e-05,0.07132071256637573,0,-0.07661664485931396,0.006853076163679361,8.95211360329995e-06,0.07661664485931396,0.08826884627342224,0.00017904225387610495,0.06853076070547104
261,261,9.677220154149337e-05,0.05690730735659599,0,-0.08096618950366974,0.00695276353508234,1.4281311450758949e-05,0.08096618950366974,0.0945374071598053,0.00028562621446326375,0.06952764093875885
262,262,9.673242402909555e-05,0.0700840875506401,0,-0.06964264810085297,0.0067579299211502075,1.7342228602501564e-05,0.06964264810085297,0.08346642553806305,0.00034684455022215843,0.06757929921150208
263,263,9.66924111950935e-05,0.3871835470199585,0,-0.055521562695503235,0.005998489446938038,2.168768878618721e-05,0.055521562695503235,0.07006064057350159,0.00043375376844778657,0.05998489633202553
264,264,9.665216324097222e-05,0.04190617799758911,0,-0.0599510557949543,0.006453137844800949,4.760493993671844e-06,0.0599510557949543,0.06943732500076294,9.520987805444747e-05,0.06453137844800949
265,265,9.661168036940071e-05,0.07214808464050293,0,-0.05307162553071976,0.007005991879850626,1.0787529390654527e-05,0.05307162553071976,0.06711125373840332,0.00021575058053713292,0.07005991041660309
266,266,9.657096278423093e-05,0.20321382582187653,0,-0.06583694368600845,0.00641914177685976,6.39320614936878e-06,0.06583694368600845,0.07623724639415741,0.0001278641284443438,0.06419141590595245
267,267,9.653001069049664e-05,0.1920427680015564,0,-0.052659012377262115,0.0070726340636610985,2.576803854026366e-05,0.052659012377262115,0.0693044438958168,0.000515360792633146,0.07072633504867554
268,268,9.648882429441257e-05,0.11781620979309082,0,-0.062006931751966476,0.0067865243181586266,9.970029168471228e-06,0.062006931751966476,0.0743635892868042,0.00019940057245548815,0.06786523759365082
269,269,9.644740380337325e-05,0.1422944962978363,0,-0.08789278566837311,0.006908520124852657,1.2869130841863807e-05,0.08789278566837311,0.10031724721193314,0.0002573826350271702,0.06908519566059113
270,270,9.640574942595196e-05,0.06972704082727432,0,-0.09155330061912537,0.008732538670301437,1.3738603229285218e-05,0.09155330061912537,0.10380332171916962,0.0002747720864135772,0.08732537925243378
271,271,9.636386137189975e-05,0.47956907749176025,0,-0.05901714414358139,0.008373403921723366,3.357770765433088e-05,0.05901714414358139,0.07858742028474808,0.000671554182190448,0.08373403549194336
272,272,9.632173985214438e-05,0.07326629012823105,0,-0.05348558723926544,0.00783834233880043,1.706486909824889e-05,0.05348558723926544,0.06631896644830704,0.000341297360137105,0.0783834308385849
273,273,9.627938507878917e-05,0.1884998083114624,0,-0.07212364673614502,0.007717209868133068,8.843097020871937e-06,0.07212364673614502,0.08476042747497559,0.00017686194041743875,0.07717210054397583
274,274,9.623679726511203e-05,0.23827238380908966,0,-0.0783059298992157,0.007947538048028946,9.738243534229696e-06,0.0783059298992157,0.08947758376598358,0.00019476487068459392,0.07947537302970886
275,275,9.619397662556435e-05,0.27503544092178345,0,-0.05368500202894211,0.007626774720847607,2.617343852762133e-05,0.05368500202894211,0.07138985395431519,0.0005234687123447657,0.07626774162054062
276,276,9.615092337576988e-05,0.07434999942779541,0,-0.08074607700109482,0.007581466808915138,2.1147627194295637e-05,0.08074607700109482,0.09519882500171661,0.0004229525220580399,0.07581466436386108
277,277,9.61076377325237e-05,0.1545090228319168,0,-0.06731724739074707,0.0072537316009402275,1.1162434020661749e-05,0.06731724739074707,0.07960541546344757,0.00022324867313727736,0.07253731787204742
278,278,9.606411991379113e-05,0.12863054871559143,0,-0.08551773428916931,0.007209807634353638,6.6519587562652305e-06,0.08551773428916931,0.09625512361526489,0.000133039167849347,0.07209807634353638
279,279,9.60203701387066e-05,0.06754393130540848,0,-0.06607550382614136,0.006787196733057499,9.997537745221052e-06,0.06607550382614136,0.07757153362035751,0.00019995075126644224,0.06787197291851044
280,280,9.597638862757255e-05,0.19023139774799347,0,-0.04515176638960838,0.006908047012984753,1.3987371858092956e-05,0.04515176638960838,0.05846063047647476,0.0002797474153339863,0.06908047199249268
281,281,9.59321756018583e-05,0.1127016469836235,0,-0.08035832643508911,0.006897312588989735,1.4067551092011854e-05,0.08035832643508911,0.09089730679988861,0.0002813510363921523,0.0689731240272522
282,282,9.588773128419906e-05,0.1351897418498993,0,-0.06996627897024155,0.006774544715881348,1.759133556333836e-05,0.06996627897024155,0.08591581135988235,0.00035182671854272485,0.06774544715881348
283,283,9.584305589839462e-05,0.10527349263429642,0,-0.052295930683612823,0.006433495320379734,9.95751815935364e-06,0.052295930683612823,0.06511884182691574,0.00019915035227313638,0.06433495134115219
284,284,9.579814966940833e-05,0.07245171815156937,0,-0.06663533300161362,0.007021776400506496,1.3052477697783615e-05,0.06663533300161362,0.08011308312416077,0.0002610495430417359,0.07021775841712952
285,285,9.575301282336599e-05,0.06361568719148636,0,-0.08096237480640411,0.007205871399492025,5.976071406621486e-06,0.08096237480640411,0.09085404127836227,0.00011952142813242972,0.07205870747566223
286,286,9.570764558755466e-05,0.10418116301298141,0,-0.06328900158405304,0.007376524619758129,4.442066256160615e-06,0.06328900158405304,0.07154964655637741,8.884131966624409e-05,0.07376524806022644
287,287,9.566204819042152e-05,0.07341687381267548,0,-0.07327310740947723,0.008826672099530697,2.8703370844596066e-05,0.07327310740947723,0.08941958844661713,0.0005740674096159637,0.08826672285795212
288,288,9.561622086157272e-05,0.07457709312438965,0,-0.08111006766557693,0.007539486512541771,1.0883084542001598e-05,0.08111006766557693,0.09265869855880737,0.00021766168356407434,0.07539486885070801
289,289,9.557016383177227e-05,0.05898101627826691,0,-0.05792651325464249,0.008362441323697567,1.3842431144439615e-05,0.05792651325464249,0.06916346400976181,0.00027684864471666515,0.08362440764904022
290,290,9.552387733294081e-05,0.12289673835039139,0,-0.0644526481628418,0.007999279536306858,1.5069272194523364e-05,0.0644526481628418,0.07773080468177795,0.00030138541478663683,0.07999279350042343
291,291,9.547736159815446e-05,0.12228526175022125,0,-0.05734497308731079,0.007772400509566069,5.7193360589735676e-06,0.05734497308731079,0.06722844392061234,0.00011438671208452433,0.07772400975227356
292,292,9.543061686164373e-05,0.11292925477027893,0,-0.09809890389442444,0.009038219228386879,9.451913683733437e-06,0.09809890389442444,0.10776187479496002,0.00018903828458860517,0.09038218855857849
293,293,9.53836433587922e-05,0.07597199082374573,0,-0.06576398015022278,0.008644645102322102,2.6434134269948117e-05,0.06576398015022278,0.08407516777515411,0.0005286827217787504,0.08644644916057587
294,294,9.533644132613541e-05,0.17608444392681122,0,-0.06929786503314972,0.009002968668937683,7.3165533649444114e-06,0.06929786503314972,0.07985037565231323,0.00014633106184192002,0.09002969413995743
295,295,9.528901100135971e-05,0.25114670395851135,0,-0.07749156653881073,0.008519857190549374,1.812825576053001e-05,0.07749156653881073,0.0909111350774765,0.0003625651297625154,0.08519856631755829
296,296,9.524135262330098e-05,0.07976034283638,0,-0.0697014182806015,0.00815645046532154,4.368797817733139e-06,0.0697014182806015,0.07908103615045547,8.737595635466278e-05,0.08156450092792511
297,297,9.519346643194349e-05,0.12091707438230515,0,-0.08009248971939087,0.007177115883678198,8.671757314004935e-06,0.08009248971939087,0.09155227988958359,0.00017343515355605632,0.07177115976810455
298,298,9.514535266841862e-05,0.0794142633676529,0,-0.09106779098510742,0.007419663481414318,7.5005696089647245e-06,0.09106779098510742,0.10178934782743454,0.00015001138672232628,0.07419663667678833
299,299,9.509701157500376e-05,0.2836962342262268,0,-0.06421992182731628,0.007134753279387951,1.5830684787943028e-05,0.06421992182731628,0.0779607966542244,0.0003166136739309877,0.07134752720594406
300,300,9.504844339512095e-05,0.3389410078525543,0,-0.06263331323862076,0.00678844191133976,1.3570669580076355e-05,0.06263331323862076,0.07601606845855713,0.00027141335885971785,0.0678844153881073
301,301,9.49996483733358e-05,0.1560838520526886,0,-0.0693710669875145,0.006845241412520409,1.041032919602003e-05,0.0693710669875145,0.08297033607959747,0.00020820656209252775,0.06845241785049438
302,302,9.495062675535613e-05,0.259315550327301,0,-0.061848241835832596,0.006545614451169968,2.3831016733311117e-05,0.061848241835832596,0.07868960499763489,0.00047662033466622233,0.06545614451169968
303,303,9.490137878803079e-05,0.08605583757162094,0,-0.06175614520907402,0.006415621377527714,8.635179256089032e-06,0.06175614520907402,0.07339812815189362,0.00017270358512178063,0.06415621936321259
304,304,9.485190471934843e-05,0.08461786061525345,0,-0.07694855332374573,0.006447416730225086,1.178937509394018e-05,0.07694855332374573,0.08971948176622391,0.0002357875055167824,0.06447416543960571
305,305,9.480220479843627e-05,0.10349046438932419,0,-0.06900559365749359,0.006579505279660225,9.318360753240995e-06,0.06900559365749359,0.08080171793699265,0.00018636722234077752,0.06579504907131195
306,306,9.475227927555872e-05,0.12381083518266678,0,-0.052076391875743866,0.006466187071055174,2.28447843255708e-05,0.052076391875743866,0.06948700547218323,0.0004568956792354584,0.06466186046600342
307,307,9.470212840211632e-05,0.08230328559875488,0,-0.08490917086601257,0.0071406178176403046,8.965413144323975e-06,0.08490917086601257,0.09700608253479004,0.0001793082628864795,0.07140617817640305
308,308,9.465175243064428e-05,0.08629503846168518,0,-0.0621320940554142,0.006513475906103849,7.44740100344643e-06,0.0621320940554142,0.07363290339708328,0.0001489480200689286,0.06513476371765137
309,309,9.460115161481132e-05,0.07482792437076569,0,-0.0901898592710495,0.006958565674722195,7.214080596895656e-06,0.0901898592710495,0.10115770995616913,0.00014428161375690252,0.0695856586098671
310,310,9.45503262094184e-05,0.10840684920549393,0,-0.06023990362882614,0.007345345802605152,1.1784775779233314e-05,0.06023990362882614,0.07188649475574493,0.0002356954792048782,0.07345345616340637
311,311,9.449927647039736e-05,0.0831601619720459,0,-0.07642166316509247,0.007218366954475641,1.2337963198660873e-05,0.07642166316509247,0.08975489437580109,0.0002467592421453446,0.07218366861343384
312,312,9.444800265480967e-05,0.0773748829960823,0,-0.05263402312994003,0.00768132833763957,2.0659977963077836e-05,0.05263402312994003,0.06800113618373871,0.00041319953743368387,0.07681328058242798
313,313,9.439650502084518e-05,0.09079324454069138,0,-0.07275701314210892,0.00809358898550272,5.994665571051883e-06,0.07275701314210892,0.08346603065729141,0.00011989330232609063,0.08093589544296265
314,314,9.434478382782075e-05,0.07909668982028961,0,-0.054564110934734344,0.0070726280100643635,2.0347171812318265e-05,0.054564110934734344,0.06910139322280884,0.0004069434362463653,0.07072627544403076
315,315,9.4292839336179e-05,0.1179836094379425,0,-0.09031955897808075,0.0071710264310240746,7.111638296919409e-06,0.09031955897808075,0.10286938399076462,0.00014223276230040938,0.0717102587223053
316,316,9.424067180748692e-05,0.09818396717309952,0,-0.05624488368630409,0.007370970211923122,1.6938141925493255e-05,0.05624488368630409,0.07087984681129456,0.00033876285306178033,0.07370970398187637
317,317,9.418828150443469e-05,0.08647177368402481,0,-0.0739111378788948,0.006596074439585209,8.68686220201198e-06,0.0739111378788948,0.0849369540810585,0.000173737236764282,0.06596074998378754
318,318,9.413566869083416e-05,0.07776389271020889,0,-0.08241601288318634,0.006770601496100426,5.32769490746432e-06,0.08241601288318634,0.09356288611888885,0.000106553896330297,0.06770601123571396
319,319,9.408283363161774e-05,0.1799156367778778,0,-0.10885506868362427,0.007290512323379517,5.700868769054068e-06,0.10885506868362427,0.11830872297286987,0.00011401738447602838,0.07290512323379517
320,320,9.40297765928369e-05,0.1980256289243698,0,-0.0698428750038147,0.006491576787084341,1.7167591067845933e-05,0.0698428750038147,0.08568914979696274,0.00034335185773670673,0.06491576880216599
321,321,9.397649784166092e-05,0.0361010879278183,0,-0.07289023697376251,0.006865647621452808,1.6032230632845312e-05,0.07289023697376251,0.08490854501724243,0.0003206445835530758,0.06865647435188293
322,322,9.39229976463755e-05,0.12090223282575607,0,-0.057844843715429306,0.0064378464594483376,1.4507811101793777e-05,0.057844843715429306,0.0702245756983757,0.0002901561965700239,0.06437847018241882
323,323,9.386927627638142e-05,0.10469750314950943,0,-0.0690649002790451,0.006820713169872761,1.6452529962407425e-05,0.0690649002790451,0.0848141685128212,0.00032905061380006373,0.06820712983608246
324,324,9.381533400219318e-05,0.048645973205566406,0,-0.06310051679611206,0.006311588454991579,1.8412603822071105e-05,0.06310051679611206,0.07573758065700531,0.0003682520764414221,0.06311587989330292
325,325,9.376117109543769e-05,0.11767318099737167,0,-0.07505786418914795,0.006703534163534641,5.8445025388209615e-06,0.07505786418914795,0.08623525500297546,0.00011689004895742983,0.06703534722328186
326,326,9.37067878288528e-05,0.09639479219913483,0,-0.05900764465332031,0.006139439530670643,1.6821717508719303e-05,0.05900764465332031,0.0715412124991417,0.00033643434289842844,0.06139439716935158
327,327,9.365218447628603e-05,0.05447187274694443,0,-0.07894788682460785,0.006622633431106806,7.13800136509235e-06,0.07894788682460785,0.08953279256820679,0.0001427600218448788,0.06622633337974548
328,328,9.359736131269312e-05,0.04376466944813728,0,-0.06905153393745422,0.00658829603344202,8.957569662015885e-06,0.06905153393745422,0.07967567443847656,0.0001791513932403177,0.06588295102119446
329,329,9.354231861413668e-05,0.09401081502437592,0,-0.08362419903278351,0.007140255533158779,7.435935003741179e-06,0.08362419903278351,0.09399887174367905,0.00014871868188492954,0.07140255719423294
330,330,9.348705665778478e-05,0.23066948354244232,0,-0.07831044495105743,0.006042353343218565,6.301876510406146e-06,0.07831044495105743,0.08866119384765625,0.0001260375283891335,0.060423530638217926
331,331,9.343157572190957e-05,0.04552934318780899,0,-0.07866670936346054,0.007109077647328377,1.9424949641688727e-05,0.07866670936346054,0.09150040149688721,0.00038849894190207124,0.07109077274799347
332,332,9.337587608588588e-05,0.07660646736621857,0,-0.07129324227571487,0.007080714218318462,1.591923319210764e-05,0.07129324227571487,0.08604256063699722,0.0003183846711181104,0.07080714404582977
333,333,9.331995803018981e-05,0.3197694718837738,0,-0.05957262963056564,0.006962793413549662,2.631709685374517e-05,0.05957262963056564,0.07613971084356308,0.0005263419006951153,0.06962792575359344
334,334,9.326382183639731e-05,0.045157019048929214,0,-0.08333157747983932,0.0072141895070672035,1.2081068234692793e-05,0.08333157747983932,0.09335532039403915,0.00024162133922800422,0.07214188575744629
335,335,9.320746778718275e-05,0.08853406459093094,0,-0.06902487576007843,0.007415610831230879,1.135488764703041e-05,0.06902487576007843,0.08274741470813751,0.000227097756578587,0.07415610551834106
336,336,9.315089616631752e-05,0.16201764345169067,0,-0.07229933142662048,0.00682508060708642,3.8715050322934985e-05,0.07229933142662048,0.09370920062065125,0.0007743010064586997,0.06825080513954163
337,337,9.309410725866862e-05,0.08386378735303879,0,-0.05242691934108734,0.006828255020081997,9.315404895460233e-06,0.05242691934108734,0.06568430364131927,0.00018630809790920466,0.06828254461288452
338,338,9.30371013501972e-05,0.16314762830734253,0,-0.06723498553037643,0.00686436053365469,2.8848196961916983e-05,0.06723498553037643,0.0838056430220604,0.0005769638228230178,0.06864361464977264
339,339,9.297987872795705e-05,0.09400319308042526,0,-0.07440390437841415,0.006192800123244524,5.4347506193153095e-06,0.07440390437841415,0.08401020616292953,0.00010869500692933798,0.06192799657583237
340,340,9.292243968009331e-05,0.0705086961388588,0,-0.06880960613489151,0.00611756881698966,1.3480807865562383e-05,0.06880960613489151,0.07980574667453766,0.0002696161391213536,0.06117568537592888
341,341,9.28647844958409e-05,0.09164489805698395,0,-0.07294683903455734,0.006035482976585627,4.4471512410382275e-06,0.07294683903455734,0.08208748698234558,8.894302300177515e-05,0.06035483255982399
342,342,9.280691346552308e-05,0.08170843869447708,0,-0.0712241679430008,0.00598997063934803,1.3217715604696423e-05,0.0712241679430008,0.08412565290927887,0.0002643543411977589,0.05989970266819
343,343,9.274882688055005e-05,0.07605143636465073,0,-0.07217095792293549,0.0062393201515078545,7.553426257800311e-06,0.07217095792293549,0.0832236185669899,0.00015106852515600622,0.062393199652433395
344,344,9.269052503341736e-05,0.1285955011844635,0,-0.08827705681324005,0.005847351625561714,1.3422931260720361e-05,0.08827705681324005,0.10147697478532791,0.0002684586215764284,0.05847351625561714
345,345,9.263200821770461e-05,0.1586148589849472,0,-0.07677560299634933,0.00585929723456502,5.840298854309367e-06,0.07677560299634933,0.08673333376646042,0.00011680598254315555,0.05859297141432762
346,346,9.257327672807382e-05,0.07899914681911469,0,-0.06700059771537781,0.006024668924510479,1.9218434317735955e-05,0.06700059771537781,0.08039367198944092,0.00038436870090663433,0.06024669110774994
347,347,9.251433086026799e-05,0.11937166750431061,0,-0.07330738753080368,0.005936131346970797,1.4509066204482224e-05,0.07330738753080368,0.08596546947956085,0.0002901812840718776,0.05936131253838539
348,348,9.24551709111097e-05,0.10009609907865524,0,-0.07738478481769562,0.006937052123248577,1.3095707799948286e-05,0.07738478481769562,0.09179481863975525,0.0002619141305331141,0.06937052309513092
349,349,9.239579717849941e-05,0.09403756260871887,0,-0.06983961164951324,0.006974141579121351,1.2999482351006009e-05,0.06983961164951324,0.08367414772510529,0.00025998963974416256,0.06974141299724579
350,350,9.233620996141421e-05,0.10048513859510422,0,-0.08105282485485077,0.00712439464405179,7.508730959671084e-06,0.08105282485485077,0.09229250997304916,0.00015017461555544287,0.07124394178390503
351,351,9.227640955990615e-05,0.09146130830049515,0,-0.0705316960811615,0.0073591494001448154,1.4115702470007818e-05,0.0705316960811615,0.08244708180427551,0.00028231405303813517,0.07359149307012558
352,352,9.221639627510076e-05,0.266597181558609,0,-0.05582595616579056,0.0065146684646606445,2.087984285026323e-05,0.05582595616579056,0.07172757387161255,0.00041759683517739177,0.06514668464660645
353,353,9.215617040919555e-05,0.11899858713150024,0,-0.0684991255402565,0.007151042111217976,2.6552525014267303e-05,0.0684991255402565,0.08525662124156952,0.0005310504930093884,0.0715104192495346
354,354,9.209573226545851e-05,0.15572181344032288,0,-0.09372729808092117,0.00667157955467701,1.0910403943853453e-05,0.09372729808092117,0.10599755495786667,0.00021820809342898428,0.0667157918214798
355,355,9.203508214822652e-05,0.1296379715204239,0,-0.08415777236223221,0.007471909746527672,7.636529517185409e-06,0.08415777236223221,0.09582723677158356,0.00015273058670572937,0.07471909373998642
356,356,9.197422036290387e-05,0.13077130913734436,0,-0.05401744693517685,0.0073091015219688416,3.5744062188314274e-05,0.05401744693517685,0.07449294626712799,0.0007148812292143703,0.07309101521968842
357,357,9.191314721596072e-05,0.08658649027347565,0,-0.08009842783212662,0.007012855727225542,5.409413461165968e-06,0.08009842783212662,0.09036588668823242,0.00010818828013725579,0.07012855261564255
358,358,9.185186301493152e-05,0.05296212062239647,0,-0.06674288213253021,0.007030249573290348,7.174111487984192e-06,0.06674288213253021,0.078777015209198,0.0001434822188457474,0.07030249387025833
359,359,9.179036806841353e-05,0.10799604654312134,0,-0.07839599996805191,0.007205445785075426,1.685720417299308e-05,0.07839599996805191,0.09139861911535263,0.00033714412711560726,0.07205445319414139
360,360,9.172866268606513e-05,0.07071802765130997,0,-0.07667504996061325,0.006672881543636322,8.962417268776335e-06,0.07667504996061325,0.08566175401210785,0.00017924833809956908,0.06672882288694382
361,361,9.166674717860447e-05,0.09514335542917252,0,-0.07922039926052094,0.00699759554117918,9.939139999914914e-06,0.07922039926052094,0.09160065650939941,0.0001987827999982983,0.06997595727443695
362,362,9.16046218578077e-05,0.06216432899236679,0,-0.081386998295784,0.006263818591833115,7.630290383531246e-06,0.081386998295784,0.09121264517307281,0.00015260580403264612,0.06263819336891174
363,363,9.154228703650752e-05,0.15560397505760193,0,-0.06847260147333145,0.006500907242298126,1.4550851119565777e-05,0.06847260147333145,0.0834147110581398,0.0002910170005634427,0.06500906497240067
364,364,9.147974302859157e-05,0.10036514699459076,0,-0.08134462684392929,0.006154595874249935,5.6282474361069035e-06,0.08134462684392929,0.09168253093957901,0.00011256494326516986,0.0615459606051445
365,365,9.141699014900083e-05,0.20594869554042816,0,-0.07371793687343597,0.00650091003626585,2.0643714378820732e-05,0.07371793687343597,0.08765685558319092,0.0004128743021283299,0.06500910222530365
366,366,9.135402871372808e-05,0.07256007194519043,0,-0.07419276237487793,0.0062205796130001545,2.418043732177466e-05,0.07419276237487793,0.09049022197723389,0.00048360874643549323,0.06220579147338867
367,367,9.12908590398163e-05,0.46818873286247253,0,-0.06648196280002594,0.006004504859447479,8.537179382983595e-06,0.06648196280002594,0.07774361968040466,0.00017074357310775667,0.06004505231976509
368,368,9.122748144535705e-05,0.07927301526069641,0,-0.06492207199335098,0.00702015683054924,7.03076602803776e-06,0.06492207199335098,0.07596005499362946,0.00014061533147469163,0.0702015683054924
369,369,9.11638962494888e-05,0.181653693318367,0,-0.07826507091522217,0.00678020715713501,1.1787784387706779e-05,0.07826507091522217,0.09072044491767883,0.0002357556950300932,0.0678020715713501
370,370,9.110010377239551e-05,0.1399424523115158,0,-0.08050253987312317,0.00773936603218317,4.627464932127623e-06,0.08050253987312317,0.08995123207569122,9.254929318558425e-05,0.07739365845918655
371,371,9.103610433530483e-05,0.07741235941648483,0,-0.08698588609695435,0.008219581097364426,1.2356187653494999e-05,0.08698588609695435,0.09866507351398468,0.00024712373851798475,0.08219581097364426
372,372,9.09718982604866e-05,0.13425791263580322,0,-0.06395845115184784,0.007441061548888683,1.5737387002445757e-05,0.06395845115184784,0.07853005081415176,0.00031474768184125423,0.07441061735153198
373,373,9.090748587125118e-05,0.10728425532579422,0,-0.08357009291648865,0.008540832437574863,9.473985301156063e-06,0.08357009291648865,0.09666045755147934,0.00018947970238514245,0.08540832251310349
374,374,9.084286749194782e-05,0.08334648609161377,0,-0.07378249615430832,0.007707594428211451,7.387162440863904e-06,0.07378249615430832,0.08374185115098953,0.00014774323790334165,0.07707594335079193
375,375,9.077804344796302e-05,1.1402667760849,0,-0.07085932046175003,0.007697719149291515,1.5386314771603793e-05,0.07085932046175003,0.08667255938053131,0.00030772629543207586,0.0769771933555603
376,376,9.071301406571892e-05,0.13023629784584045,0,-0.0700727328658104,0.007209450006484985,1.0834410204552114e-05,0.0700727328658104,0.08151227235794067,0.00021668820409104228,0.07209450006484985
377,377,9.06477796726717e-05,0.0711728036403656,0,-0.08396683633327484,0.00791170634329319,4.545100637187716e-06,0.08396683633327484,0.09352996945381165,9.090201638173312e-05,0.0791170597076416
378,378,9.058234059730976e-05,0.09147027879953384,0,-0.07606958597898483,0.006716672331094742,1.844731559685897e-05,0.07606958597898483,0.09002748876810074,0.00036894631921313703,0.06716673076152802
379,379,9.051669716915227e-05,0.1010342463850975,0,-0.07653417438268661,0.006172362715005875,5.449275249702623e-06,0.07653417438268661,0.0860135555267334,0.00010898549953708425,0.06172362342476845
380,380,9.045084971874738e-05,0.11167062073945999,0,-0.07892829924821854,0.0064895497635006905,5.1762244765996e-06,0.07892829924821854,0.08839760720729828,0.0001035244858940132,0.06489550322294235
381,381,9.038479857767062e-05,0.2230958491563797,0,-0.07888801395893097,0.005875770002603531,1.2547804544738028e-05,0.07888801395893097,0.09096214920282364,0.00025095607270486653,0.05875770002603531
382,382,9.031854407852316e-05,0.10009604692459106,0,-0.06137634441256523,0.006273216567933559,3.0995604902273044e-05,0.06137634441256523,0.07750479131937027,0.0006199121125973761,0.06273216009140015
383,383,9.025208655493026e-05,0.39926809072494507,0,-0.07501295208930969,0.006393367424607277,1.431889904779382e-05,0.07501295208930969,0.0881071388721466,0.00028637799550779164,0.06393367797136307
384,384,9.018542634153944e-05,0.10765787214040756,0,-0.09581458568572998,0.006388319656252861,3.727986040757969e-06,0.09581458568572998,0.1040576621890068,7.455972081515938e-05,0.06388319283723831
385,385,9.01185637740189e-05,0.1474633514881134,0,-0.08050306886434555,0.006278982385993004,7.192861630755942e-06,0.08050306886434555,0.09070910513401031,0.00014385723625309765,0.06278982013463974
386,386,9.00514991890558e-05,0.10703063011169434,0,-0.05813189595937729,0.006440495140850544,1.643651739868801e-05,0.05813189595937729,0.07209961116313934,0.0003287303843535483,0.06440494954586029
387,387,8.998423292435454e-05,0.08393654227256775,0,-0.07774578779935837,0.00680411234498024,8.222751603170764e-06,0.07774578779935837,0.08935181796550751,0.0001644550502533093,0.0680411159992218
388,388,8.991676531863508e-05,0.1038656011223793,0,-0.09362322837114334,0.007282341364771128,9.217328624799848e-06,0.09362322837114334,0.10256613790988922,0.00018434655794408172,0.0728234127163887
389,389,8.984909671163127e-05,0.18311254680156708,0,-0.08067166805267334,0.00713554210960865,1.4492000445898157e-05,0.08067166805267334,0.09305362403392792,0.0002898399834521115,0.0713554173707962
390,390,8.978122744408906e-05,0.19579990208148956,0,-0.04912915825843811,0.006650160066783428,1.9027762391488068e-05,0.04912915825843811,0.06503526866436005,0.00038055525510571897,0.06650160253047943
391,391,8.971315785776486e-05,0.06297659128904343,0,-0.07427044212818146,0.007208440452814102,1.5455583707080223e-05,0.07427044212818146,0.08850354701280594,0.0003091116959694773,0.07208440452814102
392,392,8.964488829542377e-05,0.2278614640235901,0,-0.07067599147558212,0.006804955191910267,1.5609441106789745e-05,0.07067599147558212,0.08220280706882477,0.0003121888148598373,0.06804955005645752
393,393,8.957641910083787e-05,0.04542527347803116,0,-0.07757841050624847,0.007369512692093849,1.3358518117456697e-05,0.07757841050624847,0.09051445126533508,0.0002671703405212611,0.0736951231956482
394,394,8.950775061878453e-05,0.13591332733631134,0,-0.08409181982278824,0.007479604799300432,9.644372767070308e-06,0.08409181982278824,0.09565398842096329,0.00019288744078949094,0.07479605078697205
395,395,8.943888319504457e-05,0.0896771103143692,0,-0.07800523191690445,0.007242824882268906,6.685768312308937e-06,0.07800523191690445,0.08917998522520065,0.00013371536624617875,0.07242824882268906
396,396,8.936981717640061e-05,0.24295920133590698,0,-0.07477859407663345,0.006811175495386124,5.9773869907076005e-06,0.07477859407663345,0.08520832657814026,0.0001195477379951626,0.06811175495386124
397,397,8.93005529106353e-05,0.10939481109380722,0,-0.048164136707782745,0.006449930369853973,1.726863774820231e-05,0.048164136707782745,0.06513495743274689,0.00034537274041213095,0.06449930369853973
398,398,8.92310907465296e-05,0.14705297350883484,0,-0.0796215683221817,0.006243021227419376,9.895125913317315e-06,0.0796215683221817,0.08930694311857224,0.00019790249643847346,0.062430210411548615
399,399,8.916143103386093e-05,0.03916795179247856,0,-0.08226048946380615,0.006563439965248108,1.1784105481638107e-05,0.08226048946380615,0.09408477693796158,0.00023568210599478334,0.06563439965248108
400,400,8.90915741234015e-05,0.06301579624414444,0,-0.0819646418094635,0.0061586713418364525,2.2652022380498238e-05,0.0819646418094635,0.09757620096206665,0.00045304049854166806,0.061586715281009674
401,401,8.90215203669165e-05,0.13174840807914734,0,-0.07324691116809845,0.005974900908768177,5.246807631920092e-06,0.07324691116809845,0.0825774073600769,0.00010493615263840184,0.05974900722503662
402,402,8.895127011716233e-05,0.07903216034173965,0,-0.0857735276222229,0.006744148209691048,4.24677864430123e-06,0.0857735276222229,0.09453517198562622,8.49355710670352e-05,0.06744147837162018
403,403,8.888082372788488e-05,0.10795135796070099,0,-0.08294675499200821,0.006239644251763821,6.924405170138925e-06,0.08294675499200821,0.09410211443901062,0.0001384881034027785,0.062396444380283356
404,404,8.881018155381766e-05,0.1923176348209381,0,-0.07373987138271332,0.006443069316446781,1.8393755453871563e-05,0.07373987138271332,0.08748714625835419,0.00036787509452551603,0.06443069130182266
405,405,8.873934395068005e-05,0.1917358934879303,0,-0.08328473567962646,0.00679823337122798,5.912699180044001e-06,0.08328473567962646,0.09345192462205887,0.00011825399269582704,0.06798233091831207
406,406,8.866831127517557e-05,0.09167245030403137,0,-0.07225970923900604,0.00660200510174036,3.7565753245871747e-06,0.07225970923900604,0.08085750043392181,7.513150194426998e-05,0.06602004170417786
407,407,8.859708388498996e-05,0.06393062323331833,0,-0.06874150782823563,0.006852569058537483,6.903285793669056e-06,0.06874150782823563,0.07935160398483276,0.0001380657049594447,0.06852568686008453
408,408,8.852566213878947e-05,0.06818466633558273,0,-0.0895143449306488,0.007379760965704918,6.270516678341664e-06,0.0895143449306488,0.09884154796600342,0.00012541032629087567,0.07379760593175888
409,409,8.845404639621906e-05,0.17416749894618988,0,-0.07814200222492218,0.007097629830241203,1.1944989637413528e-05,0.07814200222492218,0.09050469100475311,0.00023889978183433414,0.07097630202770233
410,410,8.838223701790055e-05,0.1358671635389328,0,-0.06673454493284225,0.007299103774130344,1.2297411558392923e-05,0.06673454493284225,0.080909863114357,0.0002459482057020068,0.0729910358786583
411,411,8.831023436543082e-05,0.19748292863368988,0,-0.0779120922088623,0.007513314951211214,1.4969933545216918e-05,0.0779120922088623,0.0914413332939148,0.00029939867090433836,0.07513314485549927
412,412,8.823803880137993e-05,0.04409977048635483,0,-0.08461862057447433,0.007327079772949219,4.0753611756372266e-06,0.08461862057447433,0.0925101488828659,8.150721987476572e-05,0.07327079772949219
413,413,8.81656506892894e-05,0.17494083940982819,0,-0.08035513013601303,0.006688229739665985,9.185572707792744e-06,0.08035513013601303,0.09191511571407318,0.00018371143960393965,0.06688229739665985
414,414,8.809307039367034e-05,0.09148309379816055,0,-0.0728946179151535,0.006567121483385563,5.238724043010734e-06,0.0728946179151535,0.08324021846055984,0.00010477448086021468,0.06567121297121048
415,415,8.802029828000156e-05,0.15075397491455078,0,-0.08345487713813782,0.006802058778703213,1.1261859981459565e-05,0.08345487713813782,0.09586408734321594,0.0002252371923532337,0.06802058964967728
416,416,8.794733471472778e-05,0.11376004666090012,0,-0.08196964114904404,0.0065880827605724335,1.6369491277146153e-05,0.08196964114904404,0.09565402567386627,0.0003273898328188807,0.06588082760572433
417,417,8.787418006525782e-05,0.08868766576051712,0,-0.08044400066137314,0.006545905023813248,4.452817393030273e-06,0.08044400066137314,0.08855807781219482,8.905634604161605e-05,0.06545905023813248
418,418,8.780083469996264e-05,0.07478643953800201,0,-0.08139672875404358,0.0073267510160803795,1.0875168300117366e-05,0.08139672875404358,0.09227737784385681,0.00021750337327830493,0.07326750457286835
419,419,8.77272989881736e-05,0.08424662798643112,0,-0.09331510961055756,0.007077794522047043,3.6338899462862173e-06,0.09331510961055756,0.10106101632118225,7.267779437825084e-05,0.07077794522047043
420,420,8.765357330018056e-05,0.09462158381938934,0,-0.06857133656740189,0.006740978453308344,1.406899082212476e-05,0.06857133656740189,0.08319661021232605,0.00028137979097664356,0.06740978360176086
421,421,8.757965800722993e-05,0.05775560811161995,0,-0.07050346583127975,0.0065756733529269695,1.0272962754243053e-05,0.07050346583127975,0.08131937682628632,0.00020545924780890346,0.06575673818588257
422,422,8.750555348152298e-05,0.38779377937316895,0,-0.09584138542413712,0.007040343713015318,1.1164125680807047e-05,0.09584138542413712,0.10725514590740204,0.00022328252089209855,0.07040344178676605
423,423,8.74312600962138e-05,0.09107034653425217,0,-0.05921545252203941,0.006525780074298382,9.036393748829141e-06,0.05921545252203941,0.07245290279388428,0.0001807278604246676,0.06525780260562897
424,424,8.735677822540749e-05,0.15342679619789124,0,-0.07325135171413422,0.006889531388878822,1.8614979126141407e-05,0.07325135171413422,0.08783292770385742,0.0003722995752468705,0.06889531016349792
425,425,8.728210824415827e-05,0.09312237054109573,0,-0.08759988844394684,0.007287473417818546,5.342184522305615e-06,0.08759988844394684,0.09671543538570404,0.00010684369772206992,0.07287473231554031
426,426,8.720725052846765e-05,0.08900216221809387,0,-0.07624034583568573,0.006762719247490168,1.8787501176120713e-05,0.07624034583568573,0.08928990364074707,0.00037575006717815995,0.0676271915435791
427,427,8.71322054552824e-05,0.11414280533790588,0,-0.0758148580789566,0.007668810896575451,1.1215658560104202e-05,0.0758148580789566,0.08773642033338547,0.00022431318939197809,0.07668809592723846
428,428,8.705697340249275e-05,0.2530480623245239,0,-0.09049636125564575,0.007697385270148516,1.1405215445847716e-05,0.09049636125564575,0.10237577557563782,0.00022810428345110267,0.07697384804487228
429,429,8.69815547489305e-05,0.06905141472816467,0,-0.0703713446855545,0.007947457022964954,1.1542935681063682e-05,0.0703713446855545,0.08265777677297592,0.0002308587427251041,0.0794745609164238
430,430,8.690594987436704e-05,0.1250496506690979,0,-0.07574895024299622,0.007925529964268208,4.598993655235972e-06,0.07574895024299622,0.08453181385993958,9.197987674269825e-05,0.07925529778003693
431,431,8.683015915951152e-05,0.4032491445541382,0,-0.08076238632202148,0.008334106765687466,1.8343820556765422e-05,0.08076238632202148,0.09762167930603027,0.00036687636747956276,0.08334106206893921
432,432,8.675418298600884e-05,0.09569326788187027,0,-0.08496789634227753,0.008640287443995476,1.250619152415311e-05,0.08496789634227753,0.09832202643156052,0.00025012381956912577,0.08640287816524506
433,433,8.667802173643784e-05,0.22775989770889282,0,-0.08185545355081558,0.007842371240258217,1.835068906075321e-05,0.08185545355081558,0.09602861106395721,0.00036701379576697946,0.07842370867729187
434,434,8.660167579430927e-05,0.09660235047340393,0,-0.05851757526397705,0.007352408953011036,1.265686751139583e-05,0.05851757526397705,0.07207866758108139,0.00025313731748610735,0.07352408766746521
435,435,8.652514554406388e-05,0.17636021971702576,0,-0.0817156657576561,0.00762363662943244,5.338597929949174e-06,0.0817156657576561,0.09134004265069962,0.00010677194950403646,0.07623636722564697
436,436,8.644843137107059e-05,0.07048722356557846,0,-0.08564847707748413,0.00686913775280118,6.527304776682286e-06,0.08564847707748413,0.09484351426362991,0.0001305460900766775,0.06869137287139893
437,437,8.637153366162436e-05,0.06383747607469559,0,-0.10004773736000061,0.006833627354353666,5.1341394282644615e-06,0.10004773736000061,0.10953369736671448,0.00010268279584124684,0.06833627074956894
438,438,8.629445280294444e-05,0.3337295651435852,0,-0.06715105473995209,0.007021877449005842,2.210001548519358e-05,0.06715105473995209,0.08287900686264038,0.00044200033880770206,0.0702187716960907
439,439,8.621718918317225e-05,0.15193195641040802,0,-0.07117857784032822,0.0062604728154838085,9.698352187115233e-06,0.07117857784032822,0.08451168239116669,0.00019396703282836825,0.06260472536087036
440,440,8.613974319136958e-05,0.13589777052402496,0,-0.07758808135986328,0.006535904482007027,6.150446097308304e-06,0.07758808135986328,0.08821460604667664,0.0001230089255841449,0.06535904854536057
441,441,8.606211521751652e-05,0.06728744506835938,0,-0.0795479342341423,0.006754714529961348,7.121434919099556e-06,0.0795479342341423,0.09105510264635086,0.00014242870383895934,0.06754714250564575
442,442,8.598430565250952e-05,0.06909690797328949,0,-0.06376892328262329,0.006632911041378975,6.268658125918591e-06,0.06376892328262329,0.07428652048110962,0.00012537316069938242,0.06632910668849945
443,443,8.590631488815944e-05,0.1175595223903656,0,-0.09062088280916214,0.00731734000146389,7.796447789587546e-06,0.09062088280916214,0.10152721405029297,0.0001559289376018569,0.0731734037399292
444,444,8.582814331718961e-05,0.5760176181793213,0,-0.07516464591026306,0.007200665771961212,1.4642228961747605e-05,0.07516464591026306,0.08924577385187149,0.00029284460470080376,0.07200665771961212
445,445,8.574979133323377e-05,0.11414287984371185,0,-0.0810847282409668,0.007612095680087805,1.5462244846276008e-05,0.0810847282409668,0.0959082618355751,0.00030924490420147777,0.07612095028162003
446,446,8.567125933083415e-05,0.1291031539440155,0,-0.0829969272017479,0.00732280220836401,8.775593414611649e-06,0.0829969272017479,0.09366106986999512,0.00017551185737829655,0.07322801649570465
447,447,8.559254770543944e-05,0.05375538766384125,0,-0.10716958343982697,0.006932923570275307,4.446776074473746e-06,0.10716958343982697,0.11613238602876663,8.893551421351731e-05,0.06932923197746277
448,448,8.551365685340285e-05,0.046164620667696,0,-0.09004727005958557,0.006825677584856749,4.355304099590285e-06,0.09004727005958557,0.09818506240844727,8.710609108675271e-05,0.06825677305459976
449,449,8.54345871719801e-05,0.07409023493528366,0,-0.05843100696802139,0.00647771218791604,1.4807538718741853e-05,0.05843100696802139,0.0715121328830719,0.00029615077073685825,0.06477712094783783
450,450,8.535533905932738e-05,0.0759466290473938,0,-0.07623738795518875,0.006343907676637173,7.176297003752552e-06,0.07623738795518875,0.08668473362922668,0.00014352593279909343,0.06343907117843628
451,451,8.527591291449937e-05,0.17454558610916138,0,-0.08004596084356308,0.00611821049824357,1.271924702450633e-05,0.08004596084356308,0.09215137362480164,0.0002543849404901266,0.06118210405111313
452,452,8.519630913744725e-05,0.1445302963256836,0,-0.0813634917140007,0.0064189075492322445,7.044240192044526e-06,0.0813634917140007,0.0918806940317154,0.0001408847892889753,0.06418907642364502
453,453,8.511652812901666e-05,0.1026211827993393,0,-0.06158797815442085,0.0061263833194971085,6.474682777479757e-06,0.06158797815442085,0.07128627598285675,0.00012949365191161633,0.06126383692026138
454,454,8.50365702909457e-05,0.15777374804019928,0,-0.08531826734542847,0.006625606678426266,9.794857760425657e-06,0.08531826734542847,0.09704812616109848,0.00019589715520851314,0.06625606119632721
455,455,8.495643602586287e-05,0.061798226088285446,0,-0.08676178753376007,0.006329844240099192,5.796137884317432e-06,0.08676178753376007,0.09675218164920807,0.00011592276860028505,0.06329844146966934
456,456,8.487612573728513e-05,0.09215981513261795,0,-0.0844101682305336,0.006489323452115059,5.544172836380312e-06,0.0844101682305336,0.09453094005584717,0.00011088344035670161,0.06489323079586029
457,457,8.479563982961571e-05,0.04747670516371727,0,-0.08279827237129211,0.006360225845128298,7.404230927932076e-06,0.08279827237129211,0.09252557903528214,0.00014808462583459914,0.0636022537946701
458,458,8.47149787081423e-05,0.0730256661772728,0,-0.08021721243858337,0.0066195325925946236,5.904636509512784e-06,0.08021721243858337,0.08931614458560944,0.00011809272109530866,0.06619532406330109
459,459,8.463414277903475e-05,0.11356550455093384,0,-0.060477595776319504,0.006536385044455528,2.4133474653353915e-05,0.060477595776319504,0.07953988760709763,0.0004826695076189935,0.06536384671926498
460,460,8.455313244934324e-05,0.0888400748372078,0,-0.09009131044149399,0.007019552402198315,4.995683866582112e-06,0.09009131044149399,0.09914646297693253,9.991368278861046e-05,0.0701955258846283
461,461,8.447194812699613e-05,0.08330906182527542,0,-0.0804954245686531,0.007954662665724754,5.950924787612166e-06,0.0804954245686531,0.09054365754127502,0.00011901849939022213,0.07954661548137665
462,462,8.439059022079789e-05,0.13886317610740662,0,-0.08604960143566132,0.007099911570549011,7.944250683067366e-06,0.08604960143566132,0.09553398936986923,0.00015888501366134733,0.07099911570549011
463,463,8.430905914042714e-05,0.08144420385360718,0,-0.0711386650800705,0.007359502837061882,1.0711120012274478e-05,0.0711386650800705,0.08500978350639343,0.00021422238205559552,0.07359502464532852
464,464,8.422735529643444e-05,0.23529478907585144,0,-0.07198712229728699,0.007878152653574944,1.4431234376388602e-05,0.07198712229728699,0.08436243236064911,0.00028862469480372965,0.07878153026103973
465,465,8.414547910024036e-05,0.3226398825645447,0,-0.07252383977174759,0.007531560026109219,1.581212563905865e-05,0.07252383977174759,0.08531041443347931,0.00031624254188500345,0.07531559467315674
466,466,8.406343096413332e-05,0.08759693801403046,0,-0.07941491901874542,0.0075203063897788525,1.126099050452467e-05,0.07941491901874542,0.0913095474243164,0.0002252198028145358,0.0752030611038208
467,467,8.398121130126756e-05,0.07769767194986343,0,-0.10367628186941147,0.007835116237401962,9.16509725357173e-06,0.10367628186941147,0.1153300404548645,0.0001833019487094134,0.07835116237401962
468,468,8.389882052566105e-05,0.11934536695480347,0,-0.07822281122207642,0.007132082246243954,1.3546597983804531e-05,0.07822281122207642,0.08931385725736618,0.000270931952400133,0.07132081687450409
469,469,8.381625905219339e-05,0.10449208319187164,0,-0.09648698568344116,0.0067130038514733315,4.357106718089199e-06,0.09648698568344116,0.10564039647579193,8.714212890481576e-05,0.06713003665208817
470,470,8.373352729660373e-05,0.08016732335090637,0,-0.07247203588485718,0.006258880719542503,3.756304522539722e-06,0.07247203588485718,0.08067287504673004,7.512609590776265e-05,0.06258881092071533
471,471,8.365062567548867e-05,0.072960264980793,0,-0.07594405114650726,0.006471105385571718,1.4933581951481756e-05,0.07594405114650726,0.08743573725223541,0.00029867165721952915,0.06471104919910431
472,472,8.35675546063002e-05,0.10710885375738144,0,-0.09853076934814453,0.006570980418473482,9.773561941983644e-06,0.09853076934814453,0.11037800461053848,0.00019547123520169407,0.06570979952812195
473,473,8.348431450734355e-05,0.12064968794584274,0,-0.09465613961219788,0.00675865076482296,5.544334271689877e-06,0.09465613961219788,0.10372094810009003,0.00011088668543379754,0.0675864964723587
474,474,8.340090579777506e-05,0.11350274831056595,0,-0.0764426440000534,0.007060717325657606,8.252450243162457e-06,0.0764426440000534,0.08792775124311447,0.00016504901577718556,0.07060717046260834
475,475,8.33173288976002e-05,0.48610109090805054,0,-0.07230255752801895,0.007621015887707472,2.0263445549062453e-05,0.07230255752801895,0.08816732466220856,0.0004052688891533762,0.076210156083107
476,476,8.32335842276713e-05,0.2590402066707611,0,-0.0862894207239151,0.007326168939471245,2.083627987303771e-05,0.0862894207239151,0.1011335477232933,0.000416725582908839,0.07326168566942215
477,477,8.314967220968548e-05,0.1225404441356659,0,-0.08151112496852875,0.007663804106414318,1.3727038094657473e-05,0.08151112496852875,0.09340126067399979,0.0002745407691691071,0.07663803547620773
478,478,8.306559326618259e-05,0.30585363507270813,0,-0.084580197930336,0.007797408849000931,7.4625431807362475e-06,0.084580197930336,0.09599323570728302,0.0001492508454248309,0.07797408849000931
479,479,8.298134782054305e-05,0.12611423432826996,0,-0.086343914270401,0.007593691814690828,1.4786536667088512e-05,0.086343914270401,0.09862692654132843,0.0002957307151518762,0.07593691349029541
480,480,8.289693629698564e-05,0.17283420264720917,0,-0.08717074990272522,0.007506503723561764,5.35049730387982e-06,0.08717074990272522,0.09704619646072388,0.00010700993880163878,0.07506503164768219
481,481,8.281235912056546e-05,0.10441678762435913,0,-0.07792658358812332,0.007885914295911789,7.048236511764117e-06,0.07792658358812332,0.08894182741641998,0.00014096472295932472,0.07885914295911789
482,482,8.272761671717178e-05,0.08582190424203873,0,-0.07678622007369995,0.007008006330579519,6.168827894725837e-06,0.07678622007369995,0.08722863346338272,0.00012337655061855912,0.07008005678653717
483,483,8.264270951352581e-05,0.10014735907316208,0,-0.07400199770927429,0.007002078928053379,1.3600805687019601e-05,0.07400199770927429,0.08706308901309967,0.0002720160991884768,0.07002077996730804
484,484,8.255763793717868e-05,0.17982478439807892,0,-0.09395071119070053,0.007675954606384039,1.9545828763511963e-05,0.09395071119070053,0.10743854939937592,0.00039091656799428165,0.07675953954458237
485,485,8.247240241650918e-05,0.07631850242614746,0,-0.09330397844314575,0.0071512204594910145,1.1847740097437054e-05,0.09330397844314575,0.10428200662136078,0.00023695480194874108,0.07151219993829727
486,486,8.238700338072167e-05,0.13530190289020538,0,-0.07724350690841675,0.006720107980072498,1.0762336387415417e-05,0.07724350690841675,0.08931081742048264,0.00021524672047235072,0.06720107793807983
487,487,8.230144125984387e-05,0.03731928765773773,0,-0.0840364396572113,0.00687362952157855,4.680618530983338e-06,0.0840364396572113,0.09273698925971985,9.361236880067736e-05,0.06873629987239838
488,488,8.221571648472472e-05,0.1178382933139801,0,-0.07675981521606445,0.007106620818376541,8.427500688412692e-06,0.07675981521606445,0.08786609023809433,0.00016855000285431743,0.07106620073318481
489,489,8.21298294870322e-05,0.12224274128675461,0,-0.0784699097275734,0.006953048054128885,1.1265166904195212e-05,0.0784699097275734,0.09096504747867584,0.00022530335991177708,0.06953047960996628
490,490,8.20437806992512e-05,0.07444849610328674,0,-0.08605403453111649,0.007364999502897263,7.682099749217741e-06,0.08605403453111649,0.09647464752197266,0.00015364197315648198,0.07364999502897263
491,491,8.195757055468127e-05,0.101041279733181,0,-0.08315882831811905,0.007658018730580807,9.217077604262158e-06,0.08315882831811905,0.09488028287887573,0.00018434155208524317,0.07658018171787262
492,492,8.18711994874345e-05,0.30116817355155945,0,-0.08848825097084045,0.007086047437041998,1.6546931874472648e-05,0.08848825097084045,0.10239937901496887,0.0003309386665932834,0.07086047530174255
493,493,8.178466793243324e-05,0.15144765377044678,0,-0.08447998762130737,0.006960454862564802,5.333241460903082e-06,0.08447998762130737,0.09402793645858765,0.00010666482558008283,0.0696045458316803
494,494,8.16979763254081e-05,0.5352311730384827,0,-0.06842941045761108,0.0072765047661960125,2.0715109712909907e-05,0.06842941045761108,0.0825074166059494,0.00041430225246585906,0.0727650448679924
495,495,8.161112510289549e-05,0.112546905875206,0,-0.08027756214141846,0.007053349167108536,1.3501487956091296e-05,0.08027756214141846,0.09379297494888306,0.0002700297627598047,0.07053348422050476
496,496,8.152411470223569e-05,0.1325865238904953,0,-0.07326854020357132,0.006623462308198214,4.11604287364753e-06,0.07326854020357132,0.08280360698699951,8.232085383497179e-05,0.06623462587594986
497,497,8.143694556157046e-05,0.08713168650865555,0,-0.08377755433320999,0.0068011777475476265,4.865492428507423e-06,0.08377755433320999,0.09278256446123123,9.730984311318025e-05,0.06801178306341171
498,498,8.13496181198409e-05,0.10560259968042374,0,-0.08681106567382812,0.007263367995619774,6.3291699916590005e-06,0.08681106567382812,0.096745565533638,0.00012658339983318,0.07263368368148804
499,499,8.126213281678528e-05,0.11252985149621964,0,-0.0817166119813919,0.006325431168079376,6.868470791232539e-06,0.0817166119813919,0.09214913100004196,0.00013736941036768258,0.06325431168079376
500,500,8.117449009293668e-05,0.19157814979553223,0,-0.07982359826564789,0.006804364267736673,1.2702531421382446e-05,0.07982359826564789,0.09124226123094559,0.0002540506247896701,0.06804364919662476
501,501,8.1086690389621e-05,0.17305248975753784,0,-0.09429450333118439,0.00635930709540844,1.2448262168618385e-05,0.09429450333118439,0.10676847398281097,0.0002489652542863041,0.0635930672287941
502,502,8.099873414895453e-05,0.13272789120674133,0,-0.06053808331489563,0.006219680421054363,1.2363788300717715e-05,0.06053808331489563,0.0734560415148735,0.00024727574782446027,0.06219680234789848
503,503,8.091062181384184e-05,0.07653840631246567,0,-0.09667511284351349,0.006544638425111771,8.283224815386347e-06,0.09667511284351349,0.10762770473957062,0.00016566448903176934,0.0654463917016983
504,504,8.082235382797349e-05,0.06810086965560913,0,-0.0678306296467781,0.0064483508467674255,1.8172560885432176e-05,0.0678306296467781,0.08148670196533203,0.0003634511958807707,0.06448350846767426
505,505,8.073393063582386e-05,0.29377779364585876,0,-0.08701396733522415,0.0068224226124584675,6.927581580384867e-06,0.08701396733522415,0.09796249866485596,0.00013855162251275033,0.0682242214679718
506,506,8.064535268264883e-05,0.04991048574447632,0,-0.10231407731771469,0.00726853683590889,6.682654202450067e-06,0.10231407731771469,0.11188142001628876,0.00013365308404900134,0.0726853758096695
507,507,8.05566204144836e-05,0.1178436204791069,0,-0.09120616316795349,0.0073357741348445415,5.8737650761031546e-06,0.09120616316795349,0.10192084312438965,0.00011747531243599951,0.07335774600505829
508,508,8.046773427814042e-05,0.06699424982070923,0,-0.08668942749500275,0.007360465824604034,5.43657733942382e-06,0.08668942749500275,0.09658476710319519,0.00010873154678847641,0.07360465824604034
509,509,8.037869472120634e-05,0.07045479863882065,0,-0.07328013330698013,0.006635240279138088,1.2548503946163692e-05,0.07328013330698013,0.08597619831562042,0.0002509700716473162,0.06635240465402603
510,510,8.0289502192041e-05,0.16624227166175842,0,-0.09109318256378174,0.007781179156154394,4.347349204181228e-06,0.09109318256378174,0.09952130913734436,8.694698044564575e-05,0.07781178504228592
511,511,8.020015713977427e-05,0.09295804053544998,0,-0.0971016064286232,0.0077967518009245396,5.459426120069111e-06,0.0971016064286232,0.10655198246240616,0.00010918852058239281,0.07796751707792282
512,512,8.011066001430412e-05,0.20625992119312286,0,-0.0897483304142952,0.007690318860113621,1.0483745427336544e-05,0.0897483304142952,0.10368511080741882,0.00020967489399481565,0.07690318673849106
513,513,8.002101126629421e-05,0.1873728334903717,0,-0.08636030554771423,0.007998058572411537,1.808172783057671e-05,0.08636030554771423,0.10200248658657074,0.0003616345056798309,0.07998058199882507
514,514,7.993121134717177e-05,0.045411620289087296,0,-0.075449638068676,0.007684521377086639,1.3455333828460425e-05,0.075449638068676,0.0868348777294159,0.00026910664746537805,0.0768452137708664
515,515,7.984126070912518e-05,0.06818779557943344,0,-0.08874031901359558,0.008036484010517597,6.182718152558664e-06,0.08874031901359558,0.09830093383789062,0.0001236543757840991,0.08036483824253082
516,516,7.975115980510187e-05,0.19876867532730103,0,-0.07946062088012695,0.007757368963211775,6.018917247274658e-06,0.07946062088012695,0.08920881152153015,0.00012037834676448256,0.07757368683815002
517,517,7.966090908880581e-05,0.06939701735973358,0,-0.0749526098370552,0.006899184547364712,7.775770427542739e-06,0.0749526098370552,0.08508697897195816,0.0001555154158268124,0.06899183988571167
518,518,7.957050901469545e-05,0.10358501225709915,0,-0.09441506862640381,0.007501012645661831,3.201901336069568e-06,0.09441506862640381,0.10145200043916702,6.403802399290726e-05,0.07501012086868286
519,519,7.94799600379813e-05,0.08132943511009216,0,-0.07503765821456909,0.006971747614443302,6.9738662205054425e-06,0.07503765821456909,0.0838577151298523,0.00013947731349617243,0.06971748173236847
520,520,7.938926261462366e-05,0.14725229144096375,0,-0.08359505236148834,0.007483254186809063,4.6391378418775275e-06,0.08359505236148834,0.09203646332025528,9.278275683755055e-05,0.07483254373073578
521,521,7.929841720133034e-05,0.12385943531990051,0,-0.08740468323230743,0.00708532240241766,3.903011020156555e-06,0.08740468323230743,0.09581393748521805,7.806021312717348e-05,0.07085321843624115
522,522,7.920742425555436e-05,0.057270824909210205,0,-0.08521591126918793,0.007706852629780769,7.934339919302147e-06,0.08521591126918793,0.09549009799957275,0.0001586867729201913,0.0770685225725174
523,523,7.911628423549162e-05,0.1544656753540039,0,-0.08096416294574738,0.007940762676298618,1.1572918083402328e-05,0.08096416294574738,0.09501244127750397,0.00023145833984017372,0.07940762490034103
524,524,7.902499760007867e-05,0.1010773554444313,0,-0.09912332892417908,0.007827024906873703,4.948508376401151e-06,0.09912332892417908,0.10819872468709946,9.897016570903361e-05,0.07827024161815643
525,525,7.89335648089903e-05,0.1511222869157791,0,-0.08126630634069443,0.007294757291674614,1.0817280781338923e-05,0.08126630634069443,0.09324151277542114,0.00021634560835082084,0.07294757664203644
526,526,7.884198632263724e-05,0.12643831968307495,0,-0.08329729735851288,0.007695487700402737,1.621294541109819e-05,0.08329729735851288,0.09674037247896194,0.0003242589009460062,0.07695487141609192
527,527,7.875026260216393e-05,0.11595738679170609,0,-0.07223821431398392,0.0076755136251449585,6.703605777147459e-06,0.07223821431398392,0.08271963149309158,0.00013407210644800216,0.07675513625144958
528,528,7.865839410944612e-05,0.04192373529076576,0,-0.0843738317489624,0.0065428633242845535,5.001830231776694e-06,0.0843738317489624,0.09322763979434967,0.00010003660281654447,0.06542863696813583
529,529,7.856638130708853e-05,0.0383760966360569,0,-0.09730510413646698,0.00720062293112278,4.725221515400335e-06,0.09730510413646698,0.10638084262609482,9.450442303204909e-05,0.0720062330365181
530,530,7.84742246584226e-05,0.03236405923962593,0,-0.08325135707855225,0.007088932208716869,4.82878658658592e-06,0.08325135707855225,0.09272050857543945,9.657572081778198e-05,0.07088932394981384
531,531,7.838192462750409e-05,0.10245949774980545,0,-0.0820620208978653,0.006841679103672504,1.5513607650063932e-05,0.0820620208978653,0.09379363059997559,0.00031027215300127864,0.0684167891740799
532,532,7.828948167911074e-05,0.10909828543663025,0,-0.09406362473964691,0.00769008556380868,1.1254554920014925e-05,0.09406362473964691,0.10558490455150604,0.00022509107657242566,0.07690085470676422
533,533,7.819689627873997e-05,0.06347335875034332,0,-0.06662982702255249,0.0067942580208182335,1.503893690824043e-05,0.06662982702255249,0.07903145253658295,0.0003007787454407662,0.06794257462024689
534,534,7.810416889260653e-05,0.13702256977558136,0,-0.0966256633400917,0.007643040269613266,6.080565526644932e-06,0.0966256633400917,0.10655597597360611,0.00012161130871390924,0.07643040269613266
535,535,7.801129998764014e-05,0.09243094176054001,0,-0.08413654565811157,0.007918812334537506,9.328769010608084e-06,0.08413654565811157,0.09499378502368927,0.00018657537293620408,0.07918812334537506
536,536,7.791829003148312e-05,0.08642872422933578,0,-0.07916392385959625,0.007403246592730284,1.2116289326513652e-05,0.07916392385959625,0.09177266061306,0.00024232578289229423,0.07403247058391571
537,537,7.782513949248808e-05,0.09840922802686691,0,-0.08233526349067688,0.007783760782331228,5.246400633041048e-06,0.08233526349067688,0.09156221151351929,0.00010492801084183156,0.07783760875463486
538,538,7.773184883971551e-05,0.37791305780410767,0,-0.08755356818437576,0.008215745911002159,1.6407670045737177e-05,0.08755356818437576,0.10187748074531555,0.0003281533718109131,0.08215745538473129
539,539,7.763841854293145e-05,0.16768617928028107,0,-0.08969874680042267,0.00770880002528429,1.5327936125686392e-05,0.08969874680042267,0.10390761494636536,0.0003065587079618126,0.07708799839019775
540,540,7.754484907260513e-05,0.14098982512950897,0,-0.1056201308965683,0.00767954345792532,4.94349615109968e-06,0.1056201308965683,0.11505740880966187,9.8869924840983e-05,0.07679543644189835
541,541,7.74511408999066e-05,0.14400331676006317,0,-0.08550918847322464,0.006788881495594978,3.658471314338385e-06,0.08550918847322464,0.09304460883140564,7.31694235582836e-05,0.06788881868124008
542,542,7.73572944967043e-05,0.0905475839972496,0,-0.08798936009407043,0.007170830853283405,9.86937084235251e-06,0.08798936009407043,0.09973888099193573,0.00019738740229513496,0.0717083066701889
543,543,7.72633103355628e-05,0.18227402865886688,0,-0.0798318088054657,0.006686435546725988,4.706955223809928e-06,0.0798318088054657,0.08780429512262344,9.413909720024094e-05,0.06686435639858246
544,544,7.71691888897403e-05,0.1118348091840744,0,-0.084441177546978,0.006618313491344452,1.8165823348681442e-05,0.084441177546978,0.09909073263406754,0.000363316445145756,0.06618312746286392
545,545,7.707493063318629e-05,0.20151427388191223,0,-0.09559943526983261,0.0066083259880542755,4.6120098886603955e-06,0.09559943526983261,0.10407176613807678,9.224019595421851e-05,0.06608325988054276
546,546,7.698053604053922e-05,0.16044537723064423,0,-0.09744663536548615,0.007195232901722193,1.212836377817439e-05,0.09744663536548615,0.10913167893886566,0.0002425672864774242,0.07195232808589935
547,547,7.688600558712406e-05,0.2460210919380188,0,-0.08636457473039627,0.006888307631015778,6.251129889278673e-06,0.08636457473039627,0.09578243643045425,0.00012502260506153107,0.06888307631015778
548,548,7.679133974894983e-05,0.08934184163808823,0,-0.09774269163608551,0.0071465447545051575,9.031069566844963e-06,0.09774269163608551,0.10928388684988022,0.00018062139861285686,0.07146544754505157
549,549,7.669653900270737e-05,0.1946074217557907,0,-0.08008565753698349,0.007569720037281513,1.071081896952819e-05,0.08008565753698349,0.09308981150388718,0.0002142163721146062,0.07569719851016998
550,550,7.660160382576683e-05,0.09174425899982452,0,-0.0994749367237091,0.00880068726837635,4.0821100810717326e-06,0.0994749367237091,0.10811043530702591,8.164220344042405e-05,0.0880068689584732
551,551,7.650653469617526e-05,0.4101508855819702,0,-0.07443055510520935,0.008734029717743397,2.0594539819285274e-05,0.07443055510520935,0.08852078020572662,0.00041189073817804456,0.08734029531478882
552,552,7.641133209265424e-05,0.15922363102436066,0,-0.0705777108669281,0.007937923073768616,1.743158463796135e-05,0.0705777108669281,0.08597245812416077,0.0003486317000351846,0.07937922328710556
553,553,7.631599649459744e-05,0.1964104175567627,0,-0.08434101939201355,0.00866171158850193,2.0374658561195247e-05,0.08434101939201355,0.09881005436182022,0.0004074931493960321,0.0866171196103096
554,554,7.62205283820683e-05,0.2860606610774994,0,-0.06737066060304642,0.00824836827814579,2.355283868382685e-05,0.06737066060304642,0.08428305387496948,0.00047105681733228266,0.0824836790561676
555,555,7.612492823579745e-05,0.7296075820922852,0,-0.06564470380544662,0.008675158955156803,5.456405779113993e-05,0.06564470380544662,0.09256605803966522,0.001091281184926629,0.08675158768892288
556,556,7.602919653718044e-05,0.4144083857536316,0,-0.08638332039117813,0.008979305624961853,6.684312211291399e-06,0.08638332039117813,0.09814061224460602,0.00013368623331189156,0.08979305624961853
557,557,7.59333337682752e-05,0.13383209705352783,0,-0.1018526554107666,0.008574770763516426,5.438770131149795e-06,0.1018526554107666,0.1114032119512558,0.0001087754062609747,0.08574770390987396
558,558,7.583734041179973e-05,0.07569687068462372,0,-0.09250511974096298,0.008287892676889896,3.865364760713419e-06,0.09250511974096298,0.10105178505182266,7.730728975730017e-05,0.08287891745567322
559,559,7.574121695112954e-05,0.27080038189888,0,-0.08363251388072968,0.008442671969532967,4.288608124625171e-06,0.08363251388072968,0.09257739037275314,8.57721533975564e-05,0.08442671597003937
560,560,7.564496387029532e-05,0.08673185855150223,0,-0.10257456451654434,0.00816689245402813,5.425102699518902e-06,0.10257456451654434,0.11258025467395782,0.00010850204853340983,0.081668920814991
561,561,7.554858165398045e-05,0.09874642640352249,0,-0.0847882628440857,0.007380542811006308,7.181521141319536e-06,0.0847882628440857,0.09468678385019302,0.00014363043010234833,0.07380542159080505
562,562,7.545207078751857e-05,0.05999774858355522,0,-0.0992429256439209,0.007714094128459692,6.7524879341362976e-06,0.0992429256439209,0.10940387845039368,0.00013504974776878953,0.0771409422159195
563,563,7.535543175689116e-05,0.158852219581604,0,-0.07733027637004852,0.006969593930989504,1.6327954654116184e-05,0.07733027637004852,0.09035749733448029,0.00032655909308232367,0.06969593465328217
564,564,7.525866504872506e-05,0.09884274005889893,0,-0.10594841092824936,0.0071844132617115974,5.15655619892641e-06,0.10594841092824936,0.11470890790224075,0.0001031311257975176,0.07184413075447083
565,565,7.516177115029002e-05,0.2914213538169861,0,-0.07906267046928406,0.007334687747061253,7.2689581429585814e-06,0.07906267046928406,0.09053896367549896,0.00014537913375534117,0.07334687560796738
566,566,7.506475054949625e-05,0.0932076945900917,0,-0.08066045492887497,0.007472802884876728,1.5023426385596395e-05,0.08066045492887497,0.09329838305711746,0.0003004685277119279,0.07472802698612213
567,567,7.496760373489202e-05,0.23654630780220032,0,-0.08644084632396698,0.007356943562626839,1.0547162673901767e-05,0.08644084632396698,0.0989239513874054,0.00021094322437420487,0.07356944680213928
568,568,7.48703311956611e-05,0.14561215043067932,0,-0.08846687525510788,0.007144202012568712,8.634810910734814e-06,0.08846687525510788,0.09954027831554413,0.00017269622185267508,0.07144202291965485
569,569,7.477293342162039e-05,0.11982178688049316,0,-0.08757168799638748,0.007551355753093958,1.539491131552495e-05,0.08757168799638748,0.10079191625118256,0.0003078982117585838,0.075513556599617
570,570,7.467541090321735e-05,0.10352487117052078,0,-0.0897386372089386,0.008565887808799744,4.291827735869447e-06,0.0897386372089386,0.09820342063903809,8.583655289839953e-05,0.08565887808799744
571,571,7.457776413152767e-05,0.09088681638240814,0,-0.09339778870344162,0.008526425808668137,1.4011817256687209e-05,0.09339778870344162,0.10694324225187302,0.0002802363596856594,0.08526425063610077
572,572,7.447999359825263e-05,0.4266594648361206,0,-0.0924997329711914,0.008735228329896927,8.969913324108347e-06,0.0924997329711914,0.10303248465061188,0.00017939826648216695,0.08735229074954987
573,573,7.43820997957168e-05,0.15715530514717102,0,-0.09082499146461487,0.00865158997476101,8.311069905175827e-06,0.09082499146461487,0.10208936780691147,0.00016622140537947416,0.0865158960223198
574,574,7.428408321686541e-05,0.1300731599330902,0,-0.08616270869970322,0.008324241265654564,1.1623208592936862e-05,0.08616270869970322,0.09889794141054153,0.0002324641536688432,0.08324241638183594
575,575,7.4185944355262e-05,0.210907444357872,0,-0.09615759551525116,0.00817731861025095,6.214112545421813e-06,0.09615759551525116,0.10597154498100281,0.00012428224727045745,0.08177318423986435
576,576,7.408768370508576e-05,0.2608477771282196,0,-0.11022603511810303,0.008830740116536617,6.130296696937876e-06,0.11022603511810303,0.12062995135784149,0.00012260593939572573,0.08830739557743073
577,577,7.398930176112927e-05,0.17742235958576202,0,-0.08953788876533508,0.007370848208665848,6.328648851194885e-06,0.08953788876533508,0.09966251254081726,0.0001265729806618765,0.07370848208665848
578,578,7.389079901879579e-05,0.0971866324543953,0,-0.09400145709514618,0.007999707944691181,1.5866356989135966e-05,0.09400145709514618,0.1070437878370285,0.00031732709612697363,0.07999707758426666
579,579,7.379217597409688e-05,0.08857887238264084,0,-0.10770512372255325,0.008118144236505032,5.0555227062432095e-06,0.10770512372255325,0.11741207540035248,0.00010111045412486419,0.08118143677711487
580,580,7.369343312364993e-05,0.13195499777793884,0,-0.07392433285713196,0.007253818679600954,1.3660590411745943e-05,0.07392433285713196,0.08791195601224899,0.0002732117718551308,0.07253818213939667
581,581,7.35945709646756e-05,0.2617478668689728,0,-0.07203902304172516,0.0070303319953382015,2.4700811991351657e-05,0.07203902304172516,0.08860065788030624,0.0004940162179991603,0.07030332088470459
582,582,7.349558999499527e-05,0.6873932480812073,0,-0.09062071144580841,0.00730157271027565,1.525334664620459e-05,0.09062071144580841,0.10612235218286514,0.0003050669329240918,0.0730157196521759
583,583,7.339649071302867e-05,0.20165906846523285,0,-0.09314017742872238,0.00789426825940609,7.207164344436023e-06,0.09314017742872238,0.10372114181518555,0.00014414328325074166,0.0789426863193512
584,584,7.329727361779124e-05,0.19856888055801392,0,-0.08003000915050507,0.009144400246441364,7.374807410087669e-06,0.08003000915050507,0.09088388830423355,0.00014749614638276398,0.0914440006017685
585,585,7.319793920889171e-05,0.19639401137828827,0,-0.09733179211616516,0.009190934710204601,7.489958989026491e-06,0.09733179211616516,0.1095648854970932,0.00014979919069446623,0.09190934896469116
586,586,7.309848798652949e-05,0.2265750765800476,0,-0.10391615331172943,0.00973705854266882,8.54335848998744e-06,0.10391615331172943,0.11514487862586975,0.0001708671625237912,0.09737059473991394
587,587,7.299892045149226e-05,0.3258531391620636,0,-0.08268767595291138,0.009853818453848362,1.4863446267554536e-05,0.08268767595291138,0.09789128601551056,0.0002972689107991755,0.09853817522525787
588,588,7.289923710515339e-05,0.26606088876724243,0,-0.09404952079057693,0.009881140664219856,1.114610131480731e-05,0.09404952079057693,0.10845902562141418,0.00022292201174423099,0.09881140291690826
589,589,7.279943844946935e-05,0.1561896651983261,0,-0.10477054119110107,0.010827421210706234,5.294502443575766e-06,0.10477054119110107,0.11463621258735657,0.00010589005250949413,0.10827420651912689
590,590,7.269952498697734e-05,0.28539925813674927,0,-0.08924666047096252,0.010679293423891068,3.8626847526757047e-05,0.08924666047096252,0.10957305133342743,0.0007725369650870562,0.10679292678833008
591,591,7.259949722079263e-05,1.0087056159973145,0,-0.0937327966094017,0.011073583737015724,7.585663297504652e-06,0.0937327966094017,0.1054663211107254,0.00015171326231211424,0.11073583364486694
592,592,7.249935565460607e-05,0.22389376163482666,0,-0.07307485491037369,0.010442359372973442,3.4069817047566175e-05,0.07307485491037369,0.09393563121557236,0.0006813962827436626,0.10442359745502472
593,593,7.239910079268153e-05,0.20924216508865356,0,-0.0999937504529953,0.009351088665425777,7.543188985437155e-06,0.0999937504529953,0.11051487922668457,0.0001508637797087431,0.09351088851690292
594,594,7.229873313985342e-05,0.17795906960964203,0,-0.0853685811161995,0.009455932304263115,1.334370972472243e-05,0.0853685811161995,0.09982665628194809,0.0002668741799425334,0.09455931931734085
595,595,7.219825320152411e-05,0.09781842678785324,0,-0.08161025494337082,0.008025769144296646,1.0470502274984028e-05,0.08161025494337082,0.09478205442428589,0.00020941004913765937,0.08025768399238586
596,596,7.209766148366136e-05,0.14601218700408936,0,-0.09005212783813477,0.00829768180847168,9.246299669030122e-06,0.09005212783813477,0.10263320803642273,0.00018492598610464483,0.0829768180847168
597,597,7.199695849279576e-05,0.2814663052558899,0,-0.09453617036342621,0.008668094873428345,4.636428457160946e-06,0.09453617036342621,0.10395467281341553,9.272856550524011e-05,0.08668094128370285
598,598,7.189614473601833e-05,0.1806437075138092,0,-0.10106048732995987,0.00802876241505146,1.1679132512654178e-05,0.10106048732995987,0.11277831345796585,0.00023358264297712594,0.08028761297464371
599,599,7.179522072097774e-05,0.16225120425224304,0,-0.08038696646690369,0.007781214080750942,6.625245987379458e-06,0.08038696646690369,0.09113000333309174,0.00013250492338556796,0.07781213521957397
600,600,7.169418695587791e-05,0.19894084334373474,0,-0.08211952447891235,0.007849333807826042,8.150203939294443e-06,0.08211952447891235,0.09404891729354858,0.00016300406423397362,0.07849333435297012
601,601,7.159304394947544e-05,0.17429965734481812,0,-0.09834210574626923,0.007545809261500835,2.3384407541016117e-05,0.09834210574626923,0.11395613104104996,0.00046768816537223756,0.0754580870270729
602,602,7.149179221107694e-05,0.17255949974060059,0,-0.09746786952018738,0.007709241472184658,7.886507773946505e-06,0.09746786952018738,0.10966247320175171,0.00015773014456499368,0.07709241658449173
603,603,7.139043225053665e-05,0.1849175989627838,0,-0.08521564304828644,0.007962975651025772,1.8951845049741678e-05,0.08521564304828644,0.09929978847503662,0.0003790368791669607,0.07962974905967712
604,604,7.128896457825364e-05,0.36537668108940125,0,-0.0975576788187027,0.008443176746368408,7.042490324238315e-06,0.0975576788187027,0.10745397210121155,0.0001408498064847663,0.08443178236484528
605,605,7.118738970516944e-05,0.36224478483200073,0,-0.0847754031419754,0.008259274065494537,6.535575266752858e-06,0.0847754031419754,0.0955045223236084,0.00013071150169707835,0.08259272575378418
606,606,7.108570814276539e-05,0.28021419048309326,0,-0.08517028391361237,0.008558588102459908,8.70949043019209e-06,0.08517028391361237,0.09748579561710358,0.0001741898013278842,0.08558587729930878
607,607,7.098392040306001e-05,0.07729890942573547,0,-0.09659440070390701,0.009239221923053265,6.06868889008183e-06,0.09659440070390701,0.10681159794330597,0.00012137376324972138,0.0923922210931778
608,608,7.088202699860656e-05,0.18454386293888092,0,-0.10924119502305984,0.010626970790326595,8.054215868469328e-06,0.10924119502305984,0.12146496772766113,0.00016108430281747133,0.1062697097659111
609,609,7.078002844249032e-05,0.2994867265224457,0,-0.07626368850469589,0.009696916677057743,1.8291821106686257e-05,0.07626368850469589,0.09206610918045044,0.0003658364003058523,0.09696916490793228
610,610,7.067792524832604e-05,0.10331687331199646,0,-0.09322739392518997,0.010664457455277443,4.967276709066937e-06,0.09322739392518997,0.1030471920967102,9.934553236234933e-05,0.10664457082748413
611,611,7.057571793025544e-05,0.23461702466011047,0,-0.09732958674430847,0.011498985812067986,1.6641895854263566e-05,0.09732958674430847,0.11137917637825012,0.0003328378952573985,0.11498986184597015
612,612,7.047340700294453e-05,0.33714696764945984,0,-0.09689249098300934,0.010602064430713654,1.9453373170108534e-05,0.09689249098300934,0.11366616189479828,0.0003890674561262131,0.10602064430713654
613,613,7.037099298158103e-05,0.33032041788101196,0,-0.09007525444030762,0.011272232048213482,3.3450571208959445e-05,0.09007525444030762,0.10644358396530151,0.0006690113805234432,0.11272231489419937
614,614,7.02684763818718e-05,0.35265061259269714,0,-0.0962219387292862,0.009644532576203346,7.679933332838118e-06,0.0962219387292862,0.1079368144273758,0.00015359866665676236,0.09644532203674316
615,615,7.016585772004026e-05,0.08811555057764053,0,-0.09146713465452194,0.009832842275500298,5.660320766764926e-06,0.09146713465452194,0.10038319230079651,0.0001132064062403515,0.09832842648029327
616,616,7.006313751282372e-05,0.10943233221769333,0,-0.08933143317699432,0.009927049279212952,6.3192769630404655e-06,0.08933143317699432,0.10051839053630829,0.0001263855374418199,0.09927049279212952
617,617,6.996031627747085e-05,0.10422319173812866,0,-0.10849066078662872,0.00874186772853136,6.078776550566545e-06,0.10849066078662872,0.11918509006500244,0.00012157551827840507,0.08741866797208786
618,618,6.985739453173903e-05,0.08841805905103683,0,-0.0982549861073494,0.008650309406220913,9.823233995120972e-06,0.0982549861073494,0.11049330979585648,0.00019646467990241945,0.08650309592485428
619,619,6.975437279389181e-05,0.3331068456172943,0,-0.08923253417015076,0.00949070230126381,9.235261131834704e-06,0.08923253417015076,0.1019858717918396,0.0001847052335506305,0.09490702301263809
620,620,6.965125158269619e-05,0.24449428915977478,0,-0.08244048058986664,0.008946914225816727,7.649222425243352e-06,0.08244048058986664,0.09382934868335724,0.00015298445941880345,0.08946914225816727
621,621,6.954803141742009e-05,0.16367106139659882,0,-0.09991220384836197,0.008486712351441383,4.8385068112111185e-06,0.09991220384836197,0.10900674760341644,9.67701489571482e-05,0.08486711978912354
622,622,6.944471281782975e-05,0.1464308649301529,0,-0.1096191555261612,0.009129365906119347,4.45163595941267e-06,0.1096191555261612,0.11847162246704102,8.90327210072428e-05,0.09129365533590317
623,623,6.934129630418701e-05,0.26412320137023926,0,-0.08498945832252502,0.008472309447824955,1.1212488061573822e-05,0.08498945832252502,0.09835657477378845,0.00022424972848966718,0.0847230926156044
624,624,6.92377823972468e-05,0.1490468531847,0,-0.09850107133388519,0.009050586260855198,6.09149628871819e-06,0.09850107133388519,0.10911208391189575,0.000121829922136385,0.09050586074590683
625,625,6.91341716182545e-05,0.10552690178155899,0,-0.11267192661762238,0.010219872929155827,5.222689651418477e-06,0.11267192661762238,0.12177036702632904,0.00010445379302836955,0.10219872742891312
626,626,6.903046448894322e-05,0.27852141857147217,0,-0.09064961969852448,0.009589079767465591,1.0953965102089569e-05,0.09064961969852448,0.10289278626441956,0.00021907928748987615,0.09589080512523651
627,627,6.892666153153129e-05,0.4769649803638458,0,-0.0988476425409317,0.010011802427470684,6.469715117418673e-06,0.0988476425409317,0.1104617565870285,0.00012939429143443704,0.10011801868677139
628,628,6.88227632687196e-05,0.16701039671897888,0,-0.10159432142972946,0.010087031871080399,9.072679858945776e-06,0.10159432142972946,0.11447196453809738,0.0001814535935409367,0.10087031126022339
629,629,6.871877022368891e-05,0.06543643772602081,0,-0.10691925883293152,0.01050620898604393,4.734367848868715e-06,0.10691925883293152,0.11617089062929153,9.46873624343425e-05,0.1050620824098587
630,630,6.861468292009727e-05,0.24685804545879364,0,-0.10357388854026794,0.009994224645197392,7.953003660077229e-06,0.10357388854026794,0.11623837053775787,0.00015906005864962935,0.09994223713874817
631,631,6.851050188207737e-05,0.19301562011241913,0,-0.10755753517150879,0.011050642468035221,7.4246045187464915e-06,0.10755753517150879,0.11942685395479202,0.00014849209401290864,0.11050642281770706
632,632,6.840622763423391e-05,1.1251182556152344,0,-0.0736265555024147,0.010105062276124954,4.6836874389555305e-05,0.0736265555024147,0.09885282814502716,0.0009367374586872756,0.10105061531066895
633,633,6.830186070164094e-05,0.13612346351146698,0,-0.1068645566701889,0.00979284942150116,4.328186605562223e-06,0.1068645566701889,0.11531142890453339,8.656373393023387e-05,0.0979284942150116
634,634,6.819740160983923e-05,0.12754318118095398,0,-0.09857313334941864,0.009041287936270237,5.5396740208379924e-06,0.09857313334941864,0.1090913638472557,0.00011079346586484462,0.09041287004947662
635,635,6.809285088483362e-05,0.12954528629779816,0,-0.10408566892147064,0.00884388480335474,5.607678758678958e-06,0.10408566892147064,0.11433824896812439,0.00011215357517357916,0.08843883872032166
636,636,6.798820905309036e-05,0.15125253796577454,0,-0.1050899401307106,0.008592556230723858,6.403234237950528e-06,0.1050899401307106,0.11567025631666183,0.00012806468294002116,0.08592554926872253
637,637,6.788347664153447e-05,0.13882625102996826,0,-0.0797359049320221,0.007896395400166512,4.6545665099984035e-06,0.0797359049320221,0.08943270146846771,9.309133019996807e-05,0.07896395772695541
638,638,6.77786541775471e-05,0.14319190382957458,0,-0.09639372676610947,0.00835912860929966,5.847773081768537e-06,0.09639372676610947,0.10728873312473297,0.00011695545981638134,0.0835912823677063
639,639,6.767374218896286e-05,0.07721370458602905,0,-0.09913662075996399,0.008629495278000832,4.223423275107052e-06,0.09913662075996399,0.108466736972332,8.446845458820462e-05,0.08629494905471802
640,640,6.756874120406714e-05,0.2928825616836548,0,-0.0912582278251648,0.008380320854485035,8.334570338774938e-06,0.0912582278251648,0.10358519107103348,0.00016669141768943518,0.0838032066822052
641,641,6.746365175159348e-05,0.1277771145105362,0,-0.10651756823062897,0.008625917136669159,6.390439011738636e-06,0.10651756823062897,0.11756636202335358,0.0001278087729588151,0.08625917136669159
642,642,6.735847436072094e-05,0.3156808614730835,0,-0.1008296012878418,0.009314872324466705,8.269351383205503e-06,0.1008296012878418,0.11294734477996826,0.00016538702766411006,0.09314873069524765
643,643,6.725320956107131e-05,0.5259912014007568,0,-0.09559477120637894,0.009435725398361683,1.1131382052553818e-05,0.09559477120637894,0.10837605595588684,0.00022262764105107635,0.09435725212097168
644,644,6.714785788270658e-05,0.45673802495002747,0,-0.0870925560593605,0.008506342768669128,1.5903980965958908e-05,0.0870925560593605,0.10031722486019135,0.00031807960476726294,0.08506342768669128
645,645,6.704241985612625e-05,0.1458698809146881,0,-0.1043294221162796,0.009562107734382153,4.882106168224709e-06,0.1043294221162796,0.11454876512289047,9.764212154550478e-05,0.09562107920646667
646,646,6.693689601226458e-05,0.18277586996555328,0,-0.09439458698034286,0.009336430579423904,7.170976914494531e-06,0.09439458698034286,0.10522341728210449,0.0001434195291949436,0.09336430579423904
647,647,6.683128688248795e-05,0.18608060479164124,0,-0.10253503173589706,0.010525872930884361,2.273851896461565e-05,0.10253503173589706,0.11692069470882416,0.00045477040112018585,0.10525872558355331
648,648,6.672559299859228e-05,0.2532929480075836,0,-0.10350365191698074,0.010819600895047188,1.2235565918672364e-05,0.10350365191698074,0.116566963493824,0.00024471129290759563,0.10819599777460098
649,649,6.661981489280016e-05,0.9292146563529968,0,-0.08862728625535965,0.01026905793696642,2.109963861585129e-05,0.08862728625535965,0.10716861486434937,0.0004219927650410682,0.10269057750701904
650,650,6.651395309775837e-05,0.5057984590530396,0,-0.09194087982177734,0.010531919077038765,8.7694124886184e-06,0.09194087982177734,0.10303612798452377,0.0001753882534103468,0.10531917959451675
651,651,6.640800814653503e-05,0.21712201833724976,0,-0.08921606093645096,0.010215274058282375,1.1673460903693922e-05,0.08921606093645096,0.10203254967927933,0.00023346921079792082,0.1021527349948883
652,652,6.63019805726171e-05,0.210943341255188,0,-0.10734223574399948,0.010024584829807281,2.1234091036603786e-05,0.10734223574399948,0.12287776172161102,0.0004246818134561181,0.10024585574865341
653,653,6.619587090990748e-05,0.1959538459777832,0,-0.11025360971689224,0.009038127958774567,5.3567746363114566e-06,0.11025360971689224,0.12089455872774124,0.00010713549272622913,0.09038127213716507
654,654,6.608967969272248e-05,0.15032990276813507,0,-0.1026579961180687,0.008845585398375988,4.937392077408731e-06,0.1026579961180687,0.11262724548578262,9.8747834272217e-05,0.08845585584640503
655,655,6.598340745578909e-05,0.17745187878608704,0,-0.09697645902633667,0.008692888543009758,7.424148861900903e-06,0.09697645902633667,0.10739652812480927,0.00014848296996206045,0.08692889660596848
656,656,6.587705473424222e-05,0.19637194275856018,0,-0.08266964554786682,0.00874408334493637,8.270069884019904e-06,0.08266964554786682,0.0945783406496048,0.00016540139040444046,0.08744083344936371
657,657,6.577062206362215e-05,0.17868123948574066,0,-0.10131582617759705,0.008542770519852638,6.777342605346348e-06,0.10131582617759705,0.11225752532482147,0.00013554684119299054,0.08542770147323608
658,658,6.566410997987163e-05,0.5574187636375427,0,-0.09849557280540466,0.009362188167870045,9.192322977469303e-06,0.09849557280540466,0.10938909649848938,0.00018384646682534367,0.0936218798160553
659,659,6.555751901933342e-05,0.16391968727111816,0,-0.10469057410955429,0.009075108915567398,1.1490216820675414e-05,0.10469057410955429,0.11681663990020752,0.00022980435460340232,0.09075108170509338
660,660,6.545084971874738e-05,0.21050450205802917,0,-0.10571788996458054,0.009157839231193066,4.863562935497612e-06,0.10571788996458054,0.11476047337055206,9.727125870995224e-05,0.09157838672399521
661,661,6.534410261524786e-05,0.21368084847927094,0,-0.11478717625141144,0.009550266899168491,5.46923911315389e-06,0.11478717625141144,0.1253529191017151,0.00010938477498712018,0.09550266712903976
662,662,6.523727824636104e-05,0.16907155513763428,0,-0.08098167926073074,0.009345242753624916,6.779569503123639e-06,0.08098167926073074,0.09265588223934174,0.00013559138460550457,0.09345242381095886
663,663,6.513037715000209e-05,0.4270273447036743,0,-0.09954822063446045,0.010750879533588886,7.119952897483017e-06,0.09954822063446045,0.11212536692619324,0.00014239904703572392,0.10750879347324371
664,664,6.50233998644726e-05,0.3307945132255554,0,-0.09560294449329376,0.010172411799430847,7.115462722140364e-06,0.09560294449329376,0.10695081204175949,0.0001423092617187649,0.10172411799430847
665,665,6.49163469284578e-05,0.13603995740413666,0,-0.11109406501054764,0.010870248079299927,4.095744770893361e-06,0.11109406501054764,0.11987628042697906,8.191489177988842e-05,0.10870248079299927
666,666,6.48092188810239e-05,0.4763549864292145,0,-0.10398910194635391,0.010270755738019943,6.400725851563038e-06,0.10398910194635391,0.11432935297489166,0.00012801450793631375,0.10270756483078003
667,667,6.47020162616152e-05,0.17944398522377014,0,-0.10110513865947723,0.010809458792209625,1.3001104889553972e-05,0.10110513865947723,0.11371302604675293,0.00026002206141129136,0.10809457302093506
668,668,6.459473961005168e-05,0.764445424079895,0,-0.07604731619358063,0.010411190800368786,2.411696914350614e-05,0.07604731619358063,0.09276256710290909,0.00048233941197395325,0.10411190241575241
669,669,6.448738946652597e-05,0.6158961057662964,0,-0.0987701416015625,0.010715091601014137,1.1335399904055521e-05,0.0987701416015625,0.11139773577451706,0.0002267079835291952,0.10715091973543167
670,670,6.437996637160087e-05,0.5167230367660522,0,-0.11648420989513397,0.009702302515506744,7.065898898872547e-06,0.11648420989513397,0.1275911033153534,0.00014131798525340855,0.09702302515506744
671,671,6.427247086620647e-05,0.2855919599533081,0,-0.10653772950172424,0.01064177043735981,8.19525303086266e-06,0.10653772950172424,0.1175326406955719,0.00016390506061725318,0.1064177080988884
672,672,6.416490349163748e-05,0.328496515750885,0,-0.1020820289850235,0.009203228168189526,1.076864282367751e-05,0.1020820289850235,0.11586622148752213,0.0002153728564735502,0.0920322835445404
673,673,6.405726478955054e-05,0.3693569302558899,0,-0.095741868019104,0.00941731408238411,6.116654731158633e-06,0.095741868019104,0.10703195631504059,0.00012233309098519385,0.0941731408238411
674,674,6.394955530196147e-05,0.2055666446685791,0,-0.09867662191390991,0.009517312981188297,4.634946435544407e-06,0.09867662191390991,0.10866469144821167,9.269893052987754e-05,0.09517312049865723
675,675,6.384177557124247e-05,0.35407939553260803,0,-0.11029409617185593,0.008618826046586037,4.824140432901913e-06,0.11029409617185593,0.11967045068740845,9.648280683904886e-05,0.08618826419115067
676,676,6.373392614011952e-05,0.20120269060134888,0,-0.09415001422166824,0.009598004631698132,1.0156723874388263e-05,0.09415001422166824,0.10616307705640793,0.00020313446293585002,0.09598003327846527
677,677,6.362600755166953e-05,0.3753594160079956,0,-0.08752308785915375,0.00911620445549488,8.769537998887245e-06,0.08752308785915375,0.10023747384548187,0.00017539075633976609,0.09116204082965851
678,678,6.351802034931765e-05,0.27325767278671265,0,-0.09980805963277817,0.008915130980312824,6.7288287937117275e-06,0.09980805963277817,0.11027131974697113,0.00013457657769322395,0.0891513079404831
679,679,6.340996507683458e-05,0.20953430235385895,0,-0.10304802656173706,0.009502861648797989,5.3039334488858e-06,0.10304802656173706,0.11301344633102417,0.00010607865988276899,0.09502861648797989
680,680,6.330184227833376e-05,0.28593334555625916,0,-0.0997365415096283,0.009289969690144062,5.8450591495784465e-06,0.0997365415096283,0.11039780080318451,0.00011690118117257953,0.09289969503879547
681,681,6.319365249826865e-05,0.5544500946998596,0,-0.1031758263707161,0.010009285062551498,2.0571260392898694e-05,0.1031758263707161,0.1187649592757225,0.0004114252224098891,0.10009285062551498
682,682,6.308539628143e-05,0.37823256850242615,0,-0.1026948094367981,0.010158262215554714,1.4618324712500907e-05,0.1026948094367981,0.11495524644851685,0.00029236648697406054,0.1015826165676117
683,683,6.297707417294313e-05,0.5072664618492126,0,-0.10326866060495377,0.01081794686615467,1.2092979886801913e-05,0.10326866060495377,0.11577345430850983,0.00024185958318412304,0.108179472386837
684,684,6.286868671826512e-05,0.41502222418785095,0,-0.10825642943382263,0.010786851868033409,7.378657301160274e-06,0.10825642943382263,0.11949849128723145,0.0001475731551181525,0.1078685075044632
685,685,6.276023446318213e-05,0.10729704052209854,0,-0.11061327159404755,0.010638432577252388,5.531636816158425e-06,0.11061327159404755,0.1213604286313057,0.00011063273996114731,0.10638432204723358
686,686,6.265171795380659e-05,0.17750103771686554,0,-0.10773226618766785,0.009866049513220787,4.778711627295706e-06,0.10773226618766785,0.11679026484489441,9.557423618389294e-05,0.09866049885749817
687,687,6.254313773657455e-05,0.13197185099124908,0,-0.11249782145023346,0.010693488642573357,9.266743290936574e-06,0.11249782145023346,0.12356048822402954,0.00018533485126681626,0.10693487524986267
688,688,6.243449435824276e-05,0.1640295535326004,0,-0.10462021082639694,0.011315049603581429,5.837183834955795e-06,0.10462021082639694,0.11491365730762482,0.0001167436785181053,0.11315049231052399
689,689,6.232578836588608e-05,0.23014067113399506,0,-0.09650496393442154,0.010227025486528873,8.13881433714414e-06,0.09650496393442154,0.10727347433567047,0.00016277629765681922,0.10227026790380478
690,690,6.22170203068947e-05,0.15920403599739075,0,-0.10588248074054718,0.011076250113546848,6.572542133653769e-06,0.10588248074054718,0.1168372705578804,0.00013145082630217075,0.11076249182224274
691,691,6.21081907289713e-05,1.088823676109314,0,-0.10896562039852142,0.010530348867177963,8.20889363239985e-06,0.10896562039852142,0.1199856847524643,0.0001641778799239546,0.10530349612236023
692,692,6.19993001801283e-05,0.24666015803813934,0,-0.1146431490778923,0.010590835474431515,6.1271175582078286e-06,0.1146431490778923,0.12533791363239288,0.00012254234752617776,0.1059083640575409
693,693,6.189034920868522e-05,0.5040907859802246,0,-0.10684194415807724,0.011007340624928474,4.328730938141234e-06,0.10684194415807724,0.11515730619430542,8.657461876282468e-05,0.11007340252399445
694,694,6.17813383632658e-05,0.2356923520565033,0,-0.10194571316242218,0.009947052225470543,1.5145877114264295e-05,0.10194571316242218,0.11454717069864273,0.00030291752773337066,0.09947052597999573
695,695,6.167226819279528e-05,0.8472645878791809,0,-0.10353013873100281,0.010266922414302826,5.15892133989837e-06,0.10353013873100281,0.11309783905744553,0.00010317841952200979,0.10266922414302826
696,696,6.156313924649761e-05,0.21206973493099213,0,-0.09149780869483948,0.009146636351943016,4.233000254316721e-06,0.09149780869483948,0.10107473284006119,8.466000144835562e-05,0.09146636724472046
697,697,6.145395207389276e-05,0.08476116508245468,0,-0.10308606922626495,0.009844252839684486,6.231604857021011e-06,0.10308606922626495,0.11441338807344437,0.00012463210441637784,0.09844252467155457
698,698,6.134470722479382e-05,0.17624062299728394,0,-0.11521394550800323,0.009199126623570919,4.123547114431858e-06,0.11521394550800323,0.12352565675973892,8.247093501267955e-05,0.09199126064777374
699,699,6.123540524930442e-05,0.23926644027233124,0,-0.10483669489622116,0.01080792210996151,3.6841158816969255e-06,0.10483669489622116,0.11414599418640137,7.3682313086465e-05,0.1080792173743248
700,700,6.112604669781572e-05,0.2991928160190582,0,-0.10583177208900452,0.011039935052394867,6.170617780298926e-06,0.10583177208900452,0.11521197855472565,0.0001234123483300209,0.11039935052394867
701,701,6.101663212100389e-05,0.08985517174005508,0,-0.10172431170940399,0.010858768597245216,3.4213658182125073e-06,0.10172431170940399,0.109651580452919,6.842731090728194e-05,0.10858768969774246
702,702,6.090716206982714e-05,0.1903919130563736,0,-0.10555741935968399,0.011696557514369488,5.409261120803421e-06,0.10555741935968399,0.11623498797416687,0.00010818522423505783,0.11696557700634003
703,703,6.079763709552303e-05,0.1455530822277069,0,-0.10001379251480103,0.010993688367307186,1.9513105144142173e-05,0.10001379251480103,0.11318626999855042,0.00039026205195114017,0.10993687808513641
704,704,6.068805774960573e-05,0.30045172572135925,0,-0.11481312662363052,0.011496175080537796,4.747867933474481e-06,0.11481312662363052,0.12495778501033783,9.495735866948962e-05,0.11496173590421677
705,705,6.0578424583863146e-05,0.7079482674598694,0,-0.09077579528093338,0.01117242407053709,2.417702489765361e-05,0.09077579528093338,0.10661354660987854,0.0004835404979530722,0.11172424256801605
706,706,6.046873815035422e-05,0.19615420699119568,0,-0.10816764831542969,0.011246206238865852,5.816209977638209e-06,0.10816764831542969,0.11874750256538391,0.00011632419773377478,0.11246205866336823
707,707,6.0358999001406156e-05,0.17561396956443787,0,-0.10477376729249954,0.010841903276741505,1.1235446436330676e-05,0.10477376729249954,0.11802750080823898,0.00022470892872661352,0.1084190309047699
708,708,6.0249207689611533e-05,0.21375876665115356,0,-0.09961371123790741,0.011305082589387894,1.8624505173647776e-05,0.09961371123790741,0.11308849602937698,0.0003724901471287012,0.11305083334445953
709,709,6.0139364767825626e-05,0.19039656221866608,0,-0.1065506711602211,0.010789509862661362,7.680204362259246e-06,0.1065506711602211,0.11847353726625443,0.00015360407996922731,0.10789509117603302
710,710,6.0029470789163646e-05,0.21303442120552063,0,-0.10122348368167877,0.010604038834571838,1.015564521367196e-05,0.10122348368167877,0.1124531477689743,0.00020311288244556636,0.10604039579629898
711,711,5.991952630699783e-05,0.5321081876754761,0,-0.10636316239833832,0.009200444445014,6.705956366204191e-06,0.10636316239833832,0.11775203049182892,0.00013411913823802024,0.0920044481754303
712,712,5.980953187495476e-05,0.13168027997016907,0,-0.11485287547111511,0.010366438888013363,7.430978712363867e-06,0.11485287547111511,0.12439148873090744,0.00014861956879030913,0.10366438329219818
713,713,5.9699488046912554e-05,0.3487972021102905,0,-0.10953333973884583,0.009787692688405514,6.803404176025651e-06,0.10953333973884583,0.1203245222568512,0.00013606807624455541,0.09787692129611969
714,714,5.9589395376998e-05,0.2020813673734665,0,-0.10152304172515869,0.010287929326295853,9.07815592654515e-06,0.10152304172515869,0.11299985647201538,0.0001815631112549454,0.10287930071353912
715,715,5.947925441958393e-05,0.18572959303855896,0,-0.1022363007068634,0.011014310643076897,2.044075336016249e-05,0.1022363007068634,0.11555159091949463,0.0004088150744792074,0.11014309525489807
716,716,5.9369065729286245e-05,0.6820477843284607,0,-0.09549134224653244,0.010821133852005005,8.350129064638168e-06,0.09549134224653244,0.10707435756921768,0.00016700258129276335,0.10821133106946945
717,717,5.925882986096122e-05,0.31543055176734924,0,-0.09779487550258636,0.011454837396740913,7.537722467532149e-06,0.09779487550258636,0.10924708843231201,0.00015075445116963238,0.11454837024211884
718,718,5.9148547369702736e-05,0.7063552141189575,0,-0.10644611716270447,0.010772235691547394,9.566873814037535e-06,0.10644611716270447,0.11826413124799728,0.0001913374726427719,0.10772234946489334
719,719,5.903821881083942e-05,0.18693885207176208,0,-0.1022164523601532,0.011529034934937954,1.1880691090482287e-05,0.1022164523601532,0.11397470533847809,0.00023761381453368813,0.11529035121202469
720,720,5.8927844739931834e-05,0.1668086051940918,0,-0.1134633868932724,0.01229625940322876,5.396130291046575e-06,0.1134633868932724,0.12336128950119019,0.00010792259854497388,0.1229625940322876
721,721,5.8817425712769794e-05,0.31768548488616943,0,-0.10452327132225037,0.01160559244453907,8.546224307792727e-06,0.10452327132225037,0.11637676507234573,0.00017092448251787573,0.1160559207201004
722,722,5.870696228536944e-05,0.4178692400455475,0,-0.101048044860363,0.010793051682412624,1.679593333392404e-05,0.101048044860363,0.11476583778858185,0.0003359186521265656,0.10793052613735199
723,723,5.859645501397048e-05,0.1434319168329239,0,-0.10393592715263367,0.011941267177462578,7.43968575989129e-06,0.10393592715263367,0.11448076367378235,0.000148793711559847,0.11941266059875488
724,724,5.8485904455033444e-05,0.18332752585411072,0,-0.10272059589624405,0.010449165478348732,4.092177277925657e-06,0.10272059589624405,0.11190454661846161,8.184354373952374e-05,0.10449165105819702
725,725,5.837531116523682e-05,0.17322848737239838,0,-0.11064375191926956,0.010502155870199203,5.3477706387639046e-06,0.11064375191926956,0.11951868236064911,0.00010695541277527809,0.10502156615257263
726,726,5.826467570147426e-05,0.29569104313850403,0,-0.1104147657752037,0.010048042982816696,4.242072918714257e-06,0.1104147657752037,0.11958558857440948,8.484145655529574e-05,0.10048042982816696
727,727,5.8153998620851766e-05,0.16218888759613037,0,-0.1114155650138855,0.010507960803806782,7.523353815486189e-06,0.1114155650138855,0.12095782160758972,0.00015046706539578736,0.10507960617542267
728,728,5.804328048068492e-05,0.2653700113296509,0,-0.09331841766834259,0.010342597961425781,9.268051144317724e-06,0.09331841766834259,0.10488900542259216,0.00018536100105848163,0.10342596471309662
729,729,5.793252183849609e-05,0.09313996881246567,0,-0.11640201508998871,0.010999971069395542,1.2411485840857495e-05,0.11640201508998871,0.12886884808540344,0.0002482297131791711,0.10999971628189087
730,730,5.782172325201155e-05,0.1827109009027481,0,-0.11359116435050964,0.011043615639209747,6.132886483101174e-06,0.11359116435050964,0.12358412146568298,0.0001226577442139387,0.11043615639209747
731,731,5.7710885279158724e-05,0.11428216844797134,0,-0.1187783032655716,0.011963100172579288,5.624656296276953e-06,0.1187783032655716,0.12881597876548767,0.00011249311501160264,0.11963100731372833
732,732,5.760000847806337e-05,0.9744626879692078,0,-0.10372482240200043,0.01057402789592743,7.689026460866444e-06,0.10372482240200043,0.11412747204303741,0.00015378050738945603,0.10574028640985489
733,733,5.748909340704676e-05,0.23077119886875153,0,-0.1052505224943161,0.010941963642835617,4.789098966284655e-06,0.1052505224943161,0.11294776946306229,9.578197204973549e-05,0.10941964387893677
734,734,5.7378140624622886e-05,0.16502682864665985,0,-0.1104217916727066,0.010378665290772915,1.2042563866998535e-05,0.1104217916727066,0.12117201089859009,0.0002408512809779495,0.1037866473197937
735,735,5.7267150689495644e-05,0.18459706008434296,0,-0.11036571115255356,0.01145769003778696,3.801264028879814e-06,0.11036571115255356,0.11905409395694733,7.602527330163866e-05,0.11457689106464386
736,736,5.715612416055598e-05,0.38702547550201416,0,-0.0989961177110672,0.010934442281723022,9.240794497600291e-06,0.0989961177110672,0.11157714575529099,0.00018481587176211178,0.10934442281723022
737,737,5.7045061596879134e-05,0.10948730260133743,0,-0.11258269101381302,0.01076454110443592,4.114182047487702e-06,0.11258269101381302,0.1218108981847763,8.228363731177524e-05,0.10764540731906891
738,738,5.69339635577218e-05,0.27872610092163086,0,-0.11830055713653564,0.010352447628974915,6.845133611932397e-06,0.11830055713653564,0.12867951393127441,0.00013690267223864794,0.10352448374032974
739,739,5.682283060251932e-05,0.2589268386363983,0,-0.0987304225564003,0.010180405341088772,5.429938028100878e-06,0.0987304225564003,0.10841382294893265,0.00010859874601010233,0.10180405527353287
740,740,5.6711663290882776e-05,0.2114500254392624,0,-0.11031971871852875,0.010533533990383148,3.996818577434169e-06,0.11031971871852875,0.11884079873561859,7.993637700565159e-05,0.10533533990383148
741,741,5.660046218259638e-05,0.35124221444129944,0,-0.10100141167640686,0.011116190813481808,2.085966116283089e-05,0.10100141167640686,0.11606588959693909,0.0004171932232566178,0.11116190254688263
742,742,5.648922783761443e-05,0.4161664545536041,0,-0.11190357804298401,0.010782870464026928,1.0768339052447118e-05,0.11190357804298401,0.12400798499584198,0.00021536678832489997,0.10782870650291443
743,743,5.637796081605863e-05,0.17499853670597076,0,-0.12030890583992004,0.011042198166251183,5.586315182881663e-06,0.12030890583992004,0.12955400347709656,0.00011172630183864385,0.11042197048664093
744,744,5.6266661678215216e-05,0.24482637643814087,0,-0.11285528540611267,0.010345160029828548,4.62718662674888e-06,0.11285528540611267,0.12172386050224304,9.254373435396701e-05,0.10345159471035004
745,745,5.615533098453215e-05,0.2736671566963196,0,-0.11715151369571686,0.010402264073491096,4.119672667002305e-06,0.11715151369571686,0.1256328672170639,8.239346061600372e-05,0.10402263700962067
746,746,5.6043969295616283e-05,0.15915417671203613,0,-0.10988188534975052,0.011622404679656029,5.441438133857446e-06,0.10988188534975052,0.12006482481956482,0.00010882876085815951,0.11622404307126999
747,747,5.593257717223055e-05,0.21687231957912445,0,-0.1090332642197609,0.010385808534920216,7.703533810854424e-06,0.1090332642197609,0.12094590812921524,0.00015407067257910967,0.10385807603597641
748,748,5.582115517529114e-05,0.15750738978385925,0,-0.11955473572015762,0.01057590264827013,4.355319106252864e-06,0.11955473572015762,0.12827986478805542,8.710638212505728e-05,0.10575902462005615
749,749,5.570970386586469e-05,0.3498288691043854,0,-0.09378480911254883,0.011267255060374737,9.055666851054411e-06,0.09378480911254883,0.10592668503522873,0.0001811133261071518,0.11267255246639252
750,750,5.559822380516539e-05,0.26699283719062805,0,-0.10962437093257904,0.010753389447927475,1.3429176760837436e-05,0.10962437093257904,0.12226232886314392,0.00026858350611291826,0.10753390192985535
751,751,5.548671555455226e-05,0.8046345710754395,0,-0.11023429036140442,0.011914612725377083,7.548956091341097e-06,0.11023429036140442,0.12177951633930206,0.00015097911818884313,0.11914612352848053
752,752,5.537517967552626e-05,0.18583939969539642,0,-0.10116128623485565,0.012139207683503628,4.417007858137367e-06,0.10116128623485565,0.11029399186372757,8.834015898173675e-05,0.12139207124710083
753,753,5.5263616729727416e-05,0.12319499999284744,0,-0.10869340598583221,0.011704000644385815,5.600199983746279e-06,0.10869340598583221,0.11861621588468552,0.000112004010588862,0.1170400083065033
754,754,5.515202727893213e-05,0.13829460740089417,0,-0.1114342212677002,0.01074591651558876,6.177403520268854e-06,0.1114342212677002,0.12223315984010696,0.00012354805949144065,0.1074591726064682
755,755,5.5040411885050225e-05,1.0893023014068604,0,-0.09952766448259354,0.010919655673205853,2.6556292141322047e-05,0.09952766448259354,0.11719006299972534,0.0005311258137226105,0.10919654369354248
756,756,5.492877111012218e-05,0.25252780318260193,0,-0.11060279607772827,0.010634266771376133,4.599471594701754e-06,0.11060279607772827,0.11934205889701843,9.198943007504568e-05,0.10634266585111618
757,757,5.481710551631626e-05,0.21013569831848145,0,-0.11361878365278244,0.009739469736814499,6.072522410249803e-06,0.11361878365278244,0.12308862805366516,0.00012145044456701726,0.09739468991756439
758,758,5.470541566592573e-05,0.13253916800022125,0,-0.0960373654961586,0.009652216918766499,7.5198231570539065e-06,0.0960373654961586,0.10772708058357239,0.00015039645950309932,0.09652216732501984
759,759,5.4593702121365955e-05,0.23130476474761963,0,-0.1131664514541626,0.010348483920097351,4.204870037938235e-06,0.1131664514541626,0.1217869222164154,8.409740985371172e-05,0.10348484665155411
760,760,5.448196544517168e-05,0.300103098154068,0,-0.11215318739414215,0.009279240854084492,6.9403777160914615e-06,0.11215318739414215,0.12291518598794937,0.00013880754704587162,0.09279239922761917
761,761,5.437020619999408e-05,0.36704549193382263,0,-0.11161840707063675,0.008917508646845818,1.2688876267930027e-05,0.11161840707063675,0.12419940531253815,0.0002537775144446641,0.08917509019374847
762,762,5.425842494859797e-05,0.19892442226409912,0,-0.10703054815530777,0.009943421930074692,1.2935435734107159e-05,0.10703054815530777,0.11932864040136337,0.0002587087219581008,0.09943421930074692
763,763,5.414662225385903e-05,0.15560820698738098,0,-0.10413698852062225,0.009740115143358707,6.321040018519852e-06,0.10413698852062225,0.11359705775976181,0.000126420782180503,0.09740115702152252
764,764,5.403479867876087e-05,0.16718435287475586,0,-0.11002755910158157,0.00877260509878397,4.598829036694951e-06,0.11002755910158157,0.11876289546489716,9.197657345794141e-05,0.08772604167461395
765,765,5.392295478639225e-05,0.32142043113708496,0,-0.11061501502990723,0.010459691286087036,3.2991176794894272e-06,0.11061501502990723,0.1182924136519432,6.598234904231504e-05,0.10459692031145096
766,766,5.3811091139944255e-05,0.1488761454820633,0,-0.11360228061676025,0.009764784947037697,4.381318831292447e-06,0.11360228061676025,0.12253177165985107,8.762636571191251e-05,0.09764784574508667
767,767,5.3699208302707435e-05,0.19152547419071198,0,-0.10331595689058304,0.01109675969928503,5.7038278100662865e-06,0.10331595689058304,0.11346128582954407,0.00011407655256334692,0.11096759140491486
768,768,5.3587306838068964e-05,0.3460269570350647,0,-0.09832123667001724,0.01018739864230156,6.366535217239289e-06,0.09832123667001724,0.10925380885601044,0.00012733069888781756,0.101873978972435
769,769,5.347538730950984e-05,0.10832878202199936,0,-0.11686171591281891,0.009528028778731823,4.000060471298639e-06,0.11686171591281891,0.125753715634346,8.000121306395158e-05,0.09528028219938278
770,770,5.336345028060199e-05,0.27120402455329895,0,-0.111472487449646,0.010624738410115242,8.458324373350479e-06,0.111472487449646,0.12315207719802856,0.00016916648019105196,0.10624738037586212
771,771,5.325149631500549e-05,0.14453791081905365,0,-0.11046022176742554,0.012231031432747841,4.012723820778774e-06,0.11046022176742554,0.11888150870800018,8.025448187254369e-05,0.12231031060218811
772,772,5.313952597646568e-05,0.47178778052330017,0,-0.10648252069950104,0.011515093967318535,1.024709126795642e-05,0.10648252069950104,0.12010994553565979,0.00020494183991104364,0.11515095084905624
773,773,5.302753982881037e-05,0.1336577832698822,0,-0.1191854178905487,0.010344390757381916,5.808508376503596e-06,0.1191854178905487,0.12824596464633942,0.00011617016571108252,0.10344390571117401
774,774,5.291553843594694e-05,0.46673765778541565,0,-0.11772787570953369,0.012003466486930847,1.5064657418406568e-05,0.11772787570953369,0.12962663173675537,0.000301293155644089,0.12003466486930847
775,775,5.2803522361859594e-05,0.2553780972957611,0,-0.11838669329881668,0.0117645263671875,7.362746146100108e-06,0.11838669329881668,0.12799163162708282,0.00014725491928402334,0.1176452562212944
776,776,5.2691492170606415e-05,0.24832670390605927,0,-0.10742192715406418,0.010264947079122066,4.298130534152733e-06,0.10742192715406418,0.116819828748703,8.596260886406526e-05,0.10264948010444641
777,777,5.257944842631658e-05,0.06820950657129288,0,-0.11118557304143906,0.009471277706325054,1.4012665815243963e-05,0.11118557304143906,0.12319837510585785,0.0002802533272188157,0.09471278637647629
778,778,5.246739169318756e-05,0.286516934633255,0,-0.11904855817556381,0.010562723502516747,5.292186870065052e-06,0.11904855817556381,0.12835535407066345,0.00010584374103927985,0.10562724620103836
779,779,5.235532253548213e-05,0.14401572942733765,0,-0.11857925355434418,0.010509472340345383,5.587626219494268e-06,0.11857925355434418,0.12731215357780457,0.00011175251711392775,0.10509470850229263
780,780,5.2243241517525754e-05,0.1436302363872528,0,-0.1121295914053917,0.009817111305892467,7.958166861499194e-06,0.1121295914053917,0.12189625948667526,0.00015916331904008985,0.09817110747098923
781,781,5.213114920370352e-05,0.34866395592689514,0,-0.09659110009670258,0.009749253280460835,1.1926953447982669e-05,0.09659110009670258,0.11038459092378616,0.0002385390835115686,0.0974925309419632
782,782,5.201904615845743e-05,0.29095005989074707,0,-0.08782336115837097,0.009089055471122265,1.7470538296038285e-05,0.08782336115837097,0.10171546787023544,0.0003494107804726809,0.0908905491232872
783,783,5.190693294628355e-05,0.13795287907123566,0,-0.11095651984214783,0.010015413165092468,7.974951586220413e-06,0.11095651984214783,0.12204312533140182,0.00015949901717249304,0.10015413165092468
784,784,5.179481013172912e-05,0.13898804783821106,0,-0.11528707295656204,0.00947042740881443,1.2418135156622157e-05,0.11528707295656204,0.1279304027557373,0.00024836271768435836,0.0947042778134346
785,785,5.168267827938971e-05,0.18769915401935577,0,-0.11431388556957245,0.009634817950427532,5.316108399711084e-06,0.11431388556957245,0.12401501089334488,0.00010632217163220048,0.09634818136692047
786,786,5.157053795390642e-05,0.12080927938222885,0,-0.11105385422706604,0.011124815791845322,9.558619240124244e-06,0.11105385422706604,0.12305434048175812,0.00019117236661259085,0.11124815046787262
787,787,5.145838971996304e-05,0.10310935229063034,0,-0.11582113802433014,0.010612843558192253,6.950197530386504e-06,0.11582113802433014,0.12674592435359955,0.00013900395424570888,0.10612843185663223
788,788,5.1346234142283144e-05,0.192305788397789,0,-0.11516333371400833,0.012395065277814865,4.091709342901595e-06,0.11516333371400833,0.12430417537689209,8.183419413398951e-05,0.12395064532756805
789,789,5.123407178562731e-05,0.17907539010047913,0,-0.10472558438777924,0.010165718384087086,9.347630111733451e-06,0.10472558438777924,0.11550266295671463,0.00018695260223466903,0.10165718197822571
790,790,5.112190321479026e-05,0.21811336278915405,0,-0.11598894745111465,0.012085070833563805,6.474780548160197e-06,0.11598894745111465,0.12753498554229736,0.00012949560186825693,0.12085071206092834
791,791,5.100972899459796e-05,0.3347587287425995,0,-0.10921350866556168,0.01158987544476986,1.5925243133096956e-05,0.10921350866556168,0.1230556070804596,0.00031850486993789673,0.1158987432718277
792,792,5.0897549689904865e-05,0.10371840000152588,0,-0.12411242723464966,0.012017966248095036,5.447973308037035e-06,0.12411242723464966,0.13187523186206818,0.00010895945888478309,0.1201796606183052
793,793,5.078536586559104e-05,0.18141165375709534,0,-0.11300741881132126,0.01232009194791317,4.9460177251603454e-06,0.11300741881132126,0.12294566631317139,9.892035450320691e-05,0.1232009083032608
794,794,5.067317808655927e-05,0.440550833940506,0,-0.1053616851568222,0.011556710116565228,5.725480150431395e-06,0.1053616851568222,0.11455613374710083,0.00011450959573267028,0.11556708812713623
795,795,5.05609869177323e-05,0.663822591304779,0,-0.10870353877544403,0.01064708549529314,8.344808520632796e-06,0.10870353877544403,0.12059512734413147,0.00016689614858478308,0.10647083818912506
796,796,5.0448792924049894e-05,0.4457038342952728,0,-0.11210161447525024,0.010125214233994484,7.2814386840036605e-06,0.11210161447525024,0.12325219064950943,0.0001456287718610838,0.10125213861465454
797,797,5.0336596670466094e-05,0.16633650660514832,0,-0.11679098755121231,0.010204087011516094,7.123369869077578e-06,0.11679098755121231,0.12712222337722778,0.00014246738282963634,0.1020408645272255
798,798,5.022439872194629e-05,0.14264121651649475,0,-0.108578622341156,0.009710454382002354,1.6847825463628396e-05,0.108578622341156,0.1212109923362732,0.00033695652382448316,0.09710453450679779
799,799,5.0112199643464376e-05,0.18811680376529694,0,-0.10996677726507187,0.00949819665402174,3.2341363294108305e-06,0.10996677726507187,0.1178058385848999,6.468273204518482e-05,0.09498196095228195
800,800,5e-05,0.24099454283714294,0,-0.10762028396129608,0.010140873491764069,8.897848601918668e-06,0.10762028396129608,0.11920882016420364,0.00017795695748645812,0.10140872746706009
801,801,4.988780035653564e-05,0.19488802552223206,0,-0.11952594667673111,0.010022345930337906,7.139717126847245e-06,0.11952594667673111,0.1292264461517334,0.0001427943498129025,0.10022345930337906
802,802,4.977560127805373e-05,0.2695980668067932,0,-0.11146219074726105,0.009943664073944092,6.987698725424707e-06,0.11146219074726105,0.12173166871070862,0.00013975397450849414,0.09943663328886032
803,803,4.966340332953392e-05,0.11768342554569244,0,-0.12013502418994904,0.01034230925142765,4.561749847198371e-06,0.12013502418994904,0.12800532579421997,9.123500058194622e-05,0.1034230887889862
804,804,4.9551207075950104e-05,0.1151585578918457,0,-0.10472460836172104,0.01004975475370884,1.660285852267407e-05,0.10472460836172104,0.11772200465202332,0.00033205715590156615,0.1004975438117981
805,805,4.943901308226771e-05,0.1657695174217224,0,-0.11005792021751404,0.00975501537322998,4.161788638157304e-06,0.11005792021751404,0.11853791773319244,8.323576912516728e-05,0.0975501537322998
806,806,4.9326821913440724e-05,0.14708282053470612,0,-0.11083482205867767,0.010028577409684658,6.561828740814235e-06,0.11083482205867767,0.12190195173025131,0.00013123656390234828,0.10028576850891113
807,807,4.921463413440898e-05,0.08947204053401947,0,-0.12206834554672241,0.01082858256995678,3.79861762667133e-06,0.12206834554672241,0.1311664879322052,7.597234798595309e-05,0.1082858145236969
808,808,4.9102450310095146e-05,0.14734458923339844,0,-0.1085977628827095,0.010090366005897522,8.448471817246173e-06,0.1085977628827095,0.1189572662115097,0.00016896943270694464,0.10090366750955582
809,809,4.8990271005402056e-05,0.7790248990058899,0,-0.1090596616268158,0.010995346121490002,6.441017376346281e-06,0.1090596616268158,0.12002521753311157,0.00012882034934591502,0.10995345562696457
810,810,4.887809678520976e-05,0.10630125552415848,0,-0.12091989815235138,0.009991399943828583,6.662045507255243e-06,0.12091989815235138,0.13031639158725739,0.00013324091560207307,0.09991399943828583
811,811,4.8765928214372685e-05,0.7977769374847412,0,-0.10758522152900696,0.011447645723819733,1.0604924682411365e-05,0.10758522152900696,0.11931224167346954,0.0002120984863722697,0.11447645723819733
812,812,4.865376585771687e-05,0.08473365008831024,0,-0.1234189122915268,0.01087410282343626,6.7690061769098975e-06,0.1234189122915268,0.1325996220111847,0.00013538013445213437,0.10874103009700775
813,813,4.8541610280036984e-05,0.13221430778503418,0,-0.11573383957147598,0.010051623918116093,5.579617209150456e-06,0.11573383957147598,0.12556986510753632,0.0001115923369070515,0.10051622986793518
814,814,4.8429462046093585e-05,0.11374064534902573,0,-0.11185327172279358,0.011119997128844261,3.5278858376841526e-06,0.11185327172279358,0.12036941200494766,7.055771129671484e-05,0.11119996011257172
815,815,4.831732172061032e-05,0.20437705516815186,0,-0.11301584541797638,0.009963080286979675,4.125797204324044e-06,0.11301584541797638,0.12092116475105286,8.251593681052327e-05,0.09963079541921616
816,816,4.820518986827089e-05,0.10724200308322906,0,-0.11234591901302338,0.010227411985397339,7.046404789434746e-06,0.11234591901302338,0.12259815633296967,0.00014092811034061015,0.10227411985397339
817,817,4.8093067053716456e-05,0.17479899525642395,0,-0.10724329948425293,0.010285294614732265,7.218601240310818e-06,0.10724329948425293,0.11806084215641022,0.00014437201025430113,0.10285294055938721
818,818,4.798095384154257e-05,0.1811634600162506,0,-0.1114935427904129,0.009468506090342999,1.3125158147886395e-05,0.1114935427904129,0.12409741431474686,0.00026250313385389745,0.09468505531549454
819,819,4.7868850796296495e-05,0.2127334624528885,0,-0.10780227184295654,0.009586794301867485,5.734499154641526e-06,0.10780227184295654,0.11702742427587509,0.0001146899739978835,0.09586794674396515
820,820,4.775675848247427e-05,1.2905725240707397,0,-0.10855642706155777,0.009392909705638885,2.234919520560652e-05,0.10855642706155777,0.12510019540786743,0.00044698387500829995,0.09392909705638885
821,821,4.7644677464517874e-05,0.5370140075683594,0,-0.11171306669712067,0.011466014198958874,6.5890390033018775e-06,0.11171306669712067,0.12155701965093613,0.00013178077642805874,0.11466013640165329
822,822,4.7532608306812465e-05,0.23417219519615173,0,-0.12087401747703552,0.009760566055774689,8.899062777345534e-06,0.12087401747703552,0.13133369386196136,0.00017798124463297427,0.09760566055774689
823,823,4.742055157368341e-05,0.11819754540920258,0,-0.10425707697868347,0.010525079444050789,1.4474063391389791e-05,0.10425707697868347,0.11580067873001099,0.0002894812496379018,0.10525079816579819
824,824,4.7308507829393597e-05,0.1253855973482132,0,-0.11321417987346649,0.010880839079618454,7.3585088102845475e-06,0.11321417987346649,0.1229872852563858,0.00014717016892973334,0.10880839824676514
825,825,4.7196477638140404e-05,0.4397774934768677,0,-0.10196177661418915,0.011357762850821018,9.901502380671445e-06,0.10196177661418915,0.11371874064207077,0.0001980300439754501,0.11357761919498444
826,826,4.708446156405307e-05,0.13388486206531525,0,-0.1154370903968811,0.011158540844917297,6.961372491787188e-06,0.1154370903968811,0.1254519820213318,0.00013922745711170137,0.11158540844917297
827,827,4.697246017118966e-05,2.1757147312164307,0,-0.11321386694908142,0.010974191129207611,9.613233487471007e-06,0.11321386694908142,0.12632249295711517,0.00019226467702537775,0.10974191874265671
828,828,4.6860474023534335e-05,0.28794121742248535,0,-0.11400740593671799,0.011644798330962658,1.8534294213168323e-05,0.11400740593671799,0.12702810764312744,0.000370685855159536,0.11644798517227173
829,829,4.674850368499454e-05,0.2082003951072693,0,-0.11885423958301544,0.01106998510658741,5.977181899652351e-06,0.11885423958301544,0.12815609574317932,0.00011954363435506821,0.110699862241745
830,830,4.663654971939802e-05,0.2264396995306015,0,-0.11635719984769821,0.010831496678292751,8.15130078990478e-06,0.11635719984769821,0.1281648874282837,0.00016302602307405323,0.10831497609615326
831,831,4.652461269049018e-05,0.1408536285161972,0,-0.1185789704322815,0.011158300563693047,6.319555723166559e-06,0.1185789704322815,0.12884186208248138,0.00012639109627343714,0.11158299446105957
832,832,4.6412693161931034e-05,0.15645134449005127,0,-0.11083626747131348,0.010247058235108852,5.659134330926463e-06,0.11083626747131348,0.12184543907642365,0.00011318268661852926,0.10247057676315308
833,833,4.630079169729257e-05,0.1766657680273056,0,-0.10661070793867111,0.00939793698489666,1.9642810002551414e-05,0.10661070793867111,0.12185734510421753,0.0003928562218789011,0.0939793735742569
834,834,4.618890886005576e-05,0.11500045657157898,0,-0.11169863492250443,0.00972309336066246,7.093557542248163e-06,0.11169863492250443,0.12322167307138443,0.0001418711617588997,0.09723091870546341
835,835,4.607704521360776e-05,0.2070925384759903,0,-0.11466559767723083,0.009687097743153572,4.7322855607490055e-06,0.11466559767723083,0.12347514927387238,9.464570030104369e-05,0.09687097370624542
836,836,4.5965201321239144e-05,0.3195827305316925,0,-0.10594335198402405,0.0098270820453763,8.599831744504627e-06,0.10594335198402405,0.1175428181886673,0.00017199662397615612,0.09827081114053726
837,837,4.585337774614097e-05,0.17054641246795654,0,-0.11415234208106995,0.008795693516731262,4.682085091189947e-06,0.11415234208106995,0.12303042411804199,9.364169090986252e-05,0.08795693516731262
838,838,4.574157505140204e-05,0.19481651484966278,0,-0.10632241517305374,0.009470274671912193,4.786508725374006e-06,0.10632241517305374,0.11617505550384521,9.573018178343773e-05,0.09470274299383163
839,839,4.5629793800005945e-05,0.23967128992080688,0,-0.11399773508310318,0.009584585204720497,9.799997314985376e-06,0.11399773508310318,0.1249459981918335,0.00019599994993768632,0.09584584832191467
840,840,4.551803455482833e-05,0.11162940412759781,0,-0.12534525990486145,0.01028091087937355,3.3276487556577194e-06,0.12534525990486145,0.13214154541492462,6.65529805701226e-05,0.1028091087937355
841,841,4.540629787863405e-05,0.15457384288311005,0,-0.10265718400478363,0.009544074535369873,6.081141691538505e-06,0.10265718400478363,0.11291119456291199,0.00012162282655481249,0.09544073045253754
842,842,4.529458433407429e-05,0.16616998612880707,0,-0.11925140023231506,0.011261709034442902,4.50369952886831e-06,0.11925140023231506,0.12858937680721283,9.007399785332382e-05,0.11261709034442902
843,843,4.518289448368376e-05,0.21130551397800446,0,-0.10983516275882721,0.010308213531970978,7.223716238513589e-06,0.10983516275882721,0.12000404298305511,0.00014447431021835655,0.10308213531970978
844,844,4.5071228889877825e-05,0.1903761476278305,0,-0.11874909698963165,0.011213703081011772,4.0221430026576854e-06,0.11874909698963165,0.12732043862342834,8.044286369113252e-05,0.11213702708482742
845,845,4.495958811494978e-05,0.16104525327682495,0,-0.11611086875200272,0.010868147015571594,5.885475729883183e-06,0.11611086875200272,0.12617860734462738,0.00011770951095968485,0.10868147015571594
846,846,4.484797272106789e-05,0.10624516010284424,0,-0.12006662786006927,0.011219092644751072,6.32249066256918e-06,0.12006662786006927,0.12824589014053345,0.00012644979869946837,0.11219091713428497
847,847,4.473638327027259e-05,0.06531902402639389,0,-0.12049099802970886,0.011058482341468334,5.956379482086049e-06,0.12049099802970886,0.12839847803115845,0.00011912758782273158,0.1105848103761673
848,848,4.4624820324473766e-05,0.2638600766658783,0,-0.11542096734046936,0.010629357770085335,5.371203315007733e-06,0.11542096734046936,0.12569637596607208,0.00010742406448116526,0.10629357397556305
849,849,4.451328444544774e-05,0.7780100107192993,0,-0.11395948380231857,0.011705870740115643,6.761252734577283e-06,0.11395948380231857,0.12483091652393341,0.00013522505469154567,0.11705870181322098
850,850,4.4401776194834613e-05,0.21020950376987457,0,-0.11920563876628876,0.011257567442953587,5.497670372278662e-06,0.11920563876628876,0.12873950600624084,0.00010995341290254146,0.11257568001747131
851,851,4.429029613413531e-05,0.42562252283096313,0,-0.11340765655040741,0.01015162467956543,5.066407538834028e-06,0.11340765655040741,0.12310990691184998,0.00010132815077668056,0.1015162467956543
852,852,4.4178844824708864e-05,0.121976338326931,0,-0.11843135952949524,0.011368433013558388,4.9424033932155e-06,0.11843135952949524,0.12692168354988098,9.884808241622522e-05,0.11368432641029358
853,853,4.4067422827769464e-05,0.09394968301057816,0,-0.11521417647600174,0.01083708368241787,4.885117050434928e-06,0.11521417647600174,0.12332262098789215,9.770233737071976e-05,0.1083708256483078
854,854,4.395603070438373e-05,0.7165324687957764,0,-0.11194145679473877,0.010330087505280972,1.0795402886287775e-05,0.11194145679473877,0.12479434162378311,0.00021590804681181908,0.10330086946487427
855,855,4.3844669015467864e-05,0.24540352821350098,0,-0.10651610791683197,0.009542570449411869,4.461787284526508e-06,0.10651610791683197,0.11571931093931198,8.923574932850897e-05,0.09542569518089294
856,856,4.373333832178478e-05,0.13445468246936798,0,-0.1160907968878746,0.011106481775641441,1.164707646239549e-05,0.1160907968878746,0.12773309648036957,0.00023294152924790978,0.11106482148170471
857,857,4.362203918394138e-05,0.161634162068367,0,-0.11825914680957794,0.01111268624663353,8.708722816663794e-06,0.11825914680957794,0.1288258284330368,0.00017417444905731827,0.1111268699169159
858,858,4.3510772162385574e-05,0.38401538133621216,0,-0.11759664118289948,0.010535458102822304,2.7647852220979985e-06,0.11759664118289948,0.12420441210269928,5.5295702622970566e-05,0.10535457730293274
859,859,4.339953781740363e-05,0.38464605808258057,0,-0.11287374794483185,0.011483556590974331,7.87642966315616e-06,0.11287374794483185,0.12442708015441895,0.0001575286005390808,0.11483556032180786
860,860,4.328833670911724e-05,0.085601307451725,0,-0.10683838278055191,0.010216030292212963,4.581906523526413e-06,0.10683838278055191,0.1151122897863388,9.163812501356006e-05,0.10216030478477478
861,861,4.31771693974807e-05,0.08479480445384979,0,-0.11669190227985382,0.011105107143521309,6.144062808743911e-06,0.11669190227985382,0.12698103487491608,0.00012288126163184643,0.11105108261108398
862,862,4.3066036442278215e-05,0.10371453315019608,0,-0.1265304982662201,0.0104582654312253,3.885481874021934e-06,0.1265304982662201,0.13460683822631836,7.770962838549167e-05,0.10458265244960785
863,863,4.295493840312087e-05,0.12096969038248062,0,-0.12371808290481567,0.010851389728486538,4.207027814118192e-06,0.12371808290481567,0.13179439306259155,8.414055628236383e-05,0.10851389914751053
864,864,4.284387583944403e-05,0.08059199899435043,0,-0.11044219136238098,0.010869414545595646,3.604606717999559e-06,0.11044219136238098,0.11785661429166794,7.209213799796999e-05,0.10869414359331131
865,865,4.273284931050438e-05,0.18759846687316895,0,-0.11305961012840271,0.010329431854188442,6.67633594275685e-06,0.11305961012840271,0.12375526130199432,0.0001335267152171582,0.10329431295394897
866,866,4.2621859375377125e-05,0.17979446053504944,0,-0.12077471613883972,0.011412085965275764,4.6967306843725964e-06,0.12077471613883972,0.12925665080547333,9.39345991355367e-05,0.11412085592746735
867,867,4.251090659295326e-05,0.15840531885623932,0,-0.11261936277151108,0.012462005019187927,4.501968760450836e-06,0.11261936277151108,0.12081374228000641,9.003937884699553e-05,0.12462003529071808
868,868,4.239999152193664e-05,0.12748493254184723,0,-0.11610393971204758,0.010988264344632626,1.212780989590101e-05,0.11610393971204758,0.12691187858581543,0.00024255621246993542,0.10988263785839081
869,869,4.228911472084129e-05,0.12396406382322311,0,-0.1134641245007515,0.01119944453239441,5.4216211538005155e-06,0.1134641245007515,0.12299895286560059,0.00010843242489499971,0.11199444532394409
870,870,4.2178276747988446e-05,0.10777109861373901,0,-0.11854174733161926,0.011248448863625526,3.378239171070163e-06,0.11854174733161926,0.12613332271575928,6.756478251190856e-05,0.11248449236154556
871,871,4.206747816150392e-05,0.4190859794616699,0,-0.10765247046947479,0.0115488450974226,8.507978236593772e-06,0.10765247046947479,0.11903875321149826,0.0001701595465419814,0.1154884546995163
872,872,4.195671951931509e-05,0.6658595204353333,0,-0.11744723469018936,0.010814109817147255,4.243883722665487e-06,0.11744723469018936,0.1255570948123932,8.487767627229914e-05,0.10814109444618225
873,873,4.1846001379148246e-05,0.1181354895234108,0,-0.12101757526397705,0.010697366669774055,7.113381798262708e-06,0.12101757526397705,0.13117185235023499,0.00014226761413738132,0.10697367787361145
874,874,4.173532429852576e-05,0.4983542859554291,0,-0.12214699387550354,0.010459431447088718,9.872878763417248e-06,0.12214699387550354,0.1326647847890854,0.00019745757163036615,0.10459432005882263
875,875,4.162468883476319e-05,0.29869693517684937,0,-0.1154685840010643,0.010502609424293041,5.671657618222525e-06,0.1154685840010643,0.12453105300664902,0.0001134331469074823,0.10502609610557556
876,876,4.151409554496656e-05,0.1706225425004959,0,-0.11469949036836624,0.011099526658654213,6.501969437522348e-06,0.11469949036836624,0.12528258562088013,0.00013003939238842577,0.11099526286125183
877,877,4.140354498602952e-05,0.10672791302204132,0,-0.11971314251422882,0.010554123669862747,5.374675311031751e-06,0.11971314251422882,0.12871578335762024,0.00010749349894467741,0.10554122924804688
878,878,4.129303771463057e-05,0.3198505640029907,0,-0.1225084438920021,0.009409203194081783,3.302421191619942e-06,0.1225084438920021,0.13075265288352966,6.604842928936705e-05,0.09409203380346298
879,879,4.1182574287230224e-05,0.1497182548046112,0,-0.10766307264566422,0.01086988765746355,4.756115231430158e-06,0.10766307264566422,0.1167701780796051,9.512230462860316e-05,0.10869887471199036
880,880,4.107215526006817e-05,0.7646124958992004,0,-0.11302295327186584,0.010363670997321606,7.770104275550693e-06,0.11302295327186584,0.1235620379447937,0.0001554020564071834,0.1036367118358612
881,881,4.09617811891606e-05,0.15234659612178802,0,-0.11590351909399033,0.010966365225613117,3.1307133667723974e-06,0.11590351909399033,0.12231770902872086,6.261427188292146e-05,0.10966364294290543
882,882,4.085145263029726e-05,1.0849947929382324,0,-0.11275078356266022,0.01062395703047514,1.5200859706965275e-05,0.11275078356266022,0.12438930571079254,0.00030401721596717834,0.10623955726623535
883,883,4.07411701390388e-05,0.05903664976358414,0,-0.11928549408912659,0.01035358663648367,4.301000444684178e-06,0.11928549408912659,0.12769022583961487,8.602000161772594e-05,0.10353587567806244
884,884,4.063093427071376e-05,0.20501136779785156,0,-0.1192387267947197,0.010427186265587807,5.214080829318846e-06,0.1192387267947197,0.1291397213935852,0.00010428161476738751,0.10427185893058777
885,885,4.052074558041608e-05,0.11311346292495728,0,-0.12001809477806091,0.010761680081486702,2.8855702112196013e-06,0.12001809477806091,0.1272023320198059,5.771140422439203e-05,0.10761679708957672
886,886,4.0410604623002e-05,0.4706442058086395,0,-0.12537111341953278,0.011212506331503391,4.4898556552652735e-06,0.12537111341953278,0.13429060578346252,8.979711128631607e-05,0.11212506890296936
887,887,4.0300511953087464e-05,1.2184045314788818,0,-0.10988597571849823,0.010572734288871288,1.275682370760478e-05,0.10988597571849823,0.1228620707988739,0.00025513648870401084,0.10572734475135803
888,888,4.019046812504526e-05,0.1343713253736496,0,-0.12479975819587708,0.011011181399226189,4.600994998327224e-06,0.12479975819587708,0.13393166661262512,9.201989450957626e-05,0.11011181026697159
889,889,4.008047369300218e-05,0.16912104189395905,0,-0.11200395971536636,0.011347037740051746,7.329725576710189e-06,0.11200395971536636,0.12222720682621002,0.00014659450971521437,0.11347036808729172
890,890,3.9970529210836366e-05,0.19796110689640045,0,-0.11931224167346954,0.0111289843916893,7.137546162994113e-06,0.11931224167346954,0.1290779411792755,0.00014275092689786106,0.11128982901573181
891,891,3.986063523217439e-05,1.0711439847946167,0,-0.12444698810577393,0.010550165548920631,9.246614354196936e-06,0.12444698810577393,0.13448266685009003,0.00018493228708393872,0.10550165176391602
892,892,3.9750792310388485e-05,0.129873588681221,0,-0.10732238739728928,0.010964546352624893,5.7792876759776846e-06,0.10732238739728928,0.11689905822277069,0.00011558575351955369,0.10964544862508774
893,893,3.964100099859387e-05,0.1510716825723648,0,-0.10722902417182922,0.01028267852962017,6.9621182774426416e-06,0.10722902417182922,0.11767116189002991,0.00013924235827289522,0.10282678157091141
894,894,3.953126184964577e-05,0.16449014842510223,0,-0.1108706071972847,0.009687459096312523,5.928760856477311e-06,0.1108706071972847,0.12024141103029251,0.00011857521894853562,0.09687459468841553
895,895,3.9421575416136866e-05,0.2741546630859375,0,-0.11684797704219818,0.010036041960120201,3.631565505202161e-06,0.11684797704219818,0.12484543025493622,7.263131556101143e-05,0.10036042332649231
896,896,3.9311942250394276e-05,0.11862795799970627,0,-0.11824391782283783,0.010883903130888939,3.824443410849199e-06,0.11824391782283783,0.1254645437002182,7.648887549294159e-05,0.10883903503417969
897,897,3.920236290447698e-05,0.13089507818222046,0,-0.1241048276424408,0.010397978127002716,4.028105649922509e-06,0.1241048276424408,0.1319867968559265,8.056210936047137e-05,0.10397978127002716
898,898,3.9092837930172884e-05,0.2034289389848709,0,-0.11619479209184647,0.011068437248468399,3.960535650548991e-06,0.11619479209184647,0.12475856393575668,7.921070937300101e-05,0.1106843650341034
899,899,3.898336787899612e-05,0.15020467340946198,0,-0.1195904091000557,0.010754479095339775,4.236197582940804e-06,0.1195904091000557,0.12808875739574432,8.472395711578429e-05,0.10754479467868805
900,900,3.887395330218429e-05,0.1320711225271225,0,-0.11629016697406769,0.01080388855189085,3.969246790802572e-06,0.11629016697406769,0.12414099276065826,7.938493217807263e-05,0.10803888738155365
901,901,3.8764594750695596e-05,0.397281676530838,0,-0.1140696108341217,0.010839824564754963,6.19498678133823e-06,0.1140696108341217,0.12384651601314545,0.0001238997356267646,0.10839824378490448
902,902,3.865529277520619e-05,0.3714175820350647,0,-0.1144309788942337,0.010687205940485,9.746770956553519e-06,0.1144309788942337,0.12416134774684906,0.00019493540457915515,0.10687205940485
903,903,3.8546047926107256e-05,0.09256753325462341,0,-0.12265650928020477,0.012529464438557625,3.110972784270416e-06,0.12265650928020477,0.1294800192117691,6.221945659490302e-05,0.12529465556144714
904,904,3.84368607535024e-05,0.08515729755163193,0,-0.11840042471885681,0.011693714186549187,4.088373316335492e-06,0.11840042471885681,0.126042902469635,8.176745905075222e-05,0.11693714559078217
905,905,3.832773180720475e-05,0.7967713475227356,0,-0.10530529916286469,0.010324500501155853,2.430058884783648e-05,0.10530529916286469,0.12107260525226593,0.0004860117915086448,0.10324500501155853
906,906,3.821866163673421e-05,0.2620149552822113,0,-0.11053889989852905,0.011528490111231804,3.6402830119186547e-06,0.11053889989852905,0.1183827668428421,7.280565478140488e-05,0.11528488993644714
907,907,3.810965079131479e-05,0.17857764661312103,0,-0.11651170253753662,0.010382155887782574,4.805452590517234e-06,0.11651170253753662,0.12465855479240417,9.610905544832349e-05,0.10382155328989029
908,908,3.8000699819871705e-05,0.33051732182502747,0,-0.11813732236623764,0.011329574510455132,1.610828985576518e-05,0.11813732236623764,0.13067349791526794,0.00032216578256338835,0.11329574137926102
909,909,3.789180927102872e-05,0.13766269385814667,0,-0.12371893227100372,0.011309582740068436,3.3022608931787545e-06,0.12371893227100372,0.1309874951839447,6.60452205920592e-05,0.11309581995010376
910,910,3.778297969310529e-05,0.1281604915857315,0,-0.11795260012149811,0.010331804864108562,6.0526108427438885e-06,0.11795260012149811,0.1277320683002472,0.00012105220230296254,0.10331805050373077
911,911,3.7674211634113926e-05,0.2609022259712219,0,-0.1203090101480484,0.011259221471846104,6.240112725208746e-06,0.1203090101480484,0.12908339500427246,0.0001248022454092279,0.11259221285581589
912,912,3.756550564175727e-05,0.2186388373374939,0,-0.12098890542984009,0.010606156662106514,4.825660198548576e-06,0.12098890542984009,0.12854427099227905,9.651320578996092e-05,0.10606157034635544
913,913,3.745686226342547e-05,0.1803315430879593,0,-0.11021929979324341,0.010326794348657131,5.325588517735014e-06,0.11021929979324341,0.11944014579057693,0.00010651176853571087,0.10326793789863586
914,914,3.734828204619342e-05,0.2804555594921112,0,-0.11105207353830338,0.010274941101670265,6.107252829679055e-06,0.11105207353830338,0.11941654980182648,0.0001221450511366129,0.10274940729141235
915,915,3.723976553681787e-05,0.12772636115550995,0,-0.11500751972198486,0.009472701698541641,6.090407168812817e-06,0.11500751972198486,0.12460386753082275,0.00012180813064333051,0.09472700953483582
916,916,3.713131328173489e-05,0.16598302125930786,0,-0.12412296235561371,0.009973452426493168,4.279515451344196e-06,0.12412296235561371,0.1316661834716797,8.559031266486272e-05,0.09973452240228653
917,917,3.7022925827056884e-05,0.13250522315502167,0,-0.11767691373825073,0.010008695535361767,5.866856554348487e-06,0.11767691373825073,0.12678232789039612,0.00011733712744899094,0.10008695721626282
918,918,3.6914603718569995e-05,0.18657787144184113,0,-0.12562714517116547,0.009259706363081932,3.892313998221653e-06,0.12562714517116547,0.1333037167787552,7.784627814544365e-05,0.09259706735610962
919,919,3.680634750173137e-05,0.12988752126693726,0,-0.12381177395582199,0.010587118566036224,4.387019544083159e-06,0.12381177395582199,0.13084985315799713,8.774037996772677e-05,0.10587117820978165
920,920,3.6698157721666246e-05,0.21377728879451752,0,-0.1185247004032135,0.011953519657254219,3.784484761126805e-06,0.1185247004032135,0.12667270004749298,7.56896915845573e-05,0.11953520029783249
921,921,3.659003492316543e-05,0.09012091904878616,0,-0.1144498810172081,0.009302319958806038,6.162423233035952e-06,0.1144498810172081,0.12382771074771881,0.00012324846466071904,0.09302320331335068
922,922,3.648197965068235e-05,0.13934007287025452,0,-0.11582452803850174,0.011245030909776688,7.712224942224566e-06,0.11582452803850174,0.1261068880558014,0.0001542444952065125,0.11245030909776688
923,923,3.6373992448330486e-05,0.2827908396720886,0,-0.11309913545846939,0.010374571196734905,5.823933861393016e-06,0.11309913545846939,0.12280060350894928,0.00011647868086583912,0.1037457063794136
924,924,3.62660738598805e-05,0.0977892354130745,0,-0.1267400085926056,0.010954592376947403,5.72685758015723e-06,0.1267400085926056,0.13542909920215607,0.00011453714978415519,0.10954592376947403
925,925,3.6158224428757535e-05,0.2540874183177948,0,-0.11239150166511536,0.012506208382546902,6.037487764842808e-06,0.11239150166511536,0.1222042664885521,0.00012074975529685616,0.12506207823753357
926,926,3.605044469803854e-05,0.11002761125564575,0,-0.11291982233524323,0.009940791875123978,6.146105079096742e-06,0.11291982233524323,0.12264838814735413,0.00012292209430597723,0.09940791875123978
927,927,3.594273521044945e-05,0.8029312491416931,0,-0.10606908798217773,0.0111833605915308,1.2669675015786197e-05,0.10606908798217773,0.11808045953512192,0.0002533934894017875,0.1118336021900177
928,928,3.5835096508362545e-05,0.2003455013036728,0,-0.11622048169374466,0.011789645068347454,4.6807053877273574e-06,0.11622048169374466,0.1245487630367279,9.361411503050476e-05,0.11789645254611969
929,929,3.5727529133793535e-05,0.2790306806564331,0,-0.11701521277427673,0.010569032281637192,6.409322850231547e-06,0.11701521277427673,0.12618395686149597,0.00012818645336665213,0.10569031536579132
930,930,3.562003362839914e-05,0.1343306303024292,0,-0.12979499995708466,0.01074001844972372,3.515484422678128e-06,0.12979499995708466,0.13674691319465637,7.030969572952017e-05,0.10740018635988235
931,931,3.551261053347404e-05,0.2511395812034607,0,-0.1250413954257965,0.01000409945845604,5.705526746169198e-06,0.1250413954257965,0.13466112315654755,0.00011411053856136277,0.1000409871339798
932,932,3.5405260389948336e-05,0.22335445880889893,0,-0.11450108140707016,0.010873107239603996,4.630543571693124e-06,0.11450108140707016,0.12198927253484726,9.261086961487308e-05,0.10873106867074966
933,933,3.529798373838481e-05,0.11658265441656113,0,-0.12470179796218872,0.011205583810806274,3.33922207573778e-06,0.12470179796218872,0.1326771080493927,6.6784443333745e-05,0.11205583065748215
934,934,3.519078111897612e-05,0.14150309562683105,0,-0.12089040130376816,0.0097985053434968,5.8036443988385145e-06,0.12089040130376816,0.1297348290681839,0.00011607288615778089,0.09798505902290344
935,935,3.50836530715422e-05,0.10169876366853714,0,-0.11691176891326904,0.010439001023769379,7.3617893576738425e-06,0.11691176891326904,0.1271725296974182,0.00014723578351549804,0.10438999533653259
936,936,3.4976600135527406e-05,0.20806217193603516,0,-0.12634089589118958,0.010507320985198021,3.959242803830421e-06,0.12634089589118958,0.13413438200950623,7.918485789559782e-05,0.10507321357727051
937,937,3.4869622849997924e-05,0.2592361569404602,0,-0.12226525694131851,0.01068614237010479,5.091143975732848e-06,0.12226525694131851,0.13086237013339996,0.00010182287951465696,0.1068614199757576
938,938,3.4762721753638995e-05,0.10863813012838364,0,-0.1129632517695427,0.011203086003661156,3.937721885449719e-06,0.1129632517695427,0.12037719786167145,7.875443407101557e-05,0.11203085631132126
939,939,3.4655897384752146e-05,0.10412918031215668,0,-0.11801201850175858,0.010490055195987225,4.106700544070918e-06,0.11801201850175858,0.12642967700958252,8.213400724343956e-05,0.1049005463719368
940,940,3.4549150281252636e-05,0.17120079696178436,0,-0.11133135855197906,0.01000714860856533,5.304948444972979e-06,0.11133135855197906,0.12056238949298859,0.00010609896708047017,0.10007147490978241
941,941,3.4442480980666584e-05,0.5181536674499512,0,-0.11725210398435593,0.011439956724643707,9.466346455155872e-06,0.11725210398435593,0.12855121493339539,0.00018932692182715982,0.11439956724643707
942,942,3.433589002012838e-05,0.09663579612970352,0,-0.12736809253692627,0.010734022594988346,4.024604550068034e-06,0.12736809253692627,0.1338662952184677,8.049208554439247e-05,0.10734021663665771
943,943,3.422937793637788e-05,0.0988653302192688,0,-0.11370252072811127,0.011488083750009537,6.166550519992597e-06,0.11370252072811127,0.12356798350811005,0.00012333100312389433,0.11488083004951477
944,944,3.412294526575779e-05,0.14691701531410217,0,-0.12359628081321716,0.010884401388466358,3.97841813537525e-06,0.12359628081321716,0.1303803026676178,7.95683590695262e-05,0.10884401947259903
945,945,3.401659254421094e-05,0.1516234278678894,0,-0.12333523482084274,0.01148318499326706,4.4667167458101176e-06,0.12333523482084274,0.13101820647716522,8.933433855418116e-05,0.1148318499326706
946,946,3.391032030727752e-05,0.09986821562051773,0,-0.12148075550794601,0.010219598188996315,3.256573791077244e-06,0.12148075550794601,0.1291598677635193,6.513147673103958e-05,0.10219597816467285
947,947,3.380412909009254e-05,0.08792135119438171,0,-0.12238562852144241,0.011711979284882545,4.433878075360553e-06,0.12238562852144241,0.13065563142299652,8.867756696417928e-05,0.11711979657411575
948,948,3.369801942738291e-05,0.11328374594449997,0,-0.11980301141738892,0.011163445189595222,4.488027116167359e-06,0.11980301141738892,0.12844035029411316,8.976052777143195e-05,0.11163443326950073
949,949,3.3591991853464965e-05,0.08312886953353882,0,-0.11090873181819916,0.01080961711704731,6.868445780128241e-06,0.11090873181819916,0.1202404648065567,0.0001373689156025648,0.108096182346344
950,950,3.3486046902241664e-05,0.4564509391784668,0,-0.1135273277759552,0.010629541240632534,1.0389242561359424e-05,0.1135273277759552,0.1260618269443512,0.0002077848621411249,0.10629541426897049
951,951,3.3380185107199855e-05,0.06871450692415237,0,-0.1264231950044632,0.010462338104844093,4.525873009697534e-06,0.1264231950044632,0.1348646879196167,9.051745291799307e-05,0.10462337732315063
952,952,3.3274407001407735e-05,0.6162732243537903,0,-0.11338178813457489,0.010889776051044464,2.6495908969081938e-05,0.11338178813457489,0.1265033781528473,0.0005299182375892997,0.10889776051044464
953,953,3.316871311751205e-05,0.11893399804830551,0,-0.11967865377664566,0.010468972846865654,3.8373968891392e-06,0.11967865377664566,0.12779471278190613,7.674793596379459e-05,0.10468973219394684
954,954,3.3063103987735433e-05,0.16969910264015198,0,-0.1266440749168396,0.009838279336690903,3.1836411835683975e-06,0.1266440749168396,0.1335771083831787,6.367282185237855e-05,0.09838278591632843
955,955,3.295758014387375e-05,0.44821852445602417,0,-0.11404136568307877,0.010204502381384373,4.00505768993753e-06,0.11404136568307877,0.12215206027030945,8.010114834178239e-05,0.10204502195119858
956,956,3.2852142117293435e-05,0.11387181282043457,0,-0.10870422422885895,0.01047822367399931,6.051227501302492e-06,0.10870422422885895,0.11801221966743469,0.00012102454638807103,0.10478223860263824
957,957,3.274679043892872e-05,0.08468955010175705,0,-0.11966101825237274,0.009760446846485138,4.008463292848319e-06,0.11966101825237274,0.12809279561042786,8.016927313292399e-05,0.09760446846485138
958,958,3.264152563927908e-05,0.21103712916374207,0,-0.11518032103776932,0.009398669004440308,3.725258920894703e-06,0.11518032103776932,0.12276165932416916,7.450518023688346e-05,0.09398670494556427
959,959,3.2536348248406534e-05,0.12903250753879547,0,-0.11629203706979752,0.009830981492996216,5.671569397236453e-06,0.11629203706979752,0.12495559453964233,0.00011343139340169728,0.09830981492996216
960,960,3.243125879593286e-05,0.15374577045440674,0,-0.11396454274654388,0.009448217228055,6.979079444136005e-06,0.11396454274654388,0.1244845911860466,0.00013958157796878368,0.0944821685552597
961,961,3.2326257811037155e-05,0.1957979053258896,0,-0.11325638741254807,0.009451264515519142,4.010184056824073e-06,0.11325638741254807,0.12176107615232468,8.020368113648146e-05,0.09451264888048172
962,962,3.22213458224529e-05,0.09045020490884781,0,-0.12419934570789337,0.009344544261693954,4.966227152181091e-06,0.12419934570789337,0.13251709938049316,9.932454122463241e-05,0.09344543516635895
963,963,3.2116523358465535e-05,0.157490074634552,0,-0.11494489014148712,0.009812982752919197,5.9309854805178475e-06,0.11494489014148712,0.12448570877313614,0.00011861970415338874,0.09812982380390167
964,964,3.201179094690967e-05,0.4427824318408966,0,-0.12187805771827698,0.009624628350138664,8.80769675859483e-06,0.12187805771827698,0.13198283314704895,0.00017615393153391778,0.09624628722667694
965,965,3.19071491151664e-05,0.1477387696504593,0,-0.12014134228229523,0.010256562381982803,3.0335900191857945e-06,0.12014134228229523,0.12757046520709991,6.0671802202705294e-05,0.10256562381982803
966,966,3.1802598390160784e-05,0.45829319953918457,0,-0.10753743350505829,0.01008537970483303,8.456841896986589e-06,0.10753743350505829,0.11776375025510788,0.00016913682338781655,0.1008538007736206
967,967,3.169813929835907e-05,0.11370248347520828,0,-0.12309019267559052,0.01040130015462637,5.079477887193207e-06,0.12309019267559052,0.13220380246639252,0.00010158955410588533,0.10401299595832825
968,968,3.1593772365766105e-05,0.17924906313419342,0,-0.12031586468219757,0.010542139410972595,4.829199042433174e-06,0.12031586468219757,0.12924912571907043,9.65839863056317e-05,0.10542139410972595
969,969,3.148949811792266e-05,0.5150949954986572,0,-0.11119070649147034,0.010407046414911747,7.229941729747225e-06,0.11119070649147034,0.1225859597325325,0.00014459883095696568,0.10407046228647232
970,970,3.1385317079902745e-05,0.9549457430839539,0,-0.12470316141843796,0.011563979089260101,6.600585038540885e-06,0.12470316141843796,0.13429301977157593,0.00013201168621890247,0.11563979089260101
971,971,3.1281229776311104e-05,0.4203381836414337,0,-0.11576615273952484,0.011241213418543339,3.3245351005462e-06,0.11576615273952484,0.1228281557559967,6.64907056489028e-05,0.11241213232278824
972,972,3.11772367312804e-05,0.092978335916996,0,-0.1241101622581482,0.010420441627502441,3.5085568015347235e-06,0.1241101622581482,0.13125698268413544,7.017113239271566e-05,0.10420441627502441
973,973,3.107333846846872e-05,0.08967599272727966,0,-0.12896022200584412,0.01045486144721508,5.693876119039487e-06,0.12896022200584412,0.13660597801208496,0.00011387751146685332,0.1045486181974411
974,974,3.096953551105679e-05,0.17699551582336426,0,-0.1192273423075676,0.0093778595328331,5.6133958423743024e-06,0.1192273423075676,0.12882685661315918,0.00011226790229557082,0.093778595328331
975,975,3.086582838174551e-05,0.09251456707715988,0,-0.1122952252626419,0.009856099262833595,6.13177098784945e-06,0.1122952252626419,0.12127048522233963,0.0001226354215759784,0.09856098890304565
976,976,3.076221760275321e-05,0.15202608704566956,0,-0.1158222109079361,0.010034982115030289,5.052756932855118e-06,0.1158222109079361,0.1256205141544342,0.00010105514229508117,0.10034982115030289
977,977,3.0658703695813e-05,0.13232141733169556,0,-0.11279481649398804,0.010532869957387447,4.4020230234309565e-06,0.11279481649398804,0.12047863751649857,8.804046228760853e-05,0.10532869398593903
978,978,3.055528718217028e-05,0.433594673871994,0,-0.12469559907913208,0.010122377425432205,4.646499291993678e-06,0.12469559907913208,0.13411834836006165,9.292998583987355e-05,0.10122377425432205
979,979,3.0451968582579915e-05,0.24255701899528503,0,-0.11861766874790192,0.009811358526349068,4.797706424142234e-06,0.11861766874790192,0.12820586562156677,9.59541357588023e-05,0.09811358898878098
980,980,3.0348748417303823e-05,0.1365038901567459,0,-0.11544027924537659,0.011074942536652088,5.615799636871088e-06,0.11544027924537659,0.12462706863880157,0.00011231598909944296,0.11074942350387573
981,981,3.0245627206108196e-05,0.13122747838497162,0,-0.12389300763607025,0.009463599883019924,4.818575234821765e-06,0.12389300763607025,0.13204261660575867,9.637149923946708e-05,0.09463600069284439
982,982,3.0142605468260978e-05,0.07413844764232635,0,-0.12527413666248322,0.010080714710056782,5.20632147527067e-06,0.12527413666248322,0.13439029455184937,0.0001041264331433922,0.10080714523792267
983,983,3.0039683722529177e-05,0.15173779428005219,0,-0.11638018488883972,0.01055373065173626,4.392961272969842e-06,0.11638018488883972,0.12433569133281708,8.785921818343922e-05,0.1055372953414917
984,984,2.9936862487176293e-05,0.06913229823112488,0,-0.12060746550559998,0.010345440357923508,4.133446964260656e-06,0.12060746550559998,0.1281369924545288,8.266893564723432e-05,0.10345439612865448
985,985,2.9834142279959752e-05,0.07631419599056244,0,-0.11865781247615814,0.00975433923304081,4.300031378079439e-06,0.11865781247615814,0.1270410418510437,8.600063301855698e-05,0.0975433886051178
986,986,2.97315236181282e-05,0.08645381778478622,0,-0.12172964215278625,0.010534098371863365,3.3305132092209533e-06,0.12172964215278625,0.1294080913066864,6.661025690846145e-05,0.10534097999334335
987,987,2.9629007018418985e-05,0.16751466691493988,0,-0.12149729579687119,0.010436410084366798,4.406105290399864e-06,0.12149729579687119,0.12971314787864685,8.812209125608206e-05,0.10436410456895828
988,988,2.9526592997055487e-05,0.2422598898410797,0,-0.11547241359949112,0.00906910840421915,5.226320809015306e-06,0.11547241359949112,0.12462670356035233,0.00010452641436131671,0.09069107472896576
989,989,2.9424282069744564e-05,0.0958031713962555,0,-0.11756646633148193,0.009914581663906574,4.295192411518656e-06,0.11756646633148193,0.1257871389389038,8.590384823037311e-05,0.09914582222700119
990,990,2.932207475167398e-05,0.1354122757911682,0,-0.11918321251869202,0.00997616071254015,3.914762601198163e-06,0.11918321251869202,0.12776510417461395,7.829525566194206e-05,0.09976160526275635
991,991,2.9219971557509695e-05,0.1720072627067566,0,-0.11646907031536102,0.01053074561059475,5.4059364629210904e-06,0.11646907031536102,0.12612150609493256,0.00010811873653437942,0.10530745983123779
992,992,2.911797300139345e-05,0.815071702003479,0,-0.11088956892490387,0.010469718836247921,8.610986697021872e-06,0.11088956892490387,0.12107454985380173,0.00017221973394043744,0.10469718277454376
993,993,2.9016079596939992e-05,0.11610829085111618,0,-0.11837196350097656,0.009848983958363533,5.3351704991655424e-06,0.11837196350097656,0.1275804489850998,0.00010670340270735323,0.09848984330892563
994,994,2.8914291857234636e-05,0.1598963588476181,0,-0.11853402107954025,0.009947297163307667,4.92523895445629e-06,0.11853402107954025,0.1268814355134964,9.85047736321576e-05,0.09947296977043152
995,995,2.8812610294830566e-05,0.13767381012439728,0,-0.1124313697218895,0.009902022778987885,3.423913767619524e-06,0.1124313697218895,0.1201540008187294,6.847827899036929e-05,0.09902022033929825
996,996,2.8711035421746367e-05,0.06772854924201965,0,-0.12558460235595703,0.010429122485220432,3.2116010970639763e-06,0.12558460235595703,0.13287357985973358,6.423201557481661e-05,0.10429122298955917
997,997,2.860956774946337e-05,0.050401557236909866,0,-0.1222199946641922,0.010196097195148468,3.0157616492942907e-06,0.1222199946641922,0.12873274087905884,6.031524026184343e-05,0.10196096450090408
998,998,2.8508207788923046e-05,0.0721757560968399,0,-0.12193743139505386,0.01036264467984438,6.164605565572856e-06,0.12193743139505386,0.1311625838279724,0.00012329212040640414,0.10362644493579865
999,999,2.840695605052458e-05,0.7994089722633362,0,-0.11800259351730347,0.010594649240374565,1.2323837836447638e-05,0.11800259351730347,0.1298445165157318,0.00024647676036693156,0.10594648122787476
1000,1000,2.8305813044122097e-05,0.14724986255168915,0,-0.12378696352243423,0.009549733251333237,4.161082870268729e-06,0.12378696352243423,0.13182806968688965,8.322166104335338e-05,0.09549733251333237
1001,1001,2.8204779279022276e-05,0.13479702174663544,0,-0.12192166596651077,0.009451102465391159,4.39422728959471e-06,0.12192166596651077,0.12983500957489014,8.78845457918942e-05,0.09451102465391159
1002,1002,2.8103855263981695e-05,0.07541820406913757,0,-0.122227743268013,0.00974179245531559,4.825151336262934e-06,0.122227743268013,0.1311151683330536,9.650302672525868e-05,0.0974179208278656
1003,1003,2.8003041507204242e-05,0.09035056829452515,0,-0.12273526191711426,0.009811094030737877,4.331405762059148e-06,0.12273526191711426,0.1309421807527542,8.662810432724655e-05,0.09811092913150787
1004,1004,2.7902338516338677e-05,0.0843304917216301,0,-0.12185554206371307,0.009996427223086357,3.329912260596757e-06,0.12185554206371307,0.13008180260658264,6.659823702648282e-05,0.09996426850557327
1005,1005,2.7801746798475904e-05,0.244243323802948,0,-0.12169885635375977,0.00971432588994503,6.3226852944353595e-06,0.12169885635375977,0.13169603049755096,0.00012645369861274958,0.0971432477235794
1006,1006,2.7701266860146575e-05,0.07061459124088287,0,-0.12423425912857056,0.010061859153211117,3.114325181741151e-06,0.12423425912857056,0.13095904886722565,6.228650454431772e-05,0.10061858594417572
1007,1007,2.7600899207318465e-05,0.18674156069755554,0,-0.11169128865003586,0.01003209501504898,6.338179446174763e-06,0.11169128865003586,0.12037646770477295,0.00012676359619945288,0.10032095015048981
1008,1008,2.7500644345393943e-05,0.10698717087507248,0,-0.10454517602920532,0.010602925904095173,6.067694357625442e-06,0.10454517602920532,0.11434856057167053,0.00012135387805756181,0.10602925717830658
1009,1009,2.740050277920739e-05,0.14262865483760834,0,-0.11948985606431961,0.009638994000852108,5.3417752496898174e-06,0.11948985606431961,0.12714625895023346,0.00010683550499379635,0.09638993442058563
1010,1010,2.7300475013022663e-05,0.07270937412977219,0,-0.1237204521894455,0.009753585793077946,3.903892775269924e-06,0.1237204521894455,0.13146892189979553,7.807785732438788e-05,0.0975358635187149
1011,1011,2.720056155053067e-05,0.08096244186162949,0,-0.11768046021461487,0.009555988013744354,6.432821464841254e-06,0.11768046021461487,0.1263238936662674,0.0001286564365727827,0.09555987268686295
1012,1012,2.710076289484663e-05,0.0640237033367157,0,-0.13204875588417053,0.01052822358906269,3.536870508469292e-06,0.13204875588417053,0.1386774480342865,7.073740562191233e-05,0.1052822396159172
1013,1013,2.7001079548507736e-05,0.07603181153535843,0,-0.12083898484706879,0.009042675606906414,6.151653906272259e-06,0.12083898484706879,0.13135211169719696,0.00012303306721150875,0.0904267430305481
1014,1014,2.690151201347052e-05,0.16788440942764282,0,-0.12692242860794067,0.0104062519967556,4.139043085160665e-06,0.12692242860794067,0.13492777943611145,8.278085442725569e-05,0.1040625274181366
1015,1015,2.68020607911083e-05,0.11006152629852295,0,-0.12058054655790329,0.010204654186964035,3.099238028880791e-06,0.12058054655790329,0.1271781623363495,6.198476330609992e-05,0.10204653441905975
1016,1016,2.6702726382208776e-05,0.07307862490415573,0,-0.11836367100477219,0.011022841557860374,4.122350674151676e-06,0.11836367100477219,0.12567442655563354,8.24470043880865e-05,0.11022840440273285
1017,1017,2.660350928697134e-05,0.09823362529277802,0,-0.11925023794174194,0.009559177793562412,6.0229594964766875e-06,0.11925023794174194,0.12880530953407288,0.00012045918265357614,0.09559177607297897
1018,1018,2.6504410005004732e-05,0.12903840839862823,0,-0.1161254495382309,0.009733593091368675,6.071610187063925e-06,0.1161254495382309,0.1252150535583496,0.0001214322037412785,0.09733593463897705
1019,1019,2.6405429035324403e-05,0.07624374330043793,0,-0.11665713042020798,0.010083016939461231,5.719452929042745e-06,0.11665713042020798,0.1255136877298355,0.0001143890549428761,0.10083016753196716
1020,1020,2.630656687635007e-05,0.1110706776380539,0,-0.11911413073539734,0.01049695536494255,5.542784492718056e-06,0.11911413073539734,0.1287354677915573,0.00011085568985436112,0.1049695536494255
1021,1021,2.6207824025903137e-05,0.06916231662034988,0,-0.11857033520936966,0.010023349896073341,5.048555067332927e-06,0.11857033520936966,0.1256229281425476,0.00010097109043272212,0.10023349523544312
1022,1022,2.610920098120424e-05,0.11899418383836746,0,-0.1268010139465332,0.010178135707974434,4.270154931873549e-06,0.1268010139465332,0.13437065482139587,8.540310227544978e-05,0.10178136080503464
1023,1023,2.6010698238870744e-05,0.1088523417711258,0,-0.12090236693620682,0.010366106405854225,3.763284439628478e-06,0.12090236693620682,0.12808844447135925,7.526569243054837e-05,0.10366106033325195
1024,1024,2.591231629491423e-05,0.24608257412910461,0,-0.12632009387016296,0.009427501820027828,3.7196696212049574e-06,0.12632009387016296,0.13398918509483337,7.439339242409915e-05,0.09427501261234283
1025,1025,2.581405564473801e-05,0.10776010900735855,0,-0.11831171810626984,0.010345963761210442,6.201489668455906e-06,0.11831171810626984,0.12873847782611847,0.0001240297860931605,0.10345963388681412
1026,1026,2.571591678313458e-05,0.07554532587528229,0,-0.11954726278781891,0.009493932127952576,4.35375750384992e-06,0.11954726278781891,0.12753242254257202,8.707513916306198e-05,0.09493930637836456
1027,1027,2.561790020428322e-05,0.11575159430503845,0,-0.12079404294490814,0.010908315889537334,5.8815476222662255e-06,0.12079404294490814,0.12881864607334137,0.00011763095972128212,0.1090831533074379
1028,1028,2.5520006401747398e-05,0.10052529722452164,0,-0.11666370183229446,0.010512451641261578,4.671812348533422e-06,0.11666370183229446,0.12376470863819122,9.343623969471082e-05,0.10512451082468033
1029,1029,2.5422235868472345e-05,0.26434701681137085,0,-0.11620271950960159,0.01028151623904705,6.093126103223767e-06,0.11620271950960159,0.12582603096961975,0.00012186251842649654,0.1028151586651802
1030,1030,2.5324589096782657e-05,0.13930222392082214,0,-0.12729930877685547,0.010353685356676579,3.919215032510692e-06,0.12729930877685547,0.13505259156227112,7.838429883122444e-05,0.10353685170412064
1031,1031,2.522706657837962e-05,0.072670578956604,0,-0.12052881717681885,0.009466449730098248,5.0201838348584715e-06,0.12052881717681885,0.12899364531040192,0.00010040367487818003,0.09466450661420822
1032,1032,2.5129668804338906e-05,0.13822461664676666,0,-0.13012146949768066,0.009565839543938637,4.1013436202774756e-06,0.13012146949768066,0.1370181143283844,8.202687604352832e-05,0.09565839171409607
1033,1033,2.5032396265107984e-05,0.09600607305765152,0,-0.12427419424057007,0.00910420622676611,3.1478657547268085e-06,0.12427419424057007,0.1309000551700592,6.295731873251498e-05,0.09104206413030624
1034,1034,2.4935249450503762e-05,0.6097241640090942,0,-0.12338550388813019,0.009718909859657288,5.1919241741416045e-06,0.12338550388813019,0.13228094577789307,0.00010383847984485328,0.09718909859657288
1035,1035,2.483822884971e-05,0.663779616355896,0,-0.11083813011646271,0.009268825873732567,8.360520041605923e-06,0.11083813011646271,0.12102612853050232,0.00016721039719413966,0.09268825501203537
1036,1036,2.4741334951274947e-05,0.3748643696308136,0,-0.12022854387760162,0.010067414492368698,6.841452432126971e-06,0.12022854387760162,0.13023287057876587,0.0001368290395475924,0.10067414492368698
1037,1037,2.464456824310885e-05,0.13981419801712036,0,-0.1243065744638443,0.010230415500700474,3.8177672649908345e-06,0.1243065744638443,0.13224458694458008,7.635533984284848e-05,0.10230415314435959
1038,1038,2.4547929212481435e-05,0.38573360443115234,0,-0.12048662453889847,0.010128173045814037,6.720343208144186e-06,0.12048662453889847,0.1301763653755188,0.0001344068587059155,0.10128173232078552
1039,1039,2.4451418346019576e-05,0.1254192292690277,0,-0.12175602465867996,0.010051537305116653,3.696821295307018e-06,0.12175602465867996,0.12923331558704376,7.393642590614036e-05,0.10051536560058594
1040,1040,2.43550361297047e-05,0.11201570183038712,0,-0.12231812626123428,0.009868348948657513,4.34508820035262e-06,0.12231812626123428,0.12988953292369843,8.69017603690736e-05,0.09868348389863968
1041,1041,2.425878304887047e-05,0.09352080523967743,0,-0.11581618338823318,0.00960092805325985,3.141359229630325e-06,0.11581618338823318,0.12331847846508026,6.282718095462769e-05,0.0960092842578888
1042,1042,2.4162659588200288e-05,0.11468221992254257,0,-0.11935770511627197,0.009355938993394375,6.459614724008134e-06,0.11935770511627197,0.12783803045749664,0.00012919229629915208,0.0935593843460083
1043,1043,2.40666662317248e-05,0.3240598440170288,0,-0.12365564703941345,0.009878934361040592,4.374109266791493e-06,0.12365564703941345,0.13163350522518158,8.748218533582985e-05,0.09878933429718018
1044,1044,2.3970803462819584e-05,0.08018529415130615,0,-0.12417753040790558,0.009973973035812378,4.62582192994887e-06,0.12417753040790558,0.13258671760559082,9.251644223695621e-05,0.09973973035812378
1045,1045,2.3875071764202563e-05,0.23642416298389435,0,-0.11572051793336868,0.010081377811729908,3.517913455652888e-06,0.11572051793336868,0.12386220693588257,7.035826274659485e-05,0.10081377625465393
1046,1046,2.377947161793171e-05,0.26130953431129456,0,-0.12251139432191849,0.010330339893698692,5.7940033002523705e-06,0.12251139432191849,0.13144564628601074,0.0001158800587290898,0.10330338776111603
1047,1047,2.3684003505402574e-05,0.12459073215723038,0,-0.12619589269161224,0.009602215141057968,3.473085826044553e-06,0.12619589269161224,0.13359738886356354,6.946171924937516e-05,0.09602215141057968
1048,1048,2.3588667907345786e-05,0.18124522268772125,0,-0.12629640102386475,0.010365387424826622,3.134583721475792e-06,0.12629640102386475,0.13326600193977356,6.269167352002114e-05,0.10365387052297592
1049,1049,2.3493465303824767e-05,0.46137353777885437,0,-0.11570073664188385,0.010249683633446693,1.0884802577493247e-05,0.11570073664188385,0.12622305750846863,0.00021769605518784374,0.10249683260917664
1050,1050,2.3398396174233178e-05,0.3969421088695526,0,-0.1164325401186943,0.008895976468920708,5.544379291677615e-06,0.1164325401186943,0.12561428546905518,0.00011088758037658408,0.08895976841449738
1051,1051,2.3303460997292637e-05,0.09418240934610367,0,-0.11652058362960815,0.009035376831889153,4.312203145673266e-06,0.11652058362960815,0.1245417594909668,8.624406473245472e-05,0.09035377204418182
1052,1052,2.3208660251050158e-05,0.2040925770998001,0,-0.12650911509990692,0.009042433463037014,2.873119683499681e-06,0.12650911509990692,0.13384558260440826,5.746239548898302e-05,0.09042432904243469
1053,1053,2.311399441287595e-05,0.08473862707614899,0,-0.12363334000110626,0.010048655793070793,3.539923227435793e-06,0.12363334000110626,0.1306004524230957,7.079846545821056e-05,0.10048656165599823
1054,1054,2.3019463959460787e-05,0.18580344319343567,0,-0.11293669044971466,0.01008986122906208,7.4433137342566624e-06,0.11293669044971466,0.12270818650722504,0.00014886626740917563,0.10089860111474991
1055,1055,2.2925069366813717e-05,0.1031629890203476,0,-0.12615685164928436,0.009259586222469807,3.8633361327811144e-06,0.12615685164928436,0.13385498523712158,7.726671174168587e-05,0.09259586036205292
1056,1056,2.283081111025973e-05,0.19148260354995728,0,-0.12606997787952423,0.009330308996140957,3.568033207557164e-06,0.12606997787952423,0.13410291075706482,7.13606714271009e-05,0.09330308437347412
1057,1057,2.2736689664437217e-05,0.23717698454856873,0,-0.11174771934747696,0.009353823959827423,3.4690892789512873e-06,0.11174771934747696,0.11905720829963684,6.938178557902575e-05,0.09353823214769363
1058,1058,2.26427055032957e-05,0.11860641092061996,0,-0.11496154218912125,0.009013752453029156,3.304770189060946e-06,0.11496154218912125,0.12219303101301193,6.609540287172422e-05,0.09013751894235611
1059,1059,2.2548859100093407e-05,0.3603326678276062,0,-0.10559852421283722,0.009378306567668915,6.9129209805396385e-06,0.10559852421283722,0.11682720482349396,0.00013825841597281396,0.09378306567668915
1060,1060,2.245515092739488e-05,0.09487855434417725,0,-0.12039723992347717,0.009516820311546326,3.6056007957085967e-06,0.12039723992347717,0.12738429009914398,7.211201591417193e-05,0.09516819566488266
1061,1061,2.2361581457068574e-05,0.4888576865196228,0,-0.1339566856622696,0.00957518257200718,2.5622546218073694e-06,0.1339566856622696,0.13971297442913055,5.124509334564209e-05,0.0957518219947815
1062,1062,2.2268151160284506e-05,0.14769427478313446,0,-0.1234784796833992,0.010428670793771744,6.5220383476116695e-06,0.1234784796833992,0.13256624341011047,0.00013044076331425458,0.10428670793771744
1063,1063,2.2174860507511924e-05,0.14683844149112701,0,-0.11866249144077301,0.009500210173428059,4.67561767436564e-06,0.11866249144077301,0.12682653963565826,9.35123534873128e-05,0.09500209987163544
1064,1064,2.2081709968516866e-05,0.17908541858196259,0,-0.1219484955072403,0.009784731082618237,5.331970442057354e-06,0.1219484955072403,0.12983205914497375,0.00010663940338417888,0.09784731268882751
1065,1065,2.1988700012359862e-05,0.23538506031036377,0,-0.12344531714916229,0.009680939838290215,4.85921191284433e-06,0.12344531714916229,0.13201719522476196,9.718424553284422e-05,0.09680940210819244
1066,1066,2.1895831107393484e-05,0.454523503780365,0,-0.12357937544584274,0.00984315574169159,5.165007678442635e-06,0.12357937544584274,0.13312609493732452,0.00010330015356885269,0.0984315499663353
1067,1067,2.180310372126005e-05,0.1173822283744812,0,-0.11702772974967957,0.010023975744843483,3.912518423021538e-06,0.11702772974967957,0.12539419531822205,7.825037027942017e-05,0.10023976117372513
1068,1068,2.1710518320889278e-05,0.11275779455900192,0,-0.12037159502506256,0.009382788091897964,5.08643051944091e-06,0.12037159502506256,0.12907534837722778,0.0001017286122078076,0.09382787346839905
1069,1069,2.1618075372495916e-05,0.11248138546943665,0,-0.1238849014043808,0.008815085515379906,3.419664608372841e-06,0.1238849014043808,0.1305822879076004,6.839328852947801e-05,0.08815085887908936
1070,1070,2.1525775341577405e-05,0.06989544630050659,0,-0.11491870880126953,0.00927200261503458,5.296795734466286e-06,0.11491870880126953,0.12183968722820282,0.00010593590559437871,0.09272003173828125
1071,1071,2.1433618692911467e-05,0.09725745022296906,0,-0.1263277381658554,0.009786143898963928,3.8788607525930274e-06,0.1263277381658554,0.134337916970253,7.757720595691353e-05,0.09786143898963928
1072,1072,2.1341605890553896e-05,0.15666283667087555,0,-0.11645384132862091,0.009942691773176193,5.0578782975208014e-06,0.11645384132862091,0.12462800741195679,0.00010115756595041603,0.09942691028118134
1073,1073,2.124973739783609e-05,0.19235041737556458,0,-0.12192617356777191,0.009759972803294659,4.201352112431778e-06,0.12192617356777191,0.1299712359905243,8.402703679166734e-05,0.09759972989559174
1074,1074,2.115801367736276e-05,0.08205629140138626,0,-0.12961377203464508,0.008920598775148392,5.069662620371673e-06,0.12961377203464508,0.13722652196884155,0.00010139324876945466,0.08920598030090332
1075,1075,2.1066435191009715e-05,0.15711218118667603,0,-0.12483847141265869,0.009503118693828583,3.815793661487987e-06,0.12483847141265869,0.13218656182289124,7.631586777279153e-05,0.09503118693828583
1076,1076,2.0975002399921324e-05,0.19811342656612396,0,-0.12688499689102173,0.009173683822154999,2.1096054751978954e-06,0.12688499689102173,0.13274240493774414,4.21921067754738e-05,0.09173683822154999
1077,1077,2.0883715764508383e-05,0.18536657094955444,0,-0.12241722643375397,0.009738413617014885,6.0407792261685245e-06,0.12241722643375397,0.13176780939102173,0.00012081558088539168,0.09738413989543915
1078,1078,2.0792575744445653e-05,0.3939613997936249,0,-0.11183995008468628,0.00974946841597557,9.909868822433054e-06,0.11183995008468628,0.12222186475992203,0.0001981973764486611,0.0974946841597557
1079,1079,2.0701582798669676e-05,0.17398090660572052,0,-0.1134677454829216,0.009300494566559792,4.716219791589538e-06,0.1134677454829216,0.1224406287074089,9.432440128875896e-05,0.09300493448972702
1080,1080,2.061073738537635e-05,0.12034697085618973,0,-0.12386693805456161,0.009380536153912544,4.031749540445162e-06,0.12386693805456161,0.132129967212677,8.063499262789264e-05,0.09380537271499634
1081,1081,2.0520039962018693e-05,0.04325403273105621,0,-0.12436928600072861,0.009162021800875664,4.755795544042485e-06,0.12436928600072861,0.13231945037841797,9.511590906186029e-05,0.09162020683288574
1082,1082,2.0429490985304555e-05,0.1291058510541916,0,-0.1302340030670166,0.009232250042259693,4.975297542841872e-06,0.1302340030670166,0.13800743222236633,9.950595267582685e-05,0.09232249855995178
1083,1083,2.033909091119419e-05,0.27802321314811707,0,-0.12018519639968872,0.010100036859512329,3.753478495127638e-06,0.12018519639968872,0.12784898281097412,7.506957626901567e-05,0.1010003611445427
1084,1084,2.0248840194898156e-05,0.6390798091888428,0,-0.11668793112039566,0.010458535514771938,7.297424417629372e-06,0.11668793112039566,0.1271289587020874,0.00014594847743865103,0.10458534955978394
1085,1085,2.015873929087482e-05,0.1926271915435791,0,-0.11389608681201935,0.00886958371847868,7.309150987566682e-06,0.11389608681201935,0.1240503266453743,0.00014618301065638661,0.08869583159685135
1086,1086,2.0068788652828242e-05,0.17226287722587585,0,-0.1139771044254303,0.009582806378602982,4.604634796123719e-06,0.1139771044254303,0.12317220866680145,9.209269774146378e-05,0.09582807123661041
1087,1087,1.9978988733705807e-05,0.11626750230789185,0,-0.11669756472110748,0.010312404483556747,4.368324425740866e-06,0.11669756472110748,0.1250840127468109,8.736649033380672e-05,0.10312403738498688
1088,1088,1.9889339985695893e-05,0.09161621332168579,0,-0.124053955078125,0.010100792162120342,5.368926395021845e-06,0.124053955078125,0.1320899873971939,0.00010737852426245809,0.10100792348384857
1089,1089,1.979984286022574e-05,0.1734372228384018,0,-0.1296948492527008,0.009665957652032375,4.973773684469052e-06,0.1296948492527008,0.13671979308128357,9.947546641342342e-05,0.0966595709323883
1090,1090,1.971049780795901e-05,0.06088065356016159,0,-0.12307263165712357,0.01089448481798172,3.86824331144453e-06,0.12307263165712357,0.1303880214691162,7.73648644099012e-05,0.108944833278656
1091,1091,1.9621305278793656e-05,0.08541253954172134,0,-0.1263188123703003,0.010066872462630272,4.458464445633581e-06,0.1263188123703003,0.13471025228500366,8.916929800761864e-05,0.10066872835159302
1092,1092,1.95322657218596e-05,0.10943564027547836,0,-0.12041975557804108,0.009123323485255241,4.587299372360576e-06,0.12041975557804108,0.12898167967796326,9.17459765332751e-05,0.09123323857784271
1093,1093,1.9443379585516414e-05,0.1419774442911148,0,-0.12201163172721863,0.0095791295170784,5.740649612562265e-06,0.12201163172721863,0.13018642365932465,0.0001148129886132665,0.095791295170784
1094,1094,1.9354647317351188e-05,0.08586283773183823,0,-0.11005664616823196,0.009991842322051525,3.070041202590801e-06,0.11005664616823196,0.1174965351819992,6.14008167758584e-05,0.0999184250831604
1095,1095,1.926606936417614e-05,0.1712997555732727,0,-0.11947684735059738,0.00908319279551506,4.286635430617025e-06,0.11947684735059738,0.12774613499641418,8.573269587941468e-05,0.09083192050457001
1096,1096,1.9177646172026513e-05,0.48120376467704773,0,-0.11769077926874161,0.009867457672953606,8.689265087014064e-06,0.11769077926874161,0.12812820076942444,0.00017378530174028128,0.09867458045482635
1097,1097,1.9089378186158154e-05,0.2645214796066284,0,-0.12503260374069214,0.009236735291779041,5.300945304043125e-06,0.12503260374069214,0.1342146396636963,0.00010601890971884131,0.09236733615398407
1098,1098,1.900126585104547e-05,0.17336833477020264,0,-0.12630227208137512,0.009732937440276146,5.124026756675448e-06,0.12630227208137512,0.13286516070365906,0.00010248053149553016,0.09732937812805176
1099,1099,1.8913309610379015e-05,0.2316957712173462,0,-0.12096966803073883,0.01015462726354599,3.63457093044417e-06,0.12096966803073883,0.12824870645999908,7.269141497090459e-05,0.1015462875366211
1100,1100,1.8825509907063327e-05,0.2942051887512207,0,-0.12062901258468628,0.009464324451982975,5.7703960010258015e-06,0.12062901258468628,0.12982192635536194,0.00011540792183950543,0.0946432426571846
1101,1101,1.8737867183214757e-05,0.0858994796872139,0,-0.12317809462547302,0.009856577962636948,5.073132342658937e-06,0.12317809462547302,0.13174180686473846,0.00010146263957722113,0.09856578707695007
1102,1102,1.8650381880159106e-05,0.0930548831820488,0,-0.12711825966835022,0.008886304683983326,3.820704932877561e-06,0.12711825966835022,0.13500407338142395,7.641410047654063e-05,0.08886304497718811
1103,1103,1.8563054438429545e-05,0.2940525412559509,0,-0.11897530406713486,0.009390398859977722,3.518317726047826e-06,0.11897530406713486,0.12645626068115234,7.036635361146182e-05,0.09390398859977722
1104,1104,1.8475885297764305e-05,0.18508723378181458,0,-0.12150001525878906,0.009963061660528183,3.1650915843783878e-06,0.12150001525878906,0.12872852385044098,6.330182804958895e-05,0.09963060915470123
1105,1105,1.838887489710452e-05,0.07311981171369553,0,-0.1313064843416214,0.009564919397234917,2.924947693827562e-06,0.1313064843416214,0.1383248120546341,5.8498950238572434e-05,0.09564919769763947
1106,1106,1.8302023674591935e-05,0.12186208367347717,0,-0.12021363526582718,0.010186656378209591,3.7831287045264617e-06,0.12021363526582718,0.12828978896141052,7.566256681457162e-05,0.10186655819416046
1107,1107,1.8215332067566764e-05,0.15833936631679535,0,-0.12171253561973572,0.010263430885970592,4.123803137190407e-06,0.12171253561973572,0.13052435219287872,8.247606456279755e-05,0.10263431072235107
1108,1108,1.8128800512565513e-05,0.08223981410264969,0,-0.12292587012052536,0.00975838117301464,6.540096819662722e-06,0.12292587012052536,0.13182738423347473,0.00013080194185022265,0.0975838154554367
1109,1109,1.804242944531872e-05,0.12896618247032166,0,-0.12336139380931854,0.010131347924470901,4.97177734359866e-06,0.12336139380931854,0.13224902749061584,9.943555778590962e-05,0.10131347179412842
1110,1110,1.7956219300748793e-05,0.0873202458024025,0,-0.1291978806257248,0.009781837463378906,4.035101483168546e-06,0.1291978806257248,0.13713645935058594,8.070202602539212e-05,0.09781836718320847
1111,1111,1.7870170512967786e-05,0.1877712458372116,0,-0.12520447373390198,0.01022082008421421,3.944420313928276e-06,0.12520447373390198,0.13249124586582184,7.888840627856553e-05,0.1022082045674324
1112,1112,1.778428351527529e-05,0.16995055973529816,0,-0.11675678193569183,0.010585837997496128,4.047831680509262e-06,0.11675678193569183,0.12451811134815216,8.095664088614285e-05,0.10585838556289673
1113,1113,1.7698558740156135e-05,0.5582150220870972,0,-0.12033259868621826,0.010226032696664333,5.87426029596827e-06,0.12033259868621826,0.12967626750469208,0.0001174852077383548,0.10226032882928848
1114,1114,1.7612996619278322e-05,0.10147789120674133,0,-0.11894827336072922,0.010557176545262337,6.030572876625229e-06,0.11894827336072922,0.12671510875225067,0.00012061145389452577,0.10557177662849426
1115,1115,1.7527597583490822e-05,0.5978202223777771,0,-0.10862353444099426,0.010314109735190868,2.0971279809600674e-05,0.10862353444099426,0.12135367095470428,0.0004194256034679711,0.10314109921455383
1116,1116,1.744236206282132e-05,0.05182814225554466,0,-0.12255683541297913,0.009377563372254372,3.5326897886989173e-06,0.12255683541297913,0.12994708120822906,7.065379759296775e-05,0.09377563744783401
1117,1117,1.7357290486474203e-05,0.18382863700389862,0,-0.12301086634397507,0.010511510074138641,5.39437860425096e-06,0.12301086634397507,0.1316588968038559,0.00010788756480906159,0.10511510074138641
1118,1118,1.7272383282828253e-05,0.07766635715961456,0,-0.13177362084388733,0.009797023609280586,3.6344681575428694e-06,0.13177362084388733,0.13909903168678284,7.268936315085739e-05,0.09797022491693497
1119,1119,1.7187640879434557e-05,0.12630479037761688,0,-0.12243426591157913,0.00950438529253006,3.1546101126878057e-06,0.12243426591157913,0.12995868921279907,6.309220043476671e-05,0.09504384547472
1120,1120,1.7103063703014372e-05,0.07420134544372559,0,-0.12863117456436157,0.00970056839287281,3.7789452562719816e-06,0.12863117456436157,0.136643648147583,7.557890785392374e-05,0.0970056876540184
1121,1121,1.7018652179456956e-05,0.1736229807138443,0,-0.12203957885503769,0.00967941340059042,4.654793428926496e-06,0.12203957885503769,0.13016387820243835,9.30958631215617e-05,0.09679412841796875
1122,1122,1.6934406733817414e-05,0.21734030544757843,0,-0.1232583075761795,0.010420567356050014,4.459133378986735e-06,0.1232583075761795,0.13111664354801178,8.918266394175589e-05,0.1042056679725647
1123,1123,1.685032779031453e-05,0.21786150336265564,0,-0.11547771841287613,0.010294681414961815,3.044138338736957e-06,0.11547771841287613,0.12183315306901932,6.088276859372854e-05,0.10294681042432785
1124,1124,1.676641577232873e-05,0.06589840352535248,0,-0.12244701385498047,0.009343094192445278,2.6178806820098544e-06,0.12244701385498047,0.12904275953769684,5.235761636868119e-05,0.09343093633651733
1125,1125,1.6682671102399805e-05,0.09942782670259476,0,-0.12476178258657455,0.009589224122464657,4.883217116002925e-06,0.12476178258657455,0.13247564435005188,9.76643423200585e-05,0.09589225053787231
1126,1126,1.6599094202224934e-05,0.1301059126853943,0,-0.132906973361969,0.00961645133793354,3.294662292319117e-06,0.132906973361969,0.13913242518901825,6.589324766537175e-05,0.0961645096540451
1127,1127,1.6515685492656467e-05,0.08839528262615204,0,-0.12669502198696136,0.01022515632212162,4.441726559889503e-06,0.12669502198696136,0.13461966812610626,8.883453847374767e-05,0.1022515594959259
1128,1128,1.64324453936998e-05,0.11232374608516693,0,-0.12000240385532379,0.0098823057487607,3.6874134821118787e-06,0.12000240385532379,0.12820328772068024,7.374826236627996e-05,0.09882304817438126
1129,1129,1.6349374324511345e-05,0.07922562211751938,0,-0.11644767969846725,0.009918984025716782,6.245846634556074e-06,0.11644767969846725,0.12580819427967072,0.00012491692905314267,0.09918984025716782
1130,1130,1.6266472703396286e-05,0.13734368979930878,0,-0.12477340549230576,0.009990488179028034,3.986293449997902e-06,0.12477340549230576,0.13175545632839203,7.972586899995804e-05,0.0999048724770546
1131,1131,1.618374094780662e-05,0.12268480658531189,0,-0.12822264432907104,0.00991531927138567,3.118863560302998e-06,0.12822264432907104,0.13431836664676666,6.237726483959705e-05,0.09915319085121155
1132,1132,1.610117947433897e-05,0.23913930356502533,0,-0.11670384556055069,0.010104389861226082,4.070809154654853e-06,0.11670384556055069,0.12414918839931488,8.141617581713945e-05,0.10104389488697052
1133,1133,1.6018788698732444e-05,0.15355783700942993,0,-0.12285604327917099,0.0094276899471879,2.7443579710961785e-06,0.12285604327917099,0.1297912895679474,5.488716487889178e-05,0.09427689015865326
1134,1134,1.59365690358667e-05,0.1488589346408844,0,-0.1298925280570984,0.009967283345758915,3.2533826015423983e-06,0.1298925280570984,0.1368560791015625,6.506765203084797e-05,0.099672831594944
1135,1135,1.5854520899759657e-05,0.0794103816151619,0,-0.11572892963886261,0.009821447543799877,6.802896677982062e-06,0.11572892963886261,0.1262129843235016,0.00013605793355964124,0.09821446239948273
1136,1136,1.5772644703565565e-05,0.1919594705104828,0,-0.12004419416189194,0.010004447773098946,4.667819666792639e-06,0.12004419416189194,0.12882545590400696,9.335639333585277e-05,0.10004447400569916
1137,1137,1.5690940859572862e-05,0.09324430674314499,0,-0.12261278927326202,0.009922048076987267,4.247226570441853e-06,0.12261278927326202,0.12967780232429504,8.494452777085826e-05,0.09922047704458237
1138,1138,1.5609409779202106e-05,0.23001252114772797,0,-0.12308254092931747,0.010247623547911644,3.903491688106442e-06,0.12308254092931747,0.1306353658437729,7.806983194313943e-05,0.10247623175382614
1139,1139,1.552805187300389e-05,0.2729305028915405,0,-0.1114719808101654,0.009852149523794651,4.512610757956281e-06,0.1114719808101654,0.1191888302564621,9.025220788316801e-05,0.09852148592472076
1140,1140,1.544686755065677e-05,0.11806260794401169,0,-0.12478233128786087,0.010084262117743492,4.0266845644509885e-06,0.12478233128786087,0.13190323114395142,8.053368947003037e-05,0.10084262490272522
1141,1141,1.5365857220965275e-05,0.13014326989650726,0,-0.1255665272474289,0.00972011312842369,2.402214249741519e-06,0.1255665272474289,0.13198107481002808,4.804429045179859e-05,0.09720112383365631
1142,1142,1.5285021291857705e-05,0.3143501579761505,0,-0.11477166414260864,0.010757725685834885,7.230777555378154e-06,0.11477166414260864,0.12498728930950165,0.00014461553655564785,0.10757726430892944
1143,1143,1.5204360170384286e-05,0.197293221950531,0,-0.1259307861328125,0.010209670290350914,3.2377179195464123e-06,0.1259307861328125,0.13317711651325226,6.475435657193884e-05,0.10209670662879944
1144,1144,1.5123874262714893e-05,0.4123608469963074,0,-0.12379122525453568,0.010691139847040176,4.664543212129502e-06,0.12379122525453568,0.13209518790245056,9.329085878562182e-05,0.10691139847040176
1145,1145,1.504356397413713e-05,0.07347170263528824,0,-0.12596362829208374,0.009987306781113148,7.5404382187116425e-06,0.12596362829208374,0.13638976216316223,0.00015080877346917987,0.09987306594848633
1146,1146,1.4963429709054322e-05,0.09598898887634277,0,-0.127282977104187,0.009932292625308037,3.5689138258021558e-06,0.127282977104187,0.13433916866779327,7.137827924452722e-05,0.09932292252779007
1147,1147,1.488347187098335e-05,0.6387090682983398,0,-0.11669439822435379,0.009789936244487762,2.1491448933375068e-05,0.11669439822435379,0.12800204753875732,0.0004298289422877133,0.09789936244487762
1148,1148,1.4803690862552755e-05,0.1444249153137207,0,-0.1164422482252121,0.009565895423293114,4.428400643519126e-06,0.1164422482252121,0.12519216537475586,8.856802014634013e-05,0.09565894305706024
1149,1149,1.4724087085500627e-05,0.20296451449394226,0,-0.12640437483787537,0.010145409032702446,4.197504040348576e-06,0.12640437483787537,0.13265356421470642,8.395007171202451e-05,0.10145409405231476
1150,1150,1.4644660940672627e-05,0.12550921738147736,0,-0.11354960501194,0.009765483438968658,5.074825821793638e-06,0.11354960501194,0.12173374742269516,0.00010149650915991515,0.09765484184026718
1151,1151,1.4565412828019914e-05,0.06607300043106079,0,-0.12587454915046692,0.009952733293175697,4.528165845840704e-06,0.12587454915046692,0.13329951465129852,9.056330600287765e-05,0.09952732920646667
1152,1152,1.4486343146597154e-05,0.11221683025360107,0,-0.129157155752182,0.00951374601572752,3.5295474845042918e-06,0.129157155752182,0.1364242434501648,7.059094787109643e-05,0.09513746201992035
1153,1153,1.4407452294560569e-05,0.12624302506446838,0,-0.12193438410758972,0.008853352628648281,5.150285687705036e-06,0.12193438410758972,0.13106849789619446,0.00010300571739207953,0.08853352814912796
1154,1154,1.4328740669165857e-05,0.1381395310163498,0,-0.11488115787506104,0.009521126747131348,5.563631475524744e-06,0.11488115787506104,0.12461648881435394,0.00011127263132948428,0.09521126747131348
1155,1155,1.4250208666766235e-05,0.16941620409488678,0,-0.12251412123441696,0.009509610012173653,3.8002567634976003e-06,0.12251412123441696,0.13108597695827484,7.60051334509626e-05,0.09509609639644623
1156,1156,1.4171856682810386e-05,0.28206706047058105,0,-0.1255386769771576,0.008737299591302872,4.386321052152198e-06,0.1255386769771576,0.13387514650821686,8.772641012910753e-05,0.08737298846244812
1157,1157,1.4093685111840566e-05,0.11029848456382751,0,-0.12256830930709839,0.009803757071495056,2.8804743124055676e-06,0.12256830930709839,0.12911787629127502,5.760948624811135e-05,0.09803757071495056
1158,1158,1.401569434749051e-05,0.06279734522104263,0,-0.13013403117656708,0.009403028525412083,4.157447619945742e-06,0.13013403117656708,0.13803420960903168,8.314895239891484e-05,0.09403027594089508
1159,1159,1.3937884782483484e-05,0.22557052969932556,0,-0.12497343122959137,0.010168289765715599,4.6968507376732305e-06,0.12497343122959137,0.13237053155899048,9.393700020154938e-05,0.10168290138244629
1160,1160,1.3860256808630428e-05,0.09838220477104187,0,-0.12461910396814346,0.009868363849818707,4.0407153392152395e-06,0.12461910396814346,0.13208186626434326,8.081430132733658e-05,0.09868364036083221
1161,1161,1.3782810816827751e-05,0.23982127010822296,0,-0.1189129576086998,0.01054096594452858,4.434839411260327e-06,0.1189129576086998,0.1272074282169342,8.869679004419595e-05,0.1054096594452858
1162,1162,1.3705547197055584e-05,0.15124814212322235,0,-0.12480457127094269,0.010011876933276653,3.464536803221563e-06,0.12480457127094269,0.13187186419963837,6.929074152139947e-05,0.10011875629425049
1163,1163,1.3628466338375661e-05,0.5186631083488464,0,-0.11111468076705933,0.008867381140589714,5.53129029867705e-06,0.11111468076705933,0.12005960196256638,0.0001106258132494986,0.08867380768060684
1164,1164,1.3551568628929434e-05,0.1318754255771637,0,-0.13175582885742188,0.010419409722089767,2.739986939559458e-06,0.13175582885742188,0.1383974850177765,5.479973697219975e-05,0.10419409722089767
1165,1165,1.3474854455936126e-05,0.21895550191402435,0,-0.11587151885032654,0.009848223067820072,6.269135155889671e-06,0.11587151885032654,0.12473765015602112,0.00012538270675577223,0.09848223626613617
1166,1166,1.3398324205690742e-05,0.16320978105068207,0,-0.12266074120998383,0.009518859907984734,5.529853751795599e-06,0.12266074120998383,0.13116158545017242,0.00011059706594096497,0.09518860280513763
1167,1167,1.3321978263562174e-05,0.1260966956615448,0,-0.11638704687356949,0.009370033629238605,4.496514975471655e-06,0.11638704687356949,0.12486641108989716,8.99302976904437e-05,0.0937003418803215
1168,1168,1.3245817013991162e-05,0.24155370891094208,0,-0.13036443293094635,0.009973717853426933,3.7954696381348185e-06,0.13036443293094635,0.13737908005714417,7.590939640067518e-05,0.09973718225955963
1169,1169,1.3169840840488501e-05,0.2731495797634125,0,-0.11747259646654129,0.009054135531187057,3.469782768661389e-06,0.11747259646654129,0.12543047964572906,6.939566083019599e-05,0.09054134786128998
1170,1170,1.3094050125632972e-05,0.1988973319530487,0,-0.1306406706571579,0.009031033143401146,3.5541302167985123e-06,0.1306406706571579,0.13801303505897522,7.108260615495965e-05,0.09031034260988235
1171,1171,1.301844525106951e-05,0.0760498195886612,0,-0.11612540483474731,0.009508710354566574,6.260423106141388e-06,0.11612540483474731,0.12446467578411102,0.00012520846212282777,0.09508709609508514
1172,1172,1.2943026597507269e-05,0.148753821849823,0,-0.1265769600868225,0.009855709038674831,3.465813733782852e-06,0.1265769600868225,0.1338551640510559,6.931627285666764e-05,0.09855708479881287
1173,1173,1.2867794544717614e-05,0.10944724828004837,0,-0.1168021708726883,0.010094738565385342,7.091295628924854e-06,0.1168021708726883,0.12660092115402222,0.00014182590530253947,0.10094738006591797
1174,1174,1.2792749471532362e-05,0.06719063222408295,0,-0.13158154487609863,0.009616957977414131,2.909375780291157e-06,0.13158154487609863,0.13773921132087708,5.818751378683373e-05,0.09616957604885101
1175,1175,1.2717891755841722e-05,0.22381621599197388,0,-0.12359703332185745,0.00930393673479557,4.395547875901684e-06,0.12359703332185745,0.13229617476463318,8.79109647939913e-05,0.093039371073246
1176,1176,1.2643221774592518e-05,0.25724825263023376,0,-0.1260576695203781,0.009852712973952293,2.860189397324575e-06,0.1260576695203781,0.13243240118026733,5.72037861275021e-05,0.09852712601423264
1177,1177,1.2568739903786213e-05,0.11533120274543762,0,-0.12608343362808228,0.009645827114582062,2.785647211567266e-06,0.12608343362808228,0.1330772489309311,5.5712942412355915e-05,0.09645827114582062
1178,1178,1.2494446518477022e-05,0.09021016955375671,0,-0.1258423775434494,0.010279877111315727,3.195754743501311e-06,0.1258423775434494,0.13239017128944397,6.391508941305801e-05,0.10279877483844757
1179,1179,1.242034199277008e-05,0.47168511152267456,0,-0.11843540519475937,0.00965297594666481,7.03691148373764e-06,0.11843540519475937,0.12771709263324738,0.0001407382223987952,0.0965297520160675
1180,1180,1.2346426699819458e-05,0.19912227988243103,0,-0.121970996260643,0.009702606126666069,5.391480499383761e-06,0.121970996260643,0.13114523887634277,0.00010782961180666462,0.09702606499195099
1181,1181,1.2272701011826392e-05,0.07321383059024811,0,-0.12381358444690704,0.009232865646481514,3.499238118820358e-06,0.12381358444690704,0.1307939738035202,6.998475873842835e-05,0.09232866019010544
1182,1182,1.2199165300037357e-05,0.13128891587257385,0,-0.12208075821399689,0.009486055001616478,2.9591008114948636e-06,0.12208075821399689,0.128973126411438,5.9182013501413167e-05,0.09486055374145508
1183,1183,1.2125819934742188e-05,0.2253120094537735,0,-0.12178914994001389,0.009729866869747639,3.6299625207902864e-06,0.12178914994001389,0.13033419847488403,7.259925041580573e-05,0.09729865938425064
1184,1184,1.205266528527223e-05,0.058494746685028076,0,-0.12584975361824036,0.009401587769389153,4.7474018174398225e-06,0.12584975361824036,0.13303759694099426,9.494803089182824e-05,0.09401587396860123
1185,1185,1.1979701719998453e-05,0.1361667364835739,0,-0.1180696114897728,0.008799910545349121,5.480589607032016e-06,0.1180696114897728,0.12754970788955688,0.0001096117848646827,0.08799909055233002
1186,1186,1.190692960632968e-05,1.2002143859863281,0,-0.12161082029342651,0.009833640418946743,7.961028131830972e-06,0.12161082029342651,0.13101330399513245,0.000159220551722683,0.09833639860153198
1187,1187,1.1834349310710608e-05,0.13773010671138763,0,-0.11740484088659286,0.009872712194919586,5.06573678649147e-06,0.11740484088659286,0.12595713138580322,0.00010131474118679762,0.09872712194919586
1188,1188,1.176196119862008e-05,0.131704181432724,0,-0.11720554530620575,0.010204664431512356,3.8238476918195374e-06,0.11720554530620575,0.12542998790740967,7.647695019841194e-05,0.10204663872718811
1189,1189,1.16897656345692e-05,0.24530193209648132,0,-0.1275789737701416,0.009189136326313019,3.33024991050479e-06,0.1275789737701416,0.13479191064834595,6.660500366706401e-05,0.09189135581254959
1190,1190,1.1617762982099446e-05,0.14428189396858215,0,-0.12758617103099823,0.010069428011775017,2.6842303668672685e-06,0.12758617103099823,0.1342240273952484,5.3684605518355966e-05,0.10069427639245987
1191,1191,1.154595360378095e-05,0.09002354741096497,0,-0.12504884600639343,0.010104918852448463,3.0918979518901324e-06,0.12504884600639343,0.13215650618076324,6.183795630931854e-05,0.10104919224977493
1192,1192,1.1474337861210543e-05,0.24640092253684998,0,-0.11928808689117432,0.009854970499873161,6.999918696237728e-06,0.11928808689117432,0.12771442532539368,0.00013999837392475456,0.09854971617460251
1193,1193,1.140291611501006e-05,0.0847075805068016,0,-0.1246943324804306,0.009728477336466312,3.1935562674334506e-06,0.1246943324804306,0.13184934854507446,6.387112807715312e-05,0.09728476405143738
1194,1194,1.133168872482444e-05,0.12703005969524384,0,-0.1160506010055542,0.009497197344899178,3.2777893466118257e-06,0.1160506010055542,0.12318481504917145,6.555578875122592e-05,0.09497196972370148
1195,1195,1.1260656049319957e-05,0.11593616008758545,0,-0.12636730074882507,0.009953146800398827,3.786293973462307e-06,0.12636730074882507,0.13418610394001007,7.572588219773024e-05,0.09953145682811737
1196,1196,1.118981844618236e-05,0.13131588697433472,0,-0.12394076585769653,0.009600428864359856,4.544982402876485e-06,0.12394076585769653,0.13152533769607544,9.089965897146612e-05,0.09600429236888885
1197,1197,1.1119176272115128e-05,0.08262220025062561,0,-0.12555940449237823,0.00952482596039772,3.5720931919058785e-06,0.12555940449237823,0.133262500166893,7.144186383811757e-05,0.0952482521533966
1198,1198,1.1048729882837671e-05,0.07859566062688828,0,-0.12557630240917206,0.009170726872980595,4.529317266133148e-06,0.12557630240917206,0.13376560807228088,9.058634168468416e-05,0.0917072594165802
1199,1199,1.097847963308351e-05,0.13323386013507843,0,-0.12182916700839996,0.00987185537815094,4.269487817509798e-06,0.12182916700839996,0.1294216513633728,8.538974361727014e-05,0.0987185537815094
1200,1200,1.090842587659851e-05,0.12499753385782242,0,-0.11712285876274109,0.010529459454119205,3.691165602504043e-06,0.11712285876274109,0.12441404908895493,7.382330659311265e-05,0.1052946001291275
1201,1201,1.0838568966139074e-05,0.40765318274497986,0,-0.126583993434906,0.009599351324141026,4.6010313781152945e-06,0.126583993434906,0.1351355016231537,9.202062210533768e-05,0.0959935188293457
1202,1202,1.076890925347041e-05,0.06516185402870178,0,-0.12308929115533829,0.009253300726413727,3.311979298814549e-06,0.12308929115533829,0.1296154260635376,6.623959052376449e-05,0.09253300726413727
1203,1203,1.0699447089364712e-05,0.10572021454572678,0,-0.11492446810007095,0.009544884786009789,4.174969035375398e-06,0.11492446810007095,0.12317830324172974,8.349936979357153e-05,0.09544885158538818
1204,1204,1.0630182823599399e-05,0.15774352848529816,0,-0.127818763256073,0.008723393082618713,3.1083243356988532e-06,0.127818763256073,0.13460132479667664,6.216648034751415e-05,0.08723393082618713
1205,1205,1.056111680495545e-05,0.04309532418847084,0,-0.1303449422121048,0.009168778546154499,3.4425786452629836e-06,0.1303449422121048,0.13701198995113373,6.885157199576497e-05,0.09168778359889984
1206,1206,1.049224938121548e-05,0.2662786841392517,0,-0.12639790773391724,0.009931884706020355,3.772640866372967e-06,0.12639790773391724,0.13420596718788147,7.545281550846994e-05,0.09931883960962296
1207,1207,1.0423580899162133e-05,0.07091884315013885,0,-0.12342366576194763,0.009893020614981651,4.268521479389165e-06,0.12342366576194763,0.13156774640083313,8.53704332257621e-05,0.09893020242452621
1208,1208,1.0355111704576238e-05,0.16313134133815765,0,-0.12150835245847702,0.009987153112888336,4.768739017890766e-06,0.12150835245847702,0.12969106435775757,9.537478035781533e-05,0.09987153112888336
1209,1209,1.028684214223516e-05,0.2190476655960083,0,-0.128203883767128,0.009931322187185287,2.703808377191308e-06,0.128203883767128,0.1346798986196518,5.4076164815342054e-05,0.09931320697069168
1210,1210,1.0218772555910955e-05,0.19580791890621185,0,-0.12645317614078522,0.00961223617196083,2.522295062590274e-06,0.12645317614078522,0.13259904086589813,5.044590216130018e-05,0.09612235426902771
1211,1211,1.0150903288368741e-05,0.17232157289981842,0,-0.1211760863661766,0.008892145939171314,4.201067440590123e-06,0.1211760863661766,0.12921567261219025,8.402135426877066e-05,0.088921457529068
1212,1212,1.0083234681364934e-05,0.1260663866996765,0,-0.12222788482904434,0.009310385212302208,5.727416009904118e-06,0.12222788482904434,0.13038693368434906,0.00011454832565505058,0.09310385584831238
1213,1213,1.0015767075645471e-05,0.40175867080688477,0,-0.11250603199005127,0.010245950892567635,5.140166649653111e-06,0.11250603199005127,0.1207524836063385,0.00010280334390699863,0.10245951265096664
1214,1214,9.948500810944217e-06,0.15642480552196503,0,-0.12665002048015594,0.00966314971446991,2.594649231468793e-06,0.12665002048015594,0.13199162483215332,5.189298826735467e-05,0.0966314896941185
1215,1215,9.881436225981106e-06,0.38003304600715637,0,-0.11751043796539307,0.009026662446558475,6.6650800363277085e-06,0.11751043796539307,0.12661460041999817,0.00013330159708857536,0.09026661515235901
1216,1216,9.814573658460562e-06,0.3857118487358093,0,-0.12162210047245026,0.009569590911269188,5.16387171956012e-06,0.12162210047245026,0.1297110915184021,0.00010327743802918121,0.09569590538740158
1217,1217,9.747913445069751e-06,0.04420850798487663,0,-0.12903854250907898,0.009951218031346798,4.120684934605379e-06,0.12903854250907898,0.13582904636859894,8.241370233008638e-05,0.09951217472553253
1218,1218,9.681455921476839e-06,0.22192919254302979,0,-0.12074840813875198,0.009104756638407707,4.026847818749957e-06,0.12074840813875198,0.1289273500442505,8.053694909904152e-05,0.09104757010936737
1219,1219,9.615201422329406e-06,0.06692240387201309,0,-0.12560172379016876,0.009594601579010487,3.196958687112783e-06,0.12560172379016876,0.13265222311019897,6.393917283276096e-05,0.09594601392745972
1220,1220,9.549150281252633e-06,0.11465119570493698,0,-0.12588435411453247,0.009542539715766907,3.335161181894364e-06,0.12588435411453247,0.1331520676612854,6.670322909485549e-05,0.09542539715766907
1221,1221,9.48330283084774e-06,0.14566786587238312,0,-0.12387210875749588,0.009772930294275284,4.312357305025216e-06,0.12387210875749588,0.1318921148777008,8.62471351865679e-05,0.09772930294275284
1222,1222,9.417659402690253e-06,0.13615557551383972,0,-0.11809457093477249,0.008513448759913445,1.966406216524774e-06,0.11809457093477249,0.12413975596427917,3.932812614948489e-05,0.08513448387384415
1223,1223,9.35222032732831e-06,0.1379186362028122,0,-0.1218535453081131,0.009828411974012852,4.033248842461035e-06,0.1218535453081131,0.12994027137756348,8.066497684922069e-05,0.09828411787748337
1224,1224,9.286985934281078e-06,0.07504849880933762,0,-0.12376614660024643,0.009700734168291092,4.283432190277381e-06,0.12376614660024643,0.13132032752037048,8.566864562453702e-05,0.09700733423233032
1225,1225,9.221956552036992e-06,0.1405985802412033,0,-0.1260320395231247,0.009755656123161316,3.5604764434538083e-06,0.1260320395231247,0.1336948275566101,7.120952068362385e-05,0.09755656868219376
1226,1226,9.157132508052208e-06,0.15228475630283356,0,-0.1254282295703888,0.010074220597743988,4.932374849886401e-06,0.1254282295703888,0.13319244980812073,9.86474915407598e-05,0.10074219852685928
1227,1227,9.09251412874882e-06,0.13585805892944336,0,-0.12294149398803711,0.009337487630546093,5.126847554492997e-06,0.12294149398803711,0.13071253895759583,0.00010253694927087054,0.09337487816810608
1228,1228,9.028101739513406e-06,0.8881009221076965,0,-0.12714220583438873,0.009976059198379517,3.792139068536926e-06,0.12714220583438873,0.13400040566921234,7.584277773275971e-05,0.09976059198379517
1229,1229,8.963895664695187e-06,0.06976911425590515,0,-0.11986459046602249,0.009370760060846806,3.953266514145071e-06,0.11986459046602249,0.1279706209897995,7.906533573986962e-05,0.0937076061964035
1230,1230,8.899896227604509e-06,0.3488892614841461,0,-0.12759682536125183,0.009603963233530521,5.706685897166608e-06,0.12759682536125183,0.13677456974983215,0.00011413371248636395,0.09603963047266006
1231,1231,8.836103750511215e-06,0.1735914945602417,0,-0.12925998866558075,0.010544991120696068,3.2106577236845624e-06,0.12925998866558075,0.13692903518676758,6.421314901672304e-05,0.10544990003108978
1232,1232,8.772518554642973e-06,0.18612493574619293,0,-0.11828052252531052,0.008874129503965378,4.2498668335611e-06,0.11828052252531052,0.12680986523628235,8.499734394717962e-05,0.08874129503965378
1233,1233,8.709140960183686e-06,0.26658010482788086,0,-0.1226726621389389,0.009236571379005909,4.012134013464674e-06,0.1226726621389389,0.13088327646255493,8.024268026929349e-05,0.09236571192741394
1234,1234,8.645971286271904e-06,0.25213128328323364,0,-0.119173064827919,0.009550314396619797,5.988787961541675e-06,0.119173064827919,0.1265985518693924,0.0001197757592308335,0.09550314396619797
1235,1235,8.58300985099918e-06,0.07196863740682602,0,-0.12247726321220398,0.008914276957511902,4.409715074871201e-06,0.12247726321220398,0.129362091422081,8.81942905834876e-05,0.08914276957511902
1236,1236,8.520256971408453e-06,0.13365711271762848,0,-0.11450184881687164,0.009371197782456875,3.856002877000719e-06,0.11450184881687164,0.12265652418136597,7.712005754001439e-05,0.0937119796872139
1237,1237,8.457712963492493e-06,0.11918748170137405,0,-0.13078425824642181,0.009110623970627785,3.172716333210701e-06,0.13078425824642181,0.13737787306308746,6.345432484522462e-05,0.09110623598098755
1238,1238,8.395378142192306e-06,0.07532563805580139,0,-0.122003935277462,0.009173527359962463,3.5296770874992944e-06,0.122003935277462,0.12968653440475464,7.059353811200708e-05,0.09173527359962463
1239,1239,8.333252821395526e-06,0.0953504741191864,0,-0.1155087947845459,0.009632287546992302,3.871389708365314e-06,0.1155087947845459,0.12318932265043259,7.742779416730627e-05,0.09632287174463272
1240,1240,8.271337313934869e-06,0.11777246743440628,0,-0.13238120079040527,0.009654883295297623,3.3722276384651195e-06,0.13238120079040527,0.13966116309165955,6.744454731233418e-05,0.09654883295297623
1241,1241,8.209631931586498e-06,0.11558687686920166,0,-0.12389945983886719,0.010087095201015472,3.942897819797508e-06,0.12389945983886719,0.13198122382164001,7.885794911999255e-05,0.10087095201015472
1242,1242,8.148136985068488e-06,0.6130832433700562,0,-0.12206536531448364,0.009956023655831814,7.898716830823105e-06,0.12206536531448364,0.13109861314296722,0.0001579743402544409,0.0995602235198021
1243,1243,8.086852784039289e-06,0.0789436623454094,0,-0.12171875685453415,0.009682398289442062,3.67679263035825e-06,0.12171875685453415,0.13007493317127228,7.353584805969149e-05,0.09682397544384003
1244,1244,8.025779637096137e-06,0.0627441555261612,0,-0.12444702535867691,0.009584959596395493,5.59507043362828e-06,0.12444702535867691,0.1331023871898651,0.00011190140503458679,0.09584960341453552
1245,1245,7.964917851773496e-06,0.09424412995576859,0,-0.1245499849319458,0.00949898175895214,6.313302037597168e-06,0.1245499849319458,0.13324326276779175,0.00012626603711396456,0.09498981386423111
1246,1246,7.904267734541498e-06,0.16947275400161743,0,-0.12337090820074081,0.009181367233395576,4.250471647537779e-06,0.12337090820074081,0.13176362216472626,8.500942203681916e-05,0.09181366860866547
1247,1247,7.843829590804458e-06,0.44565513730049133,0,-0.12395448982715607,0.008486359380185604,3.7327185964386445e-06,0.12395448982715607,0.13159841299057007,7.465436647180468e-05,0.08486359566450119
1248,1248,7.783603724899257e-06,0.1914130598306656,0,-0.11888174712657928,0.010006390511989594,3.1904742172628175e-06,0.11888174712657928,0.1258971244096756,6.380948616424575e-05,0.10006390511989594
1249,1249,7.723590440093848e-06,0.08593694120645523,0,-0.1226673498749733,0.009213138371706009,3.88391481465078e-06,0.1226673498749733,0.1296442151069641,7.767829083604738e-05,0.09213138371706009
1250,1250,7.663790038585793e-06,0.15982277691364288,0,-0.12466897815465927,0.00933673232793808,3.071269929932896e-06,0.12466897815465927,0.1314113438129425,6.142539496067911e-05,0.0933673232793808
1251,1251,7.604202821500595e-06,0.2538485825061798,0,-0.13035134971141815,0.009022017940878868,3.301146534795407e-06,0.13035134971141815,0.13725735247135162,6.602293433388695e-05,0.09022018313407898
1252,1252,7.544829088890326e-06,0.09384804964065552,0,-0.1133512407541275,0.009637178853154182,6.0808083617303055e-06,0.1133512407541275,0.12162716686725616,0.0001216161617776379,0.09637178480625153
1253,1253,7.485669139732004e-06,0.1305287629365921,0,-0.1233832836151123,0.009142044931650162,4.112655915378127e-06,0.1233832836151123,0.130783349275589,8.225312194554135e-05,0.09142045676708221
1254,1254,7.426723271926195e-06,0.12083155661821365,0,-0.12074027955532074,0.009079191833734512,4.948620244249469e-06,0.12074027955532074,0.12889736890792847,9.897240670397878e-05,0.09079191833734512
1255,1255,7.367991782295391e-06,0.15165561437606812,0,-0.12469898164272308,0.00832468643784523,5.546828560909489e-06,0.12469898164272308,0.1336621344089508,0.00011093656939920038,0.0832468718290329
1256,1256,7.309474966582636e-06,0.0746062695980072,0,-0.11816346645355225,0.009475147351622581,3.7107163279870292e-06,0.11816346645355225,0.12629061937332153,7.421432383125648e-05,0.09475146979093552
1257,1257,7.251173119449972e-06,0.14132528007030487,0,-0.12599897384643555,0.008589855395257473,2.6962666197505314e-06,0.12599897384643555,0.13258813321590424,5.3925330576021224e-05,0.08589855581521988
1258,1258,7.193086534476923e-06,0.0780438780784607,0,-0.12908095121383667,0.009867274202406406,4.733546575153014e-06,0.12908095121383667,0.13697150349617004,9.467093332204968e-05,0.09867274016141891
1259,1259,7.135215504159115e-06,0.14508089423179626,0,-0.12583650648593903,0.009334556758403778,4.014957994513679e-06,0.12583650648593903,0.13350114226341248,8.029915625229478e-05,0.09334556758403778
1260,1260,7.077560319906695e-06,0.07679852098226547,0,-0.12162382155656815,0.008994928561151028,3.814790488831932e-06,0.12162382155656815,0.12819989025592804,7.629581523360685e-05,0.08994928002357483
1261,1261,7.0201212720429564e-06,0.16752959787845612,0,-0.12693531811237335,0.00975056178867817,5.4481606639456e-06,0.12693531811237335,0.13427962362766266,0.00010896321327891201,0.09750562906265259
1262,1262,6.962898649802823e-06,0.1275063455104828,0,-0.12275166064500809,0.009648771956562996,4.7013127186801285e-06,0.12275166064500809,0.13053330779075623,9.402625437360257e-05,0.09648771584033966
1263,1263,6.905892741331382e-06,0.4110200107097626,0,-0.11595872044563293,0.008906707167625427,3.910396571882302e-06,0.11595872044563293,0.1237621009349823,7.820792961865664e-05,0.08906706422567368
1264,1264,6.849103833682491e-06,0.04663920775055885,0,-0.13299024105072021,0.009148159995675087,2.64844493358396e-06,0.13299024105072021,0.1388855278491974,5.296889503370039e-05,0.09148160368204117
1265,1265,6.792532212817271e-06,0.08536863327026367,0,-0.12316474318504333,0.009926443919539452,3.3150513445434626e-06,0.12316474318504333,0.13037332892417908,6.630102870985866e-05,0.09926442801952362
1266,1266,6.7361781636027026e-06,0.05984273925423622,0,-0.1296655535697937,0.009628343395888805,3.531456968630664e-06,0.1296655535697937,0.1367112696170807,7.062913937261328e-05,0.0962834358215332
1267,1267,6.680041969810203e-06,0.2418099343776703,0,-0.1245100349187851,0.009365316480398178,3.759035735129146e-06,0.1245100349187851,0.13225769996643066,7.518072379752994e-05,0.09365315735340118
1268,1268,6.624123914114122e-06,0.0873979851603508,0,-0.12170033156871796,0.010002175346016884,4.815691681869794e-06,0.12170033156871796,0.13050131499767303,9.631383727537468e-05,0.10002176463603973
1269,1269,6.568424278090446e-06,0.0920371487736702,0,-0.1261494755744934,0.009040911681950092,4.207101937936386e-06,0.1261494755744934,0.1343383491039276,8.414204057771713e-05,0.09040912240743637
1270,1270,6.5129433422152334e-06,0.10957492887973785,0,-0.1133972778916359,0.008711492642760277,2.9169098070269683e-06,0.1133972778916359,0.11981314420700073,5.833819886902347e-05,0.08711491525173187
1271,1271,6.457681385863335e-06,0.12341254204511642,0,-0.12148009240627289,0.00907820276916027,3.4344343475822825e-06,0.12148009240627289,0.12887784838676453,6.868868513265625e-05,0.09078201651573181
1272,1272,6.402638687306872e-06,0.09015568345785141,0,-0.1256241649389267,0.00922585278749466,5.177082130103372e-06,0.1256241649389267,0.13423380255699158,0.00010354163532610983,0.0922585278749466
1273,1273,6.347815523713968e-06,0.082638218998909,0,-0.12894204258918762,0.009391387924551964,3.5240127544966526e-06,0.12894204258918762,0.13613274693489075,7.048025145195425e-05,0.09391388297080994
1274,1274,6.293212171147206e-06,0.15085093677043915,0,-0.12479481101036072,0.00949423760175705,2.1623229713441106e-06,0.12479481101036072,0.13053162395954132,4.324645851738751e-05,0.0949423685669899
1275,1275,6.238828904562316e-06,0.1683487445116043,0,-0.11775872111320496,0.009135385043919086,6.059121005819179e-06,0.11775872111320496,0.12662915885448456,0.00012118242011638358,0.09135384857654572
1276,1276,6.184665997806832e-06,0.0822257399559021,0,-0.1295580267906189,0.009034242480993271,2.8697768357233144e-06,0.1295580267906189,0.1364012360572815,5.739553307648748e-05,0.09034241735935211
1277,1277,6.130723723618598e-06,0.12057598680257797,0,-0.11876824498176575,0.010166086256504059,3.831755748251453e-06,0.11876824498176575,0.12657499313354492,7.663511496502906e-05,0.10166086256504059
1278,1278,6.0770023536245055e-06,0.1985931098461151,0,-0.12124663591384888,0.010133668780326843,4.176658876531292e-06,0.12124663591384888,0.12849655747413635,8.353318116860464e-05,0.10133668035268784
1279,1279,6.023502158339078e-06,0.09418889135122299,0,-0.128773033618927,0.009660417214035988,4.032306605949998e-06,0.128773033618927,0.13645237684249878,8.064611756708473e-05,0.09660417586565018
1280,1280,5.9702234071631e-06,0.295268177986145,0,-0.12931710481643677,0.009227924048900604,6.306026079982985e-06,0.12931710481643677,0.13816845417022705,0.0001261205179616809,0.09227924793958664
1281,1281,5.917166368382277e-06,0.09334008395671844,0,-0.1191546842455864,0.009156882762908936,4.696311407315079e-06,0.1191546842455864,0.12672409415245056,9.392622450832278e-05,0.09156882762908936
1282,1282,5.864331309165849e-06,0.08792527765035629,0,-0.1204361766576767,0.008925696834921837,2.9668976821994875e-06,0.1204361766576767,0.1276155561208725,5.9337951825000346e-05,0.08925695717334747
1283,1283,5.811718495565327e-06,0.1003153994679451,0,-0.1250942200422287,0.01007174700498581,4.231508228258463e-06,0.1250942200422287,0.13294658064842224,8.463016274617985e-05,0.1007174700498581
1284,1284,5.759328192513075e-06,0.23435433208942413,0,-0.12138380110263824,0.008257091045379639,6.011649020365439e-06,0.12138380110263824,0.1297137439250946,0.0001202329876832664,0.08257091045379639
1285,1285,5.70716066382101e-06,0.09155698865652084,0,-0.12946033477783203,0.009685669094324112,3.0513958790834295e-06,0.12946033477783203,0.13629505038261414,6.102791667217389e-05,0.09685668349266052
1286,1286,5.655216172179245e-06,0.13823547959327698,0,-0.12255633622407913,0.009652075357735157,3.917753019777592e-06,0.12255633622407913,0.13047239184379578,7.835504948161542e-05,0.09652075171470642
1287,1287,5.603494979154828e-06,0.10315657407045364,0,-0.12815074622631073,0.008980726823210716,2.2314713987725554e-06,0.12815074622631073,0.13363075256347656,4.462942888494581e-05,0.08980726450681686
1288,1288,5.5519973451903405e-06,0.055922962725162506,0,-0.12448067963123322,0.009748751297593117,3.693470944199362e-06,0.12448067963123322,0.13238634169101715,7.386942161247134e-05,0.09748750925064087
1289,1289,5.500723529602653e-06,0.1038258895277977,0,-0.11747679114341736,0.008783502504229546,4.366496796137653e-06,0.11747679114341736,0.12563104927539825,8.732992864679545e-05,0.08783502131700516
1290,1290,5.449673790581611e-06,0.125151127576828,0,-0.12696623802185059,0.00925429817289114,3.1367937936011003e-06,0.12696623802185059,0.1341279149055481,6.273588223848492e-05,0.09254299104213715
1291,1291,5.398848385188682e-06,0.2401973009109497,0,-0.12478339672088623,0.010360542684793472,3.7647332646884024e-06,0.12478339672088623,0.1320856213569641,7.529466529376805e-05,0.10360541939735413
1292,1292,5.348247569355735e-06,0.15952260792255402,0,-0.12084215134382248,0.009582827799022198,5.643306394631509e-06,0.12084215134382248,0.12928877770900726,0.00011286612425465137,0.09582827985286713
1293,1293,5.297871597883697e-06,0.06698324531316757,0,-0.12568053603172302,0.009724652394652367,5.022567620471818e-06,0.12568053603172302,0.13443462550640106,0.00010045135422842577,0.09724652022123337
1294,1294,5.2477207244412855e-06,0.21767427027225494,0,-0.12502974271774292,0.009940024465322495,3.722637075043167e-06,0.12502974271774292,0.1323232650756836,7.445274241035804e-05,0.09940025210380554
1295,1295,5.197795201563743e-06,0.29609352350234985,0,-0.11718443781137466,0.009578839875757694,4.044295565108769e-06,0.11718443781137466,0.12546133995056152,8.088590402621776e-05,0.0957883894443512
1296,1296,5.148095280651566e-06,0.10889722406864166,0,-0.12181292474269867,0.009337269701063633,5.147502633917611e-06,0.12181292474269867,0.12950441241264343,0.00010295004904037341,0.09337268769741058
1297,1297,5.098621211969223e-06,0.26737290620803833,0,-0.12584620714187622,0.009855322539806366,5.067969141236972e-06,0.12584620714187622,0.13380007445812225,0.00010135938646271825,0.09855323284864426
1298,1298,5.049373244643879e-06,0.2153443992137909,0,-0.12456272542476654,0.00927497074007988,4.057917067257222e-06,0.12456272542476654,0.13270168006420135,8.115834498312324e-05,0.0927497148513794
1299,1299,5.000351626664207e-06,0.12140344083309174,0,-0.12491101026535034,0.00934411957859993,3.261699475842761e-06,0.12491101026535034,0.13197806477546692,6.523399497382343e-05,0.0934411883354187
1300,1300,4.951556604879048e-06,0.07380972802639008,0,-0.12611401081085205,0.010156099684536457,5.4010215535527095e-06,0.12611401081085205,0.13431687653064728,0.0001080204383470118,0.10156098008155823
1301,1301,4.902988424996247e-06,0.10845296829938889,0,-0.12213817238807678,0.009534602984786034,3.3453650303272298e-06,0.12213817238807678,0.12955905497074127,6.690729787806049e-05,0.09534603357315063
1302,1302,4.8546473315813856e-06,0.18686148524284363,0,-0.12207714468240738,0.01049613207578659,3.5337352528586052e-06,0.12207714468240738,0.12944722175598145,7.067470869515091e-05,0.1049613356590271
1303,1303,4.80653356805652e-06,0.09401507675647736,0,-0.11460784077644348,0.009171728044748306,4.573602382151876e-06,0.11460784077644348,0.12372706085443497,9.14720440050587e-05,0.09171728789806366
1304,1304,4.758647376699032e-06,0.12338411062955856,0,-0.1272701919078827,0.010117148980498314,3.15086754199001e-06,0.1272701919078827,0.13419492542743683,6.301734538283199e-05,0.10117147862911224
1305,1305,4.710988998640298e-06,0.060087911784648895,0,-0.1327764242887497,0.008643638342618942,3.4815498111129273e-06,0.1327764242887497,0.1398220658302307,6.963099440326914e-05,0.08643639087677002
1306,1306,4.663558673864599e-06,0.22617022693157196,0,-0.11820109188556671,0.009386220946907997,3.339830072945915e-06,0.11820109188556671,0.1250227391719818,6.67966014589183e-05,0.09386221319437027
1307,1307,4.61635664120782e-06,0.11482910066843033,0,-0.12006834149360657,0.009982804767787457,5.584004156844458e-06,0.12006834149360657,0.12802964448928833,0.00011168007767992094,0.09982804954051971
1308,1308,4.569383138356276e-06,0.1650969684123993,0,-0.11729038506746292,0.009921679273247719,4.79455457025324e-06,0.11729038506746292,0.12550349533557892,9.589108231011778e-05,0.09921678900718689
1309,1309,4.522638401845547e-06,0.0965210571885109,0,-0.12919741868972778,0.01002408191561699,3.353904958203202e-06,0.12919741868972778,0.13635578751564026,6.707810098305345e-05,0.10024081915616989
1310,1310,4.476122667059207e-06,0.1258118897676468,0,-0.12407772988080978,0.009140604175627232,5.712642177968519e-06,0.12407772988080978,0.13397011160850525,0.00011425284901633859,0.09140603989362717
1311,1311,4.429836168227735e-06,0.13844388723373413,0,-0.13181886076927185,0.009310977533459663,2.919316102634184e-06,0.13181886076927185,0.1384386569261551,5.838632205268368e-05,0.09310977160930634
1312,1312,4.3837791384272745e-06,0.08626507222652435,0,-0.12790055572986603,0.009124957956373692,3.278867325207102e-06,0.12790055572986603,0.1349569857120514,6.557734741363674e-05,0.09124957025051117
1313,1313,4.3379518095784886e-06,0.629249095916748,0,-0.12809741497039795,0.009180008433759212,2.748467295532464e-06,0.12809741497039795,0.13390332460403442,5.496934682014398e-05,0.09180008620023727
1314,1314,4.292354412445349e-06,0.13163606822490692,0,-0.12137642502784729,0.01041603833436966,3.7729032555944286e-06,0.12137642502784729,0.12895074486732483,7.545806874986738e-05,0.1041603833436966
1315,1315,4.2469871766340095e-06,0.22936490178108215,0,-0.1282169371843338,0.009673419408500195,4.834571427636547e-06,0.1282169371843338,0.13708722591400146,9.669143764767796e-05,0.0967341884970665
1316,1316,4.2018503305916775e-06,0.07611757516860962,0,-0.11704756319522858,0.00927085429430008,3.4750457871268736e-06,0.11704756319522858,0.12523871660232544,6.950090755708516e-05,0.0927085429430008
1317,1317,4.156944101605387e-06,0.07162786275148392,0,-0.1262301802635193,0.009657083079218864,3.026398189831525e-06,0.1262301802635193,0.13299913704395294,6.05279637966305e-05,0.09657082706689835
1318,1318,4.112268715800943e-06,0.0899248793721199,0,-0.12347689270973206,0.009190182201564312,2.7278892957838252e-06,0.12347689270973206,0.13003414869308472,5.4557785915676504e-05,0.09190182387828827
1319,1319,4.067824398141701e-06,0.20057940483093262,0,-0.1157928928732872,0.009501161985099316,4.8358874664700124e-06,0.1157928928732872,0.12382275611162186,9.671775478636846e-05,0.0950116217136383
1320,1320,4.023611372427471e-06,0.11126692593097687,0,-0.12668082118034363,0.009344366379082203,4.1136322579404805e-06,0.12668082118034363,0.13441771268844604,8.22726433398202e-05,0.09344366192817688
1321,1321,3.979629861293415e-06,1.7193701267242432,0,-0.12445557117462158,0.01017635129392147,4.634372999134939e-06,0.12445557117462158,0.13260817527770996,9.268746362067759e-05,0.10176350921392441
1322,1322,3.9358800862088816e-06,0.08067426085472107,0,-0.1281326413154602,0.009201227687299252,4.945190539729083e-06,0.1281326413154602,0.13661910593509674,9.890380897559226e-05,0.09201227128505707
1323,1323,3.892362267476313e-06,0.0778331458568573,0,-0.12255364656448364,0.009146381169557571,5.147699994267896e-06,0.12255364656448364,0.13010570406913757,0.00010295399988535792,0.09146379679441452
1324,1324,3.8490766242301355e-06,0.1638852208852768,0,-0.1251109391450882,0.009886014275252819,4.072510364494519e-06,0.1251109391450882,0.13296706974506378,8.14502127468586e-05,0.09886014461517334
1325,1325,3.8060233744356633e-06,0.11028870940208435,0,-0.12433701753616333,0.009161718189716339,2.076563532682485e-06,0.12433701753616333,0.13026800751686096,4.15312715631444e-05,0.09161718934774399
1326,1326,3.7632027348879775e-06,0.25193077325820923,0,-0.12508505582809448,0.009800713509321213,4.706418167188531e-06,0.12508505582809448,0.13194671273231506,9.41283578868024e-05,0.09800714254379272
1327,1327,3.7206149212108356e-06,0.12265684455633163,0,-0.12609390914440155,0.00906914658844471,4.39439645560924e-06,0.12609390914440155,0.1341899186372757,8.788792183622718e-05,0.0906914621591568
1328,1328,3.6782601478556278e-06,0.05640851706266403,0,-0.13239005208015442,0.010237887501716614,2.6262141545885243e-06,0.13239005208015442,0.13876453042030334,5.252427945379168e-05,0.10237887501716614
1329,1329,3.6361386281002495e-06,0.10986500978469849,0,-0.12725074589252472,0.008952990174293518,2.96984353553853e-06,0.12725074589252472,0.13426601886749268,5.939687252976e-05,0.08952990174293518
1330,1330,3.5942505740480582e-06,0.2263917475938797,0,-0.11785400658845901,0.009246048517525196,4.680761776398867e-06,0.11785400658845901,0.12621694803237915,9.361523552797735e-05,0.09246049076318741
1331,1331,3.552596196626762e-06,0.35010284185409546,0,-0.1179279237985611,0.009202910587191582,6.131180271040648e-06,0.1179279237985611,0.12742896378040314,0.00012262359086889774,0.09202910959720612
1332,1332,3.511175705587433e-06,0.05879158899188042,0,-0.12834784388542175,0.009595585986971855,4.120300218346529e-06,0.12834784388542175,0.13630925118923187,8.240599709097296e-05,0.09595586359500885
1333,1333,3.4699893095033687e-06,0.07422462105751038,0,-0.12550653517246246,0.009958865121006966,4.966383130522445e-06,0.12550653517246246,0.13284988701343536,9.932766988640651e-05,0.09958865493535995
1334,1334,3.429037215769082e-06,0.2065296322107315,0,-0.1264769285917282,0.009776148945093155,4.270702902431367e-06,0.1264769285917282,0.13407082855701447,8.541405259165913e-05,0.09776148200035095
1335,1335,3.3883196305992903e-06,0.1396140307188034,0,-0.11449222266674042,0.009216254577040672,3.0184419301804155e-06,0.11449222266674042,0.12103826552629471,6.036884224158712e-05,0.09216254949569702
1336,1336,3.3478367590277894e-06,0.06422128528356552,0,-0.12552276253700256,0.009372038766741753,4.056098532601027e-06,0.12552276253700256,0.13363075256347656,8.112197247100994e-05,0.09372038394212723
1337,1337,3.3075888049065196e-06,0.18223649263381958,0,-0.12823329865932465,0.009117046371102333,3.9070100683602504e-06,0.12823329865932465,0.1361764520406723,7.81401977292262e-05,0.09117045998573303
1338,1338,3.2675759709044573e-06,0.07083335518836975,0,-0.12517161667346954,0.00953986868262291,4.511567567533348e-06,0.12517161667346954,0.13283416628837585,9.023136226460338e-05,0.0953986793756485
1339,1339,3.2277984585066366e-06,0.14232686161994934,0,-0.12071172893047333,0.009768955409526825,4.1183984649251215e-06,0.12071172893047333,0.12791459262371063,8.236796566052362e-05,0.09768954664468765
1340,1340,3.18825646801314e-06,0.15029625594615936,0,-0.1305590718984604,0.00852823257446289,3.5028399452130543e-06,0.1305590718984604,0.13843730092048645,7.005679799476638e-05,0.0852823257446289
1341,1341,3.14895019853807e-06,0.28797852993011475,0,-0.12806746363639832,0.010426814667880535,5.818479166919133e-06,0.12806746363639832,0.13548097014427185,0.00011636957788141444,0.1042681485414505
1342,1342,3.1098798480085565e-06,0.11142032593488693,0,-0.1297527253627777,0.009707275778055191,2.9926832212368026e-06,0.1297527253627777,0.13636349141597748,5.9853660786757246e-05,0.09707276523113251
1343,1343,3.071045613163742e-06,0.49751046299934387,0,-0.11816029250621796,0.009215371683239937,5.883664016437251e-06,0.11816029250621796,0.12754499912261963,0.0001176732694148086,0.09215372055768967
1344,1344,3.03244768955383e-06,0.24427610635757446,0,-0.12742957472801208,0.009219413623213768,3.3276514841418248e-06,0.12742957472801208,0.1345505267381668,6.65530315018259e-05,0.09219413250684738
1345,1345,2.9940862715390485e-06,0.08033590018749237,0,-0.11483210325241089,0.009607933461666107,3.298740466561867e-06,0.11483210325241089,0.12166108191013336,6.597480387426913e-05,0.09607933461666107
1346,1346,2.9559615522887273e-06,0.4107462763786316,0,-0.122857466340065,0.010016434825956821,5.237042387307156e-06,0.122857466340065,0.13087819516658783,0.00010474085138412192,0.10016435384750366
1347,1347,2.9180737237802848e-06,0.1133197620511055,0,-0.13000702857971191,0.009170995093882084,3.4466845590941375e-06,0.13000702857971191,0.13662436604499817,6.893369572935626e-05,0.09170994907617569
1348,1348,2.8804229767982637e-06,0.180844247341156,0,-0.11540791392326355,0.009639430791139603,3.985222065239213e-06,0.11540791392326355,0.12417205423116684,7.970444130478427e-05,0.09639430046081543
1349,1349,2.8430095009333967e-06,0.05926917493343353,0,-0.129732146859169,0.009369639679789543,3.3383257687091827e-06,0.129732146859169,0.13694225251674652,6.676652265014127e-05,0.09369639307260513
1350,1350,2.8058334845816213e-06,0.07752810418605804,0,-0.1164834275841713,0.009084351360797882,3.6601525152946124e-06,0.1164834275841713,0.12440037727355957,7.320304575841874e-05,0.09084351360797882
1351,1351,2.7688951149431595e-06,0.1293652504682541,0,-0.12283787131309509,0.009654431603848934,5.277413038129453e-06,0.12283787131309509,0.13018564879894257,0.00010554825712461025,0.09654431790113449
1352,1352,2.7321945780215573e-06,0.2952476143836975,0,-0.12411108613014221,0.009453479200601578,4.7176222324196715e-06,0.12411108613014221,0.13232187926769257,9.435245010536164e-05,0.09453479200601578
1353,1353,2.695732058622735e-06,0.3960239887237549,0,-0.12126125395298004,0.009655188769102097,4.646594788937364e-06,0.12126125395298004,0.1300012320280075,9.293189214076847e-05,0.09655188024044037
1354,1354,2.6595077403541002e-06,0.07881580293178558,0,-0.123541459441185,0.009814891964197159,3.6592928154277615e-06,0.123541459441185,0.13132667541503906,7.318585994653404e-05,0.09814892709255219
1355,1355,2.6235218056235634e-06,0.13300375640392303,0,-0.12400644272565842,0.009245499968528748,4.023532255814644e-06,0.12400644272565842,0.13220834732055664,8.047065057326108e-05,0.09245499968528748
1356,1356,2.587774435638679e-06,0.17384770512580872,0,-0.12632595002651215,0.00943396519869566,4.080408871232066e-06,0.12632595002651215,0.1335611790418625,8.160817378666252e-05,0.09433965384960175
1357,1357,2.552265810405707e-06,0.2330869734287262,0,-0.12781856954097748,0.009416794404387474,3.626106263254769e-06,0.12781856954097748,0.13470196723937988,7.252211798913777e-05,0.09416794776916504
1358,1358,2.5169961087286974e-06,0.21776047348976135,0,-0.11710847914218903,0.009412821382284164,3.7654867810488213e-06,0.11710847914218903,0.12482504546642303,7.530974107794464e-05,0.09412821382284164
1359,1359,2.4819655082085835e-06,0.06925618648529053,0,-0.12922117114067078,0.009530979208648205,4.850431196246063e-06,0.12922117114067078,0.1368432641029358,9.700862574391067e-05,0.0953097939491272
1360,1360,2.4471741852423237e-06,0.07356122136116028,0,-0.12154816091060638,0.00829358957707882,3.332429059810238e-06,0.12154816091060638,0.12849433720111847,6.664857937721536e-05,0.08293589949607849
1361,1361,2.4126223150219896e-06,0.05972966551780701,0,-0.12423917651176453,0.009533252567052841,2.939439582405612e-06,0.12423917651176453,0.13059869408607483,5.878879164811224e-05,0.09533251821994781
1362,1362,2.3783100715338624e-06,0.0919930636882782,0,-0.1326788365840912,0.00962245836853981,2.8927361199748702e-06,0.1326788365840912,0.13914182782173157,5.785472603747621e-05,0.0962245762348175
1363,1363,2.344237627557622e-06,0.11430003494024277,0,-0.12083834409713745,0.009557466953992844,3.3227970561711118e-06,0.12083834409713745,0.12820842862129211,6.645593384746462e-05,0.09557467699050903
1364,1364,2.3104051546654013e-06,0.19045902788639069,0,-0.11914625018835068,0.009032473899424076,3.5894208849640563e-06,0.11914625018835068,0.1260204017162323,7.178841769928113e-05,0.09032473713159561
1365,1365,2.276812823220964e-06,0.09763995558023453,0,-0.11598631739616394,0.009685078635811806,4.6462473619612865e-06,0.11598631739616394,0.1240074411034584,9.292493632528931e-05,0.09685079753398895
1366,1366,2.2434608023788496e-06,0.1164790540933609,0,-0.12397457659244537,0.009675666689872742,5.492689979291754e-06,0.12397457659244537,0.13289840519428253,0.00010985380504280329,0.09675666689872742
1367,1367,2.210349260083494e-06,0.08101259171962738,0,-0.12327823787927628,0.009699604474008083,4.850380719290115e-06,0.12327823787927628,0.13271726667881012,9.70076143858023e-05,0.09699603915214539
1368,1368,2.177478363068425e-06,0.12890605628490448,0,-0.13515439629554749,0.009441941976547241,3.1408828817802714e-06,0.13515439629554749,0.1416325569152832,6.281765672611073e-05,0.09441941976547241
1369,1369,2.1448482768553656e-06,0.08863742649555206,0,-0.11993370205163956,0.00974234938621521,3.757163312911871e-06,0.11993370205163956,0.12691472470760345,7.514326716773212e-05,0.0974234864115715
1370,1370,2.1124591657534774e-06,0.46277591586112976,0,-0.11065475642681122,0.010083487257361412,9.014594979817048e-06,0.11065475642681122,0.12180186808109283,0.00018029188504442573,0.10083486884832382
1371,1371,2.0803111928584473e-06,0.16094796359539032,0,-0.13158999383449554,0.008954370394349098,2.921415671153227e-06,0.13158999383449554,0.13762417435646057,5.842831888003275e-05,0.08954370021820068
1372,1372,2.048404520051722e-06,0.1679178923368454,0,-0.12851500511169434,0.009572320617735386,4.005828486697283e-06,0.12851500511169434,0.13534997403621674,8.011657337192446e-05,0.09572320431470871
1373,1373,2.016739307999688e-06,0.12141662836074829,0,-0.1297180950641632,0.009505277499556541,2.6604034246702213e-06,0.1297180950641632,0.13548961281776428,5.320806667441502e-05,0.09505277872085571
1374,1374,1.985315716152847e-06,0.17138205468654633,0,-0.11878596246242523,0.009181128814816475,4.433210051502101e-06,0.11878596246242523,0.1268845945596695,8.866420103004202e-05,0.09181128442287445
1375,1375,1.9541339027450256e-06,1.5009889602661133,0,-0.12630054354667664,0.009042867459356785,2.4039729851210723e-06,0.12630054354667664,0.13241183757781982,4.807946243090555e-05,0.0904286727309227
1376,1376,1.9231940247925573e-06,0.07181813567876816,0,-0.12543675303459167,0.009927832521498203,5.76604497837252e-06,0.12543675303459167,0.13435126841068268,0.00011532089411048219,0.09927831590175629
1377,1377,1.892496238093533e-06,0.18110626935958862,0,-0.11422913521528244,0.009142696857452393,4.919761522614863e-06,0.11422913521528244,0.1222078800201416,9.839523409027606e-05,0.09142696857452393
1378,1378,1.8620406972269577e-06,0.21461933851242065,0,-0.12513262033462524,0.00956440344452858,5.189375769987237e-06,0.12513262033462524,0.1336532086133957,0.00010378750448580831,0.0956440269947052
1379,1379,1.8318275555520237e-06,0.6708405017852783,0,-0.12542888522148132,0.010205410420894623,3.845038918370847e-06,0.12542888522148132,0.1329684853553772,7.690077472943813e-05,0.10205409675836563
1380,1380,1.8018569652073381e-06,0.10895760357379913,0,-0.12346601486206055,0.009983416646718979,3.282316129116225e-06,0.12346601486206055,0.13065528869628906,6.564631621586159e-05,0.09983416646718979
1381,1381,1.7721290771100961e-06,0.10071174055337906,0,-0.12513743340969086,0.01015050895512104,4.0506247387384064e-06,0.12513743340969086,0.13361230492591858,8.101249113678932e-05,0.1015050858259201
1382,1382,1.742644040955399e-06,0.08042880892753601,0,-0.12366180121898651,0.008981465362012386,4.8580768634565175e-06,0.12366180121898651,0.13113391399383545,9.716152999317273e-05,0.08981464058160782
1383,1383,1.7134020052154364e-06,0.0543135367333889,0,-0.1260768324136734,0.009562313556671143,3.1750316793477396e-06,0.1260768324136734,0.13307711482048035,6.35006363154389e-05,0.09562312811613083
1384,1384,1.6844031171388053e-06,0.1319817304611206,0,-0.13058960437774658,0.009494530968368053,3.102984464931069e-06,0.13058960437774658,0.13735729455947876,6.205969111761078e-05,0.09494531154632568
1385,1385,1.6556475227496814e-06,0.08862348645925522,0,-0.12658867239952087,0.009864302352070808,5.780589162895922e-06,0.12658867239952087,0.13416090607643127,0.00011561177961993963,0.09864302724599838
1386,1386,1.6271353668471655e-06,0.09352625906467438,0,-0.12254543602466583,0.00938875786960125,4.552921836875612e-06,0.12254543602466583,0.13059809803962708,9.105843491852283e-05,0.0938875749707222
1387,1387,1.5988667930045276e-06,0.22508278489112854,0,-0.11172807216644287,0.009606613777577877,5.618687737296568e-06,0.11172807216644287,0.12033440917730331,0.00011237376020289958,0.09606613218784332
1388,1388,1.5708419435684462e-06,0.18686167895793915,0,-0.11976773291826248,0.008780892938375473,3.4124286685255356e-06,0.11976773291826248,0.12733422219753265,6.82485697325319e-05,0.08780892193317413
1389,1389,1.543060959658349e-06,0.1266404539346695,0,-0.1279892921447754,0.009984779171645641,4.034820904053049e-06,0.1279892921447754,0.13530543446540833,8.069641626207158e-05,0.09984780102968216
1390,1390,1.5155239811656563e-06,0.049518126994371414,0,-0.13185559213161469,0.009278995916247368,4.150037966610398e-06,0.13185559213161469,0.14007315039634705,8.300076297018677e-05,0.09278995543718338
1391,1391,1.4882311467531219e-06,0.08665738254785538,0,-0.12951788306236267,0.010059989988803864,2.0993134057789575e-06,0.12951788306236267,0.1347849816083908,4.1986269934568554e-05,0.10059989243745804
1392,1392,1.4611825938540935e-06,0.1068330854177475,0,-0.12911531329154968,0.009485950693488121,3.320970336062601e-06,0.12911531329154968,0.1358775496482849,6.64194012642838e-05,0.09485950320959091
1393,1393,1.4343784586718311e-06,0.11221127957105637,0,-0.12749862670898438,0.009334362111985683,3.276439201727044e-06,0.12749862670898438,0.13432270288467407,6.552878767251968e-05,0.09334361553192139
1394,1394,1.4078188761788402e-06,0.18442095816135406,0,-0.12546084821224213,0.009480725973844528,3.0299256650323514e-06,0.12546084821224213,0.1325070858001709,6.0598511481657624e-05,0.09480726718902588
1395,1395,1.3815039801161721e-06,0.14562156796455383,0,-0.11504942923784256,0.009074358269572258,5.224437700235285e-06,0.11504942923784256,0.12439128756523132,0.0001044887540047057,0.09074358642101288
1396,1396,1.3554339029927532e-06,0.14341552555561066,0,-0.12330780923366547,0.009327461943030357,3.699466333273449e-06,0.12330780923366547,0.1305423080921173,7.398932939395308e-05,0.09327461570501328
1397,1397,1.3296087760847397e-06,0.2611173987388611,0,-0.12117099016904831,0.009503769688308239,3.321610165585298e-06,0.12117099016904831,0.12864649295806885,6.643219239776954e-05,0.09503769129514694
1398,1398,1.304028729434803e-06,0.1577760875225067,0,-0.13364309072494507,0.010093020275235176,3.3450069167884067e-06,0.13364309072494507,0.1403561234474182,6.690014561172575e-05,0.10093020647764206
1399,1399,1.2786938918515568e-06,0.10286138951778412,0,-0.11964553594589233,0.009481510147452354,3.7118875297892373e-06,0.11964553594589233,0.12735605239868164,7.423774513881654e-05,0.09481510519981384
1400,1400,1.2536043909088191e-06,0.12134480476379395,0,-0.12135714292526245,0.009509067982435226,2.8297533845034195e-06,0.12135714292526245,0.12765911221504211,5.6595064961584285e-05,0.09509067982435226
1401,1401,1.2287603529450465e-06,0.10006210952997208,0,-0.1251780092716217,0.009670471772551537,5.556391442951281e-06,0.1251780092716217,0.13356885313987732,0.0001111278252210468,0.09670470654964447
1402,1402,1.2041619030626284e-06,0.07497741281986237,0,-0.12349499762058258,0.009582189843058586,5.990563295199536e-06,0.12349499762058258,0.13233977556228638,0.00011981126590399072,0.09582190215587616
1403,1403,1.1798091651273324e-06,0.12818840146064758,0,-0.1278771013021469,0.009285060688853264,3.7436852835526224e-06,0.1278771013021469,0.13517522811889648,7.487370021408424e-05,0.09285061061382294
1404,1404,1.1557022617676215e-06,0.09608866274356842,0,-0.12776978313922882,0.009839619509875774,3.675404514069669e-06,0.12776978313922882,0.13506214320659637,7.350808300543576e-05,0.0983961969614029
1405,1405,1.1318413143740437e-06,0.1635698676109314,0,-0.12347127497196198,0.008061503991484642,6.316084181889892e-06,0.12347127497196198,0.13144665956497192,0.00012632168363779783,0.08061502873897552
1406,1406,1.1082264430986532e-06,0.17073269188404083,0,-0.11821411550045013,0.009376444853842258,4.6273780753836036e-06,0.11821411550045013,0.12670214474201202,9.254756150767207e-05,0.09376443922519684
1407,1407,1.0848577668543802e-06,0.14842402935028076,0,-0.11506988108158112,0.009910336695611477,3.886606009473326e-06,0.11506988108158112,0.12241602689027786,7.77321110945195e-05,0.09910336136817932
1408,1408,1.061735403314429e-06,0.07862737774848938,0,-0.12865446507930756,0.009052852168679237,4.6197524170565885e-06,0.12865446507930756,0.13650256395339966,9.239504288416356e-05,0.09052851796150208
1409,1409,1.0388594689117071e-06,0.1675240695476532,0,-0.11744742095470428,0.009394276887178421,6.1229202401591465e-06,0.11744742095470428,0.1269446462392807,0.00012245839752722532,0.09394276142120361
1410,1410,1.016230078838226e-06,0.1564103662967682,0,-0.12824347615242004,0.009766007773578167,3.2554130484641064e-06,0.12824347615242004,0.13552549481391907,6.510825915029272e-05,0.09766008704900742
1411,1411,9.938473470444964e-07,0.07069627940654755,0,-0.1292913407087326,0.008952527306973934,3.6532442209136207e-06,0.1292913407087326,0.1372479796409607,7.306488259928301e-05,0.0895252674818039
1412,1412,9.717113862389992e-07,0.08594924956560135,0,-0.12411203235387802,0.009880737401545048,4.123463440919295e-06,0.12411203235387802,0.1318463683128357,8.24692688183859e-05,0.09880736470222473
1413,1413,9.498223078876045e-07,0.2091246247291565,0,-0.1302301585674286,0.009394937194883823,3.26418694385211e-06,0.1302301585674286,0.13674844801425934,6.528372614411637e-05,0.09394936263561249
1414,1414,9.281802222129765e-07,0.08721289038658142,0,-0.12572354078292847,0.009311090223491192,3.4390984637866495e-06,0.12572354078292847,0.13264620304107666,6.878197018522769e-05,0.09311089664697647
1415,1415,9.0678523819408e-07,0.18935741484165192,0,-0.1234530359506607,0.010278607718646526,3.4924842111649923e-06,0.1234530359506607,0.13017819821834564,6.984968058532104e-05,0.10278607904911041
1416,1416,8.856374635655695e-07,0.12348960340023041,0,-0.11806730926036835,0.009392080828547478,2.8456524887587875e-06,0.11806730926036835,0.12486755847930908,5.6913042499218136e-05,0.09392079710960388
1417,1417,8.647370048172787e-07,0.22027425467967987,0,-0.12779034674167633,0.009289704263210297,4.087508841621457e-06,0.12779034674167633,0.1347070038318634,8.175017865141854e-05,0.09289705008268356
1418,1418,8.440839671936818e-07,0.24622853100299835,0,-0.12365663051605225,0.009448877535760403,3.825588919426082e-06,0.12365663051605225,0.13188573718070984,7.651177293155342e-05,0.09448877722024918
1419,1419,8.236784546933718e-07,0.07546373456716537,0,-0.1270451694726944,0.009049599058926105,3.485228262434248e-06,0.1270451694726944,0.13419529795646667,6.970456161070615e-05,0.0904959961771965
1420,1420,8.035205700685167e-07,1.4371179342269897,0,-0.12216177582740784,0.00984777882695198,8.042202352953609e-06,0.12216177582740784,0.1327076107263565,0.00016084406524896622,0.0984777957201004
1421,1421,7.836104148243484e-07,0.051881156861782074,0,-0.126549631357193,0.009647568687796593,3.141494744340889e-06,0.126549631357193,0.13343431055545807,6.282989488681778e-05,0.09647569060325623
1422,1422,7.639480892186634e-07,0.42363297939300537,0,-0.1250159740447998,0.009229317307472229,4.915009412798099e-06,0.1250159740447998,0.1337747573852539,9.830018825596198e-05,0.09229317307472229
1423,1423,7.445336922613067e-07,0.1516776978969574,0,-0.11795050650835037,0.009439880028367043,5.418747605290264e-06,0.11795050650835037,0.12619829177856445,0.00010837494482984766,0.09439878910779953
1424,1424,7.253673217136658e-07,0.46464475989341736,0,-0.12286077439785004,0.009594732895493507,3.1166111966740573e-06,0.12286077439785004,0.13066574931144714,6.233222666196525e-05,0.09594732522964478
1425,1425,7.064490740882057e-07,0.10432429611682892,0,-0.12399281561374664,0.009488200768828392,4.7642934077885e-06,0.12399281561374664,0.13166679441928864,9.528585360385478e-05,0.09488201141357422
1426,1426,6.87779044647957e-07,0.08917602896690369,0,-0.11536979675292969,0.010137955658137798,2.9820025702065323e-06,0.11536979675292969,0.12221448123455048,5.9640045947162434e-05,0.10137955099344254
1427,1427,6.693573274060449e-07,0.10375145077705383,0,-0.12817418575286865,0.008576810359954834,2.82470318779815e-06,0.12817418575286865,0.1346713900566101,5.6494063755963e-05,0.08576809614896774
1428,1428,6.511840151252169e-07,0.05407176911830902,0,-0.1271149218082428,0.009221714921295643,3.854258011415368e-06,0.1271149218082428,0.13470658659934998,7.708515477133915e-05,0.09221714735031128
1429,1429,6.332591993173764e-07,1.6374510526657104,0,-0.12282557785511017,0.009416946209967136,3.275312792538898e-06,0.12282557785511017,0.1296592652797699,6.550625403178856e-05,0.09416946768760681
1430,1430,6.15582970243117e-07,0.07158691436052322,0,-0.13083019852638245,0.009569385088980198,3.5868349641532404e-06,0.13083019852638245,0.1373022496700287,7.173670019255951e-05,0.09569384902715683
1431,1431,5.981554169112668e-07,0.08982105553150177,0,-0.11908043920993805,0.009792018681764603,3.325234956719214e-06,0.11908043920993805,0.12672419846057892,6.650469731539488e-05,0.09792018681764603
1432,1432,5.809766270784666e-07,0.11051615327596664,0,-0.12175622582435608,0.009617531672120094,5.214003977016546e-06,0.12175622582435608,0.13027481734752655,0.0001042800722643733,0.09617532044649124
1433,1433,5.64046687248676e-07,0.09231787174940109,0,-0.12601938843727112,0.008699126541614532,4.578022071655141e-06,0.12601938843727112,0.1343693733215332,9.156044689007103e-05,0.08699126541614532
1434,1434,5.473656826727847e-07,0.25057998299598694,0,-0.12858572602272034,0.00991954654455185,4.6200443648558576e-06,0.12858572602272034,0.137121319770813,9.240088547812775e-05,0.0991954654455185
1435,1435,5.309336973481683e-07,0.36469438672065735,0,-0.12428034096956253,0.009633752517402172,2.7270916689303704e-06,0.12428034096956253,0.13030430674552917,5.45418297406286e-05,0.09633751213550568
1436,1436,5.147508140182556e-07,0.1494511514902115,0,-0.12376669049263,0.010004904121160507,2.994780970766442e-06,0.12376669049263,0.1298305094242096,5.989562123431824e-05,0.10004904121160507
1437,1437,4.988171141721232e-07,0.11889168620109558,0,-0.11255086213350296,0.00869089737534523,5.262911599857034e-06,0.11255086213350296,0.12131984531879425,0.00010525822290219367,0.0869089812040329
1438,1438,4.831326780440792e-07,0.14897754788398743,0,-0.12511757016181946,0.009490996599197388,2.7306307401886443e-06,0.12511757016181946,0.13194453716278076,5.4612610256299376e-05,0.09490996599197388
1439,1439,4.676975846132692e-07,0.07747507840394974,0,-0.12681767344474792,0.009651852771639824,3.2433495107397903e-06,0.12681767344474792,0.133637934923172,6.48669883958064e-05,0.09651852399110794
1440,1440,4.52511911603265e-07,0.09349054098129272,0,-0.12810872495174408,0.00932339671999216,3.6568544601323083e-06,0.12810872495174408,0.13580450415611267,7.313708920264617e-05,0.09323397278785706
1441,1441,4.375757354816712e-07,0.09746871143579483,0,-0.12054810672998428,0.009869702160358429,4.17547289544018e-06,0.12054810672998428,0.1282944530248642,8.350944699486718e-05,0.09869702160358429
1442,1442,4.228891314597694e-07,0.49577176570892334,0,-0.11318901181221008,0.009595698677003384,6.443576239689719e-06,0.11318901181221008,0.12354184687137604,0.00012887152843177319,0.09595698863267899
1443,1443,4.084521734920965e-07,0.043688785284757614,0,-0.132091224193573,0.009178483858704567,3.215385731891729e-06,0.132091224193573,0.1393584907054901,6.430771463783458e-05,0.09178484231233597
1444,1444,3.9426493427611177e-07,0.12051037698984146,0,-0.12723995745182037,0.009365223348140717,2.921207396866521e-06,0.12723995745182037,0.13435205817222595,5.8424146118341014e-05,0.09365223348140717
1445,1445,3.8032748525179685e-07,0.08760657161474228,0,-0.12651042640209198,0.008993619121611118,4.951988557877485e-06,0.12651042640209198,0.13438138365745544,9.903976751957089e-05,0.08993618935346603
1446,1446,3.6663989660132293e-07,0.5404316782951355,0,-0.12337867170572281,0.009942816570401192,5.444995622383431e-06,0.12337867170572281,0.13195158541202545,0.00010889991244766861,0.09942816197872162
1447,1447,3.532022372486843e-07,0.1521868258714676,0,-0.1278744339942932,0.009174295701086521,2.9671705306100193e-06,0.1278744339942932,0.1343344748020172,5.934340151725337e-05,0.09174294769763947
1448,1448,3.4001457485935416e-07,0.09520196169614792,0,-0.12578174471855164,0.008867709897458553,2.977729764097603e-06,0.12578174471855164,0.13241204619407654,5.955459346296266e-05,0.08867709338665009
1449,1449,3.2707697583995167e-07,0.15708333253860474,0,-0.12399789690971375,0.009821449406445026,3.295095666544512e-06,0.12399789690971375,0.13091495633125305,6.590189877897501e-05,0.09821449220180511
1450,1450,3.143895053378698e-07,0.10438581556081772,0,-0.11480593681335449,0.008795978501439095,4.622396318154642e-06,0.11480593681335449,0.12244771420955658,9.244792454410344e-05,0.08795978128910065
1451,1451,3.019522272410202e-07,0.10556604713201523,0,-0.12415288388729095,0.009931854903697968,4.035855454276316e-06,0.12415288388729095,0.1313980668783188,8.071711636148393e-05,0.09931853413581848
1452,1452,2.8976520417742794e-07,0.0992746502161026,0,-0.1265919804573059,0.009019657969474792,4.719806383945979e-06,0.1265919804573059,0.1343786120414734,9.439611312700436e-05,0.09019657969474792
1453,1453,2.7782849751497586e-07,0.05316554009914398,0,-0.12064346671104431,0.009344466030597687,2.9243558401503833e-06,0.12064346671104431,0.12761901319026947,5.8487115893512964e-05,0.09344466030597687
1454,1454,2.661421673610831e-07,0.10870438069105148,0,-0.12171827256679535,0.009570879861712456,3.482240572338924e-06,0.12171827256679535,0.12932565808296204,6.964481144677848e-05,0.09570879489183426
1455,1455,2.5470627256238277e-07,0.08609876781702042,0,-0.1278454065322876,0.009910250082612038,3.949186975660268e-06,0.1278454065322876,0.1353975534439087,7.898373587522656e-05,0.09910249710083008
1456,1456,2.4352087070443895e-07,0.15330056846141815,0,-0.12054787576198578,0.009448101744055748,3.672327693493571e-06,0.12054787576198578,0.12752923369407654,7.344655750785023e-05,0.09448102116584778
1457,1457,2.3258601811145808e-07,0.11679233610630035,0,-0.12540718913078308,0.009116653352975845,2.046752115347772e-06,0.12540718913078308,0.13092724978923798,4.093503957847133e-05,0.09116653352975845
1458,1458,2.219017698460002e-07,0.10998663306236267,0,-0.1201263889670372,0.009410902857780457,3.3961057397391414e-06,0.1201263889670372,0.12658250331878662,6.792211206629872e-05,0.09410902857780457
1459,1459,2.1146817970871258e-07,0.09545686841011047,0,-0.12804852426052094,0.01010071113705635,5.429553311842028e-06,0.12804852426052094,0.13646791875362396,0.00010859106259886175,0.10100711137056351
1460,1460,2.012853002380466e-07,0.15069256722927094,0,-0.11876505613327026,0.00894266739487648,6.626061804126948e-06,0.11876505613327026,0.12792256474494934,0.00013252123608253896,0.0894266664981842
1461,1461,1.913531827099968e-07,0.06448211520910263,0,-0.12794840335845947,0.009000228717923164,3.285998445790028e-06,0.12794840335845947,0.13574165105819702,6.571997073478997e-05,0.09000229090452194
1462,1462,1.816718771378456e-07,0.08848574012517929,0,-0.12461940944194794,0.009915456175804138,3.6652070320997154e-06,0.12461940944194794,0.13143983483314514,7.33041379135102e-05,0.09915455430746078
1463,1463,1.7224143227190236e-07,0.08371435850858688,0,-0.13052774965763092,0.008803769946098328,3.1084280180948554e-06,0.13052774965763092,0.13725514709949493,6.21685539954342e-05,0.08803769946098328
1464,1464,1.630618955992702e-07,0.2771780788898468,0,-0.11825494468212128,0.009297290816903114,5.3213275350572076e-06,0.11825494468212128,0.126841738820076,0.00010642655252013355,0.09297290444374084
1465,1465,1.5413331334360182e-07,0.14331766963005066,0,-0.1280517727136612,0.009444709867238998,3.5241532714280766e-06,0.1280517727136612,0.13526850938796997,7.048306724755093e-05,0.09444708377122879
1466,1466,1.4545573046486627e-07,0.07955548167228699,0,-0.13299651443958282,0.009482072666287422,2.476360350556206e-06,0.13299651443958282,0.1390896588563919,4.952720337314531e-05,0.09482072293758392
1467,1467,1.3702919065912144e-07,0.15151336789131165,0,-0.12267424166202545,0.009064288809895515,2.544743438193109e-06,0.12267424166202545,0.12842419743537903,5.0894872401840985e-05,0.09064289182424545
1468,1468,1.2885373635829755e-07,0.11545657366514206,0,-0.11887965351343155,0.009919002652168274,4.334314326115418e-06,0.11887965351343155,0.12672017514705658,8.668627560837194e-05,0.09919003397226334
1469,1469,1.209294087299806e-07,0.06210731714963913,0,-0.12455953657627106,0.008471578359603882,3.0043722745176638e-06,0.12455953657627106,0.1314753293991089,6.008744458085857e-05,0.08471579849720001
1470,1470,1.132562476771959e-07,0.09057062119245529,0,-0.11675231158733368,0.009906334802508354,6.013993242959259e-06,0.11675231158733368,0.12624946236610413,0.0001202798739541322,0.09906335175037384
1471,1471,1.0583429183823047e-07,0.12411582469940186,0,-0.1262146532535553,0.009165799245238304,4.327991973696044e-06,0.1262146532535553,0.13418373465538025,8.655984129291028e-05,0.09165798127651215
1472,1472,9.866357858642205e-08,0.21740861237049103,0,-0.12672320008277893,0.008959157392382622,4.3776985876320396e-06,0.12672320008277893,0.1351030468940735,8.755396993365139e-05,0.08959157764911652
1473,1473,9.174414402997044e-08,0.1307181864976883,0,-0.12607426941394806,0.010130219161510468,2.4776113605184946e-06,0.12607426941394806,0.13199931383132935,4.955222539138049e-05,0.10130219161510468
1474,1474,8.507602301175421e-08,0.06252329796552658,0,-0.12472330033779144,0.009625466540455818,2.914123115260736e-06,0.12472330033779144,0.13019561767578125,5.828246139572002e-05,0.09625466912984848
1475,1475,7.865924910916977e-08,0.12812396883964539,0,-0.11797253787517548,0.00871006865054369,4.426201485330239e-06,0.11797253787517548,0.12576091289520264,8.852402970660478e-05,0.08710068464279175
1476,1476,7.249385463395375e-08,0.4460301101207733,0,-0.12052523344755173,0.009066762402653694,5.443937425297918e-06,0.12052523344755173,0.12882383167743683,0.00010887875396292657,0.09066762775182724
1477,1477,6.657987063200533e-08,0.5242493152618408,0,-0.12017451226711273,0.009393779560923576,7.656426532776095e-06,0.12017451226711273,0.13047227263450623,0.00015312853793147951,0.09393778443336487
1478,1478,6.091732688325302e-08,0.12000025063753128,0,-0.12828843295574188,0.009165818803012371,3.609191935538547e-06,0.12828843295574188,0.13575653731822968,7.218383689178154e-05,0.09165818244218826
1479,1479,5.550625190150483e-08,0.08241672068834305,0,-0.1313171088695526,0.009396125562489033,3.8140331071190303e-06,0.1313171088695526,0.13880491256713867,7.62806594138965e-05,0.09396124631166458
1480,1480,5.0346672934270534e-08,0.1251780390739441,0,-0.12028060853481293,0.010660127736628056,3.7930360576865496e-06,0.12028060853481293,0.12841062247753143,7.586072024423629e-05,0.1066012755036354
1481,1481,4.543861596266741e-08,0.05352328345179558,0,-0.12150576710700989,0.008979527279734612,3.382227532711113e-06,0.12150576710700989,0.12896844744682312,6.764454883523285e-05,0.08979526907205582
1482,1482,4.078210570127028e-08,0.1697940230369568,0,-0.1225254163146019,0.01057419739663601,3.385378931852756e-06,0.1225254163146019,0.12905681133270264,6.770758045604452e-05,0.1057419627904892
1483,1483,3.637716559798388e-08,0.09864763915538788,0,-0.12631073594093323,0.009127894416451454,2.190680334024364e-06,0.12631073594093323,0.1320129632949829,4.381360486149788e-05,0.09127894043922424
1484,1484,3.2223817833931805e-08,0.1058681309223175,0,-0.12770074605941772,0.009203227236866951,3.9483284126617946e-06,0.12770074605941772,0.13382379710674286,7.896656461525708e-05,0.09203226864337921
1485,1485,2.8322083323334413e-08,0.15650606155395508,0,-0.12257938086986542,0.009400092996656895,4.515023192652734e-06,0.12257938086986542,0.13048991560935974,9.030045475810766e-05,0.0940009355545044
1486,1486,2.467198171342e-08,0.258602112531662,0,-0.11962629854679108,0.009151579812169075,4.114763214602135e-06,0.11962629854679108,0.12633521854877472,8.229525701608509e-05,0.09151579439640045
1487,1487,2.127353138431376e-08,0.20667478442192078,0,-0.12090861797332764,0.010110307484865189,5.0909416131617036e-06,0.12090861797332764,0.12854868173599243,0.00010181884135818109,0.10110307484865189
1488,1488,1.8126749448943437e-08,0.12054196745157242,0,-0.13114090263843536,0.009595771320164204,2.948717565232073e-06,0.13114090263843536,0.13782113790512085,5.897435039514676e-05,0.09595770388841629
1489,1489,1.5231651752967147e-08,0.1886073350906372,0,-0.12614668905735016,0.009720993228256702,4.595418886310654e-06,0.12614668905735016,0.134323388338089,9.19083904591389e-05,0.09720993787050247
1490,1490,1.2588252874673468e-08,0.10714536160230637,0,-0.12828435003757477,0.00933708343654871,3.1997456062526908e-06,0.12828435003757477,0.13529139757156372,6.399491394404322e-05,0.09337082505226135
1491,1491,1.019656612492592e-08,0.14501501619815826,0,-0.12469373643398285,0.009220185689628124,2.819548171828501e-06,0.12469373643398285,0.13167327642440796,5.639096343657002e-05,0.09220185875892639
1492,1492,8.056603547090813e-09,0.057056721299886703,0,-0.12685781717300415,0.009604047983884811,3.4304237033211393e-06,0.12685781717300415,0.13438650965690613,6.860847497591749e-05,0.09604048728942871
1493,1493,6.1683759169706146e-09,0.07112694531679153,0,-0.11946149170398712,0.008549385704100132,3.934407232009107e-06,0.11946149170398712,0.1276189386844635,7.868814282119274e-05,0.08549386262893677
1494,1494,4.531892742754007e-09,0.09097591042518616,0,-0.12422143667936325,0.009077075868844986,3.2587167879682966e-06,0.12422143667936325,0.13122592866420746,6.517433212138712e-05,0.09077075868844986
1495,1495,3.1471622649714703e-09,0.4358549118041992,0,-0.12315160036087036,0.009608902037143707,4.291930508770747e-06,0.12315160036087036,0.13118073344230652,8.583861927036196e-05,0.09608902037143707
1496,1496,2.0141914564453244e-09,0.13566577434539795,0,-0.12390382587909698,0.00988994725048542,4.5897445488662925e-06,0.12390382587909698,0.13162197172641754,9.179488552035764e-05,0.0988994762301445
1497,1497,1.1329860222619726e-09,0.13213104009628296,0,-0.1182103380560875,0.009373854845762253,4.191882908344269e-06,0.1182103380560875,0.12616704404354095,8.383765816688538e-05,0.09373854100704193
1498,1498,5.035503997385949e-10,0.15173187851905823,0,-0.12245579063892365,0.010078569874167442,4.066834662808105e-06,0.12245579063892365,0.13066545128822327,8.133669325616211e-05,0.10078570246696472
1499,1499,1.2588775841204658e-10,0.10433425009250641,0,-0.12861180305480957,0.009272814728319645,4.358008027338656e-06,0.12861180305480957,0.13711871206760406,8.716016600374132e-05,0.0927281379699707
1500,1500,0.0,0.49888622760772705,0,-0.13201847672462463,0.009464926086366177,3.4434522149240365e-06,0.13201847672462463,0.13851593434810638,6.886903429403901e-05,0.09464925527572632
