step,train/lr,train/grad_norm,loss_score,loss_kl,loss_disagree,score_min,score_mean,score_disagree,kl_to_base
1,1.0000000000000001e-07,1.8774229288101196,0.028880605474114418,0.0,3.8032459997339174e-05,-0.028880605474114418,-0.0048661367036402225,0.0007606492144986987,0.0
2,2.0000000000000002e-07,7.166179656982422,0.019573871046304703,0.0,2.168966966564767e-05,-0.019573871046304703,-0.00203714263625443,0.00043379340786486864,0.0
3,3.0000000000000004e-07,5.859183311462402,0.026120591908693314,9.826435416471213e-06,4.958441058988683e-05,-0.026120591908693314,0.002002484630793333,0.0009916882263496518,9.826434688875452e-05
4,4.0000000000000003e-07,0.9251846075057983,0.030883027240633965,6.6121979216404725e-06,3.519868550938554e-05,-0.030883027240633965,-0.0075525278225541115,0.0007039736956357956,6.612197466893122e-05
5,5.000000000000001e-07,11.163910865783691,0.031982794404029846,1.4599925634684041e-05,3.563283462426625e-05,-0.031982794404029846,-0.008251368068158627,0.0007126567652449012,0.0001459992490708828
6,6.000000000000001e-07,4.04700231552124,0.02730567380785942,9.247613888874184e-06,2.8289945475989953e-05,-0.02730567380785942,-0.007277672179043293,0.0005657988949678838,9.247614070773125e-05
7,7.000000000000001e-07,1.156661868095398,0.018053896725177765,6.465456408477621e-06,5.0774771807482466e-05,-0.018053896725177765,0.010338516905903816,0.0010154955089092255,6.465456681326032e-05
8,8.000000000000001e-07,1.5737227201461792,0.04493960738182068,9.973055966838729e-06,5.037721712142229e-05,-0.04493960738182068,-0.01898203231394291,0.0010075443424284458,9.973056148737669e-05
9,9.000000000000001e-07,0.7894541621208191,0.028730569407343864,3.9951402868609875e-05,2.4442724679829553e-05,-0.028730569407343864,-0.006193327717483044,0.0004888544790446758,0.0003995140141341835
10,1.0000000000000002e-06,0.7562355995178223,0.052078746259212494,2.349523128941655e-05,4.1823088395176455e-05,-0.052078746259212494,-0.025996264070272446,0.0008364616660401225,0.00023495234199799597
11,1.1e-06,0.5313584804534912,0.030398011207580566,0.00019599731604103,2.134975147782825e-05,-0.030398011207580566,-0.009896292351186275,0.00042699501500464976,0.0019599730148911476
12,1.2000000000000002e-06,1.8661214113235474,0.027080483734607697,0.00036341152735985816,2.630359449540265e-05,-0.027080483734607697,-0.0059548672288656235,0.0005260718753561378,0.0036341154482215643
13,1.3e-06,0.60572350025177,0.023285415023565292,3.083494812017307e-05,2.5367775378981605e-05,-0.023285415023565292,-0.0027552947867661715,0.0005073554930277169,0.00030834946664981544
14,1.4000000000000001e-06,4.025558948516846,0.03011082485318184,0.0011398220667615533,2.3134889488574117e-05,-0.03011082485318184,-0.01156933419406414,0.0004626978188753128,0.01139822043478489
15,1.5e-06,1.4721920490264893,0.017941288650035858,0.001327763544395566,2.3505237550125457e-05,-0.017941288650035858,-0.0015937825664877892,0.000470104772830382,0.013277634978294373
16,1.6000000000000001e-06,2.2352514266967773,0.023031506687402725,0.0018033301457762718,3.645848482847214e-05,-0.023031506687402725,9.545939974486828e-05,0.0007291696965694427,0.018033303320407867
17,1.7000000000000002e-06,1.4781758785247803,0.013645237311720848,0.0013439459726214409,2.1430565539048985e-05,-0.013645237311720848,0.005443911999464035,0.00042861129622906446,0.013439459726214409
18,1.8000000000000001e-06,1.3954923152923584,0.0331495925784111,0.0008938446408137679,3.1672905606683344e-05,-0.0331495925784111,-0.012327248230576515,0.0006334581412374973,0.008938446640968323
19,1.9000000000000002e-06,2.62050724029541,0.021621115505695343,0.0041267722845077515,1.8056869521387853e-05,-0.021621115505695343,-0.0026273331604897976,0.00036113738315179944,0.041267722845077515
20,2.0000000000000003e-06,2.030693769454956,0.023931628093123436,0.003683179384097457,1.5008825357654132e-05,-0.023931628093123436,-0.00825892761349678,0.000300176499877125,0.03683179244399071
21,2.1000000000000002e-06,0.5177155137062073,0.008793247863650322,0.0027634550351649523,1.4335495507111773e-05,-0.008793247863650322,0.0075659798458218575,0.00028670989559032023,0.027634548023343086
22,2.2e-06,2.899395704269409,0.013583289459347725,0.004096569027751684,1.8930297301267274e-05,-0.013583289459347725,0.003419618122279644,0.00037860593874938786,0.040965691208839417
23,2.3000000000000004e-06,1.8799232244491577,0.02273750491440296,0.005068858154118061,2.0701862013083883e-05,-0.02273750491440296,-0.003530684858560562,0.00041403723298572004,0.05068857967853546
24,2.4000000000000003e-06,0.9421594142913818,0.001876452355645597,0.0046265823766589165,1.7402706362190656e-05,-0.001876452355645597,0.01534033752977848,0.00034805413451977074,0.046265825629234314
25,2.5e-06,0.6519515514373779,0.007385234348475933,0.005888093262910843,1.8189000911661424e-05,-0.007385234348475933,0.008175318129360676,0.0003637799818534404,0.05888092517852783
26,2.6e-06,0.9360199570655823,0.002494546351954341,0.006435061804950237,1.292493561777519e-05,-0.002494546351954341,0.013106569647789001,0.000258498708717525,0.06435061246156693
27,2.7000000000000004e-06,4.4423298835754395,0.012361586093902588,0.007990995422005653,1.3302735169418156e-05,-0.012361586093902588,0.0014020237140357494,0.00026605467428453267,0.07990995049476624
28,2.8000000000000003e-06,1.2829391956329346,0.005672706291079521,0.008173875510692596,1.6655263607390225e-05,-0.005672706291079521,0.01160835474729538,0.0003331052721478045,0.08173875510692596
29,2.9e-06,0.8248591423034668,-0.005702211521565914,0.006102585233747959,1.573620829731226e-05,0.005702211521565914,0.02359897643327713,0.0003147241659462452,0.06102585047483444
30,3e-06,1.0789227485656738,1.6775098629295826e-05,0.0074828630313277245,1.0348525393055752e-05,-1.6775098629295826e-05,0.014768736436963081,0.00020697050786111504,0.0748286247253418
31,3.1000000000000004e-06,1.673284649848938,0.00327338557690382,0.009759262204170227,1.4750096852367278e-05,-0.00327338557690382,0.012911086902022362,0.00029500192613340914,0.09759262204170227
32,3.2000000000000003e-06,2.7901110649108887,0.002135725226253271,0.008131430484354496,1.500835242040921e-05,-0.002135725226253271,0.015278488397598267,0.0003001670411322266,0.08131431043148041
33,3.3000000000000006e-06,0.986801028251648,-0.016736876219511032,0.01016478892415762,1.037904257827904e-05,0.016736876219511032,0.032476261258125305,0.00020758085884153843,0.10164788365364075
34,3.4000000000000005e-06,0.8921118974685669,-0.007930196821689606,0.011710947379469872,1.819284079829231e-05,0.007930196821689606,0.027139585465192795,0.00036385684506967664,0.11710946261882782
35,3.5e-06,1.040671944618225,-0.007399607449769974,0.010293610394001007,1.2783902093360666e-05,0.007399607449769974,0.02160550281405449,0.00025567805278114974,0.10293609648942947
36,3.6000000000000003e-06,1.0341078042984009,-0.0012153619900345802,0.011476617306470871,1.56930873345118e-05,0.0012153619900345802,0.017072876915335655,0.00031386170303449035,0.11476616561412811
37,3.7e-06,0.6173222064971924,-0.029225816950201988,0.010338280349969864,8.077068741840776e-06,0.029225816950201988,0.04041728749871254,0.0001615413639228791,0.10338278859853745
38,3.8000000000000005e-06,0.7397418022155762,-0.029384959489107132,0.009832469746470451,1.0530686267884448e-05,0.029384959489107132,0.04309464246034622,0.0002106137399096042,0.09832469373941422
39,3.900000000000001e-06,0.5157960653305054,-0.03031875751912594,0.009571852162480354,6.8545396061381325e-06,0.03031875751912594,0.041418418288230896,0.00013709078484680504,0.09571853280067444
40,4.000000000000001e-06,0.9599748253822327,-0.015693433582782745,0.014002210460603237,9.602817044651601e-06,0.015693433582782745,0.028139399364590645,0.000192056322703138,0.14002209901809692
41,4.1e-06,1.2409813404083252,-0.022645562887191772,0.011806035414338112,1.0279056368744932e-05,0.022645562887191772,0.03668046370148659,0.0002055811055470258,0.11806034296751022
42,4.2000000000000004e-06,0.6425383687019348,-0.027976173907518387,0.009514639154076576,8.933249773690477e-06,0.027976173907518387,0.040756866335868835,0.0001786649809218943,0.09514638781547546
43,4.3e-06,0.8253961205482483,-0.03455623239278793,0.013468226417899132,7.587470008729724e-06,0.03455623239278793,0.04708334431052208,0.0001517494092695415,0.13468226790428162
44,4.4e-06,1.0945143699645996,-0.025127144530415535,0.01062858197838068,6.992772796365898e-06,0.025127144530415535,0.036487214267253876,0.00013985545956529677,0.10628581792116165
45,4.5e-06,3.2280752658843994,-0.021034706383943558,0.015594647265970707,2.3720696844975464e-05,0.021034706383943558,0.04257853329181671,0.00047441391507163644,0.15594646334648132
46,4.600000000000001e-06,0.8117284178733826,-0.038662418723106384,0.012116974219679832,1.445886300643906e-05,0.038662418723106384,0.05751769244670868,0.00028917728923261166,0.12116973847150803
47,4.7e-06,0.6535353660583496,-0.035357072949409485,0.01270143873989582,3.332868800498545e-05,0.035357072949409485,0.05865134671330452,0.0006665737018920481,0.1270143836736679
48,4.800000000000001e-06,1.4056094884872437,-0.024338925257325172,0.014026142656803131,2.873355697374791e-05,0.024338925257325172,0.04644867032766342,0.0005746711394749582,0.14026141166687012
49,4.9000000000000005e-06,0.885739803314209,-0.053418658673763275,0.01417749933898449,2.2482374333776534e-05,0.053418658673763275,0.07208871841430664,0.00044964748667553067,0.141774982213974
50,5e-06,0.8022854924201965,-0.052175287157297134,0.014408670365810394,1.5029232599772513e-05,0.052175287157297134,0.06811169534921646,0.00030058465199545026,0.14408670365810394
51,5.1e-06,1.1495139598846436,-0.03610488772392273,0.015341069549322128,2.6586978492559865e-05,0.03610488772392273,0.053465694189071655,0.0005317395552992821,0.15341070294380188
52,5.2e-06,1.1135601997375488,-0.05294274166226387,0.016824517399072647,1.4986398127803113e-05,0.05294274166226387,0.06913534551858902,0.00029972795164212584,0.16824516654014587
53,5.300000000000001e-06,0.642623782157898,-0.05705077946186066,0.01447619404643774,2.002045584958978e-05,0.05705077946186066,0.06981045007705688,0.00040040910243988037,0.14476194977760315
54,5.400000000000001e-06,0.8524304032325745,-0.04951293021440506,0.016174092888832092,2.359615609748289e-05,0.04951293021440506,0.06565752625465393,0.0004719231219496578,0.16174091398715973
55,5.500000000000001e-06,1.622367024421692,-0.034400492906570435,0.015962736681103706,1.0301560905645601e-05,0.034400492906570435,0.04746623337268829,0.00020603121083695441,0.15962736308574677
56,5.600000000000001e-06,1.9983700513839722,-0.06660832464694977,0.019952353090047836,8.655440979055129e-06,0.06660832464694977,0.07962233573198318,0.0001731088268570602,0.19952352344989777
57,5.7e-06,0.3576985001564026,-0.05249670147895813,0.015083687379956245,7.969638318172656e-06,0.05249670147895813,0.06371895968914032,0.00015939277363941073,0.15083687007427216
58,5.8e-06,1.0278359651565552,-0.06017110496759415,0.017957665026187897,1.2054767466906924e-05,0.06017110496759415,0.07298070192337036,0.00024109534570015967,0.17957666516304016
59,5.9e-06,0.8493647575378418,-0.05304596200585365,0.014838362112641335,1.2781994882971048e-05,0.05304596200585365,0.06599754840135574,0.00025563989765942097,0.14838361740112305
60,6e-06,1.4156975746154785,-0.06398072838783264,0.014553112909197807,8.369489478354808e-06,0.06398072838783264,0.07521907985210419,0.00016738977865315974,0.14553114771842957
61,6.1e-06,1.5996360778808594,-0.06762304902076721,0.01712440699338913,1.5368614185717888e-05,0.06762304902076721,0.08261667191982269,0.00030737227643840015,0.1712440848350525
62,6.200000000000001e-06,0.6964042782783508,-0.05933645740151405,0.018184445798397064,1.928964411490597e-05,0.05933645740151405,0.0746670812368393,0.0003857928386423737,0.18184447288513184
63,6.300000000000001e-06,1.2323555946350098,-0.05484931170940399,0.01935066655278206,4.684373925556429e-05,0.05484931170940399,0.07822715491056442,0.0009368747123517096,0.19350665807724
64,6.4000000000000006e-06,0.8458297848701477,-0.054223768413066864,0.01805836521089077,2.5106914108619094e-05,0.054223768413066864,0.07152552157640457,0.0005021382821723819,0.1805836409330368
65,6.5000000000000004e-06,0.5533664226531982,-0.05236981064081192,0.016732418909668922,2.344562926737126e-05,0.05236981064081192,0.0686250850558281,0.0004689125344157219,0.16732418537139893
66,6.600000000000001e-06,1.1893329620361328,-0.06498077511787415,0.017651578411459923,1.8913846361101605e-05,0.06498077511787415,0.08131851255893707,0.0003782769199460745,0.17651578783988953
67,6.700000000000001e-06,0.8959418535232544,-0.06885404139757156,0.016674570739269257,1.1676227586576715e-05,0.06885404139757156,0.082186758518219,0.00023352453717961907,0.16674572229385376
68,6.800000000000001e-06,1.3425207138061523,-0.05512141436338425,0.01921885274350643,2.9839517083019018e-05,0.05512141436338425,0.07423534244298935,0.0005967903416603804,0.19218853116035461
69,6.9e-06,1.2164008617401123,-0.08280116319656372,0.017752280458807945,7.69948928791564e-06,0.08280116319656372,0.09545081853866577,0.0001539897930342704,0.17752280831336975
70,7e-06,0.3961745798587799,-0.08505860716104507,0.017523713409900665,1.9119392163702287e-05,0.08505860716104507,0.10096600651741028,0.0003823878359980881,0.17523713409900665
71,7.100000000000001e-06,0.7061965465545654,-0.04953749477863312,0.017526689916849136,5.016486102249473e-05,0.04953749477863312,0.07234872132539749,0.0010032972786575556,0.17526689171791077
72,7.2000000000000005e-06,1.450165033340454,-0.06024779751896858,0.02120092511177063,2.6573559807729907e-05,0.06024779751896858,0.0808592438697815,0.000531471217982471,0.2120092511177063
73,7.3e-06,0.7740054726600647,-0.04834676533937454,0.020520314574241638,2.452776243444532e-05,0.04834676533937454,0.06956396251916885,0.0004905551904812455,0.2052031308412552
74,7.4e-06,0.4572758078575134,-0.06701500713825226,0.021556152030825615,2.501705239410512e-05,0.06701500713825226,0.0829843133687973,0.0005003410624340177,0.21556150913238525
75,7.500000000000001e-06,0.7572275996208191,-0.06792391836643219,0.02205720543861389,3.202786319889128e-05,0.06792391836643219,0.09022238850593567,0.0006405572639778256,0.22057205438613892
76,7.600000000000001e-06,0.5476108193397522,-0.0807938277721405,0.021350927650928497,1.7571397620486096e-05,0.0807938277721405,0.09833995252847672,0.0003514279378578067,0.21350926160812378
77,7.7e-06,0.4997193217277527,-0.08197039365768433,0.020031291991472244,1.3213146303314716e-05,0.08197039365768433,0.09754116088151932,0.0002642629260662943,0.20031291246414185
78,7.800000000000002e-06,0.6553634405136108,-0.07046100497245789,0.018691904842853546,2.044518078037072e-05,0.07046100497245789,0.0884256362915039,0.00040890363743528724,0.18691906332969666
79,7.9e-06,0.6855403184890747,-0.06684267520904541,0.018117282539606094,1.837899071688298e-05,0.06684267520904541,0.08085671067237854,0.00036757977795787156,0.18117281794548035
80,8.000000000000001e-06,0.33948907256126404,-0.09473738074302673,0.017030879855155945,9.341128134110477e-06,0.09473738074302673,0.10871832072734833,0.00018682255176827312,0.17030879855155945
81,8.1e-06,0.465695321559906,-0.06330111622810364,0.017352275550365448,2.839638000295963e-05,0.06330111622810364,0.08500936627388,0.0005679276073351502,0.17352275550365448
82,8.2e-06,1.2588226795196533,-0.07036565244197845,0.018751516938209534,3.079434100072831e-05,0.07036565244197845,0.09032778441905975,0.0006158868782222271,0.18751513957977295
83,8.3e-06,0.9417410492897034,-0.06354056298732758,0.018717508763074875,2.0477862562984228e-05,0.06354056298732758,0.08098527789115906,0.00040955725125968456,0.18717508018016815
84,8.400000000000001e-06,0.7594702243804932,-0.053284451365470886,0.01583939790725708,3.222529267077334e-05,0.053284451365470886,0.06898394972085953,0.0006445057224482298,0.1583939790725708
85,8.5e-06,0.9741712212562561,-0.07590767741203308,0.015263015404343605,2.163803765142802e-05,0.07590767741203308,0.09321686625480652,0.00043276077485643327,0.15263015031814575
86,8.6e-06,0.5105664134025574,-0.0712628960609436,0.016167007386684418,1.0775297596410383e-05,0.0712628960609436,0.08480207622051239,0.00021550594829022884,0.16167005896568298
87,8.700000000000001e-06,0.4863258898258209,-0.07545000314712524,0.01630386710166931,8.003510629350785e-06,0.07545000314712524,0.0871841162443161,0.0001600702089490369,0.16303867101669312
88,8.8e-06,0.6747541427612305,-0.06977154314517975,0.015236668288707733,1.2235469512233976e-05,0.06977154314517975,0.0847209170460701,0.0002447093720547855,0.15236668288707733
89,8.900000000000001e-06,0.43981820344924927,-0.08375070244073868,0.015517337247729301,8.589427125116345e-06,0.08375070244073868,0.09682720899581909,0.00017178856069222093,0.15517336130142212
90,9e-06,0.6401094794273376,-0.0744141936302185,0.01647784188389778,3.6014167562825605e-05,0.0744141936302185,0.09692758321762085,0.0007202834240160882,0.16477841138839722
91,9.100000000000001e-06,0.2735886871814728,-0.08893176913261414,0.015413358807563782,7.749683391011786e-06,0.08893176913261414,0.1007508933544159,0.00015499367145821452,0.15413358807563782
92,9.200000000000002e-06,0.3443593680858612,-0.07199345529079437,0.015742920339107513,1.6273223081952892e-05,0.07199345529079437,0.08610624074935913,0.000325464439811185,0.15742918848991394
93,9.3e-06,0.7651346325874329,-0.08048740029335022,0.016924595460295677,1.1736288797692396e-05,0.08048740029335022,0.09499989449977875,0.00023472575412597507,0.16924594342708588
94,9.4e-06,0.3458872437477112,-0.09198354184627533,0.015983877703547478,8.53844903758727e-06,0.09198354184627533,0.10505805909633636,0.00017076896619983017,0.15983876585960388
95,9.5e-06,0.15907403826713562,-0.08980229496955872,0.016456779092550278,1.009912375593558e-05,0.08980229496955872,0.10253161936998367,0.0002019824751187116,0.16456779837608337
96,9.600000000000001e-06,0.23800726234912872,-0.07892169058322906,0.018292149528861046,7.827240551705472e-06,0.07892169058322906,0.09089913964271545,0.00015654481831006706,0.18292149901390076
97,9.7e-06,0.2977392077445984,-0.09156055003404617,0.016550756990909576,1.0356920029153116e-05,0.09156055003404617,0.10518360137939453,0.00020713837875518948,0.16550756990909576
98,9.800000000000001e-06,0.32359328866004944,-0.0689229741692543,0.016440285369753838,6.071844109101221e-05,0.0689229741692543,0.09200967848300934,0.0012143687345087528,0.16440284252166748
99,9.9e-06,0.34740230441093445,-0.07837389409542084,0.018614904955029488,5.978031367703807e-06,0.07837389409542084,0.08992459625005722,0.00011956061644013971,0.18614904582500458
100,1e-05,0.335203617811203,-0.10928716510534286,0.016408873721957207,1.947260352608282e-05,0.10928716510534286,0.12388917803764343,0.0003894520632456988,0.16408872604370117
101,9.999987411224159e-06,0.5498092174530029,-0.08476238697767258,0.017444409430027008,1.4413777535082772e-05,0.08476238697767258,0.09875380247831345,0.0002882755361497402,0.1744440793991089
102,9.999949644960027e-06,0.972350001335144,-0.09048548340797424,0.018045200034976006,1.340846483799396e-05,0.09048548340797424,0.10570016503334045,0.000268169300397858,0.18045198917388916
103,9.999886701397774e-06,0.47134196758270264,-0.08809766918420792,0.01701796054840088,6.99737529430422e-06,0.08809766918420792,0.10042718052864075,0.0001399475004291162,0.1701796054840088
104,9.999798580854356e-06,0.6084657907485962,-0.09681268781423569,0.017138630151748657,5.166763003217056e-06,0.09681268781423569,0.10669758915901184,0.0001033352455124259,0.17138630151748657
105,9.999685283773504e-06,0.653587818145752,-0.09600319713354111,0.016526680439710617,9.17130910238484e-06,0.09600319713354111,0.10846631973981857,0.00018342616385780275,0.16526681184768677
106,9.999546810725726e-06,0.6102363467216492,-0.07707871496677399,0.015954725444316864,1.022677133732941e-05,0.07707871496677399,0.09070925414562225,0.00020453543402254581,0.15954723954200745
107,9.999383162408303e-06,0.5116069316864014,-0.08100118488073349,0.015617690980434418,1.563668411108665e-05,0.08100118488073349,0.09383932501077652,0.00031273363856598735,0.15617690980434418
108,9.999194339645292e-06,0.1927260309457779,-0.09367915987968445,0.0164440106600523,2.276037776027806e-05,0.09367915987968445,0.10943925380706787,0.000455207540653646,0.1644400954246521
109,9.998980343387508e-06,1.064961314201355,-0.07269792258739471,0.016226796433329582,5.2823248552158475e-05,0.07269792258739471,0.09536510705947876,0.0010564648546278477,0.16226795315742493
110,9.998741174712534e-06,0.2860794961452484,-0.10969306528568268,0.015318343415856361,4.1356652218382806e-06,0.10969306528568268,0.11909641325473785,8.2713297160808e-05,0.15318343043327332
111,9.998476834824704e-06,0.5609027147293091,-0.09083996713161469,0.014823555015027523,1.656649874348659e-05,0.09083996713161469,0.10547415912151337,0.00033132999669760466,0.14823555946350098
112,9.998187325055107e-06,0.3433167040348053,-0.09412257373332977,0.015376653522253036,4.9916507123271e-06,0.09412257373332977,0.10451440513134003,9.9833014246542e-05,0.15376652777194977
113,9.99787264686157e-06,0.42906785011291504,-0.09392155706882477,0.015919625759124756,6.5606536736595444e-06,0.09392155706882477,0.10535135865211487,0.0001312130771111697,0.15919625759124756
114,9.997532801828659e-06,0.1114407628774643,-0.10349679738283157,0.015205072239041328,5.980965397611726e-06,0.10349679738283157,0.11472690105438232,0.00011961928976234049,0.15205073356628418
115,9.997167791667668e-06,0.3452311158180237,-0.07751074433326721,0.014993187971413136,8.288388926303014e-06,0.07751074433326721,0.091403067111969,0.00016576777852606028,0.1499318778514862
116,9.996777618216608e-06,0.38112133741378784,-0.09135030210018158,0.016091741621494293,5.19465083925752e-06,0.09135030210018158,0.10179813951253891,0.00010389301314717159,0.16091743111610413
117,9.996362283440202e-06,0.743320107460022,-0.08537974953651428,0.01566273160278797,2.4510143703082576e-05,0.08537974953651428,0.10140782594680786,0.0004902028013020754,0.15662729740142822
118,9.995921789429875e-06,1.0884225368499756,-0.0849934071302414,0.015137512236833572,9.225748726748861e-06,0.0849934071302414,0.09822046011686325,0.00018451498181093484,0.15137512981891632
119,9.995456138403734e-06,0.36930015683174133,-0.09893245995044708,0.015198590233922005,5.441110261017457e-06,0.09893245995044708,0.10994598269462585,0.00010882220522034913,0.15198588371276855
120,9.994965332706574e-06,0.4043881595134735,-0.08051896840333939,0.015042537823319435,1.6605154087301344e-05,0.08051896840333939,0.0956716388463974,0.0003321030817460269,0.15042537450790405
121,9.994449374809851e-06,0.21918651461601257,-0.10784474015235901,0.015220588073134422,4.338578492024681e-06,0.10784474015235901,0.11800128221511841,8.677155710756779e-05,0.15220588445663452
122,9.993908267311677e-06,0.23331715166568756,-0.11498613655567169,0.016353586688637733,6.1055734477122314e-06,0.11498613655567169,0.1248587816953659,0.00012211147986818105,0.16353586316108704
123,9.9933420129368e-06,0.30971193313598633,-0.1033562496304512,0.014953218400478363,4.053197699249722e-06,0.1033562496304512,0.11268846690654755,8.106394670903683e-05,0.14953216910362244
124,9.992750614536606e-06,0.09377248585224152,-0.10538876056671143,0.015260769054293633,4.5072188186168205e-06,0.10538876056671143,0.11514667421579361,9.01443709153682e-05,0.15260767936706543
125,9.992134075089085e-06,1.196000576019287,-0.10543432831764221,0.015584049746394157,1.3328856766747776e-05,0.10543432831764221,0.12099897861480713,0.0002665771171450615,0.15584048628807068
126,9.991492397698825e-06,0.19668446481227875,-0.10072851181030273,0.014475163072347641,4.64841923530912e-06,0.10072851181030273,0.11102409660816193,9.296838834416121e-05,0.144751638174057
127,9.990825585597003e-06,1.1520453691482544,-0.09714224934577942,0.015218392945826054,1.7408194253221154e-05,0.09714224934577942,0.11418361961841583,0.0003481638850644231,0.1521839201450348
128,9.990133642141359e-06,0.3580707907676697,-0.11015303432941437,0.012351153418421745,1.2876561413577292e-05,0.11015303432941437,0.12175408005714417,0.00025753123918548226,0.12351153045892715
129,9.989416570816177e-06,0.15314558148384094,-0.097621388733387,0.015414096415042877,6.285276867856737e-06,0.097621388733387,0.10849282145500183,0.00012570552644319832,0.15414096415042877
130,9.98867437523228e-06,1.500219702720642,-0.09092015773057938,0.014720475301146507,1.1239088962611277e-05,0.09092015773057938,0.10505110770463943,0.00022478177561424673,0.14720475673675537
131,9.987907059127003e-06,0.26932039856910706,-0.09082670509815216,0.013571737334132195,9.302621037932113e-06,0.09082670509815216,0.10356583446264267,0.00018605242075864226,0.13571736216545105
132,9.987114626364172e-06,0.4054430425167084,-0.08764170110225677,0.01355297863483429,9.01389375940198e-06,0.08764170110225677,0.10014930367469788,0.0001802778715500608,0.1355297863483429
133,9.98629708093409e-06,0.5511323809623718,-0.08919169008731842,0.012948019430041313,1.4632354577770457e-05,0.08919169008731842,0.10470446944236755,0.00029264710610732436,0.12948018312454224
134,9.985454426953513e-06,0.3827483654022217,-0.10955993831157684,0.012910575605928898,6.187980943650473e-06,0.10955993831157684,0.12184680998325348,0.00012375962978694588,0.12910574674606323
135,9.984586668665641e-06,0.30148640275001526,-0.10194841772317886,0.01476922444999218,7.901004209998064e-06,0.10194841772317886,0.11422465741634369,0.0001580200914759189,0.1476922333240509
136,9.983693810440073e-06,0.6248527765274048,-0.1014707088470459,0.013051707297563553,7.1688491516397335e-06,0.1014707088470459,0.11300011724233627,0.00014337697939481586,0.13051706552505493
137,9.98277585677281e-06,0.395544171333313,-0.09645825624465942,0.01478918083012104,8.756494025874417e-06,0.09645825624465942,0.10922002792358398,0.00017512986960355192,0.1478918194770813
138,9.981832812286217e-06,0.1157008558511734,-0.1043003499507904,0.014437152072787285,7.610587090312038e-06,0.1043003499507904,0.11600600928068161,0.00015221175272017717,0.14437150955200195
139,9.980864681729e-06,0.18370264768600464,-0.11130964756011963,0.014096096158027649,6.0743514040950686e-06,0.11130964756011963,0.12201402336359024,0.00012148700625402853,0.1409609615802765
140,9.979871469976197e-06,0.6629131436347961,-0.10788548737764359,0.013996056281030178,1.5359148164861836e-05,0.10788548737764359,0.1213434487581253,0.0003071829560212791,0.13996055722236633
141,9.978853182029129e-06,0.28852203488349915,-0.109163798391819,0.014348307624459267,5.559921191888861e-06,0.109163798391819,0.12025010585784912,0.00011119841656181961,0.14348307251930237
142,9.9778098230154e-06,0.19547432661056519,-0.10089439153671265,0.015207478776574135,4.918021659250371e-06,0.10089439153671265,0.11138680577278137,9.836042590904981e-05,0.15207478404045105
143,9.976741398188856e-06,0.2720741033554077,-0.09759439527988434,0.01516206655651331,6.47802426101407e-06,0.09759439527988434,0.10920655727386475,0.00012956047430634499,0.15162065625190735
144,9.975647912929558e-06,0.47193852066993713,-0.11838813871145248,0.013980302959680557,9.532110198051669e-06,0.11838813871145248,0.13086403906345367,0.000190642211236991,0.13980303704738617
145,9.974529372743762e-06,0.2801769971847534,-0.08564125001430511,0.014561192132532597,1.868560502771288e-05,0.08564125001430511,0.1000109612941742,0.00037371210055425763,0.14561191201210022
146,9.973385783263893e-06,0.1712283194065094,-0.09319328516721725,0.014226383529603481,1.5648229236830957e-05,0.09319328516721725,0.10743507742881775,0.00031296457746066153,0.14226382970809937
147,9.972217150248504e-06,0.2597111165523529,-0.09680941700935364,0.013940218836069107,7.031886525510345e-06,0.09680941700935364,0.10915601253509521,0.00014063772687222809,0.13940219581127167
148,9.971023479582258e-06,0.6403318643569946,-0.09805852174758911,0.01425054669380188,8.618743777333293e-06,0.09805852174758911,0.10960882902145386,0.00017237487190868706,0.1425054669380188
149,9.9698047772759e-06,0.1948672980070114,-0.11216038465499878,0.014784645289182663,5.430053533928003e-06,0.11216038465499878,0.12390680611133575,0.00010860106704058126,0.14784644544124603
150,9.968561049466214e-06,0.13361282646656036,-0.10507876425981522,0.014947930350899696,6.0424736147979274e-06,0.10507876425981522,0.11741426587104797,0.00012084947957191616,0.14947929978370667
151,9.967292302416005e-06,0.34347593784332275,-0.10874756425619125,0.014843584969639778,1.1695932698785327e-05,0.10874756425619125,0.12249928712844849,0.00023391866125166416,0.14843586087226868
152,9.965998542514066e-06,0.5024493932723999,-0.10470721125602722,0.016453392803668976,1.6130910807987675e-05,0.10470721125602722,0.11836466193199158,0.00032261823071166873,0.16453391313552856
153,9.964679776275132e-06,0.5767686367034912,-0.1069648340344429,0.01609967276453972,1.8700293367146514e-05,0.1069648340344429,0.12231729179620743,0.00037400590372271836,0.16099673509597778
154,9.963336010339869e-06,0.2074016034603119,-0.11461558192968369,0.015437214635312557,7.258769073814619e-06,0.11461558192968369,0.12464956939220428,0.00014517536328639835,0.15437215566635132
155,9.961967251474823e-06,0.31667816638946533,-0.0989837497472763,0.015563858672976494,8.682503903401084e-06,0.0989837497472763,0.11139120161533356,0.00017365007079206407,0.15563857555389404
156,9.960573506572391e-06,0.17177389562129974,-0.11055916547775269,0.01554572582244873,6.370980372594204e-06,0.11055916547775269,0.12264256179332733,0.00012741959653794765,0.1554572582244873
157,9.95915478265079e-06,0.17312203347682953,-0.1190672367811203,0.016178766265511513,6.04908746026922e-06,0.1190672367811203,0.12930545210838318,0.00012098175648134202,0.16178765892982483
158,9.957711086854025e-06,0.7038822174072266,-0.11520173400640488,0.014834664762020111,6.489263341791229e-06,0.11520173400640488,0.125627338886261,0.0001297852722927928,0.14834663271903992
159,9.956242426451834e-06,0.22263886034488678,-0.11343643814325333,0.015402416698634624,6.912986464158166e-06,0.11343643814325333,0.12419795989990234,0.00013825972564518452,0.1540241688489914
160,9.954748808839675e-06,0.2993287146091461,-0.10510110855102539,0.014648087322711945,7.665990779059939e-06,0.10510110855102539,0.11575841158628464,0.00015331983740907162,0.14648087322711945
161,9.953230241538674e-06,0.5206747055053711,-0.10439221560955048,0.014938583597540855,7.244604148581857e-06,0.10439221560955048,0.11561005562543869,0.00014489208115264773,0.14938583970069885
162,9.951686732195593e-06,0.3341778814792633,-0.11889098584651947,0.014250408858060837,4.15367094319663e-06,0.11889098584651947,0.12780658900737762,8.307341340696439e-05,0.14250408113002777
163,9.95011828858279e-06,0.5335346460342407,-0.09063120931386948,0.015979785472154617,2.033936107181944e-05,0.09063120931386948,0.10683266818523407,0.00040678720688447356,0.15979784727096558
164,9.948524918598175e-06,0.47342950105667114,-0.11594535410404205,0.014248165301978588,5.760625754192006e-06,0.11594535410404205,0.1263408064842224,0.00011521251872181892,0.14248165488243103
165,9.946906630265184e-06,0.2366638332605362,-0.10363166034221649,0.016150493174791336,8.876331776264124e-06,0.10363166034221649,0.11553017795085907,0.00017752662824932486,0.16150493919849396
166,9.945263431732722e-06,0.21039466559886932,-0.1228543221950531,0.015322218649089336,4.695210918725934e-06,0.1228543221950531,0.1319616734981537,9.390421473653987e-05,0.15322217345237732
167,9.943595331275133e-06,0.16144540905952454,-0.12082864344120026,0.01606004685163498,4.257415639585815e-06,0.12082864344120026,0.13002976775169373,8.514831279171631e-05,0.160600483417511
168,9.941902337292156e-06,0.41915300488471985,-0.11632572114467621,0.015472553670406342,1.4014220141689293e-05,0.11632572114467621,0.12946638464927673,0.000280284381005913,0.15472552180290222
169,9.940184458308875e-06,1.0135689973831177,-0.1151403933763504,0.01632414199411869,9.084550583793316e-06,0.1151403933763504,0.12738312780857086,0.00018169102258980274,0.1632414013147354
170,9.938441702975689e-06,0.5600125193595886,-0.1233222484588623,0.014645984396338463,5.033588422520552e-06,0.1233222484588623,0.13451999425888062,0.00010067176481243223,0.14645983278751373
171,9.936674080068262e-06,0.2249659299850464,-0.12000437825918198,0.014922451227903366,4.141799763601739e-06,0.12000437825918198,0.12981152534484863,8.283599163405597e-05,0.14922451972961426
172,9.934881598487478e-06,0.754717230796814,-0.11698538064956665,0.015051933005452156,8.545430318918079e-06,0.11698538064956665,0.13105693459510803,0.00017090860637836158,0.15051932632923126
173,9.933064267259396e-06,0.7437193393707275,-0.1075732558965683,0.01551891677081585,1.8374437786405906e-05,0.1075732558965683,0.12296628952026367,0.00036748871207237244,0.1551891565322876
174,9.931222095535204e-06,1.1028907299041748,-0.11968255043029785,0.014559495262801647,7.020813427516259e-06,0.11968255043029785,0.13045117259025574,0.00014041626127436757,0.14559495449066162
175,9.92935509259118e-06,0.24321381747722626,-0.12352272868156433,0.015322021208703518,4.121314759686356e-06,0.12352272868156433,0.13230521976947784,8.242629701271653e-05,0.15322020649909973
176,9.927463267828635e-06,0.29765722155570984,-0.11240389943122864,0.0179298035800457,8.327544492203742e-06,0.11240389943122864,0.12270522117614746,0.00016655088984407485,0.1792980432510376
177,9.92554663077387e-06,0.16491016745567322,-0.11888270080089569,0.014439797028899193,7.364697921730112e-06,0.11888270080089569,0.1308148205280304,0.00014729396207258105,0.14439797401428223
178,9.923605191078134e-06,0.12846484780311584,-0.1139078363776207,0.014739573933184147,4.012629688077141e-06,0.1139078363776207,0.12283658236265182,8.025259739952162e-05,0.14739573001861572
179,9.921638958517566e-06,0.4257664382457733,-0.112635537981987,0.01490679383277893,7.002199254202424e-06,0.112635537981987,0.12367948889732361,0.0001400439941789955,0.1490679383277893
180,9.91964794299315e-06,0.4563295841217041,-0.10823061317205429,0.01632193848490715,1.7543519788887352e-05,0.10823061317205429,0.12074059247970581,0.00035087039577774704,0.1632193773984909
181,9.917632154530664e-06,0.6251693367958069,-0.12575408816337585,0.013650650158524513,4.7226330934790894e-06,0.12575408816337585,0.13471108675003052,9.44526691455394e-05,0.13650649785995483
182,9.915591603280632e-06,0.1344662755727768,-0.12573882937431335,0.015668723732233047,5.713265181839233e-06,0.12573882937431335,0.13619236648082733,0.00011426530545577407,0.15668724477291107
183,9.913526299518274e-06,0.13232766091823578,-0.12171599268913269,0.0159895122051239,7.553106115665287e-06,0.12171599268913269,0.1317918598651886,0.00015106212231330574,0.159895122051239
184,9.911436253643445e-06,0.24915745854377747,-0.11959297209978104,0.018492819741368294,3.857417141261976e-06,0.11959297209978104,0.12783317267894745,7.714833918726072e-05,0.18492820858955383
185,9.909321476180594e-06,1.212692141532898,-0.10951223224401474,0.017781410366296768,2.222921648353804e-05,0.10951223224401474,0.12565061450004578,0.0004445842932909727,0.17781409621238708
186,9.907181977778702e-06,0.41812676191329956,-0.12018559128046036,0.016743894666433334,4.800280294148251e-06,0.12018559128046036,0.12861323356628418,9.600559860700741e-05,0.16743893921375275
187,9.90501776921124e-06,0.18611136078834534,-0.11767737567424774,0.016045454889535904,5.197495738684665e-06,0.11767737567424774,0.12774211168289185,0.00010394990385975689,0.16045455634593964
188,9.902828861376101e-06,0.7081536650657654,-0.11856074631214142,0.015798842534422874,8.748880645725876e-06,0.11856074631214142,0.12944050133228302,0.00017497761291451752,0.15798842906951904
189,9.900615265295553e-06,0.5267001390457153,-0.11771024018526077,0.015150301158428192,1.1059828466386534e-05,0.11771024018526077,0.1304856538772583,0.0002211965766036883,0.15150301158428192
190,9.898376992116179e-06,0.35486018657684326,-0.11526872962713242,0.016360700130462646,4.470364274311578e-06,0.11526872962713242,0.125142902135849,8.940728730522096e-05,0.16360698640346527
191,9.89611405310883e-06,0.13544544577598572,-0.11511419713497162,0.014813493005931377,6.399912308552302e-06,0.11511419713497162,0.12547370791435242,0.00012799825344700366,0.14813491702079773
192,9.89382645966856e-06,0.8885880708694458,-0.11941976845264435,0.01622064597904682,7.349459338001907e-06,0.11941976845264435,0.1304093301296234,0.00014698918676003814,0.1622064709663391
193,9.891514223314561e-06,0.17176423966884613,-0.11868516355752945,0.015707362443208694,7.936519068607595e-06,0.11868516355752945,0.13048216700553894,0.0001587303850101307,0.15707364678382874
194,9.889177355690136e-06,0.25364428758621216,-0.12131907045841217,0.015004751272499561,7.778642611810938e-06,0.12131907045841217,0.1330433189868927,0.00015557285223621875,0.15004751086235046
195,9.886815868562596e-06,0.39269882440567017,-0.12178343534469604,0.014504175633192062,6.7228570514998864e-06,0.12178343534469604,0.13173949718475342,0.00013445715012494475,0.14504173398017883
196,9.884429773823238e-06,0.2155257761478424,-0.12237235903739929,0.01635858230292797,6.463493264163844e-06,0.12237235903739929,0.13175490498542786,0.00012926985800731927,0.1635858118534088
197,9.882019083487267e-06,0.1486065834760666,-0.1304481476545334,0.015593096613883972,2.805072199407732e-06,0.1304481476545334,0.1380053162574768,5.6101445807144046e-05,0.15593096613883972
198,9.879583809693737e-06,0.3830256462097168,-0.11944214999675751,0.01669318601489067,6.887620656925719e-06,0.11944214999675751,0.1309119015932083,0.00013775240222457796,0.1669318825006485
199,9.877123964705497e-06,0.38725095987319946,-0.12603192031383514,0.014659298583865166,4.9314257921651006e-06,0.12603192031383514,0.13515883684158325,9.862851584330201e-05,0.14659297466278076
200,9.874639560909118e-06,0.4027114510536194,-0.11948961019515991,0.015230800025165081,2.0473684344324283e-05,0.11948961019515991,0.1341017335653305,0.0004094736650586128,0.15230800211429596
201,9.872130610814845e-06,0.1561242640018463,-0.12321830540895462,0.01416738424450159,4.858095053350553e-06,0.12321830540895462,0.13310620188713074,9.716190106701106e-05,0.14167383313179016
202,9.86959712705652e-06,1.1214481592178345,-0.1218629777431488,0.014908740296959877,6.631426003878005e-06,0.1218629777431488,0.13143032789230347,0.00013262851280160248,0.14908739924430847
203,9.867039122391527e-06,0.17839324474334717,-0.11769217252731323,0.015538591891527176,5.242109182290733e-06,0.11769217252731323,0.12789864838123322,0.00010484218364581466,0.15538591146469116
204,9.864456609700726e-06,0.3359747529029846,-0.11799070239067078,0.01613118126988411,4.224253643769771e-06,0.11799070239067078,0.12707854807376862,8.448507287539542e-05,0.1613118052482605
205,9.861849601988384e-06,0.2228793352842331,-0.12300945818424225,0.014116094447672367,5.691715159628075e-06,0.12300945818424225,0.13444587588310242,0.0001138343068305403,0.14116095006465912
206,9.859218112382117e-06,0.20981061458587646,-0.1174355000257492,0.015189063735306263,2.6423746021464467e-05,0.1174355000257492,0.1311849057674408,0.0005284749204292893,0.15189063549041748
207,9.856562154132818e-06,0.13475202023983002,-0.12947118282318115,0.013757411390542984,3.471777745289728e-06,0.12947118282318115,0.1375626027584076,6.943554762983695e-05,0.13757410645484924
208,9.853881740614591e-06,0.20544447004795074,-0.13040660321712494,0.015815369784832,3.4553827390482184e-06,0.13040660321712494,0.13851431012153625,6.910764932399616e-05,0.15815369784832
209,9.851176885324689e-06,0.6122073531150818,-0.11099693924188614,0.01405317522585392,4.237100074533373e-05,0.11099693924188614,0.1310504972934723,0.0008474200731143355,0.1405317485332489
210,9.848447601883436e-06,1.161373496055603,-0.1012524962425232,0.017015237361192703,6.730210589012131e-05,0.1012524962425232,0.12476956099271774,0.0013460422633215785,0.17015238106250763
211,9.845693904034165e-06,0.4743293523788452,-0.13017329573631287,0.014628141187131405,4.321545475249877e-06,0.13017329573631287,0.13874408602714539,8.643091859994456e-05,0.1462814062833786
212,9.842915805643156e-06,0.19738075137138367,-0.12860628962516785,0.017720017582178116,2.5995818759838585e-06,0.12860628962516785,0.13568532466888428,5.199164297664538e-05,0.17720016837120056
213,9.840113320699548e-06,0.20653995871543884,-0.1196906715631485,0.015011848881840706,4.2093311094504315e-06,0.1196906715631485,0.12764427065849304,8.418662764597684e-05,0.15011848509311676
214,9.837286463315284e-06,0.14650698006153107,-0.13121435046195984,0.015121807344257832,4.324320798332337e-06,0.13121435046195984,0.13895997405052185,8.648640505271032e-05,0.15121808648109436
215,9.834435247725032e-06,0.5885391235351562,-0.1291728913784027,0.015402781777083874,7.858342542022001e-06,0.1291728913784027,0.13999389111995697,0.0001571668399265036,0.1540278196334839
216,9.83155968828612e-06,0.20702801644802094,-0.1161021739244461,0.016185356304049492,8.469367458019406e-06,0.1161021739244461,0.12580256164073944,0.0001693873491603881,0.16185356676578522
217,9.828659799478457e-06,0.11059341579675674,-0.12641382217407227,0.015453502535820007,4.187419563095318e-06,0.12641382217407227,0.13311447203159332,8.374838944291696e-05,0.15453504025936127
218,9.825735595904462e-06,0.16966241598129272,-0.12286774069070816,0.015366130508482456,7.269970410561655e-06,0.12286774069070816,0.13268816471099854,0.00014539941912516952,0.15366131067276
219,9.822787092288991e-06,0.18827766180038452,-0.12151144444942474,0.015233318321406841,6.2801650528854225e-06,0.12151144444942474,0.13128018379211426,0.00012560329923871905,0.15233317017555237
220,9.819814303479268e-06,0.4434059262275696,-0.12038923799991608,0.015333721414208412,2.0189503629808314e-05,0.12038923799991608,0.13297045230865479,0.0004037900944240391,0.15333722531795502
221,9.816817244444798e-06,0.17373058199882507,-0.12861613929271698,0.015304910950362682,4.500577688304475e-06,0.12861613929271698,0.13728547096252441,9.00115555850789e-05,0.15304911136627197
222,9.813795930277306e-06,0.5295640230178833,-0.12847714126110077,0.016224604099988937,4.7921648729243316e-06,0.12847714126110077,0.13734298944473267,9.584328654455021e-05,0.16224601864814758
223,9.810750376190648e-06,0.7765772342681885,-0.12855775654315948,0.015907160937786102,8.774791240284685e-06,0.12855775654315948,0.14038890600204468,0.00017549580661579967,0.15907159447669983
224,9.807680597520746e-06,0.17992031574249268,-0.12278133630752563,0.01720879226922989,4.059683760715416e-06,0.12278133630752563,0.13109415769577026,8.119367703329772e-05,0.1720879077911377
225,9.804586609725499e-06,0.21669211983680725,-0.12770533561706543,0.01534834410995245,4.535334028332727e-06,0.12770533561706543,0.13732245564460754,9.070667874766514e-05,0.15348345041275024
226,9.801468428384716e-06,0.16765376925468445,-0.12629833817481995,0.016157686710357666,5.178164428798482e-06,0.12629833817481995,0.13615012168884277,0.00010356327402405441,0.16157688200473785
227,9.798326069200032e-06,0.19063010811805725,-0.1314425766468048,0.015045341104269028,4.481824362301268e-06,0.1314425766468048,0.13992348313331604,8.963648724602535e-05,0.15045340359210968
228,9.79515954799483e-06,0.36642342805862427,-0.12458492815494537,0.01457267627120018,6.234423835849157e-06,0.12458492815494537,0.13477638363838196,0.00012468847853597254,0.1457267701625824
229,9.791968880714157e-06,0.19283334910869598,-0.12763413786888123,0.014830727130174637,5.254031293588923e-06,0.12763413786888123,0.13803696632385254,0.00010508061677683145,0.14830726385116577
230,9.788754083424654e-06,0.12740711867809296,-0.13109472393989563,0.014623807743191719,5.47428180652787e-06,0.13109472393989563,0.13964258134365082,0.00010948562703561038,0.1462380737066269
231,9.785515172314465e-06,0.11128468811511993,-0.1268361210823059,0.013713582418859005,3.235263648093678e-06,0.1268361210823059,0.13445836305618286,6.470526568591595e-05,0.1371358186006546
232,9.782252163693159e-06,0.172606959939003,-0.11785514652729034,0.014823678880929947,4.316563263273565e-06,0.11785514652729034,0.12752753496170044,8.633125980850309e-05,0.14823678135871887
233,9.778965073991652e-06,0.11730250716209412,-0.13399669528007507,0.015599125996232033,4.40288158642943e-06,0.13399669528007507,0.14254775643348694,8.805763354757801e-05,0.15599125623703003
234,9.775653919762117e-06,0.5512039661407471,-0.11597955226898193,0.015240713953971863,1.7057847799151205e-05,0.11597955226898193,0.12941744923591614,0.0003411569632589817,0.15240712463855743
235,9.772318717677905e-06,0.21577797830104828,-0.13077087700366974,0.01515928190201521,3.780971837841207e-06,0.13077087700366974,0.13837534189224243,7.561943493783474e-05,0.15159282088279724
236,9.768959484533461e-06,0.16114777326583862,-0.13392025232315063,0.014870324172079563,3.999481123173609e-06,0.13392025232315063,0.14270727336406708,7.998961518751457e-05,0.14870324730873108
237,9.765576237244238e-06,0.11355223506689072,-0.1321287751197815,0.014959756284952164,3.154297928631422e-06,0.1321287751197815,0.13986331224441528,6.308595766313374e-05,0.14959757030010223
238,9.762168992846615e-06,0.23591245710849762,-0.13100281357765198,0.015562706626951694,4.988983619114151e-06,0.13100281357765198,0.1394345760345459,9.977967420127243e-05,0.1556270718574524
239,9.758737768497802e-06,0.18872639536857605,-0.129338800907135,0.014803561381995678,4.040211933897808e-06,0.129338800907135,0.1383763998746872,8.080422412604094e-05,0.14803561568260193
240,9.755282581475769e-06,0.5632740259170532,-0.12942735850811005,0.013888160698115826,6.352334821713157e-06,0.12942735850811005,0.140560582280159,0.00012704670371022075,0.1388816088438034
241,9.751803449179143e-06,0.05595355108380318,-0.13524439930915833,0.013753975741565228,3.3916608117579017e-06,0.13524439930915833,0.14276883006095886,6.783322169212624e-05,0.13753975927829742
242,9.748300389127132e-06,0.09733652323484421,-0.12990260124206543,0.014311723411083221,3.006828592333477e-06,0.12990260124206543,0.13812962174415588,6.013657548464835e-05,0.1431172490119934
243,9.74477341895943e-06,0.24624010920524597,-0.12862955033779144,0.012930137105286121,4.9270961426373105e-06,0.12862955033779144,0.13861924409866333,9.854191011982039e-05,0.12930136919021606
244,9.741222556436132e-06,0.29905202984809875,-0.1297299861907959,0.014469296671450138,5.560450517805293e-06,0.1297299861907959,0.13997970521450043,0.00011120901035610586,0.14469297230243683
245,9.737647819437645e-06,0.4034505784511566,-0.12850767374038696,0.01251180563122034,6.9652905949624255e-06,0.12850767374038696,0.13784344494342804,0.0001393058046232909,0.12511804699897766
246,9.734049225964591e-06,0.16383519768714905,-0.12579740583896637,0.011589163914322853,3.956793989345897e-06,0.12579740583896637,0.1345294713973999,7.913587614893913e-05,0.11589164286851883
247,9.730426794137727e-06,0.14801126718521118,-0.12830311059951782,0.012651992030441761,4.246848675393267e-06,0.12830311059951782,0.1365908980369568,8.493696805089712e-05,0.12651991844177246
248,9.726780542197845e-06,0.1341128796339035,-0.1327677071094513,0.013018634170293808,4.1149378375848755e-06,0.1327677071094513,0.14054545760154724,8.229875675169751e-05,0.13018634915351868
249,9.723110488505686e-06,0.17133164405822754,-0.13033950328826904,0.012376906350255013,3.755884563361178e-06,0.13033950328826904,0.13832725584506989,7.511768490076065e-05,0.12376905977725983
250,9.719416651541839e-06,0.07349926978349686,-0.13232135772705078,0.012407952919602394,3.8118098473205464e-06,0.13232135772705078,0.14126849174499512,7.623620331287384e-05,0.12407952547073364
251,9.715699049906661e-06,0.696578323841095,-0.13273930549621582,0.013388330116868019,3.6721503420267254e-06,0.13273930549621582,0.14021646976470947,7.34429995645769e-05,0.1338832974433899
252,9.711957702320176e-06,0.2649991810321808,-0.13295048475265503,0.01331187505275011,4.9535992729943246e-06,0.13295048475265503,0.1417551040649414,9.907200001180172e-05,0.13311874866485596
253,9.708192627621972e-06,0.09220944344997406,-0.13212017714977264,0.01446338277310133,2.9804648420395097e-06,0.13212017714977264,0.13926929235458374,5.96093013882637e-05,0.14463382959365845
254,9.704403844771128e-06,0.09997040778398514,-0.13614565134048462,0.013727620244026184,3.421024530325667e-06,0.13614565134048462,0.14387758076190948,6.842049333499745e-05,0.13727620244026184
255,9.700591372846096e-06,0.10953895002603531,-0.13068887591362,0.014455811120569706,5.4770744100096636e-06,0.13068887591362,0.14071351289749146,0.00010954148456221446,0.1445581018924713
256,9.696755231044618e-06,0.4191575348377228,-0.12971271574497223,0.01395235862582922,4.182410521025304e-06,0.12971271574497223,0.1386781483888626,8.364821405848488e-05,0.13952358067035675
257,9.692895438683626e-06,0.5531837344169617,-0.13179345428943634,0.015659935772418976,4.7570788410666864e-06,0.13179345428943634,0.14023587107658386,9.514157864032313e-05,0.15659934282302856
258,9.689012015199147e-06,0.22756274044513702,-0.13107380270957947,0.013702774420380592,4.46571266365936e-06,0.13107380270957947,0.13865044713020325,8.931424235925078e-05,0.13702774047851562
259,9.685104980146193e-06,0.9458398818969727,-0.13361230492591858,0.01393839716911316,6.736553132213885e-06,0.13361230492591858,0.14424949884414673,0.0001347310608252883,0.1393839716911316
260,9.681174353198687e-06,0.09771772474050522,-0.13548454642295837,0.013157100416719913,2.9110544801369542e-06,0.13548454642295837,0.14215093851089478,5.8221085055265576e-05,0.1315709948539734
261,9.677220154149338e-06,0.08485984057188034,-0.13339319825172424,0.011700629256665707,3.51280777977081e-06,0.13339319825172424,0.14160646498203278,7.02561519574374e-05,0.11700629442930222
262,9.673242402909555e-06,0.3400156795978546,-0.1312578171491623,0.012881172820925713,3.7973154576320667e-06,0.1312578171491623,0.13985732197761536,7.594630733365193e-05,0.12881171703338623
263,9.66924111950935e-06,0.15079112350940704,-0.12789484858512878,0.01316113956272602,3.1038964607432717e-06,0.12789484858512878,0.1348133534193039,6.207793194334954e-05,0.1316113919019699
264,9.665216324097222e-06,0.3098365068435669,-0.12040591239929199,0.013273380696773529,6.848461907793535e-06,0.12040591239929199,0.13161298632621765,0.0001369692326989025,0.1327337920665741
265,9.661168036940071e-06,0.12376274168491364,-0.13717499375343323,0.013362603262066841,4.315085789130535e-06,0.13717499375343323,0.1448424756526947,8.63017194205895e-05,0.1336260437965393
266,9.657096278423093e-06,0.6232074499130249,-0.13219411671161652,0.012940950691699982,3.666458951556706e-06,0.13219411671161652,0.14028704166412354,7.332917448366061e-05,0.12940950691699982
267,9.653001069049665e-06,0.0618753544986248,-0.1369861364364624,0.013178902678191662,3.816012394963764e-06,0.1369861364364624,0.14492471516132355,7.632024062331766e-05,0.13178902864456177
268,9.648882429441258e-06,0.5413348078727722,-0.13022953271865845,0.01393243670463562,9.384064469486475e-06,0.13022953271865845,0.14051908254623413,0.0001876812893897295,0.1393243670463562
269,9.644740380337325e-06,0.2527039647102356,-0.1343095451593399,0.01325225830078125,4.10908705816837e-06,0.1343095451593399,0.14282932877540588,8.21817375253886e-05,0.1325225830078125
270,9.640574942595195e-06,0.09206501394510269,-0.14028149843215942,0.01234210841357708,3.555295052137808e-06,0.14028149843215942,0.14788545668125153,7.110589649528265e-05,0.1234210878610611
271,9.636386137189976e-06,0.07758644223213196,-0.13370195031166077,0.01294888649135828,3.184501110808924e-06,0.13370195031166077,0.14075066149234772,6.369002221617848e-05,0.12948887050151825
272,9.632173985214438e-06,0.10002347826957703,-0.13427209854125977,0.014325045049190521,2.7987514386040857e-06,0.13427209854125977,0.14074869453907013,5.597502604359761e-05,0.14325043559074402
273,9.627938507878918e-06,0.08830958604812622,-0.13566580414772034,0.012522229924798012,3.470653155090986e-06,0.13566580414772034,0.142658531665802,6.941306492080912e-05,0.125222310423851
274,9.623679726511204e-06,0.09451117366552353,-0.13765108585357666,0.014474657364189625,3.432152880122885e-06,0.13765108585357666,0.1446482539176941,6.86430576024577e-05,0.1447465717792511
275,9.619397662556434e-06,0.09414981305599213,-0.13606154918670654,0.013270738534629345,3.064604698010953e-06,0.13606154918670654,0.14291039109230042,6.129208486527205e-05,0.1327073723077774
276,9.615092337576987e-06,0.25822150707244873,-0.13805079460144043,0.012339046224951744,3.758251523322542e-06,0.13805079460144043,0.14556431770324707,7.516502955695614e-05,0.12339046597480774
277,9.61076377325237e-06,0.4187893271446228,-0.1350681483745575,0.014835543930530548,5.33567708771443e-06,0.1350681483745575,0.1436106413602829,0.0001067135453922674,0.14835543930530548
278,9.606411991379113e-06,0.26645907759666443,-0.13271045684814453,0.012742778286337852,5.330634849087801e-06,0.13271045684814453,0.14211052656173706,0.00010661270061973482,0.12742778658866882
279,9.60203701387066e-06,0.1799669861793518,-0.13430967926979065,0.013515222817659378,3.203385404049186e-06,0.13430967926979065,0.14165547490119934,6.406770262401551e-05,0.13515222072601318
280,9.597638862757255e-06,0.2648906707763672,-0.12867861986160278,0.014123677276074886,5.507373316504527e-06,0.12867861986160278,0.1372862458229065,0.00011014746269211173,0.14123676717281342
281,9.59321756018583e-06,0.7061468958854675,-0.13396458327770233,0.012262718752026558,6.488739018095657e-06,0.13396458327770233,0.1433560997247696,0.00012977478036191314,0.12262718379497528
282,9.588773128419907e-06,0.1328529566526413,-0.1377454698085785,0.012622404843568802,3.387999186088564e-06,0.1377454698085785,0.1454727053642273,6.775998190278187e-05,0.12622404098510742
283,9.584305589839463e-06,0.21117863059043884,-0.13109879195690155,0.014135492965579033,4.340547548054019e-06,0.13109879195690155,0.13913804292678833,8.681094914209098e-05,0.14135493338108063
284,9.579814966940833e-06,0.8412249684333801,-0.12435078620910645,0.012978000566363335,2.81168868241366e-05,0.12435078620910645,0.13805153965950012,0.0005623376928269863,0.12977999448776245
285,9.5753012823366e-06,0.09401621669530869,-0.14072321355342865,0.012434422969818115,2.9793495741614606e-06,0.14072321355342865,0.14777277410030365,5.9586993302218616e-05,0.12434422224760056
286,9.570764558755466e-06,1.1122491359710693,-0.13080552220344543,0.01624080166220665,1.3467706594383344e-05,0.13080552220344543,0.1414414346218109,0.0002693541464395821,0.1624080240726471
287,9.566204819042153e-06,0.08519460260868073,-0.1367785930633545,0.014233006164431572,3.092777433266747e-06,0.1367785930633545,0.14425687491893768,6.185554957482964e-05,0.14233006536960602
288,9.561622086157273e-06,0.10537860542535782,-0.13875812292099,0.015096534043550491,2.441409833409125e-06,0.13875812292099,0.14499768614768982,4.8828194849193096e-05,0.15096533298492432
289,9.557016383177226e-06,0.11537531018257141,-0.13438425958156586,0.014995564706623554,4.323181201471016e-06,0.13438425958156586,0.14145931601524353,8.646362402942032e-05,0.1499556452035904
290,9.552387733294081e-06,0.11499270796775818,-0.1305994689464569,0.0166209377348423,4.162525783613091e-06,0.1305994689464569,0.13894154131412506,8.325051749125123e-05,0.1662093847990036
291,9.547736159815446e-06,0.2010757327079773,-0.13184532523155212,0.01563691720366478,3.4392214729450643e-06,0.13184532523155212,0.1397155523300171,6.878442945890129e-05,0.1563691645860672
292,9.543061686164374e-06,0.8100997805595398,-0.13839805126190186,0.015368579886853695,2.9214345431682887e-06,0.13839805126190186,0.14522500336170197,5.8428686315892264e-05,0.1536857932806015
293,9.53836433587922e-06,0.11308787763118744,-0.1334497332572937,0.01647140458226204,4.112876467843307e-06,0.1334497332572937,0.14088240265846252,8.225753117585555e-05,0.1647140383720398
294,9.533644132613542e-06,0.08409278094768524,-0.1344565749168396,0.01550530456006527,3.015241645698552e-06,0.1344565749168396,0.14146576821804047,6.030483200447634e-05,0.155053049325943
295,9.528901100135971e-06,0.08921972662210464,-0.13555580377578735,0.014539500698447227,2.80677681985253e-06,0.13555580377578735,0.14198318123817444,5.6135533668566495e-05,0.14539501070976257
296,9.524135262330098e-06,0.12157540023326874,-0.13662949204444885,0.014102190732955933,2.8904764803883154e-06,0.13662949204444885,0.1437426209449768,5.780953506473452e-05,0.14102190732955933
297,9.51934664319435e-06,0.23139958083629608,-0.12662532925605774,0.01393639761954546,2.1974576156935655e-05,0.12662532925605774,0.13879674673080444,0.00043949150131084025,0.13936397433280945
298,9.514535266841863e-06,0.11753463745117188,-0.13710632920265198,0.013347961008548737,3.1260317427950213e-06,0.13710632920265198,0.14421099424362183,6.252063758438453e-05,0.13347959518432617
299,9.509701157500377e-06,0.2553717792034149,-0.1350490003824234,0.014486139640212059,4.600040028890362e-06,0.1350490003824234,0.1441556215286255,9.200080239679664e-05,0.1448614001274109
300,9.504844339512096e-06,0.2037205696105957,-0.13359296321868896,0.013848437927663326,3.7012482607678976e-06,0.13359296321868896,0.1403791308403015,7.402496703434736e-05,0.138484388589859
301,9.49996483733358e-06,0.10816667973995209,-0.1398726999759674,0.013162540271878242,2.5195806756528327e-06,0.1398726999759674,0.14551721513271332,5.039161260356195e-05,0.13162539899349213
302,9.495062675535614e-06,0.1417035311460495,-0.1352161020040512,0.014851812273263931,2.865504484361736e-06,0.1352161020040512,0.14184632897377014,5.731008786824532e-05,0.14851811528205872
303,9.490137878803078e-06,0.1371677964925766,-0.13362766802310944,0.013987604528665543,3.4099939512088895e-06,0.13362766802310944,0.14076806604862213,6.819987902417779e-05,0.13987603783607483
304,9.485190471934845e-06,0.06716682761907578,-0.13572630286216736,0.012942412868142128,3.2631633075652644e-06,0.13572630286216736,0.14325767755508423,6.526325887534767e-05,0.12942413985729218
305,9.480220479843627e-06,1.2715611457824707,-0.13799914717674255,0.012283489108085632,5.642395990435034e-06,0.13799914717674255,0.14535993337631226,0.0001128479270846583,0.12283488363027573
306,9.475227927555873e-06,0.10491938889026642,-0.13101689517498016,0.013700122945010662,3.4967961255460978e-06,0.13101689517498016,0.13857217133045197,6.993592251092196e-05,0.13700123131275177
307,9.470212840211632e-06,0.082020103931427,-0.13699990510940552,0.010774759575724602,2.559234872023808e-06,0.13699990510940552,0.14357873797416687,5.118469562148675e-05,0.10774759948253632
308,9.465175243064428e-06,0.2708450257778168,-0.1384103000164032,0.013207407668232918,2.6208458621113095e-06,0.1384103000164032,0.14447304606437683,5.241691542323679e-05,0.13207407295703888
309,9.460115161481133e-06,0.1710895597934723,-0.13446250557899475,0.012390408664941788,3.0864448490319774e-06,0.13446250557899475,0.1420792043209076,6.172888970468193e-05,0.12390407919883728
310,9.45503262094184e-06,0.09466984868049622,-0.13459625840187073,0.012435119599103928,2.815579136949964e-06,0.13459625840187073,0.14100030064582825,5.631158273899928e-05,0.12435119599103928
311,9.449927647039737e-06,0.19991283118724823,-0.14205679297447205,0.013249971903860569,2.8570002541528083e-06,0.14205679297447205,0.14872786402702332,5.714000508305617e-05,0.13249972462654114
312,9.444800265480968e-06,0.28842562437057495,-0.1284177154302597,0.012786488980054855,2.6114474167115986e-05,0.1284177154302597,0.1411784589290619,0.0005222895415499806,0.12786488234996796
313,9.43965050208452e-06,0.21212413907051086,-0.13512538373470306,0.012704916298389435,3.2121167805598816e-06,0.13512538373470306,0.14207857847213745,6.424233288271353e-05,0.12704914808273315
314,9.434478382782075e-06,0.14510472118854523,-0.13612200319766998,0.012347681447863579,3.464349219939322e-06,0.13612200319766998,0.14437896013259888,6.928697985131294e-05,0.12347681820392609
315,9.4292839336179e-06,0.17869143187999725,-0.13471144437789917,0.01256527192890644,3.156053253405844e-06,0.13471144437789917,0.14150121808052063,6.312105688266456e-05,0.1256527155637741
316,9.424067180748692e-06,0.26428675651550293,-0.1383284032344818,0.015213807113468647,2.947264874819666e-06,0.1383284032344818,0.14504976570606232,5.894529749639332e-05,0.15213806927204132
317,9.418828150443469e-06,0.19020433723926544,-0.13441254198551178,0.012124063447117805,6.1004343478998635e-06,0.13441254198551178,0.14288556575775146,0.00012200867058709264,0.12124063074588776
318,9.413566869083417e-06,0.29433295130729675,-0.14035664498806,0.012760143727064133,2.7395574306865456e-06,0.14035664498806,0.14695440232753754,5.4791154980193824e-05,0.12760144472122192
319,9.408283363161774e-06,0.18502818048000336,-0.13960880041122437,0.012250839732587337,3.462630502326647e-06,0.13960880041122437,0.14635014533996582,6.925260822754353e-05,0.12250839173793793
320,9.40297765928369e-06,0.07417388260364532,-0.13630282878875732,0.012907820753753185,3.840045792458113e-06,0.13630282878875732,0.14425501227378845,7.680090493522584e-05,0.129078209400177
321,9.397649784166091e-06,0.06491532921791077,-0.13492892682552338,0.012694377452135086,2.9864563657611143e-06,0.13492892682552338,0.14215359091758728,5.972912913421169e-05,0.12694376707077026
322,9.39229976463755e-06,0.0862298458814621,-0.13804203271865845,0.013295856304466724,2.8591189220605884e-06,0.13804203271865845,0.1446128487586975,5.718238026020117e-05,0.1329585611820221
323,9.386927627638141e-06,0.08898112177848816,-0.1391804814338684,0.01186780259013176,1.9545973373169545e-06,0.1391804814338684,0.1439100205898285,3.909194492734969e-05,0.118678018450737
324,9.381533400219319e-06,0.1259773075580597,-0.13351619243621826,0.011809244751930237,4.0647510104463436e-06,0.13351619243621826,0.14176586270332336,8.129502384690568e-05,0.11809244751930237
325,9.376117109543769e-06,0.14358766376972198,-0.13901308178901672,0.013128500431776047,2.9334034934436204e-06,0.13901308178901672,0.14487165212631226,5.866807623533532e-05,0.13128499686717987
326,9.37067878288528e-06,0.09327386319637299,-0.140799418091774,0.012079455889761448,2.3438374228135217e-06,0.140799418091774,0.1466211974620819,4.687675027525984e-05,0.12079455703496933
327,9.365218447628604e-06,0.05727821961045265,-0.14254949986934662,0.010293969884514809,2.4532396309950855e-06,0.14254949986934662,0.1482575237751007,4.9064790800912306e-05,0.10293969511985779
328,9.359736131269312e-06,0.4126560389995575,-0.13833320140838623,0.010932622477412224,2.442725190121564e-06,0.13833320140838623,0.14399881660938263,4.8854504711925983e-05,0.10932622104883194
329,9.354231861413668e-06,0.07237450033426285,-0.1419505774974823,0.011877277866005898,2.5465628823440056e-06,0.1419505774974823,0.1477675437927246,5.0931259465869516e-05,0.11877277493476868
330,9.348705665778479e-06,0.6970208883285522,-0.1344880759716034,0.011140306480228901,5.150752258487046e-06,0.1344880759716034,0.14281627535820007,0.0001030150378937833,0.11140306293964386
331,9.343157572190957e-06,0.07981332391500473,-0.13744477927684784,0.010624002665281296,3.361834160386934e-06,0.13744477927684784,0.14482171833515167,6.723668775521219e-05,0.10624001175165176
332,9.337587608588588e-06,0.07659309357404709,-0.14139075577259064,0.011934960260987282,2.192485908381059e-06,0.14139075577259064,0.14650200307369232,4.384971543913707e-05,0.11934959888458252
333,9.331995803018982e-06,0.08327222615480423,-0.1430923044681549,0.012932609766721725,1.952769707713742e-06,0.1430923044681549,0.14814312756061554,3.9055394154274836e-05,0.12932609021663666
334,9.326382183639731e-06,0.07588411867618561,-0.14080926775932312,0.01159883476793766,2.5484957859589485e-06,0.14080926775932312,0.14603367447853088,5.0969912990694866e-05,0.1159883439540863
335,9.320746778718274e-06,0.06951496005058289,-0.14145931601524353,0.013900595717132092,2.7364708330424037e-06,0.14145931601524353,0.14767466485500336,5.472941484185867e-05,0.13900594413280487
336,9.315089616631752e-06,0.11119714379310608,-0.13447122275829315,0.011091221123933792,5.010488166590221e-06,0.13447122275829315,0.1434742659330368,0.00010020975605584681,0.11091220378875732
337,9.309410725866863e-06,0.06928525120019913,-0.13178351521492004,0.01252301037311554,4.655624252336565e-06,0.13178351521492004,0.13961505889892578,9.311249596066773e-05,0.1252301037311554
338,9.30371013501972e-06,0.2987837791442871,-0.13737225532531738,0.012593483552336693,5.97814096181537e-06,0.13737225532531738,0.14561600983142853,0.0001195628137793392,0.12593483924865723
339,9.297987872795706e-06,0.05773357301950455,-0.13988974690437317,0.012183679267764091,3.15682837026543e-06,0.13988974690437317,0.14597713947296143,6.3136569224298e-05,0.12183678150177002
340,9.292243968009332e-06,0.09906727075576782,-0.1357629895210266,0.011213792487978935,3.7658444398402935e-06,0.1357629895210266,0.14327500760555267,7.531688606832176e-05,0.11213791370391846
341,9.28647844958409e-06,0.06584227830171585,-0.139951691031456,0.01183953508734703,2.0814229628740577e-06,0.139951691031456,0.14533334970474243,4.1628460166975856e-05,0.1183953583240509
342,9.280691346552308e-06,0.18663178384304047,-0.13651853799819946,0.01107096578925848,3.353185775267775e-06,0.13651853799819946,0.14368179440498352,6.70637164148502e-05,0.11070965230464935
343,9.274882688055004e-06,0.10413991659879684,-0.13990828394889832,0.011233307421207428,2.0228112589393277e-06,0.13990828394889832,0.14542880654335022,4.045622699777596e-05,0.11233306676149368
344,9.269052503341737e-06,0.10226275026798248,-0.14148955047130585,0.010693750344216824,2.7393193704483565e-06,0.14148955047130585,0.14748525619506836,5.4786389227956533e-05,0.10693749785423279
345,9.263200821770462e-06,1.3308439254760742,-0.11743952333927155,0.011633237823843956,4.24994905188214e-05,0.11743952333927155,0.13610891997814178,0.0008499898249283433,0.11633238196372986
346,9.257327672807383e-06,0.07843582332134247,-0.14084556698799133,0.012362493202090263,2.650531314429827e-06,0.14084556698799133,0.14661765098571777,5.301062628859654e-05,0.12362493574619293
347,9.2514330860268e-06,0.12840357422828674,-0.13965773582458496,0.010997729375958443,2.6276438802597113e-06,0.13965773582458496,0.14606960117816925,5.255287396721542e-05,0.10997729003429413
348,9.24551709111097e-06,0.2240520417690277,-0.13596473634243011,0.012813031673431396,4.026489023090107e-06,0.13596473634243011,0.1432325541973114,8.052977500483394e-05,0.12813031673431396
349,9.239579717849941e-06,0.09869950264692307,-0.14241307973861694,0.012434670701622963,2.0000040876766434e-06,0.14241307973861694,0.14756213128566742,4.0000075387069955e-05,0.12434671074151993
350,9.233620996141421e-06,0.07669313997030258,-0.14213356375694275,0.011894190683960915,2.906015879489132e-06,0.14213356375694275,0.14866183698177338,5.812032031826675e-05,0.11894190311431885
351,9.227640955990616e-06,0.17156584560871124,-0.13906219601631165,0.011819838546216488,3.7523470837186323e-06,0.13906219601631165,0.14618149399757385,7.504694076487795e-05,0.11819837987422943
352,9.221639627510076e-06,0.09906924515962601,-0.13455066084861755,0.013110245577991009,3.6963317597837886e-06,0.13455066084861755,0.14106900990009308,7.392663246719167e-05,0.13110244274139404
353,9.215617040919555e-06,0.1100311130285263,-0.1382904201745987,0.012445880100131035,3.73719217350299e-06,0.1382904201745987,0.14567792415618896,7.47438461985439e-05,0.12445879727602005
354,9.209573226545852e-06,0.1055278405547142,-0.1386672705411911,0.01054815761744976,3.38599647875526e-06,0.1386672705411911,0.14666976034641266,6.77199277561158e-05,0.1054815798997879
355,9.203508214822652e-06,0.09792133420705795,-0.13997867703437805,0.011272208765149117,3.419160293560708e-06,0.13997867703437805,0.1469022035598755,6.838320405222476e-05,0.11272209137678146
356,9.197422036290386e-06,0.11732107400894165,-0.14060744643211365,0.010976547375321388,2.832725385815138e-06,0.14060744643211365,0.14718027412891388,5.6654505897313356e-05,0.10976547002792358
357,9.191314721596071e-06,0.5124792456626892,-0.13451749086380005,0.011188632808625698,4.028237981401617e-06,0.13451749086380005,0.14232882857322693,8.056475780904293e-05,0.11188632249832153
358,9.185186301493153e-06,0.12932631373405457,-0.14219480752944946,0.01066241692751646,2.0542465790640563e-06,0.14219480752944946,0.14713521301746368,4.108492430532351e-05,0.10662416368722916
359,9.179036806841352e-06,0.10572601109743118,-0.13895626366138458,0.009695793502032757,2.898580532928463e-06,0.13895626366138458,0.1445464789867401,5.797161065856926e-05,0.09695792943239212
360,9.172866268606514e-06,0.14389494061470032,-0.13714545965194702,0.01193235907703638,4.464793164515868e-06,0.13714545965194702,0.14452198147773743,8.929586329031736e-05,0.11932358890771866
361,9.166674717860447e-06,0.15191715955734253,-0.13971559703350067,0.01065240241587162,3.4353279261267744e-06,0.13971559703350067,0.14624711871147156,6.87065621605143e-05,0.1065240278840065
362,9.16046218578077e-06,0.5934227108955383,-0.13195309042930603,0.01197134144604206,5.734802925871918e-06,0.13195309042930603,0.14110185205936432,0.00011469605669844896,0.11971341073513031
363,9.154228703650752e-06,0.09099434316158295,-0.13994872570037842,0.012418841943144798,3.5203156585339457e-06,0.13994872570037842,0.1467829793691635,7.040631317067891e-05,0.12418840825557709
364,9.147974302859158e-06,0.07456400990486145,-0.13804808259010315,0.012643303722143173,4.419761808094336e-06,0.13804808259010315,0.145910382270813,8.83952307049185e-05,0.12643304467201233
365,9.141699014900084e-06,0.22806555032730103,-0.13791613280773163,0.013594968244433403,3.0796370538155315e-06,0.13791613280773163,0.14478851854801178,6.159274198580533e-05,0.13594967126846313
366,9.13540287137281e-06,0.33563676476478577,-0.1395040899515152,0.011570814996957779,2.948927885881858e-06,0.1395040899515152,0.1465204954147339,5.8978555898647755e-05,0.11570815742015839
367,9.129085903981631e-06,0.14845213294029236,-0.13717815279960632,0.012599775567650795,3.1674685487814713e-06,0.13717815279960632,0.14431938529014587,6.334936915664002e-05,0.12599775195121765
368,9.122748144535704e-06,0.10363984107971191,-0.14069026708602905,0.013636498712003231,3.4653826332942117e-06,0.14069026708602905,0.14736509323120117,6.930765812285244e-05,0.13636498153209686
369,9.11638962494888e-06,0.0683477520942688,-0.13991162180900574,0.011865313164889812,2.5749450287548825e-06,0.13991162180900574,0.14570051431655884,5.149890057509765e-05,0.11865313351154327
370,9.110010377239552e-06,0.05684873089194298,-0.14362213015556335,0.011621267534792423,2.9092216209392063e-06,0.14362213015556335,0.14965204894542694,5.8184436056762934e-05,0.11621268093585968
371,9.103610433530483e-06,0.09763207286596298,-0.14027756452560425,0.009748311713337898,3.3824683214334073e-06,0.14027756452560425,0.1469557285308838,6.764936551917344e-05,0.09748311340808868
372,9.09718982604866e-06,0.22624972462654114,-0.1386198252439499,0.012929064221680164,2.6002976483141538e-06,0.1386198252439499,0.1450439989566803,5.2005958423251286e-05,0.1292906403541565
373,9.090748587125118e-06,0.1597263216972351,-0.1406984180212021,0.01083456352353096,3.746464926734916e-06,0.1406984180212021,0.14798946678638458,7.492929580621421e-05,0.1083456352353096
374,9.084286749194783e-06,0.07855787128210068,-0.13390687108039856,0.009944147430360317,4.0722493395151105e-06,0.13390687108039856,0.1423998326063156,8.1444981333334e-05,0.09944146871566772
375,9.077804344796302e-06,0.12084240466356277,-0.13910584151744843,0.011147815734148026,2.4171565655706218e-06,0.13910584151744843,0.145481139421463,4.834313222090714e-05,0.11147815734148026
376,9.071301406571893e-06,0.09519661217927933,-0.1345149278640747,0.011464856564998627,4.5123379095457494e-06,0.1345149278640747,0.14296333491802216,9.024675819091499e-05,0.11464855819940567
377,9.06477796726717e-06,0.11972475051879883,-0.1431177705526352,0.011631636880338192,3.7963118302286603e-06,0.1431177705526352,0.15011855959892273,7.59262329665944e-05,0.11631636321544647
378,9.058234059730977e-06,0.09817727655172348,-0.1383417844772339,0.010865863412618637,2.722254521358991e-06,0.1383417844772339,0.14567898213863373,5.444508860819042e-05,0.10865862667560577
379,9.051669716915227e-06,0.08316802233457565,-0.14092347025871277,0.012106586247682571,3.1369600037578493e-06,0.14092347025871277,0.14836415648460388,6.273920007515699e-05,0.12106586992740631
380,9.045084971874738e-06,0.09017235785722733,-0.14167264103889465,0.011220468208193779,2.0844161099375924e-06,0.14167264103889465,0.1469573974609375,4.168831947026774e-05,0.11220468580722809
381,9.038479857767061e-06,0.08394333720207214,-0.14415502548217773,0.010633686557412148,2.942816081485944e-06,0.14415502548217773,0.15098682045936584,5.8856319810729474e-05,0.10633686929941177
382,9.031854407852317e-06,0.20468810200691223,-0.14052297174930573,0.011464565992355347,2.884855348384008e-06,0.14052297174930573,0.14730024337768555,5.7697106967680156e-05,0.11464565992355347
383,9.025208655493026e-06,0.04630375653505325,-0.14114701747894287,0.009243201464414597,2.4360851966775954e-06,0.14114701747894287,0.14692910015583038,4.872170393355191e-05,0.09243200719356537
384,9.018542634153944e-06,0.05256665498018265,-0.1434655636548996,0.010508941486477852,2.5334527435916243e-06,0.1434655636548996,0.14924409985542297,5.066905578132719e-05,0.10508941113948822
385,9.011856377401891e-06,0.169729083776474,-0.14025138318538666,0.011103926226496696,2.9818186249030987e-06,0.14025138318538666,0.14707213640213013,5.9636367950588465e-05,0.11103925108909607
386,9.00514991890558e-06,0.07632043212652206,-0.14340311288833618,0.011823993176221848,1.7596876205061562e-06,0.14340311288833618,0.1483951061964035,3.5193752410123125e-05,0.11823991686105728
387,8.998423292435455e-06,0.08216001838445663,-0.139227956533432,0.011075498536229134,2.9037312287982786e-06,0.139227956533432,0.1463809311389923,5.807462366647087e-05,0.11075498163700104
388,8.991676531863507e-06,0.06181047111749649,-0.14157521724700928,0.010415449738502502,2.4212781681853812e-06,0.14157521724700928,0.1472562700510025,4.8425557906739414e-05,0.10415450483560562
389,8.984909671163126e-06,0.35326439142227173,-0.1387530267238617,0.009598398581147194,4.408394488564227e-06,0.1387530267238617,0.1460912823677063,8.816787885734811e-05,0.09598398208618164
390,8.978122744408905e-06,0.10303718596696854,-0.1449563354253769,0.011591572314500809,1.3451766562866396e-06,0.1449563354253769,0.1490975320339203,2.6903529942501336e-05,0.11591572314500809
391,8.971315785776486e-06,0.1312553584575653,-0.13284283876419067,0.010888328775763512,3.304691563243978e-05,0.13284283876419067,0.14480824768543243,0.0006609383272007108,0.10888328403234482
392,8.964488829542377e-06,0.10156051814556122,-0.14097265899181366,0.010700033977627754,3.386255684745265e-06,0.14097265899181366,0.14806008338928223,6.772510823793709e-05,0.10700034350156784
393,8.957641910083787e-06,0.2499847263097763,-0.13279879093170166,0.009416816756129265,5.741292625316419e-06,0.13279879093170166,0.14239554107189178,0.00011482584523037076,0.09416817128658295
394,8.950775061878453e-06,0.1401934176683426,-0.13867539167404175,0.009778197854757309,2.5151277895929525e-06,0.13867539167404175,0.14425739645957947,5.030255124438554e-05,0.09778197854757309
395,8.943888319504456e-06,0.0887528583407402,-0.13956810534000397,0.010557282716035843,2.670009507710347e-06,0.13956810534000397,0.14538657665252686,5.3400188335217535e-05,0.10557282716035843
396,8.936981717640061e-06,0.07949244230985641,-0.13822269439697266,0.00989457406103611,2.8776501039828872e-06,0.13822269439697266,0.14455419778823853,5.755299935117364e-05,0.0989457368850708
397,8.93005529106353e-06,0.05395624041557312,-0.13990886509418488,0.00959330890327692,3.3049680041585816e-06,0.13990886509418488,0.1461198627948761,6.609935371670872e-05,0.09593309462070465
398,8.92310907465296e-06,0.0979299247264862,-0.14180943369865417,0.012368270196020603,2.430816493870225e-06,0.14180943369865417,0.1482078582048416,4.861632623942569e-05,0.12368269264698029
399,8.916143103386094e-06,0.19466927647590637,-0.14460603892803192,0.010298004373908043,2.8559425118146464e-06,0.14460603892803192,0.15127651393413544,5.711884659831412e-05,0.10298003256320953
400,8.90915741234015e-06,0.08407323062419891,-0.14107199013233185,0.010043453425168991,2.7761982437368715e-06,0.14107199013233185,0.14689186215400696,5.552396396524273e-05,0.10043452680110931
401,8.902152036691649e-06,0.5218190550804138,-0.13417062163352966,0.010651204735040665,6.3358911575051025e-06,0.13417062163352966,0.14290578663349152,0.00012671783042605966,0.10651205480098724
402,8.895127011716234e-06,0.05812976881861687,-0.14087878167629242,0.010352926328778267,3.5669570479512913e-06,0.14087878167629242,0.14747172594070435,7.133913459256291e-05,0.10352925956249237
403,8.888082372788488e-06,0.04148102179169655,-0.14225006103515625,0.010172142647206783,2.783539912343258e-06,0.14225006103515625,0.14834973216056824,5.567079642787576e-05,0.10172142088413239
404,8.881018155381766e-06,0.06395497918128967,-0.14031335711479187,0.01102488674223423,2.594667193989153e-06,0.14031335711479187,0.1472015529870987,5.189334478927776e-05,0.110248863697052
405,8.873934395068006e-06,1.085434079170227,-0.13538770377635956,0.011210165917873383,8.876743777364027e-06,0.13538770377635956,0.1444014608860016,0.00017753487918525934,0.11210165917873383
406,8.866831127517557e-06,0.1741030514240265,-0.13909080624580383,0.011840231716632843,2.1076627945149085e-06,0.13909080624580383,0.1446315348148346,4.215325679979287e-05,0.11840230971574783
407,8.859708388498996e-06,0.13296912610530853,-0.13828465342521667,0.010252621956169605,2.5887602532748133e-06,0.13828465342521667,0.14479714632034302,5.1775205065496266e-05,0.1025262326002121
408,8.852566213878947e-06,0.12273912876844406,-0.1418294608592987,0.010304982773959637,3.5150565054209437e-06,0.1418294608592987,0.14939092099666595,7.030112465145066e-05,0.10304982215166092
409,8.845404639621906e-06,0.7576063871383667,-0.1237846314907074,0.01180801447480917,4.057607293361798e-05,0.1237846314907074,0.14089271426200867,0.0008115214295685291,0.11808013916015625
410,8.838223701790057e-06,0.09007655084133148,-0.1353398859500885,0.01102348230779171,4.120812718610978e-06,0.1353398859500885,0.1437835693359375,8.241625619120896e-05,0.1102348268032074
411,8.831023436543082e-06,0.07456595450639725,-0.14051277935504913,0.011616822332143784,3.456070999163785e-06,0.14051277935504913,0.14857026934623718,6.91214227117598e-05,0.11616823077201843
412,8.823803880137993e-06,0.11538336426019669,-0.13808101415634155,0.010296895168721676,4.018964318674989e-06,0.13808101415634155,0.14593008160591125,8.037928637349978e-05,0.10296894609928131
413,8.816565068928941e-06,0.05257554352283478,-0.13709238171577454,0.010693981312215328,3.666640168376034e-06,0.13709238171577454,0.14580608904361725,7.333280518651009e-05,0.10693980753421783
414,8.809307039367035e-06,0.08752013742923737,-0.13815343379974365,0.01225179061293602,3.70856469089631e-06,0.13815343379974365,0.1463121771812439,7.41712938179262e-05,0.1225178986787796
415,8.802029828000157e-06,0.05419101193547249,-0.1380753219127655,0.010414051823318005,4.072323463333305e-06,0.1380753219127655,0.14597371220588684,8.144646562868729e-05,0.1041405126452446
416,8.794733471472778e-06,0.1817564070224762,-0.13746115565299988,0.010064605623483658,3.952967745135538e-06,0.13746115565299988,0.1455821394920349,7.905934762675315e-05,0.10064605623483658
417,8.787418006525782e-06,0.1570277363061905,-0.1415267437696457,0.011466470547020435,3.0796904866292607e-06,0.1415267437696457,0.14867062866687775,6.1593804275617e-05,0.1146647036075592
418,8.780083469996264e-06,0.05801331251859665,-0.13979482650756836,0.011560255661606789,2.888259587052744e-06,0.13979482650756836,0.14599929749965668,5.776518810307607e-05,0.11560255289077759
419,8.772729898817361e-06,0.06338773667812347,-0.1433047205209732,0.012393624521791935,3.3838105082395487e-06,0.1433047205209732,0.15006893873214722,6.767620652681217e-05,0.1239362508058548
420,8.765357330018056e-06,0.05934946611523628,-0.1466762125492096,0.012716483324766159,2.320753083040472e-06,0.1466762125492096,0.1516428142786026,4.641506529878825e-05,0.127164825797081
421,8.757965800722994e-06,0.2608529329299927,-0.1384831964969635,0.011124198324978352,3.4162935662607197e-06,0.1384831964969635,0.1455831378698349,6.832586950622499e-05,0.11124198883771896
422,8.750555348152299e-06,0.15782369673252106,-0.1420106440782547,0.011110560037195683,2.819696874212241e-06,0.1420106440782547,0.148909330368042,5.6393932027276605e-05,0.11110559105873108
423,8.74312600962138e-06,0.11671132594347,-0.14297239482402802,0.011624712496995926,1.4018494312040275e-06,0.14297239482402802,0.14722692966461182,2.8036989533575252e-05,0.11624712496995926
424,8.73567782254075e-06,0.20066869258880615,-0.14239493012428284,0.0106971962377429,2.5011979687405983e-06,0.14239493012428284,0.14779877662658691,5.002395482733846e-05,0.10697196424007416
425,8.728210824415829e-06,0.5451259016990662,-0.1367223858833313,0.010460427030920982,6.187844519445207e-06,0.1367223858833313,0.14579257369041443,0.00012375687947496772,0.10460427403450012
426,8.720725052846766e-06,0.09578574448823929,-0.14225278794765472,0.011716458015143871,2.247560587420594e-06,0.14225278794765472,0.14773857593536377,4.495121174841188e-05,0.11716458201408386
427,8.71322054552824e-06,0.061213187873363495,-0.13937827944755554,0.012076398357748985,3.2917773751250934e-06,0.13937827944755554,0.1465425193309784,6.583554932149127e-05,0.12076397985219955
428,8.705697340249275e-06,0.08786915242671967,-0.14289329946041107,0.010835052467882633,2.655823891473119e-06,0.14289329946041107,0.14883971214294434,5.311648055794649e-05,0.10835052281618118
429,8.69815547489305e-06,0.08638705313205719,-0.14422959089279175,0.010993760079145432,1.9958442862844095e-06,0.14422959089279175,0.1493639051914215,3.991688208770938e-05,0.10993760824203491
430,8.690594987436705e-06,0.09413166344165802,-0.14229243993759155,0.012117305770516396,2.4411510821664706e-06,0.14229243993759155,0.1484071910381317,4.88230143673718e-05,0.12117305397987366
431,8.683015915951152e-06,0.5548326373100281,-0.1420295536518097,0.011013243347406387,3.5571215448726434e-06,0.1420295536518097,0.1489751636981964,7.114242907846346e-05,0.11013242602348328
432,8.675418298600884e-06,0.08343781530857086,-0.14437806606292725,0.011358078569173813,2.333263864784385e-06,0.14437806606292725,0.15076963603496552,4.6665274567203596e-05,0.11358079314231873
433,8.667802173643784e-06,0.08955447375774384,-0.13775910437107086,0.01234922930598259,3.810572252405109e-06,0.13775910437107086,0.1455962359905243,7.621143595315516e-05,0.1234922930598259
434,8.660167579430926e-06,0.1772821843624115,-0.14449401199817657,0.010812331922352314,2.00798695004778e-06,0.14449401199817657,0.1496666818857193,4.015973536297679e-05,0.10812331736087799
435,8.652514554406388e-06,0.16670285165309906,-0.1420518457889557,0.010505393147468567,4.315749265515478e-06,0.1420518457889557,0.14957889914512634,8.631499076727778e-05,0.10505393892526627
436,8.644843137107058e-06,0.7790102958679199,-0.13353538513183594,0.011312851682305336,6.904648216732312e-06,0.13353538513183594,0.1436760276556015,0.00013809296069666743,0.11312850564718246
437,8.637153366162437e-06,0.08466342091560364,-0.14292962849140167,0.009642688557505608,2.768015292531345e-06,0.14292962849140167,0.15014857053756714,5.5360298574669287e-05,0.09642688930034637
438,8.629445280294445e-06,1.369232177734375,-0.12190106511116028,0.012176809832453728,2.7720045181922615e-05,0.12190106511116028,0.1381290704011917,0.0005544009618461132,0.12176810204982758
439,8.621718918317226e-06,0.12623903155326843,-0.13902947306632996,0.011744517832994461,3.272052254033042e-06,0.13902947306632996,0.14656421542167664,6.544103962369263e-05,0.11744517087936401
440,8.613974319136959e-06,0.10026843100786209,-0.13670942187309265,0.01024046540260315,3.5011937598028453e-06,0.13670942187309265,0.14393141865730286,7.00238742865622e-05,0.1024046540260315
441,8.606211521751652e-06,0.16376911103725433,-0.14109456539154053,0.01059175468981266,4.3280288082314655e-06,0.14109456539154053,0.14944571256637573,8.65605688886717e-05,0.1059175431728363
442,8.598430565250953e-06,0.10883887857198715,-0.13968412578105927,0.01286761648952961,2.526536945879343e-06,0.13968412578105927,0.1459413766860962,5.053073982708156e-05,0.1286761611700058
443,8.590631488815945e-06,0.09800629317760468,-0.13518187403678894,0.009720982983708382,3.6928022382198833e-06,0.13518187403678894,0.1433856189250946,7.385604112641886e-05,0.09720982611179352
444,8.582814331718961e-06,0.08193843811750412,-0.1411624550819397,0.01260114274919033,3.3482751859992277e-06,0.1411624550819397,0.14753291010856628,6.696549826301634e-05,0.1260114163160324
445,8.574979133323378e-06,0.058383163064718246,-0.13623696565628052,0.011038709431886673,4.035772235511104e-06,0.13623696565628052,0.14400877058506012,8.071544289123267e-05,0.11038709431886673
446,8.567125933083415e-06,0.18195046484470367,-0.14321564137935638,0.0107406722381711,2.975759798573563e-06,0.14321564137935638,0.15017709136009216,5.951519779046066e-05,0.10740672051906586
447,8.559254770543943e-06,0.0380416214466095,-0.1397683471441269,0.00802726112306118,4.142263151152292e-06,0.1397683471441269,0.14702177047729492,8.284526120405644e-05,0.0802726149559021
448,8.551365685340285e-06,0.831207275390625,-0.14182595908641815,0.010112958960235119,4.5269371184986085e-06,0.14182595908641815,0.14908388257026672,9.053874236997217e-05,0.10112958401441574
449,8.543458717198011e-06,0.09238588064908981,-0.13702921569347382,0.012836700305342674,2.9906839245086303e-06,0.13702921569347382,0.14352157711982727,5.98136757616885e-05,0.12836700677871704
450,8.535533905932739e-06,0.1499730348587036,-0.13738584518432617,0.011355185881257057,2.8274710075493203e-06,0.13738584518432617,0.14391839504241943,5.6549419241491705e-05,0.11355185508728027
451,8.527591291449937e-06,0.055079251527786255,-0.14299780130386353,0.010797122493386269,2.2647727746516466e-06,0.14299780130386353,0.1487964242696762,4.529545549303293e-05,0.10797121375799179
452,8.519630913744726e-06,0.07718973606824875,-0.13449352979660034,0.010203434154391289,3.804223979386734e-06,0.13449352979660034,0.14241202175617218,7.608447776874527e-05,0.10203433781862259
453,8.511652812901665e-06,0.11952134966850281,-0.14215989410877228,0.01338707935065031,2.5186689072143054e-06,0.14215989410877228,0.14887122809886932,5.0373375415802e-05,0.13387079536914825
454,8.503657029094569e-06,0.1363959163427353,-0.13799935579299927,0.010365091264247894,3.050310624530539e-06,0.13799935579299927,0.1447799801826477,6.1006205214653164e-05,0.10365092009305954
455,8.495643602586287e-06,0.1766231507062912,-0.13846246898174286,0.011167649179697037,3.635343546193326e-06,0.13846246898174286,0.1462678462266922,7.270686910487711e-05,0.11167648434638977
456,8.487612573728513e-06,0.06370097398757935,-0.1392725557088852,0.011315672658383846,3.4225377021357417e-06,0.1392725557088852,0.14723138511180878,6.845075404271483e-05,0.11315672844648361
457,8.479563982961572e-06,0.5531986355781555,-0.1374565064907074,0.01124320738017559,5.848758519277908e-06,0.1374565064907074,0.1465650051832199,0.00011697516310960054,0.1124320775270462
458,8.47149787081423e-06,0.1069599911570549,-0.13778889179229736,0.011496936902403831,2.9414645723591093e-06,0.13778889179229736,0.14452500641345978,5.882929326617159e-05,0.11496935039758682
459,8.463414277903474e-06,0.09858018904924393,-0.14228390157222748,0.01175665482878685,2.2609683583141305e-06,0.14228390157222748,0.1476471722126007,4.52193635283038e-05,0.1175665333867073
460,8.455313244934324e-06,0.0952269434928894,-0.1432088017463684,0.011271901428699493,2.3120594505599e-06,0.1432088017463684,0.14845359325408936,4.62411881017033e-05,0.11271900683641434
461,8.447194812699613e-06,0.20812132954597473,-0.1386725753545761,0.011164024472236633,2.848580834324821e-06,0.1386725753545761,0.14521069824695587,5.697161395801231e-05,0.11164024472236633
462,8.439059022079789e-06,0.07435361295938492,-0.14323794841766357,0.011228085495531559,2.5228866888937773e-06,0.14323794841766357,0.1492646336555481,5.0457732868380845e-05,0.11228085309267044
463,8.430905914042714e-06,0.061155300587415695,-0.14025232195854187,0.011897066608071327,2.414842583675636e-06,0.14025232195854187,0.14602535963058472,4.829685349250212e-05,0.11897066980600357
464,8.422735529643445e-06,0.0661805272102356,-0.13905608654022217,0.010320242494344711,2.859596406779019e-06,0.13905608654022217,0.14540694653987885,5.719192267861217e-05,0.10320242494344711
465,8.414547910024035e-06,0.07057671248912811,-0.1434188336133957,0.011348951607942581,2.393690920143854e-06,0.1434188336133957,0.14935976266860962,4.7873822040855885e-05,0.11348952353000641
466,8.406343096413333e-06,0.08437078446149826,-0.1377667337656021,0.009863007813692093,4.698055363405729e-06,0.1377667337656021,0.14692920446395874,9.396110544912517e-05,0.09863007068634033
467,8.398121130126755e-06,0.1280488520860672,-0.14217427372932434,0.009091868065297604,3.3388719202775974e-06,0.14217427372932434,0.14892059564590454,6.677743658656254e-05,0.09091867506504059
468,8.389882052566106e-06,0.057180244475603104,-0.14276255667209625,0.010670889168977737,3.5972070691059344e-06,0.14276255667209625,0.14908985793590546,7.19441450200975e-05,0.10670888423919678
469,8.38162590521934e-06,0.06330712139606476,-0.14159414172172546,0.009995725005865097,3.0047067411942407e-06,0.14159414172172546,0.14909464120864868,6.0094134823884815e-05,0.09995724260807037
470,8.373352729660373e-06,0.1352909803390503,-0.13956376910209656,0.010852048173546791,2.503118366803392e-06,0.13956376910209656,0.14582230150699615,5.006236460758373e-05,0.10852047801017761
471,8.365062567548868e-06,0.12492840737104416,-0.14225611090660095,0.009930544532835484,3.7015083762526046e-06,0.14225611090660095,0.14963045716285706,7.403016206808388e-05,0.09930544346570969
472,8.35675546063002e-06,0.08821909129619598,-0.14071333408355713,0.009424541145563126,4.023991550639039e-06,0.14071333408355713,0.1486007124185562,8.047981827985495e-05,0.09424541145563126
473,8.348431450734355e-06,0.04823121428489685,-0.14499403536319733,0.00995534285902977,2.8665967874985654e-06,0.14499403536319733,0.15144211053848267,5.733194120693952e-05,0.0995534211397171
474,8.340090579777507e-06,0.050563909113407135,-0.14336644113063812,0.010294435545802116,2.3872287329140818e-06,0.14336644113063812,0.14851656556129456,4.774457556777634e-05,0.10294436663389206
475,8.331732889760021e-06,0.052082981914281845,-0.14407645165920258,0.009367849677801132,3.1816498449188657e-06,0.14407645165920258,0.1503203809261322,6.363299326039851e-05,0.09367849677801132
476,8.32335842276713e-06,0.04323643073439598,-0.14219114184379578,0.008263138122856617,2.538459284551209e-06,0.14219114184379578,0.1480778604745865,5.076918751001358e-05,0.08263137936592102
477,8.314967220968548e-06,0.08487527072429657,-0.140777125954628,0.009808875620365143,3.881458269461291e-06,0.140777125954628,0.14830000698566437,7.762916357023641e-05,0.09808874130249023
478,8.30655932661826e-06,0.08673132956027985,-0.14265812933444977,0.011307225562632084,2.5609297154005617e-06,0.14265812933444977,0.14832943677902222,5.121859067003243e-05,0.11307224631309509
479,8.298134782054306e-06,0.29669153690338135,-0.13465796411037445,0.008557220920920372,1.62949781952193e-05,0.13465796411037445,0.14586617052555084,0.00032589957118034363,0.08557221293449402
480,8.289693629698564e-06,0.18391288816928864,-0.1449836790561676,0.012206028215587139,2.662106453499291e-06,0.1449836790561676,0.1506490707397461,5.3242125432007015e-05,0.12206026166677475
481,8.281235912056546e-06,0.17780166864395142,-0.14103098213672638,0.010909076780080795,3.268519321864005e-06,0.14103098213672638,0.14852803945541382,6.537039735121652e-05,0.10909077525138855
482,8.272761671717178e-06,0.10193637758493423,-0.14568722248077393,0.00953967496752739,2.204490556323435e-06,0.14568722248077393,0.1507290005683899,4.4089807488489896e-05,0.09539675712585449
483,8.26427095135258e-06,0.08774182200431824,-0.1408386081457138,0.008751078508794308,3.3562064345460385e-06,0.1408386081457138,0.14809416234493256,6.712412869092077e-05,0.08751077950000763
484,8.255763793717868e-06,0.08918482065200806,-0.14073726534843445,0.00825983565300703,3.3202104532392696e-06,0.14073726534843445,0.14765790104866028,6.640420178882778e-05,0.08259834349155426
485,8.247240241650918e-06,0.049635302275419235,-0.14122071862220764,0.00859206635504961,2.9675707082787994e-06,0.14122071862220764,0.147602841258049,5.93514196225442e-05,0.08592066168785095
486,8.238700338072167e-06,0.09266882389783859,-0.14430326223373413,0.00858072005212307,2.5476165319560096e-06,0.14430326223373413,0.14984849095344543,5.095233063912019e-05,0.0858071967959404
487,8.230144125984387e-06,0.06171688437461853,-0.14644061028957367,0.009680729359388351,1.9689077817020006e-06,0.14644061028957367,0.15103471279144287,3.9378151996061206e-05,0.09680729359388351
488,8.221571648472473e-06,0.034959252923727036,-0.14323195815086365,0.0076440731063485146,3.011854460055474e-06,0.14323195815086365,0.1495673656463623,6.023709283908829e-05,0.0764407366514206
489,8.212982948703222e-06,0.06904768198728561,-0.1402025669813156,0.010015320964157581,2.9146849556127563e-06,0.1402025669813156,0.1463773250579834,5.829369183629751e-05,0.10015320777893066
490,8.204378069925121e-06,0.04506628215312958,-0.13886576890945435,0.007876680232584476,3.2073237434815383e-06,0.13886576890945435,0.1452367901802063,6.414647941710427e-05,0.07876680046319962
491,8.195757055468128e-06,0.08154109120368958,-0.14417028427124023,0.008660422638058662,1.914797167046345e-06,0.14417028427124023,0.14876288175582886,3.829594061244279e-05,0.08660422265529633
492,8.18711994874345e-06,0.042033057659864426,-0.14470379054546356,0.008569644764065742,2.1766127247246914e-06,0.14470379054546356,0.1496179848909378,4.353225449449383e-05,0.08569644391536713
493,8.178466793243324e-06,0.15994226932525635,-0.14124707877635956,0.007837628945708275,3.860067863570293e-06,0.14124707877635956,0.1486426293849945,7.720135909039527e-05,0.07837629318237305
494,8.16979763254081e-06,0.6152822971343994,-0.13852596282958984,0.00790913961827755,8.851957318256609e-06,0.13852596282958984,0.14786887168884277,0.00017703913908917457,0.0790913924574852
495,8.16111251028955e-06,0.12585721909999847,-0.1426796168088913,0.008648289367556572,3.130871618850506e-06,0.1426796168088913,0.1492239236831665,6.261742964852601e-05,0.08648290485143661
496,8.15241147022357e-06,0.06872089952230453,-0.14338144659996033,0.009262886829674244,2.2846365936857183e-06,0.14338144659996033,0.1486731469631195,4.569273005472496e-05,0.09262886643409729
497,8.143694556157047e-06,0.06546202301979065,-0.14569205045700073,0.009308459237217903,2.4596756702521816e-06,0.14569205045700073,0.1518518477678299,4.9193509767064825e-05,0.09308460354804993
498,8.13496181198409e-06,0.2673558294773102,-0.14128337800502777,0.009122497402131557,3.607082362577785e-06,0.14128337800502777,0.14858046174049377,7.214164361357689e-05,0.09122496843338013
499,8.126213281678527e-06,0.518385648727417,-0.1387386918067932,0.009271166287362576,4.7379171519423835e-06,0.1387386918067932,0.14697140455245972,9.475833940086886e-05,0.0927116647362709
500,8.117449009293668e-06,0.11019883304834366,-0.1437864899635315,0.010180146433413029,2.8626247967622476e-06,0.1437864899635315,0.15034860372543335,5.725249138777144e-05,0.10180146247148514
501,8.1086690389621e-06,0.09497290849685669,-0.14029081165790558,0.00925176776945591,2.7389253318688134e-06,0.14029081165790558,0.1480059176683426,5.4778505727881566e-05,0.09251768887042999
502,8.099873414895453e-06,0.05998194217681885,-0.14234402775764465,0.010688013397157192,2.679617409739876e-06,0.14234402775764465,0.14820393919944763,5.359234637580812e-05,0.10688013583421707
503,8.091062181384185e-06,0.06970690190792084,-0.1404258906841278,0.009829305112361908,2.913474190791021e-06,0.1404258906841278,0.14733189344406128,5.8269484725315124e-05,0.09829305112361908
504,8.08223538279735e-06,0.08907744288444519,-0.14494825899600983,0.010242443531751633,2.233224677183898e-06,0.14494825899600983,0.1505345106124878,4.466449536266737e-05,0.10242442786693573
505,8.073393063582386e-06,0.04440472647547722,-0.1427745372056961,0.009430363774299622,2.7834303182316944e-06,0.1427745372056961,0.1490498036146164,5.5668610002612695e-05,0.09430363774299622
506,8.064535268264883e-06,0.04135956987738609,-0.1426265835762024,0.008304499089717865,3.190524694218766e-06,0.1426265835762024,0.14952513575553894,6.381049752235413e-05,0.08304499089717865
507,8.05566204144836e-06,0.4824243485927582,-0.13155755400657654,0.009555586613714695,1.3019096513744444e-05,0.13155755400657654,0.1437082439661026,0.0002603819302748889,0.0955558568239212
508,8.046773427814043e-06,0.10817815363407135,-0.1440407931804657,0.009086503647267818,2.5571364403731422e-06,0.1440407931804657,0.14983223378658295,5.1142724259989336e-05,0.09086504578590393
509,8.037869472120634e-06,0.5463739037513733,-0.13719651103019714,0.011013471521437168,9.364867764816154e-06,0.13719651103019714,0.14598803222179413,0.0001872973662102595,0.11013470590114594
510,8.0289502192041e-06,0.04934370145201683,-0.1451401710510254,0.010479075834155083,3.0562230222130893e-06,0.1451401710510254,0.1520443558692932,6.112446135375649e-05,0.10479075461626053
511,8.020015713977428e-06,1.3740895986557007,-0.13137558102607727,0.00929192639887333,2.3054784833220765e-05,0.13137558102607727,0.14441674947738647,0.00046109568211250007,0.092919260263443
512,8.011066001430412e-06,0.03995279595255852,-0.14191514253616333,0.01031950581818819,2.17755086850957e-06,0.14191514253616333,0.14751657843589783,4.3551015551202e-05,0.10319504886865616
513,8.002101126629422e-06,0.10426220297813416,-0.14095407724380493,0.009839735925197601,2.6364966743130935e-06,0.14095407724380493,0.14765664935112,5.2729930757777765e-05,0.09839735925197601
514,7.993121134717177e-06,0.17165565490722656,-0.1439807116985321,0.009589917957782745,2.4853857212292496e-06,0.1439807116985321,0.14971259236335754,4.970771260559559e-05,0.09589917957782745
515,7.984126070912519e-06,0.11420898139476776,-0.14657573401927948,0.008937384933233261,2.260821929667145e-06,0.14657573401927948,0.15203966200351715,4.52164385933429e-05,0.08937385678291321
516,7.975115980510187e-06,0.08780206739902496,-0.13946111500263214,0.0087383221834898,2.9297709716047393e-06,0.13946111500263214,0.14640949666500092,5.8595418522600085e-05,0.0873832106590271
517,7.966090908880582e-06,0.07197867333889008,-0.14165234565734863,0.010007538832724094,2.219944917669636e-06,0.14165234565734863,0.14742323756217957,4.439889744389802e-05,0.1000753864645958
518,7.957050901469544e-06,0.08411169052124023,-0.14491459727287292,0.009271897375583649,2.3143695671024034e-06,0.14491459727287292,0.15067824721336365,4.628738679457456e-05,0.09271897375583649
519,7.947996003798131e-06,0.08317514508962631,-0.14223633706569672,0.010460708290338516,2.327881475139293e-06,0.14223633706569672,0.14740437269210815,4.655763041228056e-05,0.10460707545280457
520,7.938926261462366e-06,0.13218003511428833,-0.14051242172718048,0.009777607396245003,3.844989805656951e-06,0.14051242172718048,0.1481684148311615,7.689979247516021e-05,0.09777607768774033
521,7.929841720133033e-06,0.04496719688177109,-0.14262038469314575,0.0105164535343647,2.608913518997724e-06,0.14262038469314575,0.1489696502685547,5.217826765147038e-05,0.105164535343647
522,7.920742425555436e-06,0.45835816860198975,-0.134017676115036,0.009641723707318306,5.051550033385865e-06,0.134017676115036,0.14223092794418335,0.0001010309933917597,0.09641724079847336
523,7.911628423549163e-06,0.061831407248973846,-0.14112862944602966,0.010289243422448635,2.6333423193136696e-06,0.14112862944602966,0.14706003665924072,5.266684092930518e-05,0.1028924286365509
524,7.902499760007867e-06,0.05720430985093117,-0.14563581347465515,0.009495860897004604,3.0182777663867455e-06,0.14563581347465515,0.15240859985351562,6.0365553508745506e-05,0.0949586033821106
525,7.89335648089903e-06,0.15226303040981293,-0.13935798406600952,0.009433209896087646,3.1661722914577695e-06,0.13935798406600952,0.14624182879924774,6.332344491966069e-05,0.09433209896087646
526,7.884198632263725e-06,0.057650573551654816,-0.14573940634727478,0.009702558629214764,3.156418642902281e-06,0.14573940634727478,0.15244892239570618,6.312836922006682e-05,0.09702558815479279
527,7.875026260216395e-06,0.04133414477109909,-0.142367884516716,0.010697660967707634,3.177442977175815e-06,0.142367884516716,0.14944443106651306,6.354885408654809e-05,0.10697659850120544
528,7.865839410944613e-06,0.07121630758047104,-0.13966763019561768,0.00923471711575985,3.1575509638059884e-06,0.13966763019561768,0.14701206982135773,6.315101200016215e-05,0.0923471599817276
529,7.856638130708853e-06,0.12672823667526245,-0.14387348294258118,0.00997425802052021,2.6668749342206866e-06,0.14387348294258118,0.15028926730155945,5.333749868441373e-05,0.0997425764799118
530,7.84742246584226e-06,0.052606698125600815,-0.14210619032382965,0.011676627211272717,3.0388598588615423e-06,0.14210619032382965,0.14866256713867188,6.0777201724704355e-05,0.11676626652479172
531,7.83819246275041e-06,0.0821525976061821,-0.14040067791938782,0.010866150259971619,2.429582309559919e-06,0.14040067791938782,0.14638370275497437,4.859164255321957e-05,0.10866151005029678
532,7.828948167911073e-06,0.07326879352331161,-0.1412901133298874,0.00918982271105051,2.9973693926876877e-06,0.1412901133298874,0.1480810046195984,5.9947389672743157e-05,0.09189823269844055
533,7.819689627873996e-06,0.07659753412008286,-0.14704802632331848,0.009386834688484669,2.2786521185480524e-06,0.14704802632331848,0.15171796083450317,4.5573040551971644e-05,0.09386834502220154
534,7.810416889260653e-06,0.04795973375439644,-0.1393730789422989,0.009871897287666798,3.4227341529913247e-06,0.1393730789422989,0.1462365984916687,6.84546830598265e-05,0.09871896356344223
535,7.801129998764014e-06,0.10285414010286331,-0.1442519575357437,0.01071193628013134,2.5695001113490434e-06,0.1442519575357437,0.14967089891433716,5.139000131748617e-05,0.1071193516254425
536,7.791829003148313e-06,0.04169377684593201,-0.14715230464935303,0.010924548842012882,2.0458273866097443e-06,0.14715230464935303,0.15177330374717712,4.091654045623727e-05,0.10924547910690308
537,7.782513949248808e-06,0.13516628742218018,-0.14354486763477325,0.010397541336715221,2.7807222977571655e-06,0.14354486763477325,0.1497887820005417,5.5614447774132714e-05,0.10397542268037796
538,7.773184883971553e-06,0.07443203032016754,-0.14359572529792786,0.009329581633210182,3.118028871540446e-06,0.14359572529792786,0.14969509840011597,6.236057379283011e-05,0.09329582750797272
539,7.763841854293147e-06,0.04528379812836647,-0.1403529793024063,0.008912346325814724,2.4593657599325525e-06,0.1403529793024063,0.14594793319702148,4.918731428915635e-05,0.08912345767021179
540,7.754484907260513e-06,0.049346502870321274,-0.14071102440357208,0.009617917239665985,3.273758920840919e-06,0.14071102440357208,0.14777588844299316,6.547517841681838e-05,0.09617917984724045
541,7.74511408999066e-06,0.0805785283446312,-0.14450576901435852,0.007582115475088358,2.645402901180205e-06,0.14450576901435852,0.14988136291503906,5.29080571141094e-05,0.07582114636898041
542,7.73572944967043e-06,0.17486654222011566,-0.14319239556789398,0.009415242820978165,2.752097771008266e-06,0.14319239556789398,0.1488770842552185,5.504195360117592e-05,0.09415242075920105
543,7.72633103355628e-06,0.05913259834051132,-0.14506934583187103,0.00805270578712225,2.413669335510349e-06,0.14506934583187103,0.1506342887878418,4.827338125323877e-05,0.08052705973386765
544,7.716918888974029e-06,0.07113185524940491,-0.13920876383781433,0.008659408427774906,3.7233735383779276e-06,0.13920876383781433,0.1461944878101349,7.446746894856915e-05,0.08659408241510391
545,7.70749306331863e-06,0.07769893854856491,-0.14174558222293854,0.008711643517017365,2.9803240977344103e-06,0.14174558222293854,0.14866089820861816,5.96064783167094e-05,0.08711642026901245
546,7.698053604053923e-06,0.0570676326751709,-0.14365291595458984,0.008035539649426937,3.0737212455278495e-06,0.14365291595458984,0.14983615279197693,6.147442036308348e-05,0.08035539090633392
547,7.688600558712406e-06,0.2728918492794037,-0.14464697241783142,0.009988941252231598,4.292965968488716e-06,0.14464697241783142,0.15142065286636353,8.585931936977431e-05,0.09988941997289658
548,7.679133974894984e-06,0.30452683568000793,-0.1409478783607483,0.008137168362736702,3.8865468923177104e-06,0.1409478783607483,0.1490391492843628,7.7730932389386e-05,0.08137167245149612
549,7.669653900270738e-06,0.052155207842588425,-0.1423678994178772,0.00875331461429596,2.6621132747095544e-06,0.1423678994178772,0.14881160855293274,5.324226731318049e-05,0.0875331461429596
550,7.660160382576683e-06,0.0379243828356266,-0.14221341907978058,0.008456185460090637,3.7743498069175985e-06,0.14221341907978058,0.14980223774909973,7.548699068138376e-05,0.08456185460090637
551,7.650653469617527e-06,0.07154960930347443,-0.14502939581871033,0.011721991933882236,2.200479912062292e-06,0.14502939581871033,0.15002810955047607,4.400959733175114e-05,0.11721991747617722
552,7.641133209265423e-06,0.07192468643188477,-0.14106324315071106,0.009803488850593567,2.860862423403887e-06,0.14106324315071106,0.14724615216255188,5.721724664908834e-05,0.09803489595651627
553,7.631599649459745e-06,0.044719498604536057,-0.14429524540901184,0.010094386525452137,2.2833096409158316e-06,0.14429524540901184,0.14964988827705383,4.5666194637306035e-05,0.10094386339187622
554,7.622052838206829e-06,0.04690384492278099,-0.14416587352752686,0.01000814326107502,2.5804974939092062e-06,0.14416587352752686,0.1497521996498108,5.160994624020532e-05,0.1000814288854599
555,7.612492823579744e-06,0.056687720119953156,-0.14195360243320465,0.008568994700908661,2.5582867237972096e-06,0.14195360243320465,0.14812617003917694,5.1165738113923e-05,0.08568994700908661
556,7.602919653718044e-06,0.07104405015707016,-0.14657248556613922,0.009178917855024338,1.7626286989980144e-06,0.14657248556613922,0.15122637152671814,3.525257488945499e-05,0.09178918600082397
557,7.5933333768275204e-06,0.0650164783000946,-0.14072920382022858,0.008307797834277153,2.890407131417305e-06,0.14072920382022858,0.1466779261827469,5.7808138080872595e-05,0.08307798951864243
558,7.583734041179973e-06,0.09028073400259018,-0.14259260892868042,0.009673693217337132,2.110101831931388e-06,0.14259260892868042,0.14726009964942932,4.2202034819638357e-05,0.09673692286014557
559,7.574121695112954e-06,0.04477448761463165,-0.14388853311538696,0.008360588923096657,2.174940618715482e-06,0.14388853311538696,0.1490207016468048,4.349881419329904e-05,0.08360588550567627
560,7.564496387029532e-06,0.12888135015964508,-0.1412576586008072,0.007894680835306644,2.894836143241264e-06,0.1412576586008072,0.14803506433963776,5.789672286482528e-05,0.07894681394100189
561,7.5548581653980445e-06,0.04315841570496559,-0.1419200450181961,0.00799163430929184,3.436992301431019e-06,0.1419200450181961,0.14970768988132477,6.873984239064157e-05,0.0799163430929184
562,7.545207078751858e-06,0.3796607553958893,-0.1452290415763855,0.008910532109439373,2.590017402326339e-06,0.1452290415763855,0.15118730068206787,5.180034713703208e-05,0.08910531550645828
563,7.535543175689116e-06,0.03815444931387901,-0.14356225728988647,0.00804329477250576,2.819101837303606e-06,0.14356225728988647,0.14997263252735138,5.63820285606198e-05,0.0804329514503479
564,7.5258665048725065e-06,0.035903193056583405,-0.14465507864952087,0.007902305573225021,2.654134959811927e-06,0.14465507864952087,0.15068921446800232,5.308270192472264e-05,0.07902306318283081
565,7.516177115029002e-06,0.0760490894317627,-0.14382730424404144,0.009286739863455296,2.639269723658799e-06,0.14382730424404144,0.14940664172172546,5.278539174469188e-05,0.0928673967719078
566,7.506475054949626e-06,0.09914781153202057,-0.14315150678157806,0.007583032827824354,3.3307733247056603e-06,0.14315150678157806,0.15031009912490845,6.661546649411321e-05,0.07583032548427582
567,7.496760373489202e-06,0.0724208876490593,-0.14278540015220642,0.009033014997839928,2.7018859327654354e-06,0.14278540015220642,0.14877387881278992,5.4037722293287516e-05,0.09033014625310898
568,7.48703311956611e-06,0.0530778169631958,-0.14555731415748596,0.009367130696773529,2.2546196305484045e-06,0.14555731415748596,0.15114830434322357,4.509239079197869e-05,0.09367130696773529
569,7.477293342162038e-06,0.08596868067979813,-0.1371896117925644,0.008559664711356163,3.860791821352905e-06,0.1371896117925644,0.14575441181659698,7.72158382460475e-05,0.08559665083885193
570,7.467541090321735e-06,0.0698176845908165,-0.14578676223754883,0.009145146235823631,1.801661937861354e-06,0.14578676223754883,0.15020960569381714,3.603323784773238e-05,0.09145146608352661
571,7.4577764131527665e-06,0.048593390733003616,-0.14313913881778717,0.00850587897002697,2.844597929652082e-06,0.14313913881778717,0.1491893082857132,5.689196405000985e-05,0.0850587859749794
572,7.447999359825263e-06,0.1018495187163353,-0.14088958501815796,0.008837752044200897,3.769811200982076e-06,0.14088958501815796,0.1485862135887146,7.539622311014682e-05,0.08837752044200897
573,7.43820997957168e-06,0.057123418897390366,-0.14357495307922363,0.008546439930796623,2.6744271508505335e-06,0.14357495307922363,0.14966577291488647,5.3488540288526565e-05,0.08546440303325653
574,7.428408321686542e-06,0.0658297911286354,-0.1457456350326538,0.008389834314584732,2.423501882731216e-06,0.1457456350326538,0.15112265944480896,4.847003583563492e-05,0.08389833569526672
575,7.4185944355261996e-06,0.04007405415177345,-0.14403563737869263,0.00822185818105936,1.918137286338606e-06,0.14403563737869263,0.14873647689819336,3.8362748455256224e-05,0.08221858739852905
576,7.408768370508577e-06,0.10406741499900818,-0.14472293853759766,0.006764058955013752,2.7574212708714185e-06,0.14472293853759766,0.15041512250900269,5.5148422688944265e-05,0.06764058768749237
577,7.398930176112927e-06,0.05098339542746544,-0.1463720053434372,0.008995039388537407,2.8318258955550846e-06,0.1463720053434372,0.1522781401872635,5.6636519730091095e-05,0.08995039761066437
578,7.389079901879579e-06,0.06115952134132385,-0.14125365018844604,0.00731496699154377,2.922266730820411e-06,0.14125365018844604,0.14781659841537476,5.8445333706913516e-05,0.0731496661901474
579,7.379217597409688e-06,0.049877289682626724,-0.14582109451293945,0.008007962256669998,2.808781573548913e-06,0.14582109451293945,0.15196149051189423,5.617563147097826e-05,0.08007963001728058
580,7.369343312364994e-06,0.0793037861585617,-0.14206236600875854,0.007425319403409958,2.8470524284784915e-06,0.14206236600875854,0.1478791981935501,5.694104766007513e-05,0.07425319403409958
581,7.35945709646756e-06,0.13219194114208221,-0.13958275318145752,0.009734466671943665,3.299254103694693e-06,0.13958275318145752,0.1463100165128708,6.598507752642035e-05,0.09734466671943665
582,7.3495589994995274e-06,0.07809461653232574,-0.1446300745010376,0.007343477103859186,2.5900581022142433e-06,0.1446300745010376,0.1508265882730484,5.1801162044284865e-05,0.07343477010726929
583,7.3396490713028674e-06,0.523402988910675,-0.13868348300457,0.009086047299206257,7.226150501082884e-06,0.13868348300457,0.1467895358800888,0.0001445230154786259,0.09086047112941742
584,7.3297273617791246e-06,0.05914705619215965,-0.14187774062156677,0.00756265502423048,3.0348257951118285e-06,0.14187774062156677,0.14870613813400269,6.069651499274187e-05,0.07562655955553055
585,7.319793920889171e-06,0.1418909728527069,-0.14538410305976868,0.009092660620808601,3.438087105678278e-06,0.14538410305976868,0.1524377018213272,6.876174302306026e-05,0.09092660248279572
586,7.30984879865295e-06,0.09345206618309021,-0.14394450187683105,0.008680397644639015,2.9670188723684987e-06,0.14394450187683105,0.15057472884655,5.934037471888587e-05,0.08680397272109985
587,7.299892045149226e-06,0.11969160288572311,-0.1388319730758667,0.008675506338477135,3.561592620826559e-06,0.1388319730758667,0.14569666981697083,7.12318578734994e-05,0.08675506711006165
588,7.289923710515338e-06,0.14071859419345856,-0.1431456208229065,0.010734301060438156,3.5765567645285046e-06,0.1431456208229065,0.15044072270393372,7.153113256208599e-05,0.10734300315380096
589,7.279943844946935e-06,0.0912129208445549,-0.14608882367610931,0.006930795032531023,3.3864173474285053e-06,0.14608882367610931,0.15268564224243164,6.77283460390754e-05,0.06930795311927795
590,7.269952498697734e-06,0.06325028836727142,-0.14463746547698975,0.008308390155434608,2.9715156415477395e-06,0.14463746547698975,0.15102311968803406,5.943030191701837e-05,0.08308389782905579
591,7.259949722079264e-06,0.1918419897556305,-0.14286935329437256,0.008564721792936325,3.172624928993173e-06,0.14286935329437256,0.1490412950515747,6.345249857986346e-05,0.08564721792936325
592,7.249935565460606e-06,0.07010379433631897,-0.14343750476837158,0.008292494341731071,2.9318450742721325e-06,0.14343750476837158,0.14884404838085175,5.863690239493735e-05,0.08292495459318161
593,7.2399100792681534e-06,0.061005089432001114,-0.14213448762893677,0.00859697163105011,2.8486838345997967e-06,0.14213448762893677,0.14783206582069397,5.697368032997474e-05,0.0859697163105011
594,7.2298733139853425e-06,0.035420432686805725,-0.14394547045230865,0.008112786337733269,2.0276563645893475e-06,0.14394547045230865,0.1478186547756195,4.0553124563302845e-05,0.08112786710262299
595,7.219825320152411e-06,0.08177093416452408,-0.14534808695316315,0.008839708752930164,1.7542303112350055e-06,0.14534808695316315,0.1496707797050476,3.508460576995276e-05,0.0883970856666565
596,7.2097661483661355e-06,0.22063709795475006,-0.14399480819702148,0.007668350823223591,1.967508978850674e-06,0.14399480819702148,0.14874017238616943,3.935017593903467e-05,0.07668350636959076
597,7.199695849279576e-06,0.08789016306400299,-0.14316585659980774,0.008731167763471603,3.613141871028347e-06,0.14316585659980774,0.14978262782096863,7.226283923955634e-05,0.08731167018413544
598,7.189614473601832e-06,0.05193450301885605,-0.14558762311935425,0.00852295383810997,2.343435426155338e-06,0.14558762311935425,0.15136054158210754,4.6868710342096165e-05,0.0852295309305191
599,7.179522072097773e-06,0.0542733408510685,-0.14743666350841522,0.008273857645690441,2.125476157743833e-06,0.14743666350841522,0.1523810625076294,4.250952406437136e-05,0.08273857831954956
600,7.169418695587791e-06,0.05965261533856392,-0.1474827080965042,0.00836450420320034,1.8347125205764314e-06,0.1474827080965042,0.1518481969833374,3.669424768304452e-05,0.0836450457572937
601,7.159304394947543e-06,0.12374278157949448,-0.1405513882637024,0.0068725100718438625,3.257463731642929e-06,0.1405513882637024,0.1478092223405838,6.514927372336388e-05,0.0687251016497612
602,7.149179221107695e-06,0.17023135721683502,-0.14134934544563293,0.007440508343279362,3.707968744492973e-06,0.14134934544563293,0.1484634429216385,7.415937579935417e-05,0.07440508157014847
603,7.139043225053666e-06,0.4556529223918915,-0.1427716612815857,0.007063364144414663,2.518058181522065e-06,0.1427716612815857,0.14896069467067719,5.036115908296779e-05,0.07063364237546921
604,7.128896457825364e-06,0.05691058188676834,-0.14303791522979736,0.008801260031759739,3.4471795515855774e-06,0.14303791522979736,0.15034043788909912,6.894359830766916e-05,0.08801260590553284
605,7.118738970516944e-06,0.05709361657500267,-0.14257678389549255,0.008888431824743748,3.220620328647783e-06,0.14257678389549255,0.1494772881269455,6.441240111598745e-05,0.08888432383537292
606,7.108570814276539e-06,0.059729449450969696,-0.1438075602054596,0.008496026508510113,2.231583039247198e-06,0.1438075602054596,0.14922870695590973,4.463165896595456e-05,0.08496026694774628
607,7.098392040306001e-06,0.7223477363586426,-0.14208528399467468,0.008367117494344711,3.62691457667097e-06,0.14208528399467468,0.14867466688156128,7.253828516695648e-05,0.08367116749286652
608,7.088202699860656e-06,0.040779732167720795,-0.14728417992591858,0.00883016549050808,1.9837812033074442e-06,0.14728417992591858,0.1519443541765213,3.9675629523117095e-05,0.0883016437292099
609,7.078002844249032e-06,0.03883115574717522,-0.1448899209499359,0.00814853049814701,2.0787592802662402e-06,0.1448899209499359,0.14966270327568054,4.1575185605324805e-05,0.08148529380559921
610,7.067792524832604e-06,0.11187195777893066,-0.1468297243118286,0.010059453547000885,2.1228770492598414e-06,0.1468297243118286,0.15165843069553375,4.245754098519683e-05,0.10059453547000885
611,7.057571793025545e-06,0.1044517308473587,-0.14148256182670593,0.007833470590412617,3.0037858778086957e-06,0.14148256182670593,0.14714011549949646,6.007571573718451e-05,0.07833470404148102
612,7.047340700294454e-06,0.21718792617321014,-0.14452213048934937,0.008206789381802082,3.0699666240252554e-06,0.14452213048934937,0.15077149868011475,6.139933248050511e-05,0.08206789195537567
613,7.0370992981581035e-06,0.04198974370956421,-0.1448918879032135,0.00789493229240179,2.747061671470874e-06,0.1448918879032135,0.15040594339370728,5.4941236157901585e-05,0.07894931733608246
614,7.026847638187181e-06,0.08468213677406311,-0.14289790391921997,0.008826136589050293,2.508892066543922e-06,0.14289790391921997,0.14843539893627167,5.017783769289963e-05,0.08826136589050293
615,7.016585772004026e-06,0.06799975782632828,-0.14682143926620483,0.009660373441874981,2.3517563931818586e-06,0.14682143926620483,0.1522211730480194,4.703512604464777e-05,0.09660373628139496
616,7.006313751282372e-06,0.061213135719299316,-0.14310649037361145,0.008684538304805756,3.2192733669944573e-06,0.14310649037361145,0.1498841941356659,6.438546552089974e-05,0.08684538304805756
617,6.996031627747085e-06,0.03935245797038078,-0.1422846019268036,0.00784248672425747,2.7909093205380486e-06,0.1422846019268036,0.14846888184547424,5.581818550126627e-05,0.0784248560667038
618,6.985739453173903e-06,0.052518490701913834,-0.141384556889534,0.008066338486969471,3.1838208087719977e-06,0.141384556889534,0.14857086539268494,6.367641617543995e-05,0.08066338300704956
619,6.9754372793891815e-06,0.05960424244403839,-0.13885004818439484,0.009848465211689472,3.872032266372116e-06,0.13885004818439484,0.14608599245548248,7.744065078441054e-05,0.09848465025424957
620,6.965125158269619e-06,0.12459613382816315,-0.1406756192445755,0.008099045604467392,2.3358988983090967e-06,0.1406756192445755,0.14613205194473267,4.6717977966181934e-05,0.08099045604467392
621,6.9548031417420095e-06,0.0995531976222992,-0.14532580971717834,0.007882308214902878,2.3927304937387817e-06,0.14532580971717834,0.15124428272247314,4.785460987477563e-05,0.07882307469844818
622,6.944471281782975e-06,0.08105901628732681,-0.14509692788124084,0.006848305929452181,3.1530555588688003e-06,0.14509692788124084,0.15066693723201752,6.30611102678813e-05,0.06848305463790894
623,6.9341296304187015e-06,0.07239900529384613,-0.14624181389808655,0.00849934946745634,2.2330714273266494e-06,0.14624181389808655,0.15141363441944122,4.4661432184511796e-05,0.08499349653720856
624,6.923778239724681e-06,0.0413624607026577,-0.14524012804031372,0.008024928160011768,2.5267793262173655e-06,0.14524012804031372,0.15094804763793945,5.053558561485261e-05,0.08024927973747253
625,6.913417161825449e-06,0.03384847566485405,-0.14420348405838013,0.006753143388777971,3.420509983698139e-06,0.14420348405838013,0.150261789560318,6.841019785497338e-05,0.06753143668174744
626,6.903046448894322e-06,0.048264335840940475,-0.14456439018249512,0.007495169062167406,2.6801612875715364e-06,0.14456439018249512,0.15029561519622803,5.3603223932441324e-05,0.07495169341564178
627,6.892666153153129e-06,0.040634457021951675,-0.145230233669281,0.008107038214802742,2.853196292562643e-06,0.145230233669281,0.15172086656093597,5.706393130822107e-05,0.08107037842273712
628,6.88227632687196e-06,0.10599947720766068,-0.14337486028671265,0.007240349892526865,1.8951919855680899e-06,0.14337486028671265,0.14790675044059753,3.790383925661445e-05,0.07240349054336548
629,6.871877022368891e-06,0.05575645714998245,-0.14354047179222107,0.007398344576358795,3.159447715006536e-06,0.14354047179222107,0.14982029795646667,6.318894884316251e-05,0.07398344576358795
630,6.8614682920097265e-06,0.06864102929830551,-0.1446353942155838,0.007720042485743761,2.044347183982609e-06,0.1446353942155838,0.14909511804580688,4.088694549864158e-05,0.07720042765140533
631,6.851050188207737e-06,0.039115265011787415,-0.1442682296037674,0.007972924038767815,2.6775062451633858e-06,0.1442682296037674,0.1503124237060547,5.355012399377301e-05,0.07972923666238785
632,6.840622763423391e-06,0.06093088909983635,-0.14418211579322815,0.00761321559548378,2.8665342597378185e-06,0.14418211579322815,0.15040957927703857,5.7330682466272265e-05,0.0761321559548378
633,6.830186070164093e-06,0.07295345515012741,-0.14762619137763977,0.006895878352224827,2.0759380277013406e-06,0.14762619137763977,0.15219560265541077,4.151876055402681e-05,0.06895877420902252
634,6.819740160983923e-06,0.09769925475120544,-0.1456756889820099,0.007027232553809881,2.8850743092334596e-06,0.1456756889820099,0.15073086321353912,5.7701487094163895e-05,0.07027232646942139
635,6.809285088483361e-06,0.07545927166938782,-0.13872888684272766,0.0064868563786149025,2.670534740900621e-06,0.13872888684272766,0.1448136568069458,5.3410694818012416e-05,0.06486856937408447
636,6.798820905309036e-06,0.0849505364894867,-0.14384332299232483,0.007647606078535318,3.248837401770288e-06,0.14384332299232483,0.15092279016971588,6.497675349237397e-05,0.07647605985403061
637,6.788347664153448e-06,0.18652397394180298,-0.14474600553512573,0.007677667774260044,2.578682369858143e-06,0.14474600553512573,0.14993524551391602,5.157364648766816e-05,0.07677667587995529
638,6.77786541775471e-06,0.24702616035938263,-0.1493077129125595,0.006560133770108223,1.7226294630745542e-06,0.1493077129125595,0.1537294089794159,3.445258698775433e-05,0.06560133397579193
639,6.767374218896286e-06,0.05078734830021858,-0.14504584670066833,0.007751409895718098,2.5506087695248425e-06,0.14504584670066833,0.1501649022102356,5.101217539049685e-05,0.07751409709453583
640,6.7568741204067145e-06,0.11445341259241104,-0.14171156287193298,0.0077868858352303505,2.8688227757811546e-06,0.14171156287193298,0.14812897145748138,5.737645551562309e-05,0.07786885648965836
641,6.746365175159349e-06,0.050305914133787155,-0.14627839624881744,0.007634684443473816,2.6540310500422493e-06,0.14627839624881744,0.15184110403060913,5.308062463882379e-05,0.07634684443473816
642,6.735847436072094e-06,0.1735706627368927,-0.14708532392978668,0.009921529330313206,2.913130401793751e-06,0.14708532392978668,0.1524965763092041,5.826260530739091e-05,0.09921529144048691
643,6.725320956107131e-06,0.11845587939023972,-0.14366748929023743,0.00861505139619112,3.121883537460235e-06,0.14366748929023743,0.14950308203697205,6.243766983971e-05,0.08615051209926605
644,6.714785788270658e-06,0.04296664521098137,-0.1461210548877716,0.007393903564661741,2.5598533284210134e-06,0.1461210548877716,0.15154051780700684,5.119706838740967e-05,0.07393904030323029
645,6.704241985612625e-06,0.07340510934591293,-0.14536426961421967,0.00883500836789608,2.7130372473038733e-06,0.14536426961421967,0.1518021821975708,5.426074130809866e-05,0.0883500874042511
646,6.693689601226458e-06,0.07247351855039597,-0.14817076921463013,0.007701098918914795,1.923466243169969e-06,0.14817076921463013,0.15221159160137177,3.846931940643117e-05,0.07701097428798676
647,6.683128688248796e-06,0.04902885481715202,-0.14730504155158997,0.007802106905728579,2.203805024691974e-06,0.14730504155158997,0.15223437547683716,4.407609594636597e-05,0.07802106440067291
648,6.672559299859228e-06,0.09582946449518204,-0.14496387541294098,0.0074576460756361485,2.6118916593986796e-06,0.14496387541294098,0.15018028020858765,5.223783227847889e-05,0.07457645982503891
649,6.661981489280016e-06,0.4501788318157196,-0.1418696641921997,0.00785280391573906,4.734823050966952e-06,0.1418696641921997,0.14878365397453308,9.469645738136023e-05,0.07852803170681
650,6.651395309775837e-06,0.07403679192066193,-0.1458866149187088,0.007236245088279247,1.921796410897514e-06,0.1458866149187088,0.15081468224525452,3.8435926398960873e-05,0.07236245274543762
651,6.640800814653504e-06,0.07627785205841064,-0.14362673461437225,0.007575283758342266,2.7489040803629905e-06,0.14362673461437225,0.14950674772262573,5.497808160725981e-05,0.07575283944606781
652,6.63019805726171e-06,0.07260517030954361,-0.14623261988162994,0.007882804609835148,2.4553235107305227e-06,0.14623261988162994,0.15175630152225494,4.9106471124105155e-05,0.07882804423570633
653,6.619587090990748e-06,0.12758769094944,-0.14382565021514893,0.007908257655799389,2.402362042630557e-06,0.14382565021514893,0.149368017911911,4.804723721463233e-05,0.07908257842063904
654,6.608967969272249e-06,0.13262410461902618,-0.14547769725322723,0.007691473700106144,2.9767866180918645e-06,0.14547769725322723,0.1507893055677414,5.953572690486908e-05,0.07691473513841629
655,6.598340745578908e-06,0.04478319734334946,-0.14913031458854675,0.006856926251202822,1.988921212614514e-06,0.14913031458854675,0.1535569131374359,3.977842061431147e-05,0.06856926530599594
656,6.587705473424223e-06,0.05370530113577843,-0.14574773609638214,0.009005914442241192,2.1303621906554326e-06,0.14574773609638214,0.15145444869995117,4.2607240175129846e-05,0.09005914628505707
657,6.577062206362215e-06,0.05003923177719116,-0.14293687045574188,0.008978922851383686,2.2354070097208023e-06,0.14293687045574188,0.14840276539325714,4.470814383239485e-05,0.08978923410177231
658,6.566410997987164e-06,0.06928984075784683,-0.14730578660964966,0.008398144505918026,2.4077226044028066e-06,0.14730578660964966,0.15240928530693054,4.8154448450077325e-05,0.08398143947124481
659,6.555751901933343e-06,0.04217102751135826,-0.14502263069152832,0.007363839074969292,2.583924697319162e-06,0.14502263069152832,0.15063892304897308,5.167849303688854e-05,0.07363839447498322
660,6.545084971874738e-06,0.09001448005437851,-0.13653874397277832,0.007760690525174141,3.252731039538048e-05,0.13653874397277832,0.1488574892282486,0.000650546164251864,0.07760690152645111
661,6.534410261524786e-06,0.06794402748346329,-0.14248865842819214,0.007305050268769264,2.6519510356592946e-06,0.14248865842819214,0.1483382135629654,5.3039017075207084e-05,0.07305050641298294
662,6.523727824636103e-06,0.23669679462909698,-0.14449232816696167,0.007535124197602272,2.2119895675132284e-06,0.14449232816696167,0.1501695215702057,4.4239790440769866e-05,0.07535123825073242
663,6.513037715000209e-06,0.2783852517604828,-0.14342105388641357,0.00712835555896163,2.7249152481090277e-06,0.14342105388641357,0.1488473266363144,5.4498304962180555e-05,0.07128354907035828
664,6.50233998644726e-06,0.05265745148062706,-0.1473509669303894,0.009206850081682205,2.4804803615552373e-06,0.1473509669303894,0.15310436487197876,4.9609607231104746e-05,0.09206849336624146
665,6.491634692845781e-06,0.12635256350040436,-0.14487017691135406,0.0069280085153877735,3.149329586449312e-06,0.14487017691135406,0.15170304477214813,6.298659718595445e-05,0.06928008794784546
666,6.480921888102389e-06,0.07056354731321335,-0.14268708229064941,0.007950225844979286,2.1454152374644764e-06,0.14268708229064941,0.14805586636066437,4.290830111131072e-05,0.07950226217508316
667,6.47020162616152e-06,0.053056325763463974,-0.14463385939598083,0.007644250988960266,2.389570681771147e-06,0.14463385939598083,0.15013322234153748,4.779141454491764e-05,0.07644250988960266
668,6.459473961005168e-06,0.06632831692695618,-0.14628401398658752,0.006707155145704746,1.659035206102999e-06,0.14628401398658752,0.15093521773815155,3.3180702303070575e-05,0.06707155704498291
669,6.448738946652598e-06,0.05467308685183525,-0.14206713438034058,0.007512975949794054,2.7604407932813047e-06,0.14206713438034058,0.14826138317584991,5.52088204130996e-05,0.07512976229190826
670,6.437996637160086e-06,0.08298163115978241,-0.1434694528579712,0.0075244298204779625,2.442431650706567e-06,0.1434694528579712,0.14992955327033997,4.884863301413134e-05,0.07524429261684418
671,6.427247086620647e-06,0.052321821451187134,-0.14633901417255402,0.007471074350178242,2.2634517335973214e-06,0.14633901417255402,0.1512363851070404,4.526902921497822e-05,0.07471074163913727
672,6.4164903491637475e-06,0.6311888694763184,-0.14184528589248657,0.006533375009894371,4.014343176095281e-06,0.14184528589248657,0.14888927340507507,8.028685988392681e-05,0.06533375382423401
673,6.405726478955054e-06,0.058722350746393204,-0.1447976976633072,0.007405492942780256,2.402563723080675e-06,0.1447976976633072,0.15061962604522705,4.80512717331294e-05,0.07405492663383484
674,6.3949555301961474e-06,0.07957179099321365,-0.14940425753593445,0.00906322430819273,1.8483002577340812e-06,0.14940425753593445,0.15431977808475494,3.6966004699934274e-05,0.09063224494457245
675,6.384177557124247e-06,0.056803494691848755,-0.14547626674175262,0.007548053748905659,2.6244331365887774e-06,0.14547626674175262,0.15143854916095734,5.248866364127025e-05,0.07548053562641144
676,6.373392614011952e-06,0.07334237545728683,-0.1450449824333191,0.009079355746507645,2.2632891614193795e-06,0.1450449824333191,0.15036769211292267,4.526578413788229e-05,0.09079355746507645
677,6.362600755166952e-06,0.12204913049936295,-0.14454440772533417,0.008651239797472954,1.9918638827221002e-06,0.14454440772533417,0.14995503425598145,3.983727947343141e-05,0.08651239424943924
678,6.3518020349317645e-06,0.05721628665924072,-0.14487877488136292,0.008107365109026432,2.361471160838846e-06,0.14487877488136292,0.15119121968746185,4.7229419578798115e-05,0.08107365667819977
679,6.340996507683459e-06,0.11231403052806854,-0.14364668726921082,0.008013666607439518,2.147331088053761e-06,0.14364668726921082,0.14914213120937347,4.294661630410701e-05,0.08013666421175003
680,6.330184227833376e-06,0.19560684263706207,-0.14452067017555237,0.007988055236637592,2.744212451943895e-06,0.14452067017555237,0.15096205472946167,5.4884247219888493e-05,0.07988055050373077
681,6.3193652498268656e-06,0.06453508883714676,-0.14781111478805542,0.008759109303355217,1.6931151094468078e-06,0.14781111478805542,0.15305525064468384,3.386230309843086e-05,0.08759108930826187
682,6.308539628143001e-06,0.16484929621219635,-0.1451381891965866,0.008780320174992085,2.34231561080378e-06,0.1451381891965866,0.15029603242874146,4.68463113065809e-05,0.0878031998872757
683,6.2977074172943134e-06,0.06942809373140335,-0.14629708230495453,0.009293360635638237,2.4465214210067643e-06,0.14629708230495453,0.152582585811615,4.8930432967608795e-05,0.09293361008167267
684,6.286868671826513e-06,0.03897283226251602,-0.14526806771755219,0.007500664796680212,2.319339728273917e-06,0.14526806771755219,0.1505087912082672,4.638679092749953e-05,0.0750066488981247
685,6.276023446318214e-06,0.05534466356039047,-0.14321433007717133,0.00801377184689045,2.8246968213352375e-06,0.14321433007717133,0.14981378614902496,5.649393278872594e-05,0.0801377221941948
686,6.265171795380659e-06,0.04645964130759239,-0.1474902629852295,0.0070565263740718365,2.1835940060555004e-06,0.1474902629852295,0.15312452614307404,4.36718764831312e-05,0.07056526839733124
687,6.2543137736574546e-06,0.23917797207832336,-0.14729896187782288,0.006538426503539085,2.3240045265993103e-06,0.14729896187782288,0.1530187427997589,4.648008325602859e-05,0.06538426131010056
688,6.243449435824276e-06,0.06282240897417068,-0.1469341367483139,0.0073769004084169865,2.7556263830774697e-06,0.1469341367483139,0.15283550322055817,5.51125303900335e-05,0.07376900315284729
689,6.2325788365886084e-06,0.07379892468452454,-0.14537131786346436,0.007170778699219227,2.0152697288722266e-06,0.14537131786346436,0.1502993404865265,4.030539275845513e-05,0.07170778512954712
690,6.2217020306894705e-06,0.1018500030040741,-0.14892970025539398,0.007583451457321644,1.919828036989202e-06,0.14892970025539398,0.15325970947742462,3.8396559830289334e-05,0.07583451271057129
691,6.2108190728971295e-06,0.07596840709447861,-0.14808601140975952,0.00901808962225914,1.9190681541658705e-06,0.14808601140975952,0.15299415588378906,3.838136399281211e-05,0.0901808887720108
692,6.19993001801283e-06,0.05751767009496689,-0.14312981069087982,0.007846064865589142,3.046071924472926e-06,0.14312981069087982,0.14946432411670685,6.092143303249031e-05,0.07846064865589142
693,6.189034920868522e-06,0.09005232900381088,-0.14757220447063446,0.007671039551496506,1.6639303339616163e-06,0.14757220447063446,0.1519477814435959,3.327860758872703e-05,0.07671038806438446
694,6.178133836326581e-06,0.08639074862003326,-0.14436383545398712,0.00884195975959301,2.2921772142581176e-06,0.14436383545398712,0.14969071745872498,4.5843546104151756e-05,0.0884196013212204
695,6.1672268192795285e-06,0.07442273199558258,-0.14495818316936493,0.007478548679500818,2.0895040506729856e-06,0.14495818316936493,0.14975962042808533,4.1790077375480905e-05,0.07478548586368561
696,6.1563139246497615e-06,0.104969821870327,-0.14472173154354095,0.00693183857947588,2.011328206208418e-06,0.14472173154354095,0.14992350339889526,4.0226565033663064e-05,0.06931838393211365
697,6.145395207389275e-06,0.46294161677360535,-0.143525630235672,0.008405179716646671,5.527099801838631e-06,0.143525630235672,0.1509324461221695,0.00011054199421778321,0.08405180275440216
698,6.134470722479383e-06,0.06952888518571854,-0.146413654088974,0.008322581648826599,2.4789126200630562e-06,0.146413654088974,0.15159642696380615,4.957825149176642e-05,0.08322581648826599
699,6.123540524930441e-06,0.05294951796531677,-0.1489793062210083,0.007599137723445892,1.3000777698835009e-06,0.1489793062210083,0.1530066877603531,2.6001554942922667e-05,0.07599137723445892
700,6.112604669781572e-06,0.06590424478054047,-0.14668017625808716,0.006380255799740553,2.4566609226894798e-06,0.14668017625808716,0.15154461562633514,4.913321390631609e-05,0.0638025552034378
701,6.101663212100389e-06,0.1082211583852768,-0.14778707921504974,0.007582672405987978,2.2009721760696266e-06,0.14778707921504974,0.15236100554466248,4.401944170240313e-05,0.0758267194032669
702,6.090716206982714e-06,0.07315081357955933,-0.14869707822799683,0.008203355595469475,2.1459354684338905e-06,0.14869707822799683,0.15346090495586395,4.2918705730699e-05,0.08203355967998505
703,6.079763709552303e-06,0.24148213863372803,-0.14673615992069244,0.008586985059082508,2.456346010148991e-06,0.14673615992069244,0.1520339846611023,4.912692020297982e-05,0.08586984872817993
704,6.068805774960574e-06,0.05108148232102394,-0.14657112956047058,0.007439236156642437,2.1024411580583546e-06,0.14657112956047058,0.1511155366897583,4.2048824980156496e-05,0.07439236342906952
705,6.057842458386315e-06,0.07004645466804504,-0.1448902189731598,0.008169339969754219,1.7815041246649344e-06,0.1448902189731598,0.1489550769329071,3.56300879502669e-05,0.08169339597225189
706,6.046873815035422e-06,0.04910370707511902,-0.14097703993320465,0.006499845534563065,2.7154678718943615e-06,0.14097703993320465,0.1468643844127655,5.430935198091902e-05,0.06499844789505005
707,6.035899900140616e-06,0.03602861613035202,-0.14220982789993286,0.005954204127192497,2.978053544211434e-06,0.14220982789993286,0.1480376124382019,5.956107270321809e-05,0.059542037546634674
708,6.024920768961153e-06,0.06153373420238495,-0.14760707318782806,0.007221890613436699,2.434067482681712e-06,0.14760707318782806,0.15306279063224792,4.868134419666603e-05,0.07221890240907669
709,6.013936476782563e-06,0.06740336865186691,-0.14248788356781006,0.006993284448981285,2.728814024521853e-06,0.14248788356781006,0.14853432774543762,5.457628139993176e-05,0.06993284821510315
710,6.002947078916365e-06,0.04093364253640175,-0.14501753449440002,0.008810548111796379,2.7444837087386986e-06,0.14501753449440002,0.15116775035858154,5.488967144628987e-05,0.0881054699420929
711,5.991952630699783e-06,0.029291709885001183,-0.14403396844863892,0.006355040706694126,2.3481884454668034e-06,0.14403396844863892,0.14985865354537964,4.6963767090346664e-05,0.06355041265487671
712,5.980953187495476e-06,0.049441367387771606,-0.14707867801189423,0.006418570876121521,2.360037342441501e-06,0.14707867801189423,0.15250611305236816,4.720074502984062e-05,0.06418570876121521
713,5.969948804691256e-06,0.07562468200922012,-0.14632238447666168,0.006787269841879606,2.4023822788876714e-06,0.14632238447666168,0.15146392583847046,4.8047644668258727e-05,0.06787270307540894
714,5.9589395376998e-06,0.041752178221940994,-0.14816677570343018,0.007011898793280125,1.6369690456485841e-06,0.14816677570343018,0.15231971442699432,3.273937909398228e-05,0.0701189860701561
715,5.947925441958393e-06,0.06725063174962997,-0.1460932046175003,0.007921366021037102,2.0314837456680834e-06,0.1460932046175003,0.1504741907119751,4.062967127538286e-05,0.07921366393566132
716,5.936906572928625e-06,0.042663659900426865,-0.1473083794116974,0.008123796433210373,2.152257820853265e-06,0.1473083794116974,0.15243622660636902,4.3045154598075897e-05,0.08123795688152313
717,5.925882986096122e-06,0.047355882823467255,-0.14672306180000305,0.00932202860713005,2.2078445454098983e-06,0.14672306180000305,0.1518012434244156,4.415689181769267e-05,0.09322027862071991
718,5.914854736970274e-06,0.05062929540872574,-0.14586462080478668,0.006433896720409393,1.956504320332897e-06,0.14586462080478668,0.1510065793991089,3.913008913514204e-05,0.06433896720409393
719,5.903821881083942e-06,0.05373908579349518,-0.14639265835285187,0.006618112325668335,2.248675855298643e-06,0.14639265835285187,0.15069057047367096,4.497352347243577e-05,0.06618112325668335
720,5.892784473993184e-06,1.2756692171096802,-0.14327450096607208,0.007008702028542757,5.068074187875027e-06,0.14327450096607208,0.14990493655204773,0.00010136148193851113,0.0700870230793953
721,5.881742571276979e-06,0.051018863916397095,-0.1452520489692688,0.007388866972178221,2.5133101644314593e-06,0.1452520489692688,0.15051798522472382,5.0266207836102694e-05,0.07388866692781448
722,5.870696228536944e-06,0.08414072543382645,-0.1482931673526764,0.007576282136142254,2.319267423445126e-06,0.1482931673526764,0.1540277600288391,4.638534664991312e-05,0.07576281577348709
723,5.859645501397048e-06,0.04973509907722473,-0.1490989625453949,0.007208285387605429,1.721119360809098e-06,0.1490989625453949,0.15346963703632355,3.442238812567666e-05,0.07208285480737686
724,5.848590445503345e-06,0.04634358361363411,-0.1478000432252884,0.008988005109131336,2.48577589445631e-06,0.1478000432252884,0.15307128429412842,4.9715523346094415e-05,0.08988004177808762
725,5.837531116523683e-06,0.0714661180973053,-0.14449509978294373,0.0087812514975667,2.6469924705452286e-06,0.14449509978294373,0.1510753035545349,5.2939845772925764e-05,0.08781252056360245
726,5.826467570147426e-06,0.04357617720961571,-0.1486821174621582,0.008020346984267235,2.0093102648388594e-06,0.1486821174621582,0.15340757369995117,4.018620165879838e-05,0.08020346611738205
727,5.815399862085177e-06,0.06002531573176384,-0.14415079355239868,0.008574835024774075,2.6969587452185806e-06,0.14415079355239868,0.14956113696098328,5.39391694474034e-05,0.08574835956096649
728,5.8043280480684925e-06,0.061796315014362335,-0.14686574041843414,0.010553729720413685,2.5679555619717576e-06,0.14686574041843414,0.15170609951019287,5.1359107601456344e-05,0.1055372878909111
729,5.7932521838496096e-06,0.15360435843467712,-0.1441548466682434,0.009062187746167183,2.292951421623002e-06,0.1441548466682434,0.14922192692756653,4.585902934195474e-05,0.09062188118696213
730,5.782172325201155e-06,0.06706296652555466,-0.1489214450120926,0.008071095682680607,2.1077669316582615e-06,0.1489214450120926,0.15393315255641937,4.215533772367053e-05,0.08071095496416092
731,5.771088527915872e-06,0.04335981234908104,-0.14404822885990143,0.0071692029014229774,2.802247536237701e-06,0.14404822885990143,0.1501077264547348,5.604495163424872e-05,0.07169201970100403
732,5.760000847806337e-06,0.10167786478996277,-0.14660917222499847,0.00974754337221384,2.2966387405176647e-06,0.14660917222499847,0.1516360640525818,4.5932774810353294e-05,0.09747543185949326
733,5.748909340704676e-06,0.05183479189872742,-0.1461784988641739,0.007313355803489685,3.0603287086705677e-06,0.1461784988641739,0.15210554003715515,6.120656325947493e-05,0.07313355803489685
734,5.737814062462289e-06,0.07801397889852524,-0.14648272097110748,0.008510258048772812,2.1499931790458504e-06,0.14648272097110748,0.1513856202363968,4.299986539990641e-05,0.08510258793830872
735,5.726715068949564e-06,0.0544247180223465,-0.14852017164230347,0.007480397820472717,1.9246408555773087e-06,0.14852017164230347,0.15250363945960999,3.8492813473567367e-05,0.07480397820472717
736,5.7156124160555985e-06,0.04205029457807541,-0.1492762267589569,0.008569987490773201,2.2092824565334013e-06,0.1492762267589569,0.15390357375144958,4.418565004016273e-05,0.08569987118244171
737,5.704506159687914e-06,0.19173428416252136,-0.14458084106445312,0.006956504192203283,3.213194304407807e-06,0.14458084106445312,0.15106147527694702,6.426388426916674e-05,0.06956504285335541
738,5.693396355772181e-06,0.06218038126826286,-0.14713653922080994,0.007039659656584263,2.8130775717727374e-06,0.14713653922080994,0.15260906517505646,5.626154597848654e-05,0.07039659470319748
739,5.682283060251932e-06,0.07666030526161194,-0.146345853805542,0.007857674732804298,1.993025762203615e-06,0.146345853805542,0.15075045824050903,3.98605152440723e-05,0.07857674360275269
740,5.671166329088278e-06,0.04844570904970169,-0.1460752785205841,0.007731400430202484,2.3833545128582045e-06,0.1460752785205841,0.15137216448783875,4.766709025716409e-05,0.07731400430202484
741,5.660046218259638e-06,0.043617457151412964,-0.14339667558670044,0.008108705282211304,2.636754970808397e-06,0.14339667558670044,0.14917293190956116,5.2735096687683836e-05,0.08108705282211304
742,5.648922783761443e-06,0.11120616644620895,-0.14855794608592987,0.007528810296207666,2.5208364604623057e-06,0.14855794608592987,0.15381750464439392,5.041672557126731e-05,0.07528810203075409
743,5.637796081605863e-06,0.038421161472797394,-0.14439882338047028,0.008162965066730976,2.861663233488798e-06,0.14439882338047028,0.15062326192855835,5.723326830775477e-05,0.08162964880466461
744,5.626666167821522e-06,0.03212856128811836,-0.14659908413887024,0.007310240995138884,2.337488240300445e-06,0.14659908413887024,0.1513742208480835,4.67497666249983e-05,0.07310239970684052
745,5.615533098453215e-06,0.06268799304962158,-0.1468597650527954,0.008274979889392853,2.651136583153857e-06,0.1468597650527954,0.1523713767528534,5.302273348206654e-05,0.08274979889392853
746,5.604396929561629e-06,0.04286189749836922,-0.14833685755729675,0.007574188988655806,2.4977953216875903e-06,0.14833685755729675,0.15307404100894928,4.9955910071730614e-05,0.07574188709259033
747,5.593257717223055e-06,0.36051082611083984,-0.14306655526161194,0.006850932724773884,4.866144990955945e-06,0.14306655526161194,0.1495015174150467,9.732288890518248e-05,0.06850932538509369
748,5.582115517529114e-06,0.03806152939796448,-0.14608415961265564,0.007126493379473686,2.2465103484137217e-06,0.14608415961265564,0.15112832188606262,4.493020605877973e-05,0.07126493752002716
749,5.570970386586469e-06,0.09359833598136902,-0.14380936324596405,0.006957498379051685,2.479026989021804e-06,0.14380936324596405,0.14878146350383759,4.9580539780436084e-05,0.0695749819278717
750,5.559822380516539e-06,0.06782736629247665,-0.14603939652442932,0.006354197859764099,2.070383516183938e-06,0.14603939652442932,0.1509099304676056,4.140766759519465e-05,0.06354197859764099
751,5.548671555455226e-06,0.08086007088422775,-0.14992821216583252,0.006953653879463673,1.6239382603089325e-06,0.14992821216583252,0.15385691821575165,3.247876156819984e-05,0.06953653693199158
752,5.537517967552626e-06,0.11505044251680374,-0.14734497666358948,0.008749626576900482,2.690272140171146e-06,0.14734497666358948,0.15248580276966095,5.380543734645471e-05,0.08749626576900482
753,5.526361672972742e-06,0.14512339234352112,-0.14364349842071533,0.006510696839541197,2.4473001758451574e-06,0.14364349842071533,0.14909584820270538,4.894599987892434e-05,0.06510697305202484
754,5.515202727893213e-06,0.1646145135164261,-0.14440672099590302,0.006059333682060242,2.307782096977462e-06,0.14440672099590302,0.14967170357704163,4.615564103005454e-05,0.06059333682060242
755,5.504041188505022e-06,0.05127095431089401,-0.1469326764345169,0.0066513861529529095,2.0810807654925156e-06,0.1469326764345169,0.15197637677192688,4.162161349086091e-05,0.06651385873556137
756,5.4928771110122185e-06,0.06297361850738525,-0.14805004000663757,0.007952162064611912,1.9882454580510966e-06,0.14805004000663757,0.15282826125621796,3.976490916102193e-05,0.07952161878347397
757,5.481710551631626e-06,0.1731135994195938,-0.14430132508277893,0.006483995821326971,2.5878507585730404e-06,0.14430132508277893,0.1500481218099594,5.175701517146081e-05,0.06483995914459229
758,5.470541566592573e-06,0.09777743369340897,-0.14256109297275543,0.006872547324746847,1.9867443370458204e-06,0.14256109297275543,0.14700084924697876,3.97348812839482e-05,0.06872547417879105
759,5.459370212136596e-06,0.08442147076129913,-0.1440274715423584,0.007258727215230465,2.4499975097569404e-06,0.1440274715423584,0.14879471063613892,4.899995110463351e-05,0.0725872665643692
760,5.448196544517168e-06,0.0972152128815651,-0.14960555732250214,0.008154445327818394,2.001415168706444e-06,0.14960555732250214,0.15398484468460083,4.002830246463418e-05,0.08154445141553879
761,5.437020619999408e-06,0.06300245225429535,-0.14443235099315643,0.006155535578727722,2.5853023544186726e-06,0.14443235099315643,0.15007083117961884,5.170604708837345e-05,0.061555348336696625
762,5.425842494859798e-06,0.11910116672515869,-0.14709031581878662,0.007429179735481739,2.8509884941740893e-06,0.14709031581878662,0.15191930532455444,5.701976624550298e-05,0.07429179549217224
763,5.414662225385903e-06,0.033490728586912155,-0.14923617243766785,0.007310382556170225,1.6874021184776211e-06,0.14923617243766785,0.15354350209236145,3.374804509803653e-05,0.07310382276773453
764,5.403479867876087e-06,0.1265536993741989,-0.14555448293685913,0.00652493629604578,2.068159346890752e-06,0.14555448293685913,0.15015582740306854,4.136318602832034e-05,0.06524936109781265
765,5.392295478639226e-06,0.04166891425848007,-0.14801551401615143,0.0079251853749156,2.4477676561218686e-06,0.14801551401615143,0.15313401818275452,4.8955349484458566e-05,0.07925185561180115
766,5.381109113994426e-06,0.054003383964300156,-0.1486724317073822,0.006436290685087442,1.2872603747382527e-06,0.1486724317073822,0.15262965857982635,2.574520476628095e-05,0.06436290591955185
767,5.369920830270744e-06,0.028899339959025383,-0.14718735218048096,0.006275024265050888,2.06469553631905e-06,0.14718735218048096,0.1520070731639862,4.129390435991809e-05,0.06275023519992828
768,5.358730683806897e-06,0.03361402451992035,-0.1468241959810257,0.008509604260325432,1.6295776958941133e-06,0.1468241959810257,0.15098072588443756,3.2591553463134915e-05,0.08509603142738342
769,5.347538730950984e-06,0.0686107724905014,-0.1460159868001938,0.006209981627762318,1.8584702274893061e-06,0.1460159868001938,0.1496826708316803,3.716940409503877e-05,0.062099821865558624
770,5.336345028060199e-06,0.3521854281425476,-0.14132817089557648,0.0065346816554665565,3.355558874318376e-06,0.14132817089557648,0.14775025844573975,6.711117748636752e-05,0.06534681469202042
771,5.325149631500549e-06,0.04766885191202164,-0.14644600450992584,0.00790639128535986,2.2891119897394674e-06,0.14644600450992584,0.15120485424995422,4.5782238885294646e-05,0.07906391471624374
772,5.3139525976465675e-06,0.0342525951564312,-0.1478833258152008,0.007643170189112425,1.7515791341793374e-06,0.1478833258152008,0.15150396525859833,3.50315822288394e-05,0.07643169164657593
773,5.302753982881037e-06,0.031349506229162216,-0.14483675360679626,0.007046027109026909,2.871024207706796e-06,0.14483675360679626,0.15090155601501465,5.7420485973125324e-05,0.07046026736497879
774,5.291553843594695e-06,0.04222670942544937,-0.15135860443115234,0.006790857762098312,2.2250642359722406e-06,0.15135860443115234,0.15561123192310333,4.450128471944481e-05,0.06790857762098312
775,5.2803522361859596e-06,0.05609931796789169,-0.14590933918952942,0.007822200655937195,2.7176552066521253e-06,0.14590933918952942,0.1513814926147461,5.4353098676074296e-05,0.07822201400995255
776,5.269149217060642e-06,0.0896759107708931,-0.14775450527668,0.007443184033036232,2.0560287339321803e-06,0.14775450527668,0.15203364193439484,4.11205728596542e-05,0.07443184405565262
777,5.257944842631658e-06,0.04888108745217323,-0.14674308896064758,0.006285253446549177,2.977841631945921e-06,0.14674308896064758,0.15195581316947937,5.955682718195021e-05,0.06285253912210464
778,5.2467391693187565e-06,0.15870966017246246,-0.1443922221660614,0.006658208090811968,3.519194478940335e-06,0.1443922221660614,0.15126124024391174,7.0383888669312e-05,0.0665820837020874
779,5.235532253548213e-06,0.06689421087503433,-0.1478024572134018,0.006311463657766581,2.450196234349278e-06,0.1478024572134018,0.15265235304832458,4.9003923777490854e-05,0.06311463564634323
780,5.224324151752575e-06,0.08022206276655197,-0.14919987320899963,0.0074623823165893555,2.748621227510739e-06,0.14919987320899963,0.15466570854187012,5.497242455021478e-05,0.07462382316589355
781,5.2131149203703525e-06,0.10743824392557144,-0.1467103809118271,0.007182479836046696,2.05925016416586e-06,0.1467103809118271,0.1510981172323227,4.118499782634899e-05,0.0718248039484024
782,5.201904615845743e-06,0.24189776182174683,-0.14094820618629456,0.009371204301714897,3.82669622922549e-06,0.14094820618629456,0.14807820320129395,7.653391367057338e-05,0.09371204674243927
783,5.190693294628355e-06,0.1026485338807106,-0.14873094856739044,0.008243649266660213,1.7167010355478851e-06,0.14873094856739044,0.1523226499557495,3.4334021620452404e-05,0.08243649452924728
784,5.179481013172912e-06,0.03846267983317375,-0.14654915034770966,0.006000086199492216,2.3525042252003914e-06,0.14654915034770966,0.15155969560146332,4.705008177552372e-05,0.060000866651535034
785,5.168267827938971e-06,0.0301032867282629,-0.14592114090919495,0.005826917942613363,2.292272256454453e-06,0.14592114090919495,0.15100449323654175,4.584544512908906e-05,0.058269184082746506
786,5.157053795390642e-06,0.06649236381053925,-0.1443714052438736,0.005808558315038681,2.234367457276676e-06,0.1443714052438736,0.14922048151493073,4.468734550755471e-05,0.05808558315038681
787,5.145838971996304e-06,0.051753975450992584,-0.14496567845344543,0.006693105213344097,2.571948925833567e-06,0.14496567845344543,0.1501358151435852,5.1438975788187236e-05,0.06693105399608612
788,5.134623414228315e-06,0.0739593505859375,-0.14887511730194092,0.006339671090245247,2.244355982838897e-06,0.14887511730194092,0.1536034643650055,4.488711783778854e-05,0.06339670717716217
789,5.123407178562732e-06,0.05723884701728821,-0.14586734771728516,0.006852212827652693,1.9560181954147993e-06,0.14586734771728516,0.15037445724010468,3.912036117981188e-05,0.0685221329331398
790,5.112190321479026e-06,0.06061089411377907,-0.1482142210006714,0.00672818161547184,2.522235490687308e-06,0.1482142210006714,0.15295711159706116,5.0444708904251456e-05,0.0672818124294281
791,5.100972899459797e-06,0.04765394702553749,-0.1480795294046402,0.006693161558359861,2.2124406768853078e-06,0.1480795294046402,0.15274333953857422,4.4248812628211454e-05,0.06693160533905029
792,5.0897549689904865e-06,0.034607745707035065,-0.14732041954994202,0.006427524145692587,2.4630212465126533e-06,0.14732041954994202,0.15270519256591797,4.926042674924247e-05,0.06427523493766785
793,5.078536586559104e-06,0.07614151388406754,-0.15219831466674805,0.007945128716528416,1.3776115110886167e-06,0.15219831466674805,0.1552748829126358,2.755222885753028e-05,0.07945128530263901
794,5.067317808655927e-06,0.057560861110687256,-0.14516346156597137,0.00640326039865613,2.8483650567068253e-06,0.14516346156597137,0.1505778729915619,5.696730295312591e-05,0.06403259932994843
795,5.05609869177323e-06,0.05859188362956047,-0.14226558804512024,0.006781855598092079,2.8497549919848097e-06,0.14226558804512024,0.14838404953479767,5.69951007491909e-05,0.0678185522556305
796,5.04487929240499e-06,0.04732723534107208,-0.14649638533592224,0.007111305370926857,2.2038950646674493e-06,0.14649638533592224,0.15120317041873932,4.407790402183309e-05,0.07111305743455887
797,5.03365966704661e-06,0.03784393519163132,-0.1458214521408081,0.006452864035964012,2.6811874249688117e-06,0.1458214521408081,0.15164116024971008,5.3623749408870935e-05,0.06452864408493042
798,5.022439872194629e-06,0.058391693979501724,-0.14574912190437317,0.006823306903243065,3.066081035285606e-06,0.14574912190437317,0.15145064890384674,6.132161797722802e-05,0.06823307275772095
799,5.011219964346438e-06,0.040088266134262085,-0.14594578742980957,0.0066108196042478085,3.215613105567172e-06,0.14594578742980957,0.15166710317134857,6.431226211134344e-05,0.06610819697380066
800,5e-06,0.05131310969591141,-0.14900273084640503,0.007187924347817898,1.7763979940355057e-06,0.14900273084640503,0.1528206616640091,3.552795897121541e-05,0.07187924534082413
801,4.988780035653564e-06,0.049438439309597015,-0.14568284153938293,0.0067487978376448154,2.555613264121348e-06,0.14568284153938293,0.15050213038921356,5.111226346343756e-05,0.06748797744512558
802,4.977560127805373e-06,0.056990623474121094,-0.14877650141716003,0.006622365675866604,2.1878868210478686e-06,0.14877650141716003,0.15312348306179047,4.3757732782978565e-05,0.06622365862131119
803,4.966340332953392e-06,0.07888617366552353,-0.1491028368473053,0.00703340582549572,2.526964863136527e-06,0.1491028368473053,0.15404143929481506,5.053929635323584e-05,0.0703340545296669
804,4.955120707595011e-06,0.024673085659742355,-0.1512124240398407,0.005381091497838497,1.4612386394219357e-06,0.1512124240398407,0.1542503982782364,2.9224773243186064e-05,0.05381091311573982
805,4.943901308226771e-06,0.035480011254549026,-0.1420256793498993,0.006697037257254124,2.977400299641886e-06,0.1420256793498993,0.14857527613639832,5.954800144536421e-05,0.06697036325931549
806,4.932682191344073e-06,0.03728703409433365,-0.14677771925926208,0.006183916702866554,1.9724864159798017e-06,0.14677771925926208,0.15156903862953186,3.944972559111193e-05,0.06183917075395584
807,4.921463413440898e-06,0.023147232830524445,-0.14651623368263245,0.005456192418932915,2.792459326883545e-06,0.14651623368263245,0.15217795968055725,5.584919563261792e-05,0.05456192418932915
808,4.910245031009515e-06,0.051805056631565094,-0.14600159227848053,0.0072722239419817924,2.4310947992489673e-06,0.14600159227848053,0.1513475477695465,4.862189234700054e-05,0.07272224128246307
809,4.899027100540206e-06,0.037501011043787,-0.14679846167564392,0.007076108828186989,2.303963356098393e-06,0.14679846167564392,0.15224938094615936,4.607926894095726e-05,0.07076109200716019
810,4.887809678520976e-06,0.041641656309366226,-0.14674115180969238,0.007166569121181965,2.1845862647751346e-06,0.14674115180969238,0.15158605575561523,4.369172529550269e-05,0.0716656893491745
811,4.876592821437269e-06,0.06888623535633087,-0.14970789849758148,0.0068708425387740135,1.3272556316223927e-06,0.14970789849758148,0.15288645029067993,2.6545108994469047e-05,0.06870843470096588
812,4.865376585771687e-06,0.048468586057424545,-0.14588764309883118,0.006087956018745899,2.5897945761244046e-06,0.14588764309883118,0.1512199491262436,5.179589061299339e-05,0.060879554599523544
813,4.854161028003698e-06,0.31893426179885864,-0.14215083420276642,0.00584828807041049,3.2276814181386726e-06,0.14215083420276642,0.1482280194759369,6.455362745327875e-05,0.058482877910137177
814,4.842946204609359e-06,0.04241134598851204,-0.1487634927034378,0.00610755942761898,1.93135406334477e-06,0.1487634927034378,0.15306855738162994,3.862708399537951e-05,0.061075594276189804
815,4.831732172061032e-06,0.4460279941558838,-0.14703510701656342,0.0063222553580999374,1.992510533455061e-06,0.14703510701656342,0.15161825716495514,3.9850216126069427e-05,0.06322254985570908
816,4.8205189868270894e-06,0.03726878762245178,-0.14885812997817993,0.006141727790236473,2.146176939277211e-06,0.14885812997817993,0.15375734865665436,4.2923544242512435e-05,0.061417270451784134
817,4.809306705371646e-06,1.1010252237319946,-0.14455153048038483,0.006508312653750181,3.887262209900655e-06,0.14455153048038483,0.15060922503471375,7.774525147397071e-05,0.06508311629295349
818,4.7980953841542575e-06,0.049212876707315445,-0.14453420042991638,0.006263016723096371,2.743348659350886e-06,0.14453420042991638,0.15028172731399536,5.486697409651242e-05,0.06263016164302826
819,4.786885079629649e-06,0.034502431750297546,-0.1460294872522354,0.007590931840240955,2.450974079692969e-06,0.1460294872522354,0.1508265733718872,4.901947977486998e-05,0.0759093165397644
820,4.775675848247427e-06,0.09866031259298325,-0.14535020291805267,0.006236148066818714,2.932902134489268e-06,0.14535020291805267,0.1517614722251892,5.865804268978536e-05,0.06236148253083229
821,4.7644677464517874e-06,0.20298252999782562,-0.1470738798379898,0.0066482010297477245,2.7952537493547425e-06,0.1470738798379898,0.15304285287857056,5.5905078625073656e-05,0.06648200750350952
822,4.753260830681247e-06,0.05890347436070442,-0.14664925634860992,0.00654791621491313,2.419973952783039e-06,0.14664925634860992,0.15213125944137573,4.839948087465018e-05,0.06547915935516357
823,4.742055157368341e-06,0.05035252124071121,-0.14677196741104126,0.007464430294930935,2.1310879674274474e-06,0.14677196741104126,0.1514691412448883,4.262175571057014e-05,0.0746443048119545
824,4.73085078293936e-06,0.044243671000003815,-0.14722949266433716,0.0076606618240475655,1.92788866115734e-06,0.14722949266433716,0.1512492448091507,3.855776958516799e-05,0.0766066163778305
825,4.719647763814041e-06,0.06741101294755936,-0.1474136859178543,0.0071898759342730045,2.3393431547447108e-06,0.1474136859178543,0.1524115353822708,4.678685945691541e-05,0.07189875841140747
826,4.708446156405308e-06,0.07144680619239807,-0.14989158511161804,0.00688509177416563,1.934363126565586e-06,0.14989158511161804,0.1537894755601883,3.868726344080642e-05,0.06885091215372086
827,4.697246017118966e-06,0.06843258440494537,-0.14636929333209991,0.00707215117290616,3.10422637994634e-06,0.14636929333209991,0.15175646543502808,6.208452396094799e-05,0.07072150707244873
828,4.686047402353433e-06,0.06573952734470367,-0.14720669388771057,0.0087876096367836,2.493241936463164e-06,0.14720669388771057,0.15213069319725037,4.986483691027388e-05,0.0878760814666748
829,4.674850368499454e-06,0.10629446059465408,-0.14405052363872528,0.008322255685925484,2.8444474082789384e-06,0.14405052363872528,0.14969033002853394,5.688894816557877e-05,0.08322255313396454
830,4.663654971939802e-06,0.03900511935353279,-0.15083986520767212,0.0075767687521874905,2.010045136557892e-06,0.15083986520767212,0.1546425074338913,4.020090273115784e-05,0.07576768100261688
831,4.652461269049018e-06,0.039220429956912994,-0.14907529950141907,0.008031116798520088,2.8013726023345953e-06,0.14907529950141907,0.15397466719150543,5.602745295618661e-05,0.08031116425991058
832,4.641269316193104e-06,0.08867720514535904,-0.142562597990036,0.008592949248850346,3.162937218803563e-06,0.142562597990036,0.1488465815782547,6.325873982859775e-05,0.08592948317527771
833,4.6300791697292565e-06,0.031500015407800674,-0.14712361991405487,0.0071507045067846775,2.2531821741722524e-06,0.14712361991405487,0.15144115686416626,4.506364348344505e-05,0.0715070441365242
834,4.618890886005576e-06,0.04205765575170517,-0.1478402018547058,0.007051711902022362,1.955988409463316e-06,0.1478402018547058,0.15184274315834045,3.9119768189266324e-05,0.07051712274551392
835,4.6077045213607765e-06,0.04369532689452171,-0.14832141995429993,0.007573573384433985,2.360169219173258e-06,0.14832141995429993,0.1530573070049286,4.720337892649695e-05,0.07573573291301727
836,4.596520132123915e-06,0.049171265214681625,-0.1492886245250702,0.006865828298032284,1.7326020724794944e-06,0.1492886245250702,0.1527872383594513,3.465203917585313e-05,0.06865828484296799
837,4.585337774614097e-06,0.03452182188630104,-0.1439017355442047,0.006511686835438013,3.4276310998393456e-06,0.1439017355442047,0.1498977094888687,6.855262472527102e-05,0.06511686742305756
838,4.574157505140204e-06,0.023920433595776558,-0.1482004076242447,0.006306306459009647,1.7554281157572404e-06,0.1482004076242447,0.15223567187786102,3.510856186039746e-05,0.06306306272745132
839,4.562979380000594e-06,0.05817706510424614,-0.14704068005084991,0.00681719183921814,2.3571587917103898e-06,0.14704068005084991,0.1516740471124649,4.714317401521839e-05,0.0681719183921814
840,4.551803455482833e-06,0.024892868474125862,-0.14710545539855957,0.006894581951200962,2.238546358057647e-06,0.14710545539855957,0.1515348255634308,4.477092807064764e-05,0.06894582509994507
841,4.540629787863405e-06,0.06875842809677124,-0.14797687530517578,0.006289963610470295,2.4112709979817737e-06,0.14797687530517578,0.15271145105361938,4.822542177862488e-05,0.0628996342420578
842,4.529458433407429e-06,0.03352481871843338,-0.14685948193073273,0.006267946679145098,3.0825378871668363e-06,0.14685948193073273,0.15257659554481506,6.165076047182083e-05,0.0626794695854187
843,4.518289448368376e-06,0.10879303514957428,-0.14643257856369019,0.006455795373767614,2.101831341860816e-06,0.14643257856369019,0.15095096826553345,4.203662683721632e-05,0.06455795466899872
844,4.507122888987782e-06,0.04440752789378166,-0.1444883942604065,0.0070647443644702435,2.5401084258191986e-06,0.1444883942604065,0.1503532975912094,5.0802169425878674e-05,0.07064744830131531
845,4.4959588114949785e-06,0.052121903747320175,-0.14789193868637085,0.007106596603989601,2.1097887383803027e-06,0.14789193868637085,0.15238848328590393,4.219577385811135e-05,0.07106596976518631
846,4.48479727210679e-06,0.03828516975045204,-0.1487279087305069,0.006483845412731171,1.9366755168448435e-06,0.1487279087305069,0.15274553000926971,3.873350942740217e-05,0.0648384541273117
847,4.473638327027259e-06,0.027185359969735146,-0.1493411362171173,0.0051338933408260345,2.189223323512124e-06,0.1493411362171173,0.15430761873722076,4.3784464651253074e-05,0.051338933408260345
848,4.462482032447377e-06,0.02595452219247818,-0.14695198833942413,0.007560518570244312,2.1619935068883933e-06,0.14695198833942413,0.15162241458892822,4.3239870137767866e-05,0.07560518383979797
849,4.451328444544774e-06,0.03071759082376957,-0.14734159409999847,0.006352518685162067,2.3573577436764026e-06,0.14734159409999847,0.15198303759098053,4.714715396403335e-05,0.06352518498897552
850,4.4401776194834615e-06,0.0360739603638649,-0.1478365957736969,0.006251211278140545,2.063190322587616e-06,0.1478365957736969,0.15239757299423218,4.126380372326821e-05,0.0625121146440506
851,4.429029613413532e-06,0.043610528111457825,-0.150089293718338,0.007047096733003855,1.5474055317099555e-06,0.150089293718338,0.15335656702518463,3.094811108894646e-05,0.07047097384929657
852,4.417884482470887e-06,0.06425278633832932,-0.14877085387706757,0.006713367998600006,2.2024255486030597e-06,0.14877085387706757,0.15315809845924377,4.404850915307179e-05,0.06713367253541946
853,4.406742282776946e-06,0.06906008720397949,-0.14754825830459595,0.006551150232553482,2.498635922165704e-06,0.14754825830459595,0.15318278968334198,4.997271389584057e-05,0.06551150977611542
854,4.395603070438373e-06,0.04396551847457886,-0.14541678130626678,0.00648609921336174,2.3574202714371495e-06,0.14541678130626678,0.15091179311275482,4.71484090667218e-05,0.0648609921336174
855,4.384466901546786e-06,0.053279876708984375,-0.1427227407693863,0.006384725216776133,2.1193131942709442e-06,0.1427227407693863,0.1473393440246582,4.2386258428450674e-05,0.06384725123643875
856,4.373333832178478e-06,0.04745335876941681,-0.14829540252685547,0.006355771329253912,2.0347144982224563e-06,0.14829540252685547,0.15295018255710602,4.069429269293323e-05,0.0635577067732811
857,4.362203918394138e-06,0.04803043231368065,-0.14970563352108002,0.007602628320455551,2.0014933852507966e-06,0.14970563352108002,0.15396341681480408,4.002986315754242e-05,0.07602627575397491
858,4.351077216238558e-06,0.03113126941025257,-0.14695534110069275,0.006684643682092428,1.9038278651350993e-06,0.14695534110069275,0.15075039863586426,3.807655593845993e-05,0.06684643775224686
859,4.3399537817403634e-06,0.04375767707824707,-0.1496521532535553,0.006707594729959965,1.8382128246230423e-06,0.1496521532535553,0.15348486602306366,3.6764256947208196e-05,0.0670759454369545
860,4.3288336709117246e-06,0.05192071199417114,-0.1482548713684082,0.007257996127009392,1.3805802154820412e-06,0.1482548713684082,0.15191060304641724,2.7611604309640825e-05,0.07257996499538422
861,4.31771693974807e-06,0.020076880231499672,-0.14676399528980255,0.004886820912361145,2.606581347208703e-06,0.14676399528980255,0.15217263996601105,5.213162148720585e-05,0.04886820912361145
862,4.306603644227821e-06,0.15823084115982056,-0.14428716897964478,0.005785118788480759,2.998474656124017e-06,0.14428716897964478,0.15038958191871643,5.996949039399624e-05,0.05785118415951729
863,4.295493840312087e-06,0.037827227264642715,-0.14419348537921906,0.005814820993691683,2.3439060896635056e-06,0.14419348537921906,0.14956134557724,4.687812179327011e-05,0.058148209005594254
864,4.284387583944403e-06,0.04278473183512688,-0.1477861851453781,0.006655351724475622,1.1961433301621582e-06,0.1477861851453781,0.15127860009670258,2.392286478425376e-05,0.0665535181760788
865,4.273284931050438e-06,0.09192893654108047,-0.14559337496757507,0.006287693977355957,1.88275839718699e-06,0.14559337496757507,0.149825781583786,3.76551688532345e-05,0.06287693977355957
866,4.262185937537713e-06,0.2978166937828064,-0.14851796627044678,0.007644777186214924,2.2019519292371115e-06,0.14851796627044678,0.1530015915632248,4.4039035856258124e-05,0.07644776999950409
867,4.2510906592953264e-06,0.02628140337765217,-0.152914360165596,0.0070057520642876625,1.4249641253627487e-06,0.152914360165596,0.15591520071029663,2.8499282052507624e-05,0.07005751878023148
868,4.239999152193664e-06,0.09432341158390045,-0.15029746294021606,0.006240355782210827,2.3987668100744486e-06,0.15029746294021606,0.15472811460494995,4.797533620148897e-05,0.06240355223417282
869,4.228911472084129e-06,0.03206510469317436,-0.14972156286239624,0.006312206853181124,1.6084850358311087e-06,0.14972156286239624,0.15342777967453003,3.2169700716622174e-05,0.06312207132577896
870,4.217827674798845e-06,0.06017424538731575,-0.14386606216430664,0.0062833912670612335,2.3392310595227173e-06,0.14386606216430664,0.14905905723571777,4.678461482399143e-05,0.06283391267061234
871,4.206747816150392e-06,0.04377882555127144,-0.14484108984470367,0.006390402093529701,1.9131653061776888e-06,0.14484108984470367,0.1494646817445755,3.826330794254318e-05,0.06390401721000671
872,4.195671951931509e-06,0.09908699244260788,-0.14739561080932617,0.007166070397943258,2.365524778724648e-06,0.14739561080932617,0.15216317772865295,4.7310502850450575e-05,0.07166069746017456
873,4.184600137914825e-06,0.08833912014961243,-0.14601485431194305,0.006624024361371994,2.2376048036676366e-06,0.14601485431194305,0.1510985791683197,4.475209425436333e-05,0.06624025106430054
874,4.1735324298525765e-06,0.04119130223989487,-0.1439460813999176,0.006201627664268017,3.081405566263129e-06,0.1439460813999176,0.15037599205970764,6.162811769172549e-05,0.06201627478003502
875,4.162468883476319e-06,0.04722676798701286,-0.14635008573532104,0.007088282145559788,1.770762196429132e-06,0.14635008573532104,0.15114209055900574,3.541524347383529e-05,0.07088281959295273
876,4.1514095544966556e-06,0.05779709666967392,-0.15007618069648743,0.008004591800272465,1.3775659226666903e-06,0.15007618069648743,0.15307769179344177,2.7551319362828508e-05,0.0800459086894989
877,4.140354498602952e-06,0.05222509801387787,-0.14853326976299286,0.006143944337964058,1.499004838478868e-06,0.14853326976299286,0.1521337330341339,2.9980095860082656e-05,0.06143944337964058
878,4.1293037714630575e-06,0.07240598648786545,-0.1445588767528534,0.005803634412586689,2.1519847450690577e-06,0.1445588767528534,0.14923006296157837,4.3039690353907645e-05,0.05803634226322174
879,4.118257428723022e-06,0.10506956279277802,-0.15060822665691376,0.005850200075656176,1.6063784187281271e-06,0.15060822665691376,0.15422309935092926,3.212756564607844e-05,0.05850199982523918
880,4.107215526006818e-06,0.05861307680606842,-0.14759990572929382,0.006620069500058889,1.7812938040151494e-06,0.14759990572929382,0.15174812078475952,3.5625875170808285e-05,0.06620070338249207
881,4.0961781189160605e-06,0.030866216868162155,-0.14852496981620789,0.006728571839630604,2.2611006897932384e-06,0.14852496981620789,0.15266987681388855,4.5222011976875365e-05,0.06728571653366089
882,4.085145263029727e-06,0.03885748237371445,-0.14883555471897125,0.007142135873436928,1.9137412436975865e-06,0.14883555471897125,0.15301445126533508,3.827482578344643e-05,0.07142136245965958
883,4.07411701390388e-06,0.07175621390342712,-0.14708977937698364,0.005627128761261702,1.8983596419275273e-06,0.14708977937698364,0.15210062265396118,3.796719465753995e-05,0.05627128854393959
884,4.063093427071376e-06,0.03200431168079376,-0.14668571949005127,0.007341739255934954,2.519725057936739e-06,0.14668571949005127,0.15203863382339478,5.039450479671359e-05,0.07341738790273666
885,4.052074558041608e-06,0.03262791037559509,-0.14573143422603607,0.006937586702406406,2.244600636913674e-06,0.14573143422603607,0.15064942836761475,4.489201455726288e-05,0.06937587261199951
886,4.0410604623002004e-06,0.02046174369752407,-0.14975707232952118,0.005268913693726063,2.471150537530775e-06,0.14975707232952118,0.15462414920330048,4.9423011660110205e-05,0.05268913507461548
887,4.030051195308746e-06,0.07648027688264847,-0.14595317840576172,0.006602134555578232,2.531118525439524e-06,0.14595317840576172,0.15129297971725464,5.062236959929578e-05,0.06602134555578232
888,4.019046812504526e-06,0.04907612130045891,-0.14697952568531036,0.005639352835714817,2.8723720788548235e-06,0.14697952568531036,0.152646005153656,5.7447439758107066e-05,0.05639352649450302
889,4.008047369300218e-06,0.06623218953609467,-0.1460075080394745,0.006738102529197931,2.672441041795537e-06,0.1460075080394745,0.15172545611858368,5.344881719793193e-05,0.06738102436065674
890,3.997052921083637e-06,0.02863224409520626,-0.14882822334766388,0.0060404385440051556,1.4669653864984866e-06,0.14882822334766388,0.15217195451259613,2.9339309548959136e-05,0.06040438264608383
891,3.986063523217439e-06,0.06344522535800934,-0.14743375778198242,0.005224752705544233,2.240639787487453e-06,0.14743375778198242,0.15275359153747559,4.4812790292780846e-05,0.05224752053618431
892,3.975079231038848e-06,0.03403012081980705,-0.1498616635799408,0.00557191576808691,1.8941642565550865e-06,0.1498616635799408,0.1540074199438095,3.788328467635438e-05,0.05571915581822395
893,3.964100099859387e-06,0.07007669657468796,-0.1452908217906952,0.006049574352800846,3.19990931529901e-06,0.1452908217906952,0.15164503455162048,6.399818084901199e-05,0.06049574166536331
894,3.953126184964578e-06,0.09666851907968521,-0.14573195576667786,0.006174016743898392,2.687403593881754e-06,0.14573195576667786,0.1516624391078949,5.374807369662449e-05,0.06174016743898392
895,3.9421575416136866e-06,0.044164638966321945,-0.1495509147644043,0.006715316325426102,1.729900759528391e-06,0.1495509147644043,0.1532416194677353,3.459801519056782e-05,0.06715316325426102
896,3.931194225039427e-06,0.07571622729301453,-0.14601311087608337,0.006459776312112808,2.575965027062921e-06,0.14601311087608337,0.15128472447395325,5.1519295084290206e-05,0.06459776312112808
897,3.920236290447698e-06,0.08000578731298447,-0.14639660716056824,0.005619678646326065,2.312317974428879e-06,0.14639660716056824,0.15077558159828186,4.6246361307566985e-05,0.056196779012680054
898,3.909283793017289e-06,0.04256286472082138,-0.14946438372135162,0.0067663597874343395,1.870244773272134e-06,0.14946438372135162,0.15328919887542725,3.740489046322182e-05,0.06766359508037567
899,3.898336787899612e-06,0.1289951205253601,-0.1437978446483612,0.005696361884474754,2.726713319134433e-06,0.1437978446483612,0.14950373768806458,5.453426274470985e-05,0.056963611394166946
900,3.887395330218429e-06,0.04789097607135773,-0.14883288741111755,0.006625674199312925,1.8971633153341827e-06,0.14883288741111755,0.15299473702907562,3.794326767092571e-05,0.06625673919916153
901,3.87645947506956e-06,0.03397902846336365,-0.15100200474262238,0.006753209978342056,2.0184861568850465e-06,0.15100200474262238,0.1552656590938568,4.036971949972212e-05,0.06753209978342056
902,3.8655292775206185e-06,0.07568036764860153,-0.1457037478685379,0.00628010556101799,3.129355263808975e-06,0.1457037478685379,0.15160095691680908,6.25871034571901e-05,0.0628010556101799
903,3.854604792610726e-06,0.11336258798837662,-0.1509096324443817,0.0069571188651025295,1.8576013189885998e-06,0.1509096324443817,0.15509089827537537,3.7152025470277295e-05,0.06957118213176727
904,3.843686075350239e-06,0.0297487024217844,-0.14814992249011993,0.005863139405846596,2.143600568160764e-06,0.14814992249011993,0.15247565507888794,4.2872008634731174e-05,0.058631397783756256
905,3.832773180720475e-06,0.048547886312007904,-0.14384725689888,0.006454056594520807,2.4737239527894417e-06,0.14384725689888,0.14945445954799652,4.9474474508315325e-05,0.0645405724644661
906,3.821866163673421e-06,0.05691554397344589,-0.14822420477867126,0.00691388500854373,2.0349350506876362e-06,0.14822420477867126,0.15243938565254211,4.069870192324743e-05,0.06913884729146957
907,3.810965079131479e-06,0.0446276031434536,-0.14619888365268707,0.0059788888320326805,1.9377425815036986e-06,0.14619888365268707,0.15108884871006012,3.875484981108457e-05,0.05978888273239136
908,3.8000699819871704e-06,0.021284783259034157,-0.1483556479215622,0.005963781848549843,1.7766365090210456e-06,0.1483556479215622,0.15213146805763245,3.553272836143151e-05,0.05963781848549843
909,3.7891809271028718e-06,0.11358097940683365,-0.14886818826198578,0.006277195643633604,2.390810550423339e-06,0.14886818826198578,0.15389950573444366,4.781621464644559e-05,0.06277195364236832
910,3.778297969310529e-06,0.033478762954473495,-0.14810681343078613,0.0056986380368471146,1.6712155002096551e-06,0.14810681343078613,0.15202289819717407,3.342430863995105e-05,0.056986380368471146
911,3.767421163411393e-06,0.044647324830293655,-0.14608930051326752,0.00700348149985075,2.5568979253876023e-06,0.14608930051326752,0.15099124610424042,5.113795486977324e-05,0.07003481686115265
912,3.756550564175727e-06,0.06657105684280396,-0.14822635054588318,0.006025693379342556,2.161393240385223e-06,0.14822635054588318,0.1530144065618515,4.3227861169725657e-05,0.06025693565607071
913,3.7456862263425475e-06,0.049232419580221176,-0.14948993921279907,0.005795530043542385,1.564080776006449e-06,0.14948993921279907,0.1531807780265808,3.128161552012898e-05,0.0579552948474884
914,3.7348282046193425e-06,0.03592754155397415,-0.15223392844200134,0.006170670967549086,1.4252896107791457e-06,0.15223392844200134,0.15551528334617615,2.8505792215582915e-05,0.06170671060681343
915,3.723976553681787e-06,0.04721421003341675,-0.14623084664344788,0.005936804227530956,2.2950903257878963e-06,0.14623084664344788,0.15138855576515198,4.5901811972726136e-05,0.05936804786324501
916,3.7131313281734895e-06,0.045304831117391586,-0.14617478847503662,0.0052999830804765224,1.9890626390406396e-06,0.14617478847503662,0.15104423463344574,3.9781254599802196e-05,0.0529998280107975
917,3.7022925827056882e-06,0.052988164126873016,-0.14696407318115234,0.00533269252628088,2.178056547563756e-06,0.14696407318115234,0.15206073224544525,4.3561129132285714e-05,0.05332691967487335
918,3.6914603718569996e-06,0.06278376281261444,-0.14567381143569946,0.005105965305119753,2.8049837510479847e-06,0.14567381143569946,0.15137819945812225,5.6099670473486185e-05,0.051059652119874954
919,3.680634750173137e-06,0.9722083806991577,-0.14716805517673492,0.0051357075572013855,2.692390353331575e-06,0.14716805517673492,0.15258318185806274,5.38478052476421e-05,0.051357071846723557
920,3.669815772166625e-06,0.09660911560058594,-0.15198621153831482,0.007496129721403122,1.8607710217111162e-06,0.15198621153831482,0.1561862975358963,3.7215420888969675e-05,0.07496130466461182
921,3.659003492316543e-06,0.1209704801440239,-0.14611157774925232,0.00624774768948555,2.2869835447636433e-06,0.14611157774925232,0.15083599090576172,4.573966725729406e-05,0.0624774731695652
922,3.6481979650682355e-06,0.08866655081510544,-0.14750522375106812,0.006652230862528086,2.006734803217114e-06,0.14750522375106812,0.15208885073661804,4.0134698792826384e-05,0.06652230024337769
923,3.6373992448330488e-06,0.08255724608898163,-0.14674311876296997,0.006806998513638973,2.0727995888591977e-06,0.14674311876296997,0.15202562510967255,4.145599086768925e-05,0.06806997954845428
924,3.62660738598805e-06,0.026364123448729515,-0.1449054777622223,0.006365935783833265,3.1272543310478795e-06,0.1449054777622223,0.15147697925567627,6.254508480196819e-05,0.06365935504436493
925,3.6158224428757538e-06,0.09538043290376663,-0.15194383263587952,0.008133266121149063,2.0685231447714614e-06,0.15194383263587952,0.15608295798301697,4.137046562391333e-05,0.08133266121149063
926,3.6050444698038547e-06,0.0734599232673645,-0.14144277572631836,0.0064051831141114235,3.1354206839750987e-06,0.14144277572631836,0.14842772483825684,6.270841549849138e-05,0.06405183672904968
927,3.5942735210449453e-06,0.05540424585342407,-0.1473729908466339,0.007266406435519457,2.2313815861707553e-06,0.1473729908466339,0.15226703882217407,4.4627631723415107e-05,0.0726640522480011
928,3.583509650836254e-06,0.06376395374536514,-0.1516885608434677,0.006817803718149662,1.2180320254628896e-06,0.1516885608434677,0.15450313687324524,2.4360637326026335e-05,0.06817803531885147
929,3.5727529133793535e-06,0.4827409088611603,-0.14688467979431152,0.0057802218943834305,3.872750767186517e-06,0.14688467979431152,0.1537141501903534,7.745501352474093e-05,0.0578022226691246
930,3.562003362839914e-06,0.03732643648982048,-0.14563658833503723,0.0059064822271466255,3.2394468689744826e-06,0.14563658833503723,0.15141330659389496,6.478893919847906e-05,0.0590648278594017
931,3.551261053347404e-06,0.03542491793632507,-0.14619526267051697,0.0057227956131100655,2.4640587525937008e-06,0.14619526267051697,0.15162202715873718,4.9281174142379314e-05,0.05722795054316521
932,3.540526038994834e-06,0.08085878938436508,-0.1511654108762741,0.008073787204921246,1.2166452734163613e-06,0.1511654108762741,0.1543027013540268,2.4332905013579875e-05,0.08073786646127701
933,3.5297983738384813e-06,0.04366755485534668,-0.15004095435142517,0.007430539932101965,2.143543724741903e-06,0.15004095435142517,0.15460345149040222,4.2870869947364554e-05,0.07430540025234222
934,3.5190781118976125e-06,0.0360117107629776,-0.14698439836502075,0.006384698674082756,2.5709653073135996e-06,0.14698439836502075,0.15213078260421753,5.141930523677729e-05,0.06384698301553726
935,3.50836530715422e-06,0.02782359905540943,-0.14843058586120605,0.005913391709327698,2.0298975869081914e-06,0.14843058586120605,0.1528937965631485,4.059795173816383e-05,0.05913391709327698
936,3.4976600135527403e-06,0.27257609367370605,-0.14656992256641388,0.006003987044095993,2.5026720322784968e-06,0.14656992256641388,0.15167711675167084,5.005344428354874e-05,0.06003987044095993
937,3.4869622849997926e-06,0.07961340993642807,-0.14933054149150848,0.006616451311856508,1.8371683836448938e-06,0.14933054149150848,0.15332913398742676,3.6743367672897875e-05,0.0661645159125328
938,3.4762721753638994e-06,0.0653294026851654,-0.15166009962558746,0.00640374980866909,1.2596269698406104e-06,0.15166009962558746,0.15488943457603455,2.5192537577822804e-05,0.0640374943614006
939,3.4655897384752144e-06,0.04766111448407173,-0.14910626411437988,0.005358466878533363,2.20813535634079e-06,0.14910626411437988,0.1539182960987091,4.41627053078264e-05,0.05358466878533363
940,3.4549150281252635e-06,0.04131872579455376,-0.1447078287601471,0.006164996884763241,2.324658453289885e-06,0.1447078287601471,0.14996957778930664,4.6493165427818894e-05,0.06164997071027756
941,3.4442480980666583e-06,0.04574740305542946,-0.1429218202829361,0.005838911514729261,2.4465200567647116e-06,0.1429218202829361,0.1478978395462036,4.8930396587820724e-05,0.05838911607861519
942,3.4335890020128382e-06,0.07989495247602463,-0.14742951095104218,0.0056807962246239185,1.7646872265686397e-06,0.14742951095104218,0.1514308750629425,3.529374225763604e-05,0.056807953864336014
943,3.4229377936377883e-06,0.11894503980875015,-0.1503061056137085,0.00674517173320055,2.209758804383455e-06,0.1503061056137085,0.15433460474014282,4.4195170630700886e-05,0.06745171546936035
944,3.412294526575779e-06,0.06308162957429886,-0.1472690999507904,0.006690986454486847,2.0960296751582064e-06,0.1472690999507904,0.1518792062997818,4.192059350316413e-05,0.06690986454486847
945,3.4016592544210937e-06,0.08116282522678375,-0.14751273393630981,0.006505771540105343,1.971998699445976e-06,0.14751273393630981,0.15188749134540558,3.9439972169930115e-05,0.06505770981311798
946,3.3910320307277522e-06,0.02409837394952774,-0.14773958921432495,0.004853100515902042,1.8543275928095682e-06,0.14773958921432495,0.15157341957092285,3.7086552765686065e-05,0.048530999571084976
947,3.3804129090092542e-06,0.042837657034397125,-0.14999425411224365,0.0060044508427381516,1.945906433320488e-06,0.14999425411224365,0.15368777513504028,3.891812593792565e-05,0.060044508427381516
948,3.3698019427382912e-06,0.03220812976360321,-0.15011337399482727,0.006417147349566221,1.6084834442153806e-06,0.15011337399482727,0.1537332534790039,3.216967161279172e-05,0.06417147815227509
949,3.359199185346497e-06,0.043158914893865585,-0.14901329576969147,0.005432050209492445,2.076897544611711e-06,0.14901329576969147,0.1534600704908371,4.153795089223422e-05,0.054320499300956726
950,3.3486046902241663e-06,0.045015156269073486,-0.14515776932239532,0.0066947052255272865,2.9475379506038735e-06,0.14515776932239532,0.15111596882343292,5.895075446460396e-05,0.06694705784320831
951,3.3380185107199857e-06,0.03649824857711792,-0.1413014531135559,0.005125666968524456,4.295196504244814e-06,0.1413014531135559,0.14818896353244781,8.590392826590687e-05,0.05125667154788971
952,3.327440700140774e-06,0.2847086191177368,-0.1488231122493744,0.005622876342386007,2.6070715648529585e-06,0.1488231122493744,0.15412341058254242,5.214142947806977e-05,0.05622875690460205
953,3.316871311751205e-06,0.07080049812793732,-0.1463361531496048,0.0053841304033994675,2.175542931581731e-06,0.1463361531496048,0.15163904428482056,4.351085954112932e-05,0.053841304033994675
954,3.3063103987735433e-06,0.06933944672346115,-0.14580559730529785,0.005338489077985287,1.961645011760993e-06,0.14580559730529785,0.1506933867931366,3.923289477825165e-05,0.05338488519191742
955,3.295758014387375e-06,0.05118982493877411,-0.14817550778388977,0.0059793912805616856,1.8062894469039747e-06,0.14817550778388977,0.15225863456726074,3.61257916665636e-05,0.05979391559958458
956,3.2852142117293435e-06,0.08781754225492477,-0.15239202976226807,0.006230682134628296,1.316087946179323e-06,0.15239202976226807,0.15558165311813354,2.6321758923586458e-05,0.06230681762099266
957,3.2746790438928723e-06,0.032274555414915085,-0.14776621758937836,0.005425016861408949,2.40449753619032e-06,0.14776621758937836,0.15299779176712036,4.8089950723806396e-05,0.054250165820121765
958,3.264152563927908e-06,0.10606369376182556,-0.14880874752998352,0.006621827371418476,2.009965101024136e-06,0.14880874752998352,0.15366418659687042,4.019929838250391e-05,0.06621827185153961
959,3.2536348248406537e-06,0.06082472950220108,-0.1483478546142578,0.005660515744239092,2.3800134840712417e-06,0.1483478546142578,0.1534104198217392,4.760026786243543e-05,0.05660516023635864
960,3.2431258795932863e-06,0.029830245301127434,-0.14867407083511353,0.005926216021180153,1.8901462226494914e-06,0.14867407083511353,0.15274223685264587,3.780292172450572e-05,0.05926216021180153
961,3.2326257811037154e-06,0.053306788206100464,-0.14542800188064575,0.006680413614958525,1.911410436150618e-06,0.14542800188064575,0.1504126787185669,3.822820872301236e-05,0.06680413335561752
962,3.22213458224529e-06,0.023784449324011803,-0.14877212047576904,0.004531014245003462,1.9912217794626486e-06,0.14877212047576904,0.15297715365886688,3.982443013228476e-05,0.045310139656066895
963,3.2116523358465536e-06,0.038972750306129456,-0.14803092181682587,0.005667547229677439,1.633365513953322e-06,0.14803092181682587,0.15217794477939606,3.266731073381379e-05,0.05667547136545181
964,3.2011790946909673e-06,0.02783193625509739,-0.14816388487815857,0.004951099865138531,1.930891357915243e-06,0.14816388487815857,0.15215840935707092,3.861782170133665e-05,0.04951099678874016
965,3.1907149115166403e-06,0.4747362434864044,-0.14702342450618744,0.005625648889690638,1.5315672499127686e-06,0.14702342450618744,0.15106135606765747,3.063134499825537e-05,0.0562564879655838
966,3.1802598390160788e-06,0.09891951084136963,-0.14680525660514832,0.007064106874167919,2.2069252736400813e-06,0.14680525660514832,0.15125827491283417,4.4138505472801626e-05,0.07064105570316315
967,3.169813929835907e-06,0.09012509137392044,-0.15004734694957733,0.006111151538789272,1.7660053117651842e-06,0.15004734694957733,0.15405240654945374,3.532010305207223e-05,0.061111513525247574
968,3.1593772365766107e-06,0.047158706933259964,-0.14859554171562195,0.00486421212553978,2.1378864403232e-06,0.14859554171562195,0.1529926210641861,4.2757728806464e-05,0.0486421138048172
969,3.1489498117922655e-06,0.03895467147231102,-0.1466180831193924,0.005263486411422491,2.025558387686033e-06,0.1466180831193924,0.15087324380874634,4.0511167753720656e-05,0.05263486132025719
970,3.1385317079902743e-06,0.046808019280433655,-0.14779937267303467,0.005998970475047827,2.3041138774715364e-06,0.14779937267303467,0.15289157629013062,4.608227754943073e-05,0.05998970568180084
971,3.1281229776311107e-06,0.022339368239045143,-0.1501370370388031,0.005346003919839859,1.7437712358514545e-06,0.1501370370388031,0.15402433276176453,3.4875421988544986e-05,0.05346003919839859
972,3.11772367312804e-06,0.03908604010939598,-0.14772675931453705,0.005274335853755474,2.0374529867694946e-06,0.14772675931453705,0.15232351422309875,4.074905882589519e-05,0.05274335667490959
973,3.1073338468468716e-06,0.03164058178663254,-0.1508256196975708,0.005303140729665756,1.607215267540596e-06,0.1508256196975708,0.15464523434638977,3.2144307624548674e-05,0.05303140729665756
974,3.096953551105679e-06,0.06047625467181206,-0.14387062191963196,0.006935430224984884,3.3184328458446544e-06,0.14387062191963196,0.1502549797296524,6.636865873588249e-05,0.06935430318117142
975,3.0865828381745515e-06,0.05776160955429077,-0.14650636911392212,0.005176689475774765,2.406751264061313e-06,0.14650636911392212,0.15185105800628662,4.813502891920507e-05,0.05176689475774765
976,3.076221760275321e-06,0.04549852013587952,-0.14884506165981293,0.0063062552362680435,1.393198886034952e-06,0.14884506165981293,0.15252095460891724,2.786397817544639e-05,0.06306254863739014
977,3.0658703695813002e-06,0.36781275272369385,-0.14996737241744995,0.0073200189508497715,2.485159711795859e-06,0.14996737241744995,0.15478534996509552,4.9703201511874795e-05,0.07320018857717514
978,3.055528718217028e-06,0.03999693691730499,-0.14635412395000458,0.005330781918019056,2.539583874749951e-06,0.14635412395000458,0.15168973803520203,5.0791673857020214e-05,0.053307823836803436
979,3.0451968582579917e-06,0.044111333787441254,-0.1484447568655014,0.005404729396104813,2.228379344160203e-06,0.1484447568655014,0.15298783779144287,4.456758324522525e-05,0.05404729023575783
980,3.0348748417303826e-06,0.05791434645652771,-0.15375587344169617,0.0060525014996528625,1.605834540896467e-06,0.15375587344169617,0.15706829726696014,3.211669172742404e-05,0.060525014996528625
981,3.0245627206108197e-06,0.03661973401904106,-0.1470663845539093,0.005379168316721916,1.974094857359887e-06,0.1470663845539093,0.1514032781124115,3.948189623770304e-05,0.05379168689250946
982,3.0142605468260976e-06,0.03681302070617676,-0.14774620532989502,0.004994865041226149,2.0442521417862736e-06,0.14774620532989502,0.15214352309703827,4.0885039197746664e-05,0.04994864761829376
983,3.0039683722529177e-06,0.032712776213884354,-0.14737510681152344,0.006162199191749096,2.3021825654723216e-06,0.14737510681152344,0.15223121643066406,4.6043642214499414e-05,0.06162199005484581
984,2.9936862487176295e-06,0.04770185798406601,-0.15055622160434723,0.005381534807384014,2.591057182144141e-06,0.15055622160434723,0.15493819117546082,5.1821138185914606e-05,0.05381534621119499
985,2.9834142279959754e-06,0.06875235587358475,-0.14835062623023987,0.006488338112831116,1.8329649265069747e-06,0.14835062623023987,0.15238875150680542,3.66593012586236e-05,0.06488338112831116
986,2.97315236181282e-06,0.05037635937333107,-0.14920078217983246,0.005794909782707691,2.3806690023775445e-06,0.14920078217983246,0.1544465571641922,4.761337913805619e-05,0.057949088513851166
987,2.9629007018418986e-06,0.06226617470383644,-0.14929518103599548,0.00684474129229784,1.8129987893189536e-06,0.14929518103599548,0.15328362584114075,3.625997851486318e-05,0.06844741106033325
988,2.9526592997055488e-06,0.0944921001791954,-0.14494095742702484,0.006406702566891909,2.098316372212139e-06,0.14494095742702484,0.14997172355651855,4.196632653474808e-05,0.06406702846288681
989,2.9424282069744564e-06,0.04362083598971367,-0.14570435881614685,0.007042833603918552,1.9322724256198853e-06,0.14570435881614685,0.150380477309227,3.8645448512397707e-05,0.07042833417654037
990,2.932207475167398e-06,0.026608038693666458,-0.1442362666130066,0.0057142991572618484,2.005455371545395e-06,0.1442362666130066,0.1489565223455429,4.010910197393969e-05,0.05714299529790878
991,2.9219971557509698e-06,0.053975217044353485,-0.1482028365135193,0.005312877241522074,1.759111910359934e-06,0.1482028365135193,0.15215665102005005,3.518223820719868e-05,0.05312877148389816
992,2.911797300139345e-06,0.060202185064554214,-0.15013433992862701,0.005895093083381653,1.4429457451115013e-06,0.15013433992862701,0.15364602208137512,2.885891626647208e-05,0.05895092710852623
993,2.9016079596939996e-06,0.04734420403838158,-0.14431846141815186,0.006184057332575321,2.6821051051229006e-06,0.14431846141815186,0.15030419826507568,5.3642099373973906e-05,0.06184057891368866
994,2.891429185723464e-06,0.3612945079803467,-0.14540714025497437,0.006721098907291889,1.8442058262735372e-06,0.14540714025497437,0.1497029960155487,3.6884117434965447e-05,0.06721098721027374
995,2.8812610294830568e-06,0.046411532908678055,-0.1477966010570526,0.005481605883687735,1.7010961528285407e-06,0.1477966010570526,0.152052640914917,3.4021919418592006e-05,0.05481605604290962
996,2.871103542174637e-06,0.02483680658042431,-0.14780853688716888,0.005246297921985388,2.219690941274166e-06,0.14780853688716888,0.15240521728992462,4.4393815187504515e-05,0.05246298015117645
997,2.860956774946337e-06,0.03972339630126953,-0.14943203330039978,0.006012283265590668,2.23045026359614e-06,0.14943203330039978,0.1540793627500534,4.460900163394399e-05,0.06012283265590668
998,2.850820778892305e-06,0.04795342683792114,-0.1462874710559845,0.005671463441103697,2.354762273171218e-06,0.1462874710559845,0.15113483369350433,4.709524364443496e-05,0.056714631617069244
999,2.8406956050524582e-06,0.08039752393960953,-0.1507023125886917,0.007204855792224407,2.285618393216282e-06,0.1507023125886917,0.1546517312526703,4.571236786432564e-05,0.07204855978488922
1000,2.83058130441221e-06,0.04341226443648338,-0.14774265885353088,0.00510762445628643,2.084475909214234e-06,0.14774265885353088,0.15216456353664398,4.168952000327408e-05,0.051076240837574005
1001,2.8204779279022277e-06,0.05206328257918358,-0.15112262964248657,0.006164297461509705,1.514999894425273e-06,0.15112262964248657,0.15464100241661072,3.0299996069516055e-05,0.061642974615097046
1002,2.8103855263981695e-06,0.14277823269367218,-0.14724765717983246,0.006028307601809502,1.8513180748414015e-06,0.14724765717983246,0.15139491856098175,3.702636604430154e-05,0.06028307229280472
1003,2.800304150720424e-06,0.04705768823623657,-0.14538730680942535,0.005731391720473766,2.178679324060795e-06,0.14538730680942535,0.15025633573532104,4.3573585571721196e-05,0.057313911616802216
1004,2.790233851633868e-06,0.027692127972841263,-0.14613954722881317,0.005652916617691517,1.6512860838702181e-06,0.14613954722881317,0.15019020438194275,3.302572440588847e-05,0.05652916431427002
1005,2.7801746798475905e-06,0.03964689001441002,-0.14595183730125427,0.005077311769127846,3.2830967029440217e-06,0.14595183730125427,0.1517454981803894,6.566193769685924e-05,0.050773121416568756
1006,2.7701266860146575e-06,0.04095224663615227,-0.14614081382751465,0.005454118363559246,2.076766804748331e-06,0.14614081382751465,0.15127182006835938,4.153533518547192e-05,0.05454118177294731
1007,2.7600899207318465e-06,0.05956747755408287,-0.15102824568748474,0.007478833664208651,1.2716770925180754e-06,0.15102824568748474,0.1539299637079239,2.5433539121877402e-05,0.07478833198547363
1008,2.7500644345393945e-06,0.03584248200058937,-0.1540350615978241,0.005699297413229942,1.5293292108253809e-06,0.1540350615978241,0.1568852663040161,3.0586583307012916e-05,0.056992966681718826
1009,2.740050277920739e-06,0.036178626120090485,-0.15242192149162292,0.0050598569214344025,8.37896152461326e-07,0.15242192149162292,0.15508991479873657,1.6757923731347546e-05,0.05059856176376343
1010,2.7300475013022666e-06,0.032690905034542084,-0.1503904163837433,0.006612633354961872,1.7586249896339723e-06,0.1503904163837433,0.15444061160087585,3.5172499337932095e-05,0.06612633168697357
1011,2.720056155053067e-06,0.06845392286777496,-0.1451682150363922,0.005238947458565235,1.6716528534743702e-06,0.1451682150363922,0.14937767386436462,3.3433057978982106e-05,0.052389468997716904
1012,2.7100762894846633e-06,0.03169266879558563,-0.14851507544517517,0.004727890249341726,1.5820778571651317e-06,0.14851507544517517,0.15247125923633575,3.164155350532383e-05,0.04727889969944954
1013,2.7001079548507735e-06,0.05221681669354439,-0.1445769965648651,0.006549544632434845,2.4330397536687087e-06,0.1445769965648651,0.15001390874385834,4.866079325438477e-05,0.06549544632434845
1014,2.6901512013470523e-06,0.04213147982954979,-0.14619137346744537,0.006152096204459667,2.1564101189142093e-06,0.14619137346744537,0.15116098523139954,4.3128202378284186e-05,0.06152096390724182
1015,2.6802060791108304e-06,0.08117223531007767,-0.14780786633491516,0.006156994961202145,1.710246579023078e-06,0.14780786633491516,0.1518159955739975,3.4204927942482755e-05,0.061569944024086
1016,2.6702726382208775e-06,0.020472154021263123,-0.1537061333656311,0.005718944128602743,1.5303032796509797e-06,0.1537061333656311,0.15678906440734863,3.060606468352489e-05,0.057189445942640305
1017,2.6603509286971342e-06,0.1113792359828949,-0.14643992483615875,0.00528151448816061,2.102269490933395e-06,0.14643992483615875,0.1513032615184784,4.20453907281626e-05,0.05281514301896095
1018,2.6504410005004734e-06,0.05700724199414253,-0.14385831356048584,0.006559806875884533,1.8439056930219522e-06,0.14385831356048584,0.14830264449119568,3.6878114769933745e-05,0.06559807062149048
1019,2.6405429035324405e-06,0.04106724262237549,-0.14970096945762634,0.005216888152062893,2.1636767542076996e-06,0.14970096945762634,0.15425127744674683,4.32735396316275e-05,0.05216887965798378
1020,2.6306566876350072e-06,0.06141640618443489,-0.14649295806884766,0.006129104178398848,2.3886177586973645e-06,0.14649295806884766,0.15105408430099487,4.777235517394729e-05,0.06129103899002075
1021,2.620782402590314e-06,0.031112398952245712,-0.15067742764949799,0.005331819411367178,1.6683735566402902e-06,0.15067742764949799,0.15436089038848877,3.3367472497047856e-05,0.053318195044994354
1022,2.610920098120424e-06,0.028541408479213715,-0.14830467104911804,0.005120187532156706,2.6196166800218634e-06,0.14830467104911804,0.15298812091350555,5.239233360043727e-05,0.05120187625288963
1023,2.6010698238870746e-06,0.03972325101494789,-0.15034930408000946,0.005688811186701059,1.8340081169299083e-06,0.15034930408000946,0.15439960360527039,3.668016506708227e-05,0.05688811466097832
1024,2.5912316294914232e-06,0.03545640781521797,-0.14663627743721008,0.004815126769244671,2.1842706701136194e-06,0.14663627743721008,0.15139155089855194,4.3685417040251195e-05,0.04815126582980156
1025,2.5814055644738013e-06,0.2471151202917099,-0.1459881067276001,0.0055317627266049385,2.9843156426068163e-06,0.1459881067276001,0.1514480859041214,5.968631012365222e-05,0.055317625403404236
1026,2.5715916783134583e-06,0.03538156673312187,-0.14367447793483734,0.0058838482946157455,2.6800130399351474e-06,0.14367447793483734,0.14902208745479584,5.360025534173474e-05,0.05883847922086716
1027,2.561790020428322e-06,0.06452271342277527,-0.15065926313400269,0.006704468280076981,1.7300652643825742e-06,0.15065926313400269,0.15468773245811462,3.460130392340943e-05,0.06704467535018921
1028,2.55200064017474e-06,0.10473839938640594,-0.1516016125679016,0.006651126779615879,1.7411462067684624e-06,0.1516016125679016,0.1549319624900818,3.4822922316379845e-05,0.06651125848293304
1029,2.5422235868472343e-06,0.0519537515938282,-0.14744101464748383,0.005949121434241533,2.1955718239041744e-06,0.14744101464748383,0.15202268958091736,4.391143738757819e-05,0.05949121341109276
1030,2.532458909678266e-06,0.02065568044781685,-0.15003666281700134,0.005301247350871563,1.5578006014038692e-06,0.15003666281700134,0.15365584194660187,3.115601066383533e-05,0.05301247537136078
1031,2.5227066578379624e-06,0.10356445610523224,-0.14871470630168915,0.006841063033789396,1.6958579180936795e-06,0.14871470630168915,0.15287503600120544,3.391716018086299e-05,0.06841062754392624
1032,2.512966880433891e-06,0.024512702599167824,-0.14710581302642822,0.004827183671295643,2.895302486649598e-06,0.14710581302642822,0.15240412950515747,5.790605064248666e-05,0.04827183485031128
1033,2.503239626510798e-06,0.03672829642891884,-0.14554552733898163,0.005238132551312447,2.401322262812755e-06,0.14554552733898163,0.15056750178337097,4.80264461657498e-05,0.052381329238414764
1034,2.493524945050376e-06,0.08626441657543182,-0.1512909233570099,0.006044207140803337,1.9316605630592676e-06,0.1512909233570099,0.15504103899002075,3.863321035169065e-05,0.06044206768274307
1035,2.483822884971e-06,0.05387919768691063,-0.14827805757522583,0.006952407769858837,2.130693701474229e-06,0.14827805757522583,0.15307509899139404,4.2613872210495174e-05,0.06952407211065292
1036,2.4741334951274948e-06,0.05143863707780838,-0.14934781193733215,0.005345316603779793,1.9387803149584215e-06,0.14934781193733215,0.15371426939964294,3.8775608118157834e-05,0.05345316231250763
1037,2.464456824310885e-06,0.05629204213619232,-0.14937639236450195,0.005933897104114294,2.0848219719482586e-06,0.14937639236450195,0.1538829803466797,4.169643943896517e-05,0.059338971972465515
1038,2.4547929212481436e-06,0.04347078874707222,-0.14599387347698212,0.0065902722999453545,2.4306964405695908e-06,0.14599387347698212,0.15144376456737518,4.861392517341301e-05,0.0659027248620987
1039,2.445141834601958e-06,0.03321950510144234,-0.14827343821525574,0.0059698475524783134,2.1180278508836636e-06,0.14827343821525574,0.15284177660942078,4.236055610817857e-05,0.05969846993684769
1040,2.43550361297047e-06,0.05760319530963898,-0.15025803446769714,0.0054089948534965515,1.7419295090803644e-06,0.15025803446769714,0.1543121635913849,3.483858745312318e-05,0.054089948534965515
1041,2.425878304887047e-06,0.03247758746147156,-0.14765559136867523,0.004677207209169865,1.7792846165320952e-06,0.14765559136867523,0.1516449749469757,3.558569005690515e-05,0.0467720702290535
1042,2.4162659588200287e-06,0.09674699604511261,-0.14681121706962585,0.0065166642889380455,1.0092128377436893e-06,0.14681121706962585,0.1497000753879547,2.0184255845379084e-05,0.06516663730144501
1043,2.40666662317248e-06,0.04492234066128731,-0.14942671358585358,0.004893344361335039,1.3629812656290596e-06,0.14942671358585358,0.15250466763973236,2.7259622584097087e-05,0.048933446407318115
1044,2.3970803462819586e-06,0.23404239118099213,-0.14698317646980286,0.004493101499974728,1.6609459407845861e-06,0.14698317646980286,0.1507686972618103,3.3218919270439073e-05,0.044931016862392426
1045,2.387507176420256e-06,0.07789718359708786,-0.14764678478240967,0.005412808619439602,2.1335697510949103e-06,0.14764678478240967,0.15220798552036285,4.26713922934141e-05,0.05412809178233147
1046,2.377947161793171e-06,0.04432385787367821,-0.14891625940799713,0.005528686568140984,2.1577429833996575e-06,0.14891625940799713,0.1536879539489746,4.315485421102494e-05,0.055286865681409836
1047,2.3684003505402574e-06,0.04314842447638512,-0.1449698805809021,0.0052905455231666565,2.3957636585691944e-06,0.1449698805809021,0.14969667792320251,4.7915276809362695e-05,0.052905455231666565
1048,2.3588667907345787e-06,0.0516398623585701,-0.14790993928909302,0.005350938532501459,2.196770992668462e-06,0.14790993928909302,0.15232019126415253,4.393541894387454e-05,0.05350938439369202
1049,2.349346530382477e-06,0.028650259599089622,-0.14822843670845032,0.005489926785230637,2.134475607817876e-06,0.14822843670845032,0.15279912948608398,4.2689513065852225e-05,0.054899267852306366
1050,2.339839617423318e-06,0.036172617226839066,-0.1461561620235443,0.005450834520161152,2.2552987957169535e-06,0.1461561620235443,0.15168070793151855,4.5105978642823175e-05,0.05450834706425667
1051,2.3303460997292636e-06,0.05976155400276184,-0.149154931306839,0.00502177095040679,1.599378379069094e-06,0.149154931306839,0.1528390347957611,3.198756530764513e-05,0.05021771043539047
1052,2.320866025105016e-06,0.06822778284549713,-0.1446225345134735,0.0054741003550589085,2.2978263132245047e-06,0.1446225345134735,0.1498808115720749,4.5956527173984796e-05,0.05474100261926651
1053,2.311399441287595e-06,0.03767184168100357,-0.14957407116889954,0.005963851697742939,1.5090651004356914e-06,0.14957407116889954,0.15323492884635925,3.0181299734977074e-05,0.05963851511478424
1054,2.3019463959460784e-06,0.042349204421043396,-0.14838914573192596,0.006066458765417337,2.068087496809312e-06,0.14838914573192596,0.15210022032260895,4.136174902669154e-05,0.0606645867228508
1055,2.2925069366813718e-06,0.348511666059494,-0.14795100688934326,0.00644970266148448,2.3922580112412106e-06,0.14795100688934326,0.15365783870220184,4.7845162043813616e-05,0.06449703127145767
1056,2.283081111025973e-06,0.03665373474359512,-0.15173333883285522,0.005702282302081585,1.5573311884509167e-06,0.15173333883285522,0.15541361272335052,3.114662104053423e-05,0.0570228211581707
1057,2.273668966443722e-06,0.19354285299777985,-0.14907746016979218,0.005594966467469931,2.030968516919529e-06,0.14907746016979218,0.15340550243854523,4.061936488142237e-05,0.05594966560602188
1058,2.2642705503295705e-06,0.0443926565349102,-0.14835917949676514,0.005904908757656813,2.0253837647032924e-06,0.14835917949676514,0.1527959704399109,4.0507678932044655e-05,0.0590490847826004
1059,2.254885910009341e-06,0.037991128861904144,-0.14740189909934998,0.005890303757041693,1.7984186797548318e-06,0.14740189909934998,0.1512867510318756,3.5968372685601935e-05,0.0589030385017395
1060,2.245515092739488e-06,0.024824071675539017,-0.1494605839252472,0.005238295532763004,1.6612178797004162e-06,0.1494605839252472,0.15310461819171906,3.322435441077687e-05,0.052382953464984894
1061,2.2361581457068574e-06,0.033620934933423996,-0.1474173367023468,0.0056182025000452995,3.045975972781889e-06,0.1474173367023468,0.1525822877883911,6.091951217968017e-05,0.056182026863098145
1062,2.2268151160284508e-06,0.04891271889209747,-0.15053391456604004,0.005870785564184189,1.5768946468597278e-06,0.15053391456604004,0.15457163751125336,3.1537892937194556e-05,0.05870785191655159
1063,2.2174860507511924e-06,0.04930136725306511,-0.14767535030841827,0.005296661052852869,1.8039274891634705e-06,0.14767535030841827,0.15196619927883148,3.6078552511753514e-05,0.052966609597206116
1064,2.2081709968516867e-06,0.027399299666285515,-0.1477905809879303,0.004680471494793892,2.1966466192679945e-06,0.1477905809879303,0.152888685464859,4.3932934204349294e-05,0.04680471122264862
1065,2.1988700012359865e-06,0.0760803371667862,-0.14645904302597046,0.005810026079416275,2.445780410198495e-06,0.14645904302597046,0.152095228433609,4.891560092801228e-05,0.05810025334358215
1066,2.1895831107393485e-06,0.04273553192615509,-0.14781048893928528,0.0055562760680913925,2.003964254981838e-06,0.14781048893928528,0.1522819697856903,4.007928873761557e-05,0.055562764406204224
1067,2.180310372126005e-06,0.04545104503631592,-0.14851988852024078,0.006752091459929943,1.7152085547422757e-06,0.14851988852024078,0.15227359533309937,3.4304172004340217e-05,0.06752091646194458
1068,2.171051832088928e-06,0.034244466572999954,-0.15157316625118256,0.004979316145181656,1.433569423170411e-06,0.15157316625118256,0.15508759021759033,2.8671385734924115e-05,0.04979316145181656
1069,2.1618075372495917e-06,0.04412338510155678,-0.1451837718486786,0.006075178738683462,2.25642816076288e-06,0.1451837718486786,0.14984723925590515,4.512856685323641e-05,0.0607517845928669
1070,2.1525775341577404e-06,0.053236063569784164,-0.14624464511871338,0.004812471568584442,2.7921505534322932e-06,0.14624464511871338,0.1515219509601593,5.5843011068645865e-05,0.04812471568584442
1071,2.1433618692911466e-06,0.040023207664489746,-0.14834915101528168,0.005852994043380022,1.9829462871712167e-06,0.14834915101528168,0.15305280685424805,3.965892392443493e-05,0.058529939502477646
1072,2.1341605890553895e-06,0.043485164642333984,-0.14905127882957458,0.006200537551194429,1.8848022591555491e-06,0.14905127882957458,0.15335363149642944,3.769604518311098e-05,0.06200537085533142
1073,2.124973739783609e-06,0.026639647781848907,-0.14841626584529877,0.00515103479847312,2.380244950472843e-06,0.14841626584529877,0.15338435769081116,4.7604902647435665e-05,0.05151034891605377
1074,2.115801367736276e-06,0.0733388289809227,-0.14768917858600616,0.005953704006969929,1.1607497754084761e-06,0.14768917858600616,0.15041035413742065,2.321499414392747e-05,0.05953703820705414
1075,2.1066435191009717e-06,0.03741836175322533,-0.14909237623214722,0.005052162799984217,1.1891589792867308e-06,0.14909237623214722,0.1516915261745453,2.3783180949976668e-05,0.05052162706851959
1076,2.097500239992132e-06,0.056603383272886276,-0.14814545214176178,0.0057983738370239735,1.4424209666685783e-06,0.14814545214176178,0.1522437334060669,2.8848418878624216e-05,0.05798373371362686
1077,2.0883715764508384e-06,0.05150752142071724,-0.14473408460617065,0.004868129268288612,2.5441190700803418e-06,0.14473408460617065,0.14939025044441223,5.0882386858575046e-05,0.04868129640817642
1078,2.0792575744445654e-06,0.19368349015712738,-0.14875930547714233,0.005325243342667818,1.5284189203157439e-06,0.14875930547714233,0.15222804248332977,3.056837886106223e-05,0.053252436220645905
1079,2.070158279866968e-06,0.06729426234960556,-0.1489369422197342,0.004893794655799866,1.4934605587768601e-06,0.1489369422197342,0.15273159742355347,2.98692102660425e-05,0.04893794655799866
1080,2.061073738537635e-06,0.03638628125190735,-0.14933975040912628,0.006017450243234634,1.383338485538843e-06,0.14933975040912628,0.15281887352466583,2.766676880128216e-05,0.060174498707056046
1081,2.0520039962018697e-06,0.385545015335083,-0.14500315487384796,0.006592797581106424,1.839406195358606e-06,0.14500315487384796,0.14995159208774567,3.6788125726161525e-05,0.06592797487974167
1082,2.0429490985304556e-06,0.08144164085388184,-0.1441664695739746,0.0062163094989955425,2.8726008167723194e-06,0.1441664695739746,0.14954106509685516,5.745201633544639e-05,0.0621630884706974
1083,2.033909091119419e-06,0.05408989638090134,-0.14801859855651855,0.0059126862324774265,1.4991826446930645e-06,0.14801859855651855,0.15158617496490479,2.9983655622345395e-05,0.05912686139345169
1084,2.0248840194898155e-06,0.02443617954850197,-0.14905384182929993,0.005249626003205776,2.1809814825246576e-06,0.14905384182929993,0.15380242466926575,4.361962419352494e-05,0.052496254444122314
1085,2.0158739290874822e-06,0.04872990772128105,-0.14692676067352295,0.005145715083926916,1.7412696706742281e-06,0.14692676067352295,0.15089347958564758,3.482538886601105e-05,0.051457151770591736
1086,2.006878865282824e-06,0.05442112311720848,-0.14928744733333588,0.004930456168949604,1.4051610151000204e-06,0.14928744733333588,0.15287861227989197,2.8103218937758356e-05,0.04930455610156059
1087,1.9978988733705807e-06,0.06406734138727188,-0.15005820989608765,0.007100637536495924,1.6076909332696232e-06,0.15005820989608765,0.15342475473880768,3.215381730115041e-05,0.07100637257099152
1088,1.9889339985695894e-06,0.03302416205406189,-0.14682574570178986,0.004720681346952915,2.5663425731181633e-06,0.14682574570178986,0.15213224291801453,5.132685328135267e-05,0.047206811606884
1089,1.9799842860225743e-06,0.06637565046548843,-0.1500401496887207,0.007062819320708513,2.146968427041429e-06,0.1500401496887207,0.1546507626771927,4.2939369450323284e-05,0.07062819600105286
1090,1.971049780795901e-06,0.06743018329143524,-0.15151140093803406,0.005507917143404484,1.5776123518662644e-06,0.15151140093803406,0.154892235994339,3.155224476358853e-05,0.05507917329668999
1091,1.9621305278793656e-06,0.05019502341747284,-0.1501675546169281,0.0047275610268116,1.3174440027796663e-06,0.1501675546169281,0.15355950593948364,2.6348880055593327e-05,0.047275610268116
1092,1.95322657218596e-06,0.06306737661361694,-0.1483124941587448,0.005601797252893448,1.8890091268985998e-06,0.1483124941587448,0.1527271866798401,3.7780177081003785e-05,0.05601797252893448
1093,1.9443379585516412e-06,0.03746875748038292,-0.1496647298336029,0.005013413727283478,1.2667890132433968e-06,0.1496647298336029,0.15322455763816833,2.5335781174362637e-05,0.05013413727283478
1094,1.9354647317351187e-06,0.0368712842464447,-0.14802612364292145,0.005120489746332169,2.160151097996277e-06,0.14802612364292145,0.15279363095760345,4.320302468840964e-05,0.051204901188611984
1095,1.9266069364176144e-06,0.0495440810918808,-0.1450282335281372,0.005708977580070496,2.9708842248510337e-06,0.1450282335281372,0.1509159952402115,5.941768176853657e-05,0.057089779525995255
1096,1.9177646172026513e-06,0.053365226835012436,-0.14646165072917938,0.006279507651925087,2.0407487681950442e-06,0.14646165072917938,0.15077483654022217,4.081497900187969e-05,0.06279507279396057
1097,1.908937818615815e-06,0.020007126033306122,-0.1476815938949585,0.005454550497233868,2.0187935660942458e-06,0.1476815938949585,0.15169775485992432,4.037586768390611e-05,0.054545506834983826
1098,1.900126585104547e-06,0.07316341996192932,-0.15086650848388672,0.005360209848731756,1.5321545561164385e-06,0.15086650848388672,0.15437427163124084,3.064309203182347e-05,0.05360209569334984
1099,1.8913309610379015e-06,0.03686916455626488,-0.14956440031528473,0.00589321693405509,1.5748537407489493e-06,0.14956440031528473,0.15304094552993774,3.149707481497899e-05,0.058932170271873474
1100,1.8825509907063328e-06,0.05232211574912071,-0.14998385310173035,0.005342409946024418,1.8549483229435282e-06,0.14998385310173035,0.15401607751846313,3.709896554937586e-05,0.05342410132288933
1101,1.873786718321476e-06,0.02825997769832611,-0.14899420738220215,0.0047959755174815655,1.922092906170292e-06,0.14899420738220215,0.1529366374015808,3.844185630441643e-05,0.04795975610613823
1102,1.8650381880159108e-06,0.03177298977971077,-0.14463070034980774,0.00462792394682765,2.303354449395556e-06,0.14463070034980774,0.15025073289871216,4.606708534993231e-05,0.04627923667430878
1103,1.8563054438429546e-06,0.05797264724969864,-0.14784538745880127,0.005747123621404171,1.7266581835428951e-06,0.14784538745880127,0.15236184000968933,3.45331609423738e-05,0.05747123062610626
1104,1.8475885297764307e-06,0.05396179109811783,-0.14814719557762146,0.0047903205268085,2.077508952424978e-06,0.14814719557762146,0.1528111696243286,4.1550178139004856e-05,0.04790320247411728
1105,1.838887489710452e-06,0.03859812393784523,-0.14679333567619324,0.006030041724443436,1.5785647065058583e-06,0.14679333567619324,0.15086615085601807,3.157128958264366e-05,0.060300420969724655
1106,1.8302023674591934e-06,0.0335255041718483,-0.14901602268218994,0.005139822140336037,1.3424984217635938e-06,0.14901602268218994,0.15217390656471252,2.6849967980524525e-05,0.05139821395277977
1107,1.8215332067566766e-06,0.03539992868900299,-0.146424800157547,0.005217836704105139,2.5977878976846114e-06,0.146424800157547,0.1518406718969345,5.195575795369223e-05,0.05217836797237396
1108,1.8128800512565514e-06,0.031898174434900284,-0.14769431948661804,0.0047857691533863544,2.1917624053457985e-06,0.14769431948661804,0.1520301252603531,4.383524355944246e-05,0.04785769060254097
1109,1.804242944531872e-06,0.0506875142455101,-0.14795246720314026,0.006093196105211973,1.694575416877342e-06,0.14795246720314026,0.15161600708961487,3.389150515431538e-05,0.06093195825815201
1110,1.7956219300748796e-06,0.10440731048583984,-0.14837250113487244,0.0051870038732886314,1.7670557781457319e-06,0.14837250113487244,0.15223637223243713,3.534111601766199e-05,0.051870036870241165
1111,1.7870170512967789e-06,0.037877026945352554,-0.14862476289272308,0.005496738012880087,1.4678331581308157e-06,0.14862476289272308,0.1524592489004135,2.9356662707868963e-05,0.054967381060123444
1112,1.7784283515275292e-06,0.07031778246164322,-0.1510946899652481,0.00605072733014822,1.86857687367592e-06,0.1510946899652481,0.15497158467769623,3.73715374735184e-05,0.06050726771354675
1113,1.7698558740156136e-06,0.03611171990633011,-0.14683806896209717,0.004660423379391432,2.354480102439993e-06,0.14683806896209717,0.15175503492355347,4.7089604777283967e-05,0.046604230999946594
1114,1.7612996619278322e-06,0.08607438951730728,-0.1505710482597351,0.005577779375016689,1.5521681007157895e-06,0.1505710482597351,0.15408974885940552,3.104336065007374e-05,0.05577779561281204
1115,1.7527597583490825e-06,0.03996800258755684,-0.1485426425933838,0.005068107042461634,1.6818729591250303e-06,0.1485426425933838,0.15256908535957336,3.3637457818258554e-05,0.05068107321858406
1116,1.7442362062821323e-06,0.05483204871416092,-0.14664489030838013,0.005059997551143169,1.8561877368483692e-06,0.14664489030838013,0.15059936046600342,3.7123754736967385e-05,0.05059997737407684
1117,1.7357290486474204e-06,0.02995304949581623,-0.14827701449394226,0.004576157778501511,1.7321165159955854e-06,0.14827701449394226,0.1519056260585785,3.46423257724382e-05,0.045761577785015106
1118,1.7272383282828254e-06,0.08897588402032852,-0.1507989466190338,0.0061108204536139965,1.3976562058815034e-06,0.1507989466190338,0.15393877029418945,2.7953123208135366e-05,0.06110820174217224
1119,1.7187640879434558e-06,0.03943962976336479,-0.1443210244178772,0.005008731037378311,2.583055675131618e-06,0.1443210244178772,0.14934669435024261,5.166111441212706e-05,0.05008731782436371
1120,1.7103063703014372e-06,0.05045899748802185,-0.1445859968662262,0.004622991196811199,2.6825948680198053e-06,0.1445859968662262,0.1499328315258026,5.3651896450901404e-05,0.046229906380176544
1121,1.7018652179456957e-06,0.095050148665905,-0.14698529243469238,0.005537634715437889,1.4928433529348695e-06,0.14698529243469238,0.15114015340805054,2.985686660395004e-05,0.05537634342908859
1122,1.6934406733817417e-06,0.03617027401924133,-0.15050283074378967,0.005315318703651428,1.837267518567387e-06,0.15050283074378967,0.1544298529624939,3.674535037134774e-05,0.05315319076180458
1123,1.685032779031453e-06,0.05722271651029587,-0.15209415555000305,0.005773068871349096,6.605613975807501e-07,0.15209415555000305,0.1539331078529358,1.3211226359999273e-05,0.05773068964481354
1124,1.6766415772328732e-06,0.061524033546447754,-0.14724388718605042,0.00605366937816143,2.5438469037908362e-06,0.14724388718605042,0.15248379111289978,5.087694080430083e-05,0.060536690056324005
1125,1.6682671102399806e-06,0.07405707985162735,-0.1494176685810089,0.005390512757003307,1.6168694401130779e-06,0.1494176685810089,0.15408068895339966,3.233738971175626e-05,0.053905125707387924
1126,1.6599094202224936e-06,0.047502681612968445,-0.14977869391441345,0.005363946780562401,1.3901407101002405e-06,0.14977869391441345,0.15337364375591278,2.7802812837762758e-05,0.05363947153091431
1127,1.6515685492656468e-06,0.1432397961616516,-0.1488882601261139,0.005128163378685713,1.2365479733489337e-06,0.1488882601261139,0.15219548344612122,2.4730959921726026e-05,0.051281630992889404
1128,1.6432445393699803e-06,0.04412366449832916,-0.14883852005004883,0.005594747141003609,1.8666282812773716e-06,0.14883852005004883,0.15306910872459412,3.733256380655803e-05,0.055947478860616684
1129,1.6349374324511347e-06,0.07588022202253342,-0.14466425776481628,0.0052331844344735146,2.6699317459133454e-06,0.14466425776481628,0.15015685558319092,5.33986312802881e-05,0.052331842482089996
1130,1.6266472703396286e-06,0.060036759823560715,-0.14795754849910736,0.006335423327982426,1.4837028174952138e-06,0.14795754849910736,0.1517496556043625,2.9674056349904276e-05,0.06335423141717911
1131,1.618374094780662e-06,0.03619015961885452,-0.1500449925661087,0.004782050382345915,2.142971197827137e-06,0.1500449925661087,0.15455733239650726,4.2859421228058636e-05,0.04782050848007202
1132,1.610117947433897e-06,0.20157979428768158,-0.1494864821434021,0.00530219217762351,2.2009814983903198e-06,0.1494864821434021,0.15451954305171967,4.40196308773011e-05,0.05302191898226738
1133,1.6018788698732446e-06,0.029005559161305428,-0.14582887291908264,0.004531484562903643,2.4590112843725365e-06,0.14582887291908264,0.15134751796722412,4.9180223868461326e-05,0.04531484469771385
1134,1.59365690358667e-06,0.05832883343100548,-0.14612436294555664,0.004801085218787193,1.3405551726464182e-06,0.14612436294555664,0.14989551901817322,2.6811103452928364e-05,0.04801085591316223
1135,1.5854520899759656e-06,0.05174284055829048,-0.14678813517093658,0.005354840774089098,2.0408915588632226e-06,0.14678813517093658,0.1512400209903717,4.081783117726445e-05,0.05354840308427811
1136,1.5772644703565564e-06,0.04902271181344986,-0.14970318973064423,0.005709427408874035,1.990759756154148e-06,0.14970318973064423,0.1537379026412964,3.981518966611475e-05,0.0570942759513855
1137,1.5690940859572861e-06,0.05803251266479492,-0.14688965678215027,0.005206707399338484,2.2882338726049056e-06,0.14688965678215027,0.15233027935028076,4.576468199957162e-05,0.05206707492470741
1138,1.5609409779202105e-06,0.0824451819062233,-0.14761483669281006,0.005020875483751297,2.0160996427875943e-06,0.14761483669281006,0.15158966183662415,4.032199285575189e-05,0.05020875483751297
1139,1.552805187300389e-06,0.048655614256858826,-0.15015283226966858,0.004885128233581781,1.107982029679988e-06,0.15015283226966858,0.1533580720424652,2.2159638319863006e-05,0.04885128140449524
1140,1.544686755065677e-06,0.07483600080013275,-0.1485765278339386,0.005540937650948763,1.4321125263450085e-06,0.1485765278339386,0.15250074863433838,2.8642249162658118e-05,0.055409375578165054
1141,1.5365857220965274e-06,0.043526943773031235,-0.14749059081077576,0.004903311841189861,1.8665249399418826e-06,0.14749059081077576,0.15140341222286224,3.733050107257441e-05,0.049033116549253464
1142,1.5285021291857705e-06,0.043477799743413925,-0.15053755044937134,0.00550282746553421,1.7324637155979872e-06,0.15053755044937134,0.15452180802822113,3.4649274311959743e-05,0.0550282746553421
1143,1.5204360170384286e-06,0.06514108926057816,-0.14933934807777405,0.004962895531207323,1.8752793948806357e-06,0.14933934807777405,0.15369294583797455,3.750558607862331e-05,0.04962895065546036
1144,1.5123874262714893e-06,0.06474409997463226,-0.15036043524742126,0.004697615280747414,2.0479883460211568e-06,0.15036043524742126,0.154351145029068,4.095976328244433e-05,0.046976152807474136
1145,1.5043563974137132e-06,0.1512710601091385,-0.14595189690589905,0.005034016910940409,2.2096555767348036e-06,0.14595189690589905,0.15116305649280548,4.419311153469607e-05,0.05034016817808151
1146,1.4963429709054323e-06,0.016477974131703377,-0.14989809691905975,0.004382692277431488,1.816572762436408e-06,0.14989809691905975,0.153909370303154,3.633145388448611e-05,0.04382692277431488
1147,1.4883471870983352e-06,0.029782485216856003,-0.14695118367671967,0.004865286406129599,1.9048196691073827e-06,0.14695118367671967,0.15170907974243164,3.8096393836895004e-05,0.04865286499261856
1148,1.4803690862552755e-06,0.09229376167058945,-0.1476702243089676,0.006025869399309158,1.6132471500895917e-06,0.1476702243089676,0.1516835242509842,3.226494663977064e-05,0.060258690267801285
1149,1.4724087085500627e-06,0.047722116112709045,-0.14782634377479553,0.0044014728628098965,2.0661866528826067e-06,0.14782634377479553,0.15257404744625092,4.132373578613624e-05,0.04401472583413124
1150,1.4644660940672628e-06,0.04147021844983101,-0.15254400670528412,0.0047789099626243114,1.5637476735719247e-06,0.15254400670528412,0.1561133861541748,3.1274954380933195e-05,0.04778909683227539
1151,1.4565412828019915e-06,0.033266983926296234,-0.15169906616210938,0.005614113993942738,1.5823168268980226e-06,0.15169906616210938,0.15541599690914154,3.1646333809476346e-05,0.05614113807678223
1152,1.4486343146597154e-06,0.10555193573236465,-0.14699062705039978,0.005814823787659407,2.439295258227503e-06,0.14699062705039978,0.15188045799732208,4.878589970758185e-05,0.058148231357336044
1153,1.440745229456057e-06,0.05254445597529411,-0.14727765321731567,0.004745039623230696,2.3631816929992056e-06,0.14727765321731567,0.1527789831161499,4.726363476947881e-05,0.04745039716362953
1154,1.4328740669165858e-06,0.09047594666481018,-0.1459299623966217,0.006123973987996578,2.039342462012428e-06,0.1459299623966217,0.15054619312286377,4.078685014974326e-05,0.061239734292030334
1155,1.4250208666766235e-06,0.05127169191837311,-0.14736279845237732,0.006296857260167599,1.9940764559578383e-06,0.14736279845237732,0.15221428871154785,3.988152457168326e-05,0.06296856701374054
1156,1.4171856682810386e-06,0.04378614202141762,-0.14558827877044678,0.0044387755915522575,2.364519787079189e-06,0.14558827877044678,0.15125033259391785,4.729039210360497e-05,0.04438775032758713
1157,1.4093685111840567e-06,0.09260965883731842,-0.14645680785179138,0.005296970251947641,1.6525739283679286e-06,0.14645680785179138,0.15039578080177307,3.305147401988506e-05,0.05296970158815384
1158,1.401569434749051e-06,0.03894084319472313,-0.14713971316814423,0.005426562391221523,2.8268759706406854e-06,0.14713971316814423,0.15292686223983765,5.65375157748349e-05,0.05426562577486038
1159,1.3937884782483486e-06,0.04718273505568504,-0.15107744932174683,0.004837637767195702,1.96095106730354e-06,0.15107744932174683,0.1551491618156433,3.92190195270814e-05,0.04837637394666672
1160,1.3860256808630429e-06,0.046916887164115906,-0.15133562684059143,0.004920921288430691,1.925620836118469e-06,0.15133562684059143,0.15535473823547363,3.851241490337998e-05,0.04920921474695206
1161,1.3782810816827751e-06,0.04249342158436775,-0.14923514425754547,0.005378709174692631,2.100222673107055e-06,0.14923514425754547,0.15394727885723114,4.20044525526464e-05,0.05378708988428116
1162,1.3705547197055586e-06,0.049153540283441544,-0.1468532383441925,0.005167833063751459,2.331728410354117e-06,0.1468532383441925,0.15160077810287476,4.6634566388092935e-05,0.05167832970619202
1163,1.3628466338375663e-06,0.039577666670084,-0.1469537913799286,0.004746698774397373,1.8217493789052241e-06,0.1469537913799286,0.1512230485677719,3.643499076133594e-05,0.04746698588132858
1164,1.3551568628929434e-06,0.02354615181684494,-0.1481996774673462,0.004602204076945782,1.8103688717019395e-06,0.1481996774673462,0.15239661931991577,3.620737697929144e-05,0.046022042632102966
1165,1.3474854455936126e-06,0.04365984722971916,-0.14656560122966766,0.005218649748712778,1.775346277099743e-06,0.14656560122966766,0.15058240294456482,3.5506927815731615e-05,0.052186496555805206
1166,1.3398324205690744e-06,0.09608180075883865,-0.1475154459476471,0.005816488526761532,2.013097400777042e-06,0.1475154459476471,0.15225648880004883,4.026194801554084e-05,0.05816488340497017
1167,1.3321978263562175e-06,0.05032763630151749,-0.1487697958946228,0.004688998684287071,1.4825897096670815e-06,0.1487697958946228,0.15228085219860077,2.965179010061547e-05,0.046889983117580414
1168,1.3245817013991164e-06,0.06842174381017685,-0.14977297186851501,0.004502491094172001,1.5012608400866156e-06,0.14977297186851501,0.1536174714565277,3.0025217711227015e-05,0.04502490162849426
1169,1.3169840840488502e-06,0.04500459134578705,-0.14670908451080322,0.004653082694858313,1.970224275282817e-06,0.14670908451080322,0.1512388288974762,3.940448732464574e-05,0.0465308278799057
1170,1.3094050125632973e-06,0.038361892104148865,-0.14795498549938202,0.00393401924520731,1.8657832470125868e-06,0.14795498549938202,0.15173903107643127,3.731566175702028e-05,0.03934019058942795
1171,1.301844525106951e-06,0.03892016410827637,-0.1506284475326538,0.00616041012108326,2.0480226794461487e-06,0.1506284475326538,0.15491873025894165,4.0960454498417675e-05,0.061604101210832596
1172,1.2943026597507268e-06,0.0670495554804802,-0.15084108710289001,0.005182530730962753,1.346623776043998e-06,0.15084108710289001,0.15418210625648499,2.6932473701890558e-05,0.051825299859046936
1173,1.2867794544717615e-06,0.11448049545288086,-0.14857640862464905,0.0053793215192854404,2.2960891783441184e-06,0.14857640862464905,0.15357084572315216,4.592178447637707e-05,0.05379321798682213
1174,1.2792749471532361e-06,0.042854342609643936,-0.14978408813476562,0.004875152371823788,1.593400497768016e-06,0.14978408813476562,0.15379557013511658,3.186801041010767e-05,0.048751525580883026
1175,1.2717891755841722e-06,0.06532340496778488,-0.14530117809772491,0.004514335189014673,2.072456027235603e-06,0.14530117809772491,0.14984464645385742,4.144912236370146e-05,0.04514335095882416
1176,1.2643221774592517e-06,0.09122990816831589,-0.15116506814956665,0.0054026758298277855,1.2915937759316876e-06,0.15116506814956665,0.15425391495227814,2.5831875973381102e-05,0.054026760160923004
1177,1.2568739903786215e-06,0.062037236988544464,-0.1494586318731308,0.005187933333218098,1.7068565512090572e-06,0.1494586318731308,0.15330812335014343,3.4137126931454986e-05,0.05187933146953583
1178,1.2494446518477022e-06,0.04488653689622879,-0.14626717567443848,0.004554659128189087,2.1075843505968805e-06,0.14626717567443848,0.15129634737968445,4.2151688830927014e-05,0.04554658383131027
1179,1.242034199277008e-06,0.037367530167102814,-0.14727869629859924,0.005063153803348541,2.130794882759801e-06,0.14727869629859924,0.1516212671995163,4.261589492671192e-05,0.05063153803348541
1180,1.234642669981946e-06,0.05619014799594879,-0.14648498594760895,0.004474848974496126,2.358478923270013e-06,0.14648498594760895,0.15136797726154327,4.7169578465400264e-05,0.04474848881363869
1181,1.2272701011826393e-06,0.03401023894548416,-0.14676716923713684,0.004913384094834328,1.7287471791860298e-06,0.14676716923713684,0.15056860446929932,3.457494676695205e-05,0.04913383722305298
1182,1.2199165300037358e-06,0.033721037209033966,-0.14892376959323883,0.0048507219180464745,1.4108106825005962e-06,0.14892376959323883,0.1525217741727829,2.8216210921527818e-05,0.048507221043109894
1183,1.2125819934742189e-06,0.048060886561870575,-0.1465436816215515,0.004891332238912582,2.206327962994692e-06,0.1465436816215515,0.15136678516864777,4.412655471242033e-05,0.048913322389125824
1184,1.205266528527223e-06,0.02115190029144287,-0.14753863215446472,0.004488915670663118,1.7751603991200682e-06,0.14753863215446472,0.15140314400196075,3.550320616341196e-05,0.04488915950059891
1185,1.1979701719998454e-06,0.031955618411302567,-0.14629188179969788,0.004560923203825951,2.03317495106603e-06,0.14629188179969788,0.15095019340515137,4.06634972023312e-05,0.04560922831296921
1186,1.1906929606329682e-06,0.0630967915058136,-0.14861956238746643,0.005472532473504543,1.9861533928633435e-06,0.14861956238746643,0.15272991359233856,3.9723065128782764e-05,0.05472532659769058
1187,1.1834349310710607e-06,0.06951219588518143,-0.15006212890148163,0.006968357600271702,1.7790036963560851e-06,0.15006212890148163,0.15411144495010376,3.5580073017627e-05,0.06968357414007187
1188,1.1761961198620081e-06,0.03977041691541672,-0.15223899483680725,0.0053250472992658615,1.0655285223037936e-06,0.15223899483680725,0.15483048558235168,2.1310568627086468e-05,0.053250472992658615
1189,1.16897656345692e-06,0.020679226145148277,-0.1486120969057083,0.004244868643581867,1.6373462585761445e-06,0.1486120969057083,0.15278507769107819,3.274692426202819e-05,0.04244868829846382
1190,1.1617762982099446e-06,0.06921302527189255,-0.14959006011486053,0.004532444756478071,9.914695056068012e-07,0.14959006011486053,0.15216049551963806,1.9829389202641323e-05,0.04532444477081299
1191,1.1545953603780952e-06,0.039674583822488785,-0.14616835117340088,0.005187531933188438,2.5734045721037546e-06,0.14616835117340088,0.15135997533798218,5.1468086894601583e-05,0.051875315606594086
1192,1.1474337861210543e-06,0.09755128622055054,-0.15005336701869965,0.004908396862447262,1.6378861573684844e-06,0.15005336701869965,0.15349164605140686,3.2757721783127636e-05,0.04908396303653717
1193,1.1402916115010059e-06,0.021296894177794456,-0.1490992307662964,0.004104951396584511,2.00008958017861e-06,0.1490992307662964,0.1532265692949295,4.0001788875088096e-05,0.04104951396584511
1194,1.133168872482444e-06,0.09263600409030914,-0.14827914535999298,0.005649424623697996,1.541136725791148e-06,0.14827914535999298,0.1522207111120224,3.082273178733885e-05,0.056494247168302536
1195,1.1260656049319957e-06,0.11749675869941711,-0.14618909358978271,0.004975985735654831,2.4111163838824723e-06,0.14618909358978271,0.15166421234607697,4.822232949663885e-05,0.04975986108183861
1196,1.118981844618236e-06,0.1660105139017105,-0.14831899106502533,0.005022972822189331,2.0580914679158013e-06,0.14831899106502533,0.15322986245155334,4.116183117730543e-05,0.05022972449660301
1197,1.1119176272115128e-06,0.02784237265586853,-0.14750567078590393,0.005073858425021172,1.841774860622536e-06,0.14750567078590393,0.15167391300201416,3.6835495848208666e-05,0.050738587975502014
1198,1.1048729882837671e-06,0.018967589363455772,-0.14785930514335632,0.004307501018047333,1.9503047496982617e-06,0.14785930514335632,0.15181969106197357,3.9006095903459936e-05,0.04307501018047333
1199,1.097847963308351e-06,0.05749301612377167,-0.15268436074256897,0.006877549458295107,1.3660128388437442e-06,0.15268436074256897,0.15538223087787628,2.732025495788548e-05,0.0687754899263382
1200,1.0908425876598512e-06,0.061920810490846634,-0.14801877737045288,0.004869471304118633,1.7464573147663032e-06,0.14801877737045288,0.15176688134670258,3.4929147659568116e-05,0.04869471490383148
1201,1.0838568966139073e-06,0.10595487058162689,-0.14989744126796722,0.005155405029654503,1.6710642967154854e-06,0.14989744126796722,0.1534067690372467,3.3421289117541164e-05,0.05155405029654503
1202,1.076890925347041e-06,0.04699799790978432,-0.14673590660095215,0.0062781707383692265,1.8665396055439487e-06,0.14673590660095215,0.15163390338420868,3.733079574885778e-05,0.06278170645236969
1203,1.0699447089364713e-06,0.040519289672374725,-0.14884492754936218,0.005191968288272619,1.7134821064246353e-06,0.14884492754936218,0.15289974212646484,3.426964394748211e-05,0.05191967636346817
1204,1.06301828235994e-06,0.08085452020168304,-0.14471934735774994,0.004633264150470495,2.2651306608167943e-06,0.14471934735774994,0.15011674165725708,4.530261503532529e-05,0.04633263871073723
1205,1.0561116804955451e-06,0.05457174405455589,-0.14410482347011566,0.004295521881431341,2.2569984139408916e-06,0.14410482347011566,0.14946536719799042,4.513996827881783e-05,0.042955219745635986
1206,1.049224938121548e-06,0.03148389980196953,-0.1476481556892395,0.004689631052315235,2.2229316982702585e-06,0.1476481556892395,0.15242034196853638,4.445862941793166e-05,0.0468963123857975
1207,1.0423580899162134e-06,0.03544420748949051,-0.1489153355360031,0.004614645149558783,1.9736544345505536e-06,0.1489153355360031,0.15351799130439758,3.947308869101107e-05,0.0461464449763298
1208,1.0355111704576237e-06,0.039894770830869675,-0.1529759168624878,0.004535573534667492,1.433509396520094e-06,0.1529759168624878,0.1559426635503769,2.867018702090718e-05,0.04535573348402977
1209,1.028684214223516e-06,0.04699637368321419,-0.14714552462100983,0.005136880557984114,2.129371750925202e-06,0.14714552462100983,0.15105324983596802,4.258743501850404e-05,0.05136880651116371
1210,1.0218772555910955e-06,0.032400570809841156,-0.15151897072792053,0.00439840741455555,1.3647046444020816e-06,0.15151897072792053,0.1548430621623993,2.729409243329428e-05,0.0439840704202652
1211,1.0150903288368742e-06,0.0419815294444561,-0.14779320359230042,0.0051012421026825905,1.1860963695653481e-06,0.14779320359230042,0.15071743726730347,2.3721928300801665e-05,0.05101242661476135
1212,1.0083234681364934e-06,0.036917854100465775,-0.14970089495182037,0.005055248271673918,1.490256408942514e-06,0.14970089495182037,0.15370038151741028,2.980512726935558e-05,0.050552479922771454
1213,1.0015767075645472e-06,0.031500887125730515,-0.14944589138031006,0.005517137702554464,1.5330933820223436e-06,0.14944589138031006,0.15332134068012238,3.0661864002468064e-05,0.05517137423157692
1214,9.948500810944218e-07,0.046402741223573685,-0.149564728140831,0.006099977530539036,1.601407689122425e-06,0.149564728140831,0.15301141142845154,3.202815059921704e-05,0.06099977344274521
1215,9.881436225981107e-07,0.06624102592468262,-0.14761394262313843,0.005248716101050377,2.429553660476813e-06,0.14761394262313843,0.15320342779159546,4.859107139054686e-05,0.05248716101050377
1216,9.814573658460564e-07,0.04524754360318184,-0.1482677459716797,0.00636693462729454,1.6015139863156946e-06,0.1482677459716797,0.15242846310138702,3.2030282454798e-05,0.0636693462729454
1217,9.747913445069752e-07,0.05860104411840439,-0.15035629272460938,0.0054526920430362225,1.6941128251346527e-06,0.15035629272460938,0.15396977961063385,3.3882257412187755e-05,0.0545269213616848
1218,9.68145592147684e-07,0.07990405708551407,-0.14962553977966309,0.005754945334047079,1.5051655282150023e-06,0.14962553977966309,0.15350940823554993,3.0103310564300045e-05,0.057549454271793365
1219,9.615201422329407e-07,0.12130145728588104,-0.1500253677368164,0.004592995159327984,1.7306374502368271e-06,0.1500253677368164,0.15387384593486786,3.461274900473654e-05,0.04592994973063469
1220,9.549150281252633e-07,0.026384705677628517,-0.147750586271286,0.004626133479177952,1.3503537275028066e-06,0.147750586271286,0.15159088373184204,2.700707409530878e-05,0.04626133665442467
1221,9.483302830847741e-07,0.2430136650800705,-0.14488524198532104,0.0045161172747612,1.54385406858637e-06,0.14488524198532104,0.1483832597732544,3.0877079552737996e-05,0.045161172747612
1222,9.417659402690254e-07,0.040932271629571915,-0.14444272220134735,0.00480464193969965,2.1252292299323017e-06,0.14444272220134735,0.14961758255958557,4.2504580051172525e-05,0.04804641753435135
1223,9.352220327328309e-07,0.03244081139564514,-0.1475377082824707,0.004533158615231514,2.184956429118756e-06,0.1475377082824707,0.1520766168832779,4.3699128582375124e-05,0.04533158615231514
1224,9.286985934281079e-07,0.03619595244526863,-0.1515296995639801,0.004221232607960701,1.5566854472126579e-06,0.1515296995639801,0.1547856479883194,3.113370621576905e-05,0.04221232235431671
1225,9.221956552036992e-07,0.05069546401500702,-0.14703255891799927,0.005918999668210745,1.950785645021824e-06,0.14703255891799927,0.15159906446933746,3.901571471942589e-05,0.059189990162849426
1226,9.157132508052208e-07,0.05819844827055931,-0.1504911482334137,0.004656199365854263,1.9310227798996493e-06,0.1504911482334137,0.15475694835186005,3.8620455597992986e-05,0.04656199365854263
1227,9.09251412874882e-07,0.07678980380296707,-0.14945942163467407,0.004605492576956749,1.2909123370263842e-06,0.14945942163467407,0.1529015302658081,2.5818248104769737e-05,0.04605492204427719
1228,9.028101739513406e-07,0.035377491265535355,-0.14968359470367432,0.004464668221771717,1.8700177406572038e-06,0.14968359470367432,0.1535363495349884,3.740035754162818e-05,0.04464668035507202
1229,8.963895664695188e-07,0.04361148551106453,-0.15145710110664368,0.005728778894990683,1.4705576631968142e-06,0.15145710110664368,0.15495023131370544,2.9411152354441583e-05,0.0572877898812294
1230,8.899896227604509e-07,0.0869908258318901,-0.14757385849952698,0.004294426180422306,2.0824149942200165e-06,0.14757385849952698,0.15205858647823334,4.1648301703389734e-05,0.04294425994157791
1231,8.836103750511216e-07,0.0227206964045763,-0.1512482464313507,0.004161247052252293,2.034833414654713e-06,0.1512482464313507,0.1554417461156845,4.069666829309426e-05,0.04161246865987778
1232,8.772518554642973e-07,0.03572798892855644,-0.1470799744129181,0.004489076789468527,2.263321221107617e-06,0.1470799744129181,0.15172570943832397,4.5266417146194726e-05,0.04489076882600784
1233,8.709140960183687e-07,0.046135637909173965,-0.1470746248960495,0.0048267655074596405,2.1644891603500582e-06,0.1470746248960495,0.15208375453948975,4.3289783207001165e-05,0.048267662525177
1234,8.645971286271903e-07,0.03272847458720207,-0.1480102837085724,0.005013276357203722,1.594158447915106e-06,0.1480102837085724,0.15171968936920166,3.188316986779682e-05,0.050132762640714645
1235,8.58300985099918e-07,0.03498087823390961,-0.14494147896766663,0.004234392195940018,2.4149228465830674e-06,0.14494147896766663,0.15028566122055054,4.8298454203177243e-05,0.04234392195940018
1236,8.520256971408453e-07,0.043434977531433105,-0.14925172924995422,0.005908825900405645,2.103917722706683e-06,0.14925172924995422,0.1531640589237213,4.207835445413366e-05,0.05908825248479843
1237,8.457712963492492e-07,0.06543303281068802,-0.1469290852546692,0.004930225200951099,1.6086995628938894e-06,0.1469290852546692,0.15112106502056122,3.2173989893635735e-05,0.049302250146865845
1238,8.395378142192307e-07,0.08619271963834763,-0.1459362804889679,0.006321487482637167,1.8852019820769783e-06,0.1459362804889679,0.15063288807868958,3.770403782255016e-05,0.06321486830711365
1239,8.333252821395526e-07,0.050222281366586685,-0.15042763948440552,0.004560197703540325,2.270611730637029e-06,0.15042763948440552,0.15457287430763245,4.541223825071938e-05,0.045601971447467804
1240,8.271337313934869e-07,0.05521294102072716,-0.14888620376586914,0.0046626003459095955,1.8502701095712837e-06,0.14888620376586914,0.1529088318347931,3.700539673445746e-05,0.046626001596450806
1241,8.209631931586499e-07,0.07987035810947418,-0.14898911118507385,0.005239582154899836,1.8431887838232797e-06,0.14898911118507385,0.15401595830917358,3.686377385747619e-05,0.05239582061767578
1242,8.148136985068489e-07,0.05288461968302727,-0.14946511387825012,0.0056482404470443726,1.3843566648574779e-06,0.14946511387825012,0.15266412496566772,2.7687132387654856e-05,0.05648240074515343
1243,8.08685278403929e-07,0.04497230425477028,-0.15162189304828644,0.004979614168405533,1.0216494956694078e-06,0.15162189304828644,0.15432322025299072,2.043299173237756e-05,0.04979614168405533
1244,8.025779637096138e-07,0.02830757200717926,-0.14873439073562622,0.005708599928766489,1.8208259007224115e-06,0.14873439073562622,0.15282051265239716,3.641651710495353e-05,0.05708599090576172
1245,7.964917851773496e-07,0.03225776553153992,-0.14820286631584167,0.004419286269694567,2.001143229790614e-06,0.14820286631584167,0.15238523483276367,4.002286368631758e-05,0.04419286176562309
1246,7.904267734541499e-07,0.09025336056947708,-0.14609232544898987,0.004345928318798542,2.0903894437651616e-06,0.14609232544898987,0.15103575587272644,4.180778341833502e-05,0.04345928877592087
1247,7.843829590804458e-07,0.046753089874982834,-0.14684522151947021,0.0036997096613049507,1.86396380286169e-06,0.14684522151947021,0.1511470377445221,3.727927469299175e-05,0.036997098475694656
1248,7.783603724899258e-07,0.07410190254449844,-0.14981041848659515,0.005211652256548405,1.4433494470722508e-06,0.14981041848659515,0.15320584177970886,2.8866988941445015e-05,0.0521165169775486
1249,7.723590440093848e-07,0.023720191791653633,-0.14588065445423126,0.0040553114376962185,1.7164743439934682e-06,0.14588065445423126,0.14957818388938904,3.432948869885877e-05,0.04055311530828476
1250,7.663790038585794e-07,0.03760792687535286,-0.14720886945724487,0.005215820856392384,1.6938095086516114e-06,0.14720886945724487,0.15114717185497284,3.3876189263537526e-05,0.052158206701278687
1251,7.604202821500595e-07,0.041824955493211746,-0.1473126858472824,0.004486323334276676,2.0693246369773988e-06,0.1473126858472824,0.15193802118301392,4.138649455853738e-05,0.04486323148012161
1252,7.544829088890326e-07,0.04959706962108612,-0.15164408087730408,0.005118595901876688,1.621366891413345e-06,0.15164408087730408,0.1550123542547226,3.242734237574041e-05,0.05118595436215401
1253,7.485669139732005e-07,0.04554668441414833,-0.14643916487693787,0.005140420515090227,2.064085038000485e-06,0.14643916487693787,0.1506049633026123,4.1281698941020295e-05,0.0514042004942894
1254,7.426723271926195e-07,0.04700518399477005,-0.14858300983905792,0.004252313636243343,1.8562124068921548e-06,0.14858300983905792,0.15245378017425537,3.712424586410634e-05,0.04252313822507858
1255,7.367991782295392e-07,0.044990088790655136,-0.14757181704044342,0.004192101303488016,2.074711119348649e-06,0.14757181704044342,0.1518242508172989,4.1494226024951786e-05,0.04192101210355759
1256,7.309474966582636e-07,0.03807509317994118,-0.1479901671409607,0.00471020583063364,2.0021639102196787e-06,0.1479901671409607,0.15241503715515137,4.004328002338298e-05,0.047102056443691254
1257,7.251173119449972e-07,0.027124380692839622,-0.1476079821586609,0.004381772596389055,1.4546867532772012e-06,0.1476079821586609,0.15113669633865356,2.9093735065544024e-05,0.04381772503256798
1258,7.193086534476923e-07,0.03072834387421608,-0.1500239223241806,0.004705382511019707,1.9792628336290363e-06,0.1500239223241806,0.15449589490890503,3.958524757763371e-05,0.04705382511019707
1259,7.135215504159116e-07,0.04108714312314987,-0.14778605103492737,0.005278628319501877,1.850992020990816e-06,0.14778605103492737,0.1525561660528183,3.701983951032162e-05,0.05278628319501877
1260,7.077560319906696e-07,0.048815060406923294,-0.15285038948059082,0.004027749411761761,8.614276794105535e-07,0.15285038948059082,0.1551845818758011,1.722855267871637e-05,0.04027748852968216
1261,7.020121272042957e-07,0.03232784941792488,-0.1493605077266693,0.004374383017420769,1.4196667734722723e-06,0.1493605077266693,0.1530519425868988,2.8393340471666306e-05,0.04374382644891739
1262,6.962898649802824e-07,0.04238947108387947,-0.1498481035232544,0.0047472030855715275,1.884262019302696e-06,0.1498481035232544,0.15443958342075348,3.768524038605392e-05,0.0474720261991024
1263,6.905892741331383e-07,0.05505497008562088,-0.14898580312728882,0.005055265501141548,1.7251413737540133e-06,0.14898580312728882,0.1528165638446808,3.450282383710146e-05,0.05055265128612518
1264,6.849103833682491e-07,0.03647064045071602,-0.1504162847995758,0.0038604275323450565,1.3852519487045356e-06,0.1504162847995758,0.15347251296043396,2.7705034881364554e-05,0.03860427439212799
1265,6.792532212817271e-07,0.06379645317792892,-0.15258191525936127,0.004442611709237099,9.919912145051057e-07,0.15258191525936127,0.1555909514427185,1.983982656383887e-05,0.044426120817661285
1266,6.736178163602703e-07,0.09660711139440536,-0.14572174847126007,0.004198825918138027,2.351578132220311e-06,0.14572174847126007,0.1501287817955017,4.703156082541682e-05,0.041988253593444824
1267,6.680041969810203e-07,0.02804538421332836,-0.14405271410942078,0.00480630062520504,2.1562716483458644e-06,0.14405271410942078,0.14843523502349854,4.312543023843318e-05,0.0480630062520504
1268,6.624123914114122e-07,0.02483014017343521,-0.15160176157951355,0.004203255288302898,1.822776084736688e-06,0.15160176157951355,0.15499913692474365,3.6455523513723165e-05,0.04203255474567413
1269,6.568424278090446e-07,0.040102168917655945,-0.1466747671365738,0.005222794134169817,2.557007974246517e-06,0.1466747671365738,0.15224245190620422,5.114015584695153e-05,0.0522279366850853
1270,6.512943342215234e-07,0.03394409641623497,-0.1454267054796219,0.004698526114225388,1.7963905065698782e-06,0.1454267054796219,0.15003791451454163,3.592780922190286e-05,0.046985261142253876
1271,6.457681385863334e-07,0.04304676502943039,-0.14855867624282837,0.004518748726695776,1.6846079233800992e-06,0.14855867624282837,0.1525571495294571,3.3692158467601985e-05,0.045187488198280334
1272,6.402638687306872e-07,0.06908062845468521,-0.14677327871322632,0.004114643204957247,2.225488742624293e-06,0.14677327871322632,0.1515624225139618,4.4509775761980563e-05,0.04114643856883049
1273,6.347815523713968e-07,0.040480565279722214,-0.1470431685447693,0.004661718849092722,1.978698946913937e-06,0.1470431685447693,0.15140190720558167,3.9573980757268146e-05,0.046617187559604645
1274,6.293212171147206e-07,0.042586032301187515,-0.15007272362709045,0.004696653690189123,1.2905641142424429e-06,0.15007272362709045,0.1531827598810196,2.5811281375354156e-05,0.046966537833213806
1275,6.238828904562316e-07,0.07009229063987732,-0.15106287598609924,0.005902833305299282,1.0035106470240862e-06,0.15106287598609924,0.15355610847473145,2.0070214304723777e-05,0.05902833119034767
1276,6.184665997806832e-07,0.02587331272661686,-0.14630134403705597,0.003957866225391626,1.7050207361535286e-06,0.14630134403705597,0.15008817613124847,3.410041244933382e-05,0.03957866132259369
1277,6.130723723618598e-07,0.05206451937556267,-0.14788220822811127,0.004586127586662769,2.316597829121747e-06,0.14788220822811127,0.15284481644630432,4.633195567294024e-05,0.045861274003982544
1278,6.077002353624506e-07,0.1015566885471344,-0.14983272552490234,0.005498488433659077,1.560951773171837e-06,0.14983272552490234,0.1536882221698761,3.121903137071058e-05,0.05498487874865532
1279,6.023502158339078e-07,0.07497706264257431,-0.15174119174480438,0.004964845255017281,8.000601496860327e-07,0.15174119174480438,0.15386416018009186,1.6001202311599627e-05,0.04964844882488251
1280,5.9702234071631e-07,0.0823238343000412,-0.14709827303886414,0.004555112682282925,1.8884088603954297e-06,0.14709827303886414,0.15097875893115997,3.776817538891919e-05,0.045551128685474396
1281,5.917166368382277e-07,0.12110697478055954,-0.14879736304283142,0.004630181007087231,1.520353748674097e-06,0.14879736304283142,0.15276296436786652,3.0407070880755782e-05,0.046301811933517456
1282,5.86433130916585e-07,0.06457330286502838,-0.14897145330905914,0.004435337148606777,1.5801454082975397e-06,0.14897145330905914,0.1526835411787033,3.1602903618477285e-05,0.04435337334871292
1283,5.811718495565327e-07,0.08002810180187225,-0.1481085866689682,0.004716074094176292,2.2014701244188473e-06,0.1481085866689682,0.1534441113471985,4.402939885039814e-05,0.047160737216472626
1284,5.759328192513075e-07,0.09736223518848419,-0.14657020568847656,0.004748936742544174,1.7013405795296421e-06,0.14657020568847656,0.15118859708309174,3.402680886210874e-05,0.04748936742544174
1285,5.707160663821009e-07,0.042667027562856674,-0.14949889481067657,0.004486446268856525,1.6122273791552288e-06,0.14949889481067657,0.15311361849308014,3.224454849259928e-05,0.044864460825920105
1286,5.655216172179245e-07,0.03879017382860184,-0.14439110457897186,0.004597754217684269,2.1175865185796283e-06,0.14439110457897186,0.14914539456367493,4.235172673361376e-05,0.04597754031419754
1287,5.603494979154828e-07,0.11868704855442047,-0.1482105851173401,0.004666718188673258,1.6817257346701808e-06,0.1482105851173401,0.15202990174293518,3.3634514693403617e-05,0.0466671846807003
1288,5.55199734519034e-07,0.12489338219165802,-0.14817410707473755,0.004533612634986639,2.0012901131849503e-06,0.14817410707473755,0.15265001356601715,4.00257995352149e-05,0.045336127281188965
1289,5.500723529602653e-07,0.036964237689971924,-0.14984139800071716,0.004556683823466301,1.1446176131357788e-06,0.14984139800071716,0.15311110019683838,2.2892352717462927e-05,0.04556683450937271
1290,5.449673790581611e-07,0.06654448062181473,-0.147781640291214,0.004311211407184601,1.9134195099468343e-06,0.147781640291214,0.1516386866569519,3.826839383691549e-05,0.04311210662126541
1291,5.398848385188682e-07,0.06262341141700745,-0.15447306632995605,0.005714011378586292,7.631452945133788e-07,0.15447306632995605,0.15642625093460083,1.5262905435520224e-05,0.05714011192321777
1292,5.348247569355736e-07,0.0657527893781662,-0.14875073730945587,0.004937357734888792,2.071192511721165e-06,0.14875073730945587,0.15338179469108582,4.14238493249286e-05,0.0493735745549202
1293,5.297871597883697e-07,0.2310836911201477,-0.14586126804351807,0.0060571543872356415,2.0781187686225167e-06,0.14586126804351807,0.15080778300762177,4.156237264396623e-05,0.060571543872356415
1294,5.247720724441285e-07,0.03149418905377388,-0.1503276824951172,0.004914719611406326,1.1494412319734693e-06,0.1503276824951172,0.15338288247585297,2.2988824639469385e-05,0.04914719611406326
1295,5.197795201563744e-07,0.07475972175598145,-0.14895129203796387,0.005340170115232468,2.2121585061540827e-06,0.14895129203796387,0.1535196602344513,4.424317376106046e-05,0.05340169742703438
1296,5.148095280651566e-07,0.07178770750761032,-0.14852437376976013,0.00522114522755146,1.8475120668881573e-06,0.14852437376976013,0.15271013975143433,3.6950241337763146e-05,0.052211448550224304
1297,5.098621211969224e-07,0.0500015914440155,-0.14961281418800354,0.0045022787526249886,1.5047496617626166e-06,0.14961281418800354,0.15318618714809418,3.009499232575763e-05,0.04502278193831444
1298,5.049373244643879e-07,0.026822535321116447,-0.1450994461774826,0.0039897458627820015,1.7972158730117371e-06,0.1450994461774826,0.149210587143898,3.5944318369729444e-05,0.039897456765174866
1299,5.000351626664207e-07,0.0227421373128891,-0.14690947532653809,0.0038883734960108995,2.107736008838401e-06,0.14690947532653809,0.1518336534500122,4.215471926727332e-05,0.03888373076915741
1300,4.951556604879049e-07,0.03498855605721474,-0.14942073822021484,0.004661043174564838,1.5053956303745508e-06,0.14942073822021484,0.15330934524536133,3.0107912607491016e-05,0.04661043360829353
1301,4.902988424996246e-07,0.06066429987549782,-0.1474878340959549,0.0049744113348424435,2.124698539773817e-06,0.1474878340959549,0.1523318588733673,4.249396806699224e-05,0.04974410682916641
1302,4.854647331581385e-07,0.026852091774344444,-0.14913733303546906,0.005170382093638182,1.9026028894586489e-06,0.14913733303546906,0.15319572389125824,3.805205778917298e-05,0.051703814417123795
1303,4.806533568056521e-07,0.0697159394621849,-0.1513717770576477,0.004981843754649162,1.0180222034250619e-06,0.1513717770576477,0.1542813777923584,2.036044497799594e-05,0.04981843754649162
1304,4.758647376699033e-07,0.062084607779979706,-0.15031671524047852,0.005518182646483183,1.125177732319571e-06,0.15031671524047852,0.15348580479621887,2.250355464639142e-05,0.055181827396154404
1305,4.710988998640298e-07,0.04395918548107147,-0.14762727916240692,0.004674278199672699,1.5088971849763766e-06,0.14762727916240692,0.15136399865150452,3.0177945518516935e-05,0.04674277454614639
1306,4.663558673864599e-07,0.07463552802801132,-0.14780697226524353,0.005750848911702633,1.0407004538137699e-06,0.14780697226524353,0.15088602900505066,2.08140099857701e-05,0.05750848352909088
1307,4.6163566412078197e-07,0.037272002547979355,-0.1519138664007187,0.004891676362603903,1.6915854530452634e-06,0.1519138664007187,0.15581607818603516,3.3831707696663216e-05,0.0489167645573616
1308,4.569383138356276e-07,0.04764069989323616,-0.15195758640766144,0.004493841901421547,1.6949293240031693e-06,0.15195758640766144,0.15540015697479248,3.389858466107398e-05,0.04493841528892517
1309,4.522638401845547e-07,0.05464428663253784,-0.14670531451702118,0.003917340654879808,1.9444837562332395e-06,0.14670531451702118,0.15073873102664948,3.888966966769658e-05,0.03917340561747551
1310,4.4761226670592074e-07,0.08945444971323013,-0.14823757112026215,0.005602114833891392,1.9266444724053144e-06,0.14823757112026215,0.1528799682855606,3.853288581012748e-05,0.05602113902568817
1311,4.4298361682277355e-07,0.026288870722055435,-0.14906249940395355,0.0035746281500905752,1.049620664161921e-06,0.14906249940395355,0.15158171951770782,2.0992411009501666e-05,0.03574628382921219
1312,4.383779138427274e-07,0.04701630026102066,-0.14902153611183167,0.004799530375748873,1.3744993339059874e-06,0.14902153611183167,0.15243197977542877,2.7489988497109152e-05,0.04799530282616615
1313,4.337951809578489e-07,0.04773646593093872,-0.14841732382774353,0.005300385877490044,1.2638748785320786e-06,0.14841732382774353,0.151367649435997,2.5277495296904817e-05,0.053003862500190735
1314,4.2923544124453484e-07,0.05972848832607269,-0.14813008904457092,0.004643089137971401,1.795342654986598e-06,0.14813008904457092,0.15256460011005402,3.590685082599521e-05,0.04643088951706886
1315,4.2469871766340096e-07,0.03659842908382416,-0.14588123559951782,0.004338237922638655,2.412827598163858e-06,0.14588123559951782,0.15093807876110077,4.825655196327716e-05,0.04338238015770912
1316,4.201850330591678e-07,0.04706651717424393,-0.14895227551460266,0.004757266491651535,1.4500996030619717e-06,0.14895227551460266,0.15312105417251587,2.9001990696997382e-05,0.04757266491651535
1317,4.156944101605387e-07,0.03870158642530441,-0.1459902971982956,0.005170393735170364,1.6650247971483623e-06,0.1459902971982956,0.1498127281665802,3.33004973072093e-05,0.051703933626413345
1318,4.112268715800943e-07,0.026383724063634872,-0.1483033299446106,0.0041639008559286594,1.307996626565e-06,0.1483033299446106,0.15164747834205627,2.6159930712310597e-05,0.04163900762796402
1319,4.067824398141701e-07,0.04353632777929306,-0.14954912662506104,0.004841246642172337,1.3246325352156418e-06,0.14954912662506104,0.15281295776367188,2.6492651159060188e-05,0.048412472009658813
1320,4.0236113724274716e-07,0.03948527202010155,-0.1483173966407776,0.004598821513354778,1.9166084257449256e-06,0.1483173966407776,0.15292344987392426,3.833216760540381e-05,0.04598821699619293
1321,3.979629861293416e-07,0.025685392320156097,-0.14973041415214539,0.004540335386991501,1.8107667756339652e-06,0.14973041415214539,0.15359805524349213,3.6215336876921356e-05,0.04540335386991501
1322,3.935880086208882e-07,0.15829159319400787,-0.14541302621364594,0.004401111975312233,1.5359269127657171e-06,0.14541302621364594,0.14910276234149933,3.071853643632494e-05,0.04401111975312233
1323,3.892362267476313e-07,0.04620227590203285,-0.14793440699577332,0.00436190702021122,1.932975465024356e-06,0.14793440699577332,0.15255391597747803,3.8659509300487116e-05,0.0436190664768219
1324,3.8490766242301356e-07,0.02128753811120987,-0.14850932359695435,0.004398073069751263,1.5827283732505748e-06,0.14850932359695435,0.15209761261940002,3.1654566555516794e-05,0.04398072883486748
1325,3.8060233744356634e-07,0.029246680438518524,-0.1496996134519577,0.004117216914892197,8.35157948131382e-07,0.1496996134519577,0.152305006980896,1.6703157598385587e-05,0.04117216914892197
1326,3.7632027348879773e-07,0.06833788752555847,-0.15063771605491638,0.005903930868953466,1.5456332675967133e-06,0.15063771605491638,0.15416501462459564,3.091266626142897e-05,0.05903930589556694
1327,3.7206149212108354e-07,0.023795850574970245,-0.149775892496109,0.004079213831573725,1.8496522216082667e-06,0.149775892496109,0.15409915149211884,3.699304215842858e-05,0.04079213738441467
1328,3.678260147855628e-07,0.026257246732711792,-0.15067648887634277,0.0038419892080128193,1.849780346674379e-06,0.15067648887634277,0.15477420389652252,3.699560693348758e-05,0.03841988742351532
1329,3.6361386281002496e-07,0.06055057793855667,-0.14709462225437164,0.0052159749902784824,1.7489451238361653e-06,0.14709462225437164,0.15164858102798462,3.497890429571271e-05,0.05215974897146225
1330,3.5942505740480583e-07,0.026063188910484314,-0.14652176201343536,0.005071177147328854,2.1052064766990952e-06,0.14652176201343536,0.1515781432390213,4.210413317196071e-05,0.050711773335933685
1331,3.552596196626762e-07,0.03992132097482681,-0.1473616659641266,0.00445882324129343,1.6254587080766214e-06,0.1473616659641266,0.15106362104415894,3.250917507102713e-05,0.044588230550289154
1332,3.511175705587433e-07,0.05264945700764656,-0.14842411875724792,0.004518711008131504,1.950918431248283e-06,0.14842411875724792,0.15320509672164917,3.901836680597626e-05,0.04518710821866989
1333,3.469989309503369e-07,0.06799130886793137,-0.1526295244693756,0.0051544662564992905,1.8570542579254834e-06,0.1526295244693756,0.15580520033836365,3.714108606800437e-05,0.0515446662902832
1334,3.429037215769082e-07,0.04370545968413353,-0.14838561415672302,0.004300126805901527,1.8689391936277389e-06,0.14838561415672302,0.15250220894813538,3.737878068932332e-05,0.043001264333724976
1335,3.3883196305992906e-07,0.031339794397354126,-0.14747369289398193,0.004120556637644768,1.537001821816375e-06,0.14747369289398193,0.15119099617004395,3.0740033253096044e-05,0.041205570101737976
1336,3.347836759027789e-07,0.04783772677183151,-0.15017053484916687,0.004626368638128042,1.5216635347314877e-06,0.15017053484916687,0.15345770120620728,3.043326796614565e-05,0.046263687312603
1337,3.30758880490652e-07,0.05279143154621124,-0.14681896567344666,0.004488819278776646,1.6102668496387196e-06,0.14681896567344666,0.1505114585161209,3.220533471903764e-05,0.04488819092512131
1338,3.2675759709044577e-07,0.035688985139131546,-0.14966584742069244,0.004751594737172127,9.657081818659208e-07,0.14966584742069244,0.1526014357805252,1.9314164092065766e-05,0.04751594364643097
1339,3.227798458506637e-07,0.01885191909968853,-0.14933115243911743,0.004486412741243839,1.0927316225206596e-06,0.14933115243911743,0.1526334285736084,2.1854633814655244e-05,0.04486412554979324
1340,3.18825646801314e-07,0.07001151889562607,-0.14662742614746094,0.0041117677465081215,2.075651536870282e-06,0.14662742614746094,0.15178535878658295,4.151303437538445e-05,0.041117679327726364
1341,3.14895019853807e-07,0.05985916778445244,-0.1493082046508789,0.004692643415182829,2.02965566131752e-06,0.1493082046508789,0.15345929563045502,4.05931132263504e-05,0.046926431357860565
1342,3.109879848008557e-07,0.027961643412709236,-0.14612746238708496,0.004356753081083298,1.7306045947407256e-06,0.14612746238708496,0.15034592151641846,3.4612094168551266e-05,0.04356753081083298
1343,3.0710456131637424e-07,0.02096579410135746,-0.1498674899339676,0.003925257362425327,1.5653090486011934e-06,0.1498674899339676,0.15311506390571594,3.130618279101327e-05,0.03925257548689842
1344,3.03244768955383e-07,0.019620876759290695,-0.1482052505016327,0.003953746985644102,1.5478568684557104e-06,0.1482052505016327,0.15202714502811432,3.095714055234566e-05,0.0395374670624733
1345,2.9940862715390483e-07,0.11632228642702103,-0.15079981088638306,0.00505900289863348,8.970211524683691e-07,0.15079981088638306,0.153289794921875,1.7940423276741058e-05,0.05059003084897995
1346,2.9559615522887275e-07,0.04238542914390564,-0.14893388748168945,0.004293044097721577,2.1350401766540017e-06,0.14893388748168945,0.15328651666641235,4.270080171409063e-05,0.04293043911457062
1347,2.918073723780285e-07,0.0267740860581398,-0.14927232265472412,0.004135579336434603,1.2827429145545466e-06,0.14927232265472412,0.1522311568260193,2.565485738159623e-05,0.04135579243302345
1348,2.8804229767982637e-07,0.08104699105024338,-0.1471334993839264,0.005641832947731018,1.464725642108533e-06,0.1471334993839264,0.1512780487537384,2.9294515115907416e-05,0.05641832947731018
1349,2.8430095009333967e-07,0.06462362408638,-0.14776328206062317,0.004602172411978245,1.4632809097747668e-06,0.14776328206062317,0.15129980444908142,2.9265618650242686e-05,0.0460217222571373
1350,2.8058334845816214e-07,0.06211499869823456,-0.1502457708120346,0.004653479903936386,1.3709377526538447e-06,0.1502457708120346,0.153883159160614,2.741875323408749e-05,0.04653479531407356
1351,2.76889511494316e-07,0.03436662629246712,-0.15057845413684845,0.004921651445329189,1.1094900855823653e-06,0.15057845413684845,0.15334951877593994,2.2189800802152604e-05,0.04921651631593704
1352,2.7321945780215576e-07,0.041214969009160995,-0.14376957714557648,0.004483942873775959,2.219223460997455e-06,0.14376957714557648,0.14919762313365936,4.4384472857927904e-05,0.04483943432569504
1353,2.6957320586227354e-07,0.054389744997024536,-0.1501208245754242,0.004617719911038876,1.5374072290796903e-06,0.1501208245754242,0.15359950065612793,3.074814230785705e-05,0.04617719724774361
1354,2.6595077403541e-07,0.028717974200844765,-0.149174764752388,0.0042704129591584206,1.7145750916824909e-06,0.149174764752388,0.15321595966815948,3.429149728617631e-05,0.04270413517951965
1355,2.6235218056235633e-07,0.08938352018594742,-0.14933310449123383,0.0046345824375748634,1.5189483519861824e-06,0.14933310449123383,0.1533605009317398,3.0378967494471e-05,0.046345822513103485
1356,2.587774435638679e-07,0.06663701683282852,-0.14737209677696228,0.004031667020171881,1.414355892848107e-06,0.14737209677696228,0.15056464076042175,2.828711694746744e-05,0.04031666740775108
1357,2.5522658104057074e-07,0.03785475715994835,-0.15075576305389404,0.004097588360309601,1.9914855329261627e-06,0.15075576305389404,0.15474075078964233,3.982970883953385e-05,0.04097588360309601
1358,2.5169961087286975e-07,0.05503355339169502,-0.15128257870674133,0.004851916804909706,9.923162451741518e-07,0.15128257870674133,0.1538931131362915,1.9846327631967142e-05,0.04851916804909706
1359,2.4819655082085835e-07,0.03231540322303772,-0.1482256054878235,0.0038507990539073944,1.6916828826651908e-06,0.1482256054878235,0.15192770957946777,3.383365401532501e-05,0.038507990539073944
1360,2.447174185242324e-07,0.0642102062702179,-0.14447981119155884,0.005321086850017309,1.145173314398562e-06,0.14447981119155884,0.148064985871315,2.2903466742718592e-05,0.053210869431495667
1361,2.41262231502199e-07,0.07986323535442352,-0.14849625527858734,0.0048058731481432915,1.6552303350181319e-06,0.14849625527858734,0.1526770144701004,3.310460306238383e-05,0.048058733344078064
1362,2.3783100715338624e-07,0.03658799082040787,-0.14916816353797913,0.004053161013871431,1.6018161659303587e-06,0.14916816353797913,0.15321987867355347,3.203632149961777e-05,0.04053160920739174
1363,2.3442376275576217e-07,0.04131562262773514,-0.14851637184619904,0.003936954773962498,1.311104824708309e-06,0.14851637184619904,0.1520184874534607,2.622209649416618e-05,0.039369549602270126
1364,2.3104051546654016e-07,0.07863391935825348,-0.14860117435455322,0.004926582798361778,1.396147013110749e-06,0.14860117435455322,0.15237082540988922,2.7922938897972926e-05,0.049265824258327484
1365,2.276812823220964e-07,0.09605211019515991,-0.15111255645751953,0.005541523918509483,1.1851047929667402e-06,0.15111255645751953,0.15380769968032837,2.3702095859334804e-05,0.055415231734514236
1366,2.2434608023788496e-07,0.05597107857465744,-0.14828874170780182,0.004613716155290604,1.690436874923762e-06,0.14828874170780182,0.15232521295547485,3.380873749847524e-05,0.04613716900348663
1367,2.210349260083494e-07,0.059452492743730545,-0.1501484364271164,0.004642210900783539,1.3828987448505359e-06,0.1501484364271164,0.15358299016952515,2.765797580650542e-05,0.04642210900783539
1368,2.177478363068425e-07,0.04388102889060974,-0.1494169533252716,0.005319957155734301,1.656736799304781e-06,0.1494169533252716,0.15310990810394287,3.313473644084297e-05,0.05319957062602043
1369,2.1448482768553657e-07,0.01932039111852646,-0.15041294693946838,0.004196797497570515,1.6665071598254144e-06,0.15041294693946838,0.15436255931854248,3.333014319650829e-05,0.04196797311306
1370,2.1124591657534776e-07,0.07564540207386017,-0.1469203233718872,0.0048958370462059975,1.5046496173454216e-06,0.1469203233718872,0.15094518661499023,3.0092989618424326e-05,0.048958372324705124
1371,2.0803111928584474e-07,0.036482073366642,-0.14580881595611572,0.0036818599328398705,1.7940075167643954e-06,0.14580881595611572,0.1500706672668457,3.588015169952996e-05,0.036818601191043854
1372,2.0484045200517222e-07,0.018178120255470276,-0.14880254864692688,0.003989774268120527,1.592982357578876e-06,0.14880254864692688,0.15206752717494965,3.1859650334808975e-05,0.03989773988723755
1373,2.0167393079996877e-07,0.04249884560704231,-0.14803636074066162,0.004324192646890879,1.0870220421566046e-06,0.14803636074066162,0.1510189026594162,2.174043947889004e-05,0.04324192553758621
1374,1.9853157161528468e-07,0.07907111942768097,-0.1483325958251953,0.005074513144791126,1.1976525229329127e-06,0.1483325958251953,0.15126198530197144,2.3953050913405605e-05,0.05074513703584671
1375,1.9541339027450256e-07,0.15300117433071136,-0.1476517617702484,0.004238395486027002,1.2376621043586056e-06,0.1476517617702484,0.15114565193653107,2.475324072293006e-05,0.04238395765423775
1376,1.9231940247925573e-07,0.029593516141176224,-0.14916861057281494,0.004363254643976688,1.3311798738868674e-06,0.14916861057281494,0.1525084376335144,2.6623596568242647e-05,0.043632540851831436
1377,1.892496238093533e-07,0.04126478359103203,-0.14739874005317688,0.004802173003554344,1.8204918887931854e-06,0.14739874005317688,0.151763916015625,3.640983777586371e-05,0.04802173376083374
1378,1.8620406972269577e-07,0.050245530903339386,-0.1522621065378189,0.004893300123512745,1.3532610410038615e-06,0.1522621065378189,0.15503230690956116,2.7065219910582528e-05,0.0489329993724823
1379,1.8318275555520237e-07,0.09251590073108673,-0.14983436465263367,0.004922002088278532,1.3995631888974458e-06,0.14983436465263367,0.15346801280975342,2.7991263777948916e-05,0.049220021814107895
1380,1.801856965207338e-07,0.04617506265640259,-0.14961671829223633,0.004746881313621998,2.039315859292401e-06,0.14961671829223633,0.15372046828269958,4.0786319004837424e-05,0.047468818724155426
1381,1.7721290771100964e-07,0.02711930125951767,-0.14901907742023468,0.004813848063349724,1.3657853514814633e-06,0.14901907742023468,0.15249063074588776,2.7315705665387213e-05,0.04813847690820694
1382,1.742644040955399e-07,0.07149776816368103,-0.15045541524887085,0.004354211501777172,1.4489984323518001e-06,0.15045541524887085,0.15407592058181763,2.8979968192288652e-05,0.04354210942983627
1383,1.7134020052154366e-07,0.05033820495009422,-0.1463971883058548,0.00526786595582962,2.0898364709864836e-06,0.1463971883058548,0.15152215957641602,4.1796731238719076e-05,0.052678655833005905
1384,1.6844031171388054e-07,0.025759249925613403,-0.1490664780139923,0.004106797743588686,2.177891474275384e-06,0.1490664780139923,0.1535797119140625,4.3557825847528875e-05,0.041067980229854584
1385,1.6556475227496816e-07,0.0590677373111248,-0.14783896505832672,0.005367191042751074,1.3767951259069378e-06,0.14783896505832672,0.15167969465255737,2.7535903427633457e-05,0.05367191135883331
1386,1.6271353668471657e-07,0.05467412248253822,-0.1441476196050644,0.004815578926354647,2.117755684594158e-06,0.1441476196050644,0.14862731099128723,4.235511732986197e-05,0.048155784606933594
1387,1.5988667930045276e-07,0.02628498151898384,-0.1511669158935547,0.004152427893131971,1.2010195860057138e-06,0.1511669158935547,0.15405645966529846,2.4020389901124872e-05,0.04152427613735199
1388,1.5708419435684463e-07,0.07058840990066528,-0.14808940887451172,0.005592381116002798,1.90976220437733e-06,0.14808940887451172,0.1522912085056305,3.81952449970413e-05,0.05592380836606026
1389,1.543060959658349e-07,0.03372940048575401,-0.14736998081207275,0.004381638485938311,2.5485635433142306e-06,0.14736998081207275,0.15212157368659973,5.097126995678991e-05,0.04381638392806053
1390,1.5155239811656562e-07,0.03790433332324028,-0.1480281800031662,0.004055489785969257,1.6065207546489546e-06,0.1480281800031662,0.1520972102880478,3.213041418348439e-05,0.040554895997047424
1391,1.4882311467531218e-07,0.04420939460396767,-0.14967289566993713,0.004154412541538477,1.098978032132436e-06,0.14967289566993713,0.15304937958717346,2.1979562006890774e-05,0.041544124484062195
1392,1.4611825938540936e-07,0.017514115199446678,-0.1496652066707611,0.00367189128883183,1.7605302673473489e-06,0.1496652066707611,0.15407270193099976,3.521060716593638e-05,0.03671891242265701
1393,1.4343784586718313e-07,0.04337795823812485,-0.15066799521446228,0.005113382823765278,8.133997653203551e-07,0.15066799521446228,0.15332746505737305,1.62679953064071e-05,0.05113382637500763
1394,1.4078188761788402e-07,0.15418179333209991,-0.14954698085784912,0.004347329493612051,1.3669719010067638e-06,0.14954698085784912,0.1529427021741867,2.733943983912468e-05,0.043473292142152786
1395,1.3815039801161723e-07,0.07304898649454117,-0.14908520877361298,0.005063420161604881,1.8558773717813892e-06,0.14908520877361298,0.15370683372020721,3.7117548345122486e-05,0.050634197890758514
1396,1.3554339029927532e-07,0.08178971707820892,-0.1488097608089447,0.0042175352573394775,1.8303945807929267e-06,0.1488097608089447,0.15273991227149963,3.660788934212178e-05,0.04217534884810448
1397,1.3296087760847398e-07,0.02537979930639267,-0.1460598260164261,0.0047065746039152145,2.3111999780667247e-06,0.1460598260164261,0.15171796083450317,4.6223995013860986e-05,0.04706574231386185
1398,1.3040287294348032e-07,0.04253266379237175,-0.14842772483825684,0.0038994362112134695,1.8057422721540206e-06,0.14842772483825684,0.15259510278701782,3.611484498833306e-05,0.03899436071515083
1399,1.2786938918515568e-07,0.06037403270602226,-0.1494491547346115,0.005914338398724794,1.26807572087273e-06,0.1494491547346115,0.15235602855682373,2.5361516236444004e-05,0.05914338305592537
1400,1.253604390908819e-07,0.07328801602125168,-0.1492169052362442,0.005379393696784973,2.1388377717812546e-06,0.1492169052362442,0.15351513028144836,4.27767590736039e-05,0.05379393324255943
1401,1.2287603529450464e-07,0.03344237059354782,-0.15207770466804504,0.004352428950369358,9.616727538741543e-07,0.15207770466804504,0.15487675368785858,1.9233455532230437e-05,0.04352428764104843
1402,1.2041619030626283e-07,0.07097355276346207,-0.1504812091588974,0.004545589443296194,1.1054123660869664e-06,0.1504812091588974,0.1537284255027771,2.210824823123403e-05,0.04545588791370392
1403,1.1798091651273325e-07,0.050198301672935486,-0.1486397683620453,0.004416952840983868,1.0968308288283879e-06,0.1486397683620453,0.15179219841957092,2.1936613848083653e-05,0.04416952654719353
1404,1.1557022617676217e-07,0.034480493515729904,-0.14759235084056854,0.004094327799975872,1.840400614128157e-06,0.14759235084056854,0.15150275826454163,3.6808014556299895e-05,0.04094327613711357
1405,1.1318413143740436e-07,0.04338003322482109,-0.14542579650878906,0.004390386864542961,1.5756144193801447e-06,0.14542579650878906,0.14971862733364105,3.1512288842350245e-05,0.04390387237071991
1406,1.1082264430986533e-07,0.5110942721366882,-0.14756865799427032,0.004688187502324581,2.0391707948874682e-06,0.14756865799427032,0.15231835842132568,4.078340862179175e-05,0.04688187316060066
1407,1.0848577668543803e-07,0.03724367544054985,-0.1545657217502594,0.005486560054123402,7.961826895552804e-07,0.1545657217502594,0.15655992925167084,1.5923653336358257e-05,0.05486559867858887
1408,1.0617354033144289e-07,0.06801598519086838,-0.1487279236316681,0.0036608190275728703,1.3304626236276818e-06,0.1487279236316681,0.15209010243415833,2.6609252017806284e-05,0.03660818934440613
1409,1.038859468911707e-07,0.0822286382317543,-0.14901995658874512,0.004308242350816727,1.4119320894678822e-06,0.14901995658874512,0.1526394933462143,2.8238642698852345e-05,0.04308241978287697
1410,1.0162300788382263e-07,0.044275280088186264,-0.15080884099006653,0.005283556878566742,1.2880652775493218e-06,0.15080884099006653,0.15422944724559784,2.5761304641491733e-05,0.05283556878566742
1411,9.938473470444964e-08,0.037318430840969086,-0.14509913325309753,0.004180333111435175,2.2186727619555313e-06,0.14509913325309753,0.1502174437046051,4.437345342012122e-05,0.041803330183029175
1412,9.717113862389993e-08,0.09084808081388474,-0.1487656831741333,0.00540138641372323,1.7519655557407532e-06,0.1487656831741333,0.15279743075370789,3.503930929582566e-05,0.05401386320590973
1413,9.498223078876045e-08,0.04827160760760307,-0.14910371601581573,0.004576406441628933,1.290197360503953e-06,0.14910371601581573,0.15255382657051086,2.580394721007906e-05,0.04576406255364418
1414,9.281802222129766e-08,0.019928092136979103,-0.14515148103237152,0.00383017398416996,2.836139856299269e-06,0.14515148103237152,0.15128500759601593,5.6722794397501275e-05,0.0383017435669899
1415,9.0678523819408e-08,0.03327237814664841,-0.15234589576721191,0.004324064590036869,1.3218018466432113e-06,0.15234589576721191,0.15518347918987274,2.6436036932864226e-05,0.04324064776301384
1416,8.856374635655696e-08,0.03779052942991257,-0.14723984897136688,0.0047333319671452045,1.5963744317559758e-06,0.14723984897136688,0.15142379701137543,3.192748408764601e-05,0.04733332246541977
1417,8.647370048172787e-08,0.029961876571178436,-0.1483861207962036,0.004438640549778938,1.7584252418600954e-06,0.1483861207962036,0.15235894918441772,3.516850483720191e-05,0.044386401772499084
1418,8.440839671936819e-08,0.03574805334210396,-0.1488036960363388,0.00403232267126441,1.7219421124536893e-06,0.1488036960363388,0.15218526124954224,3.443883906584233e-05,0.040323227643966675
1419,8.236784546933718e-08,0.02093011699616909,-0.14631913602352142,0.0033769160509109497,1.6553087789361598e-06,0.14631913602352142,0.15053066611289978,3.3106174669228494e-05,0.0337691605091095
1420,8.035205700685167e-08,0.06281566619873047,-0.14960739016532898,0.004062189720571041,2.101610789395636e-06,0.14960739016532898,0.15405811369419098,4.203221760690212e-05,0.04062189534306526
1421,7.836104148243484e-08,0.04567998647689819,-0.15130257606506348,0.003929086960852146,1.8125776932720328e-06,0.15130257606506348,0.15452755987644196,3.625155659392476e-05,0.03929087147116661
1422,7.639480892186634e-08,0.07977200299501419,-0.14671435952186584,0.004614559933543205,1.6388933090638602e-06,0.14671435952186584,0.1506367176771164,3.27778652717825e-05,0.04614559933543205
1423,7.445336922613067e-08,0.022044697776436806,-0.14968466758728027,0.003948659636080265,1.6275562302325852e-06,0.14968466758728027,0.15351080894470215,3.2551124604651704e-05,0.0394865944981575
1424,7.253673217136659e-08,0.03265712037682533,-0.14770261943340302,0.005101124756038189,1.3444982869259547e-06,0.14770261943340302,0.1515505313873291,2.688996391952969e-05,0.05101124942302704
1425,7.064490740882057e-08,0.07774394005537033,-0.1494232565164566,0.005358196794986725,1.3694076415049494e-06,0.1494232565164566,0.1531345248222351,2.7388152375351638e-05,0.05358196422457695
1426,6.87779044647957e-08,0.08026383817195892,-0.14828675985336304,0.005525314249098301,1.616733015907812e-06,0.14828675985336304,0.1526137888431549,3.233466122765094e-05,0.05525314062833786
1427,6.69357327406045e-08,0.037640031427145004,-0.1483563929796219,0.004712862893939018,1.6520505141670583e-06,0.1483563929796219,0.1524963080883026,3.304101119283587e-05,0.047128625214099884
1428,6.511840151252169e-08,0.056564588099718094,-0.1507081389427185,0.006015952676534653,1.763629029483127e-06,0.1507081389427185,0.15470510721206665,3.5272583772893995e-05,0.06015952676534653
1429,6.332591993173765e-08,0.1829753965139389,-0.1496664583683014,0.004145036451518536,1.32653224227397e-06,0.1496664583683014,0.15253382921218872,2.6530640752753243e-05,0.04145036265254021
1430,6.15582970243117e-08,0.04976256936788559,-0.1470527946949005,0.004194342531263828,2.369272124269628e-06,0.1470527946949005,0.15243302285671234,4.738543793791905e-05,0.041943423449993134
1431,5.981554169112669e-08,0.032418884336948395,-0.14794835448265076,0.0051842923276126385,1.5001485280663474e-06,0.14794835448265076,0.15194657444953918,3.0002969651832245e-05,0.05184292048215866
1432,5.809766270784667e-08,0.039589013904333115,-0.1489337980747223,0.005073332227766514,1.5409290199386305e-06,0.1489337980747223,0.15311405062675476,3.081858085351996e-05,0.05073332041501999
1433,5.6404668724867603e-08,0.04172292724251747,-0.14658139646053314,0.004138489719480276,1.316083398705814e-06,0.14658139646053314,0.15008695423603058,2.632166797411628e-05,0.041384898126125336
1434,5.4736568267278464e-08,0.055259354412555695,-0.14711043238639832,0.004395386204123497,1.6966719158517662e-06,0.14711043238639832,0.15117838978767395,3.393343649804592e-05,0.04395385831594467
1435,5.3093369734816824e-08,0.0379287488758564,-0.15150530636310577,0.00406235083937645,1.152891741185158e-06,0.15150530636310577,0.15462902188301086,2.3057833459461108e-05,0.040623512119054794
1436,5.1475081401825553e-08,0.02251710370182991,-0.1512085348367691,0.004500465001910925,1.5093912679731147e-06,0.1512085348367691,0.15451771020889282,3.0187826268956997e-05,0.045004650950431824
1437,4.988171141721232e-08,0.05216892436146736,-0.15041285753250122,0.00450227502733469,1.1564968644961482e-06,0.15041285753250122,0.15327602624893188,2.3129936380428262e-05,0.04502275586128235
1438,4.8313267804407926e-08,0.08960659056901932,-0.14663103222846985,0.004328732844442129,2.607657052067225e-06,0.14663103222846985,0.15267623960971832,5.2153140131849796e-05,0.04328732192516327
1439,4.676975846132692e-08,0.04515956714749336,-0.1499820500612259,0.005117086693644524,1.5798739241290605e-06,0.1499820500612259,0.15312975645065308,3.1597475754097104e-05,0.051170870661735535
1440,4.52511911603265e-08,0.030650392174720764,-0.14847475290298462,0.0037728259339928627,1.7164783230327885e-06,0.14847475290298462,0.15260809659957886,3.4329568734392524e-05,0.03772825747728348
1441,4.375757354816712e-08,0.060738082975149155,-0.15036357939243317,0.00583399785682559,1.400553856001352e-06,0.15036357939243317,0.15351013839244843,2.8011076210532337e-05,0.058339979499578476
1442,4.228891314597694e-08,0.066531702876091,-0.1464342176914215,0.005746309645473957,1.322474190601497e-06,0.1464342176914215,0.15022388100624084,2.6449481083545834e-05,0.05746309459209442
1443,4.0845217349209654e-08,0.05417785421013832,-0.14773352444171906,0.0049642836675047874,1.8772128669297672e-06,0.14773352444171906,0.1521790623664856,3.7544257793342695e-05,0.04964283108711243
1444,3.9426493427611177e-08,0.024642080068588257,-0.15163889527320862,0.0048815044574439526,7.374802635240485e-07,0.15163889527320862,0.15372267365455627,1.4749604815733619e-05,0.0488150417804718
1445,3.8032748525179684e-08,0.022805221378803253,-0.14626964926719666,0.0037776604294776917,2.2541605630976846e-06,0.14626964926719666,0.151731938123703,4.50832158094272e-05,0.037776604294776917
1446,3.666398966013229e-08,0.05030631273984909,-0.14818577468395233,0.004472615197300911,1.8272094166604802e-06,0.14818577468395233,0.15274442732334137,3.6544188333209604e-05,0.04472615569829941
1447,3.532022372486843e-08,0.02443413808941841,-0.14657709002494812,0.003986337222158909,2.89774288830813e-06,0.14657709002494812,0.15221628546714783,5.795486140414141e-05,0.03986337035894394
1448,3.400145748593542e-08,0.03975144401192665,-0.14595696330070496,0.004266439937055111,1.7167881196655799e-06,0.14595696330070496,0.15067698061466217,3.4335760574322194e-05,0.04266439750790596
1449,3.270769758399517e-08,0.03367209434509277,-0.1483221799135208,0.00413858937099576,1.7558691070007626e-06,0.1483221799135208,0.15215472877025604,3.511738032102585e-05,0.041385892778635025
1450,3.143895053378698e-08,0.0687963142991066,-0.15452036261558533,0.006550031714141369,6.856694199086633e-07,0.15452036261558533,0.1567789614200592,1.3713388398173265e-05,0.06550031900405884
1451,3.019522272410202e-08,0.033770713955163956,-0.15253043174743652,0.004522253759205341,1.1451328418843332e-06,0.15253043174743652,0.1554914265871048,2.290265547344461e-05,0.045222535729408264
1452,2.8976520417742794e-08,0.05918839946389198,-0.1467311978340149,0.004865285940468311,1.7891882180265384e-06,0.1467311978340149,0.1507413387298584,3.5783763451036066e-05,0.048652857542037964
1453,2.7782849751497586e-08,0.021789707243442535,-0.14776118099689484,0.004235802683979273,2.363557996432064e-06,0.14776118099689484,0.1529572606086731,4.7271161747630686e-05,0.042358025908470154
1454,2.661421673610831e-08,0.05210328474640846,-0.1503267139196396,0.005881835240870714,9.60449369813432e-07,0.1503267139196396,0.15323665738105774,1.9208986486773938e-05,0.058818355202674866
1455,2.547062725623828e-08,0.049829430878162384,-0.150486558675766,0.003960724920034409,1.6639728528389242e-06,0.150486558675766,0.15408560633659363,3.327945523778908e-05,0.039607249200344086
1456,2.43520870704439e-08,0.02954566851258278,-0.14726662635803223,0.004463130608201027,1.9297713151900098e-06,0.14726662635803223,0.15221793949604034,3.8595426303800195e-05,0.04463130235671997
1457,2.3258601811145808e-08,0.036699388176202774,-0.1483037769794464,0.004798960406333208,1.6748865618865239e-06,0.1483037769794464,0.152520090341568,3.3497730328235775e-05,0.047989603132009506
1458,2.219017698460002e-08,0.043430108577013016,-0.1463489830493927,0.004430677741765976,1.6172637060662964e-06,0.1463489830493927,0.15073063969612122,3.234527321183123e-05,0.04430677741765976
1459,2.1146817970871257e-08,0.03383161872625351,-0.15175357460975647,0.003682969370856881,1.3380729342316044e-06,0.15175357460975647,0.15458709001541138,2.6761457775137387e-05,0.036829691380262375
1460,2.012853002380466e-08,0.04208613559603691,-0.15047502517700195,0.004751282278448343,1.3440535440167878e-06,0.15047502517700195,0.15388904511928558,2.6881070880335756e-05,0.04751282185316086
1461,1.9135318270999683e-08,0.05604139342904091,-0.1472342610359192,0.004203160293400288,2.054691776720574e-06,0.1472342610359192,0.15168440341949463,4.109383007744327e-05,0.042031608521938324
1462,1.8167187713784563e-08,0.06544817239046097,-0.1496049165725708,0.0048123751766979694,1.3303058494784636e-06,0.1496049165725708,0.1526315063238144,2.6606117899063975e-05,0.04812374711036682
1463,1.7224143227190236e-08,0.10206682980060577,-0.1485365927219391,0.0044288430362939835,1.338864194622147e-06,0.1485365927219391,0.15179166197776794,2.677728480193764e-05,0.044288426637649536
1464,1.630618955992702e-08,0.03976244106888771,-0.1497618854045868,0.004292778670787811,1.6308836165990215e-06,0.1497618854045868,0.15326577425003052,3.261767415096983e-05,0.042927782982587814
1465,1.541333133436018e-08,0.10553062707185745,-0.14915253221988678,0.004289139062166214,1.6525095816177782e-06,0.14915253221988678,0.15310156345367432,3.305019345134497e-05,0.04289139062166214
1466,1.4545573046486627e-08,0.038010116666555405,-0.14858630299568176,0.00414246367290616,2.0433872123248875e-06,0.14858630299568176,0.1529223620891571,4.086774424649775e-05,0.04142463579773903
1467,1.3702919065912146e-08,0.04842568188905716,-0.14655762910842896,0.004863929934799671,2.2914960027264897e-06,0.14655762910842896,0.15144649147987366,4.582991823554039e-05,0.04863929748535156
1468,1.2885373635829756e-08,0.10626192390918732,-0.149081751704216,0.005217475350946188,1.6514823073521256e-06,0.149081751704216,0.15326359868049622,3.3029642509063706e-05,0.052174750715494156
1469,1.2092940872998061e-08,0.07705070823431015,-0.15208110213279724,0.00472239637747407,1.2301496781219612e-06,0.15208110213279724,0.15532562136650085,2.460299219819717e-05,0.04722396284341812
1470,1.132562476771959e-08,0.04006967693567276,-0.14983512461185455,0.005092069506645203,2.135410113623948e-06,0.14983512461185455,0.15479262173175812,4.2708201362984255e-05,0.050920695066452026
1471,1.0583429183823046e-08,0.050700217485427856,-0.14750920236110687,0.004708427004516125,1.2821594737033593e-06,0.14750920236110687,0.15091592073440552,2.5643188564572483e-05,0.047084271907806396
1472,9.866357858642206e-09,0.03406895324587822,-0.14640022814273834,0.003946969285607338,1.5551140677416697e-06,0.14640022814273834,0.1499551385641098,3.1102281354833394e-05,0.03946968913078308
1473,9.174414402997045e-09,0.02776625193655491,-0.14923608303070068,0.004490730818361044,1.3135775134287542e-06,0.14923608303070068,0.1530008465051651,2.6271547540090978e-05,0.044907309114933014
1474,8.507602301175422e-09,0.09225951135158539,-0.14936237037181854,0.005024636629968882,1.608911247785727e-06,0.14936237037181854,0.1530647724866867,3.217822086298838e-05,0.05024636536836624
1475,7.865924910916977e-09,0.04668736830353737,-0.14897452294826508,0.004698857665061951,1.150142566075374e-06,0.14897452294826508,0.15183399617671967,2.3002850866760127e-05,0.04698857665061951
1476,7.249385463395375e-09,0.056674592196941376,-0.1457752287387848,0.004694120958447456,2.1469111288752174e-06,0.1457752287387848,0.1512625813484192,4.293821984902024e-05,0.04694121330976486
1477,6.657987063200533e-09,0.04459526017308235,-0.1500864326953888,0.004171404056251049,1.2123711030653794e-06,0.1500864326953888,0.15289396047592163,2.4247421606560238e-05,0.04171403869986534
1478,6.091732688325303e-09,0.03363466635346413,-0.14932337403297424,0.004684592597186565,1.4895990716468077e-06,0.14932337403297424,0.15302172303199768,2.979197961394675e-05,0.0468459278345108
1479,5.5506251901504825e-09,0.02769572287797928,-0.14719149470329285,0.004086178261786699,1.863693910308939e-06,0.14719149470329285,0.15137675404548645,3.7273875932442024e-05,0.04086178168654442
1480,5.034667293427053e-09,0.08142469078302383,-0.15306533873081207,0.0050621675327420235,1.0204331601926242e-06,0.15306533873081207,0.1555616706609726,2.0408662749105133e-05,0.050621677190065384
1481,4.543861596266741e-09,0.03553113713860512,-0.14712756872177124,0.004568872973322868,2.369318281125743e-06,0.14712756872177124,0.1518726944923401,4.738636562251486e-05,0.045688726007938385
1482,4.078210570127028e-09,0.047955628484487534,-0.15299469232559204,0.004894030746072531,1.374526050312852e-06,0.15299469232559204,0.15645897388458252,2.7490519642014988e-05,0.048940300941467285
1483,3.6377165597983877e-09,0.12117321044206619,-0.14666792750358582,0.00499374233186245,1.5342596952905296e-06,0.14666792750358582,0.15069326758384705,3.0685190722579136e-05,0.049937423318624496
1484,3.2223817833931803e-09,0.031974803656339645,-0.1493428349494934,0.0046071941033005714,1.4706612319059786e-06,0.1493428349494934,0.1529133915901184,2.9413226002361625e-05,0.046071942895650864
1485,2.8322083323334417e-09,0.042767856270074844,-0.14818888902664185,0.004519409500062466,1.8876513649956905e-06,0.14818888902664185,0.15302714705467224,3.775303048314527e-05,0.04519409313797951
1486,2.4671981713420003e-09,0.035091716796159744,-0.14916889369487762,0.0045107463374733925,1.4311889344753581e-06,0.14916889369487762,0.15239813923835754,2.862377732526511e-05,0.045107461512088776
1487,2.127353138431376e-09,0.050815727561712265,-0.14843963086605072,0.004305792972445488,1.654756943025859e-06,0.14843963086605072,0.15216633677482605,3.309513704152778e-05,0.04305792599916458
1488,1.8126749448943437e-09,0.05867340788245201,-0.14916765689849854,0.005220469553023577,2.2479937342723133e-06,0.14916765689849854,0.15437059104442596,4.4959873775951564e-05,0.05220469459891319
1489,1.5231651752967148e-09,0.04637827351689339,-0.1491762399673462,0.004816586617380381,1.3394171674008248e-06,0.1491762399673462,0.1524890661239624,2.678834061953239e-05,0.04816586524248123
1490,1.2588252874673469e-09,0.21207641065120697,-0.14714974164962769,0.004222665913403034,1.8404040247332887e-06,0.14714974164962769,0.15159142017364502,3.6808076401939616e-05,0.04222666472196579
1491,1.0196566124925921e-09,0.03058239445090294,-0.1490638107061386,0.004449622705578804,1.8317338117412874e-06,0.1490638107061386,0.15347202122211456,3.66346794180572e-05,0.04449622333049774
1492,8.056603547090813e-10,0.03314509242773056,-0.14951595664024353,0.004348441027104855,1.521429453532619e-06,0.14951595664024353,0.15312716364860535,3.042858952539973e-05,0.0434844084084034
1493,6.168375916970615e-10,0.04130259528756142,-0.14825740456581116,0.004400250501930714,1.5175996850302909e-06,0.14825740456581116,0.1519782543182373,3.035199551959522e-05,0.04400250315666199
1494,4.5318927427540073e-10,0.036389224231243134,-0.1459450125694275,0.004899971652776003,2.5841552542260615e-06,0.1459450125694275,0.15135876834392548,5.168310599401593e-05,0.048999715596437454
1495,3.147162264971471e-10,0.03398248180747032,-0.148804172873497,0.004272193647921085,1.52801294461824e-06,0.148804172873497,0.15254318714141846,3.05602588923648e-05,0.0427219420671463
1496,2.0141914564453247e-10,0.13104850053787231,-0.15074673295021057,0.0041524195112288,1.624266019462084e-06,0.15074673295021057,0.15428617596626282,3.248532084398903e-05,0.04152420163154602
1497,1.1329860222619726e-10,0.04722956195473671,-0.15083181858062744,0.005299028940498829,8.131169124681037e-07,0.15083181858062744,0.15324395895004272,1.6262338249362074e-05,0.05299028381705284
1498,5.035503997385949e-11,0.03766069933772087,-0.14963430166244507,0.00452014897018671,1.933141220433754e-06,0.14963430166244507,0.15375764667987823,3.8662823499180377e-05,0.045201487839221954
1499,1.258877584120466e-11,0.029188938438892365,-0.14549966156482697,0.004173812922090292,1.9413366771914298e-06,0.14549966156482697,0.15015438199043274,3.88267362723127e-05,0.041738126426935196
1500,0.0,0.07290185987949371,-0.14962902665138245,0.00445624440908432,2.0017355382151436e-06,0.14962902665138245,0.15352004766464233,4.003470894531347e-05,0.0445624515414238
